Agent,Team,Student ID,Classes Completed (Month),Booked Unattended,Priority Score
EGLP-mohamed06,ME-EGSS10小组,63058549,20,0,40
EGLP-mohamed06,ME-EGSS10小组,63961952,19,4,34
EGLP-mohamed06,ME-EGSS10小组,61924857,18,4,32
EGLP-mohamed06,ME-EGSS10小组,63697401,18,4,32
EGLP-mohamed06,ME-EGSS10小组,63163518,17,4,30
EGLP-mohamed06,ME-EGSS10小组,63636528,17,5,29
EGLP-mohamed06,ME-EGSS10小组,61864495,16,3,29
EGLP-mohamed06,ME-EGSS10小组,61922375,16,2,30
EGLP-mohamed06,ME-EGSS10小组,63955491,16,4,28
EGLP-mohamed06,ME-EGSS10小组,60540732,15,4,26
EGLP-mohamed06,ME-EGSS10小组,60650356,15,5,25
EGLP-mohamed06,ME-EGSS10小组,61875874,15,3,27
EGLP-mohamed06,ME-EGSS10小组,61895826,15,3,27
EGLP-mohamed06,ME-EGSS10小组,61944715,15,4,26
EGLP-mohamed06,ME-EGSS10小组,63479850,15,4,26
EGLP-mohamed06,ME-EGSS10小组,63540846,15,4,26
EGLP-mohamed06,ME-EGSS10小组,57962078,14,4,24
EGLP-mohamed06,ME-EGSS10小组,59041885,14,4,24
EGLP-mohamed06,ME-EGSS10小组,60878864,14,4,24
EGLP-mohamed06,ME-EGSS10小组,61216239,14,4,24
EGLP-mohamed06,ME-EGSS10小组,61410343,14,0,28
EGLP-mohamed06,ME-EGSS10小组,61880711,14,4,24
EGLP-mohamed06,ME-EGSS10小组,61903097,14,3,25
EGLP-mohamed06,ME-EGSS10小组,61909432,14,4,24
EGLP-mohamed06,ME-EGSS10小组,63120286,14,4,24
EGLP-mohamed06,ME-EGSS10小组,63397811,14,4,24
EGLP-mohamed06,ME-EGSS10小组,63548001,14,3,25
EGLP-mohamed06,ME-EGSS10小组,63673145,14,2,26
EGLP-mohamed06,ME-EGSS10小组,63722447,14,4,24
EGLP-mohamed06,ME-EGSS10小组,63965181,14,5,23
EGLP-mohamed06,ME-EGSS10小组,58186111,13,4,22
EGLP-mohamed06,ME-EGSS10小组,61859701,13,4,22
EGLP-mohamed06,ME-EGSS10小组,61959401,13,3,23
EGLP-mohamed06,ME-EGSS10小组,62383654,13,4,22
EGLP-mohamed06,ME-EGSS10小组,63201607,13,4,22
EGLP-mohamed06,ME-EGSS10小组,63204215,13,4,22
EGLP-mohamed06,ME-EGSS10小组,63306704,13,4,22
EGLP-mohamed06,ME-EGSS10小组,63530154,13,3,23
EGLP-mohamed06,ME-EGSS10小组,63997697,13,3,23
EGLP-mohamed06,ME-EGSS10小组,58564908,12,4,20
EGLP-mohamed06,ME-EGSS10小组,59257481,12,3,21
EGLP-mohamed06,ME-EGSS10小组,59822821,12,4,20
EGLP-mohamed06,ME-EGSS10小组,61625968,12,0,24
EGLP-mohamed06,ME-EGSS10小组,61900878,12,3,21
EGLP-mohamed06,ME-EGSS10小组,61925485,12,4,20
EGLP-mohamed06,ME-EGSS10小组,61940854,12,0,24
EGLP-mohamed06,ME-EGSS10小组,61942381,12,4,20
EGLP-mohamed06,ME-EGSS10小组,61957090,12,0,24
EGLP-mohamed06,ME-EGSS10小组,61959583,12,2,22
EGLP-mohamed06,ME-EGSS10小组,62388070,12,3,21
EGLP-mohamed06,ME-EGSS10小组,63370165,12,4,20
EGLP-mohamed06,ME-EGSS10小组,63497650,12,4,20
EGLP-mohamed06,ME-EGSS10小组,63627295,12,0,24
EGLP-mohamed06,ME-EGSS10小组,63700187,12,4,20
EGLP-mohamed06,ME-EGSS10小组,58112904,11,2,20
EGLP-mohamed06,ME-EGSS10小组,58785135,11,2,20
EGLP-mohamed06,ME-EGSS10小组,59067152,11,4,18
EGLP-mohamed06,ME-EGSS10小组,59718612,11,5,17
EGLP-mohamed06,ME-EGSS10小组,61335385,11,3,19
EGLP-mohamed06,ME-EGSS10小组,61664150,11,3,19
EGLP-mohamed06,ME-EGSS10小组,61842956,11,4,18
EGLP-mohamed06,ME-EGSS10小组,61891049,11,4,18
EGLP-mohamed06,ME-EGSS10小组,61891617,11,2,20
EGLP-mohamed06,ME-EGSS10小组,61894119,11,4,18
EGLP-mohamed06,ME-EGSS10小组,61912836,11,3,19
EGLP-mohamed06,ME-EGSS10小组,61926934,11,3,19
EGLP-mohamed06,ME-EGSS10小组,61941253,11,0,22
EGLP-mohamed06,ME-EGSS10小组,61956734,11,4,18
EGLP-mohamed06,ME-EGSS10小组,62186878,11,4,18
EGLP-mohamed06,ME-EGSS10小组,62280759,11,1,21
EGLP-mohamed06,ME-EGSS10小组,62401761,11,4,18
EGLP-mohamed06,ME-EGSS10小组,62465376,11,0,22
EGLP-mohamed06,ME-EGSS10小组,62521442,11,4,18
EGLP-mohamed06,ME-EGSS10小组,62535454,11,0,22
EGLP-mohamed06,ME-EGSS10小组,63670999,11,4,18
EGLP-mohamed06,ME-EGSS10小组,63838885,11,4,18
EGLP-mohamed06,ME-EGSS10小组,63886251,11,4,18
EGLP-mohamed06,ME-EGSS10小组,63967242,11,4,18
EGLP-mohamed06,ME-EGSS10小组,64160586,11,4,18
EGLP-mohamed06,ME-EGSS10小组,58274196,10,4,16
EGLP-mohamed06,ME-EGSS10小组,58676812,10,3,17
EGLP-mohamed06,ME-EGSS10小组,59018881,10,0,20
EGLP-mohamed06,ME-EGSS10小组,59257559,10,3,17
EGLP-mohamed06,ME-EGSS10小组,59984357,10,3,17
EGLP-mohamed06,ME-EGSS10小组,60223925,10,3,17
EGLP-mohamed06,ME-EGSS10小组,60713557,10,2,18
EGLP-mohamed06,ME-EGSS10小组,60717792,10,2,18
EGLP-mohamed06,ME-EGSS10小组,61762805,10,4,16
EGLP-mohamed06,ME-EGSS10小组,61831001,10,4,16
EGLP-mohamed06,ME-EGSS10小组,61842260,10,4,16
EGLP-mohamed06,ME-EGSS10小组,61940430,10,3,17
EGLP-mohamed06,ME-EGSS10小组,61950979,10,3,17
EGLP-mohamed06,ME-EGSS10小组,61957341,10,3,17
EGLP-mohamed06,ME-EGSS10小组,62385207,10,4,16
EGLP-mohamed06,ME-EGSS10小组,63637169,10,2,18
EGLP-mohamed06,ME-EGSS10小组,63647101,10,2,18
EGLP-mohamed06,ME-EGSS10小组,63711248,10,0,20
EGLP-mohamed06,ME-EGSS10小组,63783496,10,3,17
EGLP-mohamed06,ME-EGSS10小组,64102114,10,3,17
EGLP-mohamed06,ME-EGSS10小组,64102669,10,2,18
EGLP-mohamed06,ME-EGSS10小组,57813524,9,4,14
EGLP-mohamed06,ME-EGSS10小组,58355382,9,0,18
EGLP-mohamed06,ME-EGSS10小组,58417863,9,3,15
EGLP-mohamed06,ME-EGSS10小组,59888789,9,4,14
EGLP-mohamed06,ME-EGSS10小组,60652657,9,3,15
EGLP-mohamed06,ME-EGSS10小组,60704139,9,4,14
EGLP-mohamed06,ME-EGSS10小组,61837241,9,0,18
EGLP-mohamed06,ME-EGSS10小组,61847653,9,2,16
EGLP-mohamed06,ME-EGSS10小组,61893212,9,2,16
EGLP-mohamed06,ME-EGSS10小组,61893509,9,3,15
EGLP-mohamed06,ME-EGSS10小组,61905804,9,3,15
EGLP-mohamed06,ME-EGSS10小组,61911555,9,0,18
EGLP-mohamed06,ME-EGSS10小组,61954656,9,3,15
EGLP-mohamed06,ME-EGSS10小组,61956874,9,1,17
EGLP-mohamed06,ME-EGSS10小组,61957342,9,0,18
EGLP-mohamed06,ME-EGSS10小组,61959320,9,3,15
EGLP-mohamed06,ME-EGSS10小组,61961814,9,3,15
EGLP-mohamed06,ME-EGSS10小组,62540593,9,3,15
EGLP-mohamed06,ME-EGSS10小组,62576978,9,8,10
EGLP-mohamed06,ME-EGSS10小组,62843597,9,2,16
EGLP-mohamed06,ME-EGSS10小组,62850208,9,2,16
EGLP-mohamed06,ME-EGSS10小组,63094900,9,2,16
EGLP-mohamed06,ME-EGSS10小组,63095268,9,2,16
EGLP-mohamed06,ME-EGSS10小组,63273811,9,2,16
EGLP-mohamed06,ME-EGSS10小组,64150751,9,3,15
EGLP-mohamed06,ME-EGSS10小组,64150953,9,3,15
EGLP-mohamed06,ME-EGSS10小组,60654725,8,0,16
EGLP-mohamed06,ME-EGSS10小组,61050193,8,3,13
EGLP-mohamed06,ME-EGSS10小组,61835729,8,2,14
EGLP-mohamed06,ME-EGSS10小组,61879176,8,3,13
EGLP-mohamed06,ME-EGSS10小组,61889732,8,1,15
EGLP-mohamed06,ME-EGSS10小组,61917599,8,4,12
EGLP-mohamed06,ME-EGSS10小组,62470304,8,3,13
EGLP-mohamed06,ME-EGSS10小组,62652534,8,3,13
EGLP-mohamed06,ME-EGSS10小组,64180345,8,2,14
EGLP-mohamed06,ME-EGSS10小组,58640202,7,0,14
EGLP-mohamed06,ME-EGSS10小组,59680006,7,0,14
EGLP-mohamed06,ME-EGSS10小组,61899245,7,2,12
EGLP-mohamed06,ME-EGSS10小组,61922287,7,4,10
EGLP-mohamed06,ME-EGSS10小组,61923413,7,3,11
EGLP-mohamed06,ME-EGSS10小组,61939568,7,4,10
EGLP-mohamed06,ME-EGSS10小组,61949157,7,3,11
EGLP-mohamed06,ME-EGSS10小组,62337354,7,2,12
EGLP-mohamed06,ME-EGSS10小组,62657833,7,3,11
EGLP-mohamed06,ME-EGSS10小组,63198804,7,1,13
EGLP-mohamed06,ME-EGSS10小组,63426901,7,3,11
EGLP-mohamed06,ME-EGSS10小组,63970339,7,4,10
EGLP-mohamed06,ME-EGSS10小组,61866314,6,5,7
EGLP-mohamed06,ME-EGSS10小组,62491741,6,2,10
EGLP-mohamed06,ME-EGSS10小组,62675771,6,0,12
EGLP-mohamed06,ME-EGSS10小组,63203514,6,0,12
EGLP-mohamed06,ME-EGSS10小组,63606009,6,1,11
EGLP-mohamed06,ME-EGSS10小组,63647131,6,0,12
EGLP-mohamed06,ME-EGSS10小组,63658673,6,0,12
EGLP-mohamed06,ME-EGSS10小组,63735125,6,4,8
EGLP-mohamed06,ME-EGSS10小组,60122480,5,0,10
EGLP-mohamed06,ME-EGSS10小组,62627344,5,0,10
EGLP-mohamed06,ME-EGSS10小组,62682787,5,0,10
EGLP-mohamed06,ME-EGSS10小组,59982593,4,0,8
EGLP-mohamed06,ME-EGSS10小组,61850384,4,4,4
EGLP-mohamed06,ME-EGSS10小组,61919234,4,4,4
EGLP-mohamed06,ME-EGSS10小组,61953046,4,3,5
EGLP-mohamed06,ME-EGSS10小组,61956178,4,4,4
EGLP-mohamed06,ME-EGSS10小组,62556539,4,0,8
EGLP-mohamed06,ME-EGSS10小组,63614200,4,0,8
EGLP-mohamed06,ME-EGSS10小组,61948879,3,4,2
EGLP-mohamed06,ME-EGSS10小组,62215851,3,0,6
EGLP-mohamed06,ME-EGSS10小组,63802832,3,3,3
EGLP-mohamed06,ME-EGSS10小组,62623201,2,0,4
EGLP-saraht,ME-EGSS05小组,58565770,9,1,17
EGLP-saraht,ME-EGSS05小组,60361741,9,3,15
EGLP-shahdmahmoud,ME-EGSS13小组,59681471,22,4,40
EGLP-shahdmahmoud,ME-EGSS13小组,59041876,21,4,38
EGLP-shahdmahmoud,ME-EGSS13小组,63953682,21,4,38
EGLP-shahdmahmoud,ME-EGSS13小组,63685013,20,6,34
EGLP-shahdmahmoud,ME-EGSS13小组,63692837,18,6,30
EGLP-shahdmahmoud,ME-EGSS13小组,63938976,18,6,30
EGLP-shahdmahmoud,ME-EGSS13小组,60109687,17,2,32
EGLP-shahdmahmoud,ME-EGSS13小组,61594522,17,5,29
EGLP-shahdmahmoud,ME-EGSS13小组,62861741,16,5,27
EGLP-shahdmahmoud,ME-EGSS13小组,63536526,15,5,25
EGLP-shahdmahmoud,ME-EGSS13小组,63607510,15,5,25
EGLP-shahdmahmoud,ME-EGSS13小组,63649757,15,5,25
EGLP-shahdmahmoud,ME-EGSS13小组,63663715,15,4,26
EGLP-shahdmahmoud,ME-EGSS13小组,62463588,14,5,23
EGLP-shahdmahmoud,ME-EGSS13小组,62507074,14,4,24
EGLP-shahdmahmoud,ME-EGSS13小组,62809588,14,4,24
EGLP-shahdmahmoud,ME-EGSS13小组,63628893,14,0,28
EGLP-shahdmahmoud,ME-EGSS13小组,63762651,14,4,24
EGLP-shahdmahmoud,ME-EGSS13小组,60431518,13,0,26
EGLP-shahdmahmoud,ME-EGSS13小组,61646398,13,4,22
EGLP-shahdmahmoud,ME-EGSS13小组,62623166,13,4,22
EGLP-shahdmahmoud,ME-EGSS13小组,63823161,13,1,25
EGLP-shahdmahmoud,ME-EGSS13小组,63896502,13,4,22
EGLP-shahdmahmoud,ME-EGSS13小组,64021406,13,0,26
EGLP-shahdmahmoud,ME-EGSS13小组,58220363,12,4,20
EGLP-shahdmahmoud,ME-EGSS13小组,58515614,12,4,20
EGLP-shahdmahmoud,ME-EGSS13小组,59572008,12,0,24
EGLP-shahdmahmoud,ME-EGSS13小组,60062317,12,4,20
EGLP-shahdmahmoud,ME-EGSS13小组,62416809,12,4,20
EGLP-shahdmahmoud,ME-EGSS13小组,63322534,12,4,20
EGLP-shahdmahmoud,ME-EGSS13小组,63517859,12,3,21
EGLP-shahdmahmoud,ME-EGSS13小组,63858135,12,0,24
EGLP-shahdmahmoud,ME-EGSS13小组,63994882,12,0,24
EGLP-shahdmahmoud,ME-EGSS13小组,60400215,11,4,18
EGLP-shahdmahmoud,ME-EGSS13小组,61007088,11,3,19
EGLP-shahdmahmoud,ME-EGSS13小组,62057833,11,2,20
EGLP-shahdmahmoud,ME-EGSS13小组,62713500,11,4,18
EGLP-shahdmahmoud,ME-EGSS13小组,62840868,11,4,18
EGLP-shahdmahmoud,ME-EGSS13小组,63456312,11,0,22
EGLP-shahdmahmoud,ME-EGSS13小组,63547440,11,3,19
EGLP-shahdmahmoud,ME-EGSS13小组,63583253,11,4,18
EGLP-shahdmahmoud,ME-EGSS13小组,63605293,11,1,21
EGLP-shahdmahmoud,ME-EGSS13小组,63662110,11,4,18
EGLP-shahdmahmoud,ME-EGSS13小组,63668819,11,2,20
EGLP-shahdmahmoud,ME-EGSS13小组,63833641,11,1,21
EGLP-shahdmahmoud,ME-EGSS13小组,63917749,11,3,19
EGLP-shahdmahmoud,ME-EGSS13小组,64050289,11,1,21
EGLP-shahdmahmoud,ME-EGSS13小组,58582335,10,3,17
EGLP-shahdmahmoud,ME-EGSS13小组,59074857,10,5,15
EGLP-shahdmahmoud,ME-EGSS13小组,62384217,10,4,16
EGLP-shahdmahmoud,ME-EGSS13小组,62511667,10,3,17
EGLP-shahdmahmoud,ME-EGSS13小组,63001885,10,4,16
EGLP-shahdmahmoud,ME-EGSS13小组,63670100,10,3,17
EGLP-shahdmahmoud,ME-EGSS13小组,63681917,10,3,17
EGLP-shahdmahmoud,ME-EGSS13小组,63839412,10,2,18
EGLP-shahdmahmoud,ME-EGSS13小组,63887119,10,4,16
EGLP-shahdmahmoud,ME-EGSS13小组,64132197,10,3,17
EGLP-shahdmahmoud,ME-EGSS13小组,64143387,10,3,17
EGLP-shahdmahmoud,ME-EGSS13小组,60250311,9,4,14
EGLP-shahdmahmoud,ME-EGSS13小组,62535678,9,3,15
EGLP-shahdmahmoud,ME-EGSS13小组,62636295,9,4,14
EGLP-shahdmahmoud,ME-EGSS13小组,63234069,9,1,17
EGLP-shahdmahmoud,ME-EGSS13小组,63265839,9,1,17
EGLP-shahdmahmoud,ME-EGSS13小组,63490589,9,3,15
EGLP-shahdmahmoud,ME-EGSS13小组,63721532,9,4,14
EGLP-shahdmahmoud,ME-EGSS13小组,63810023,9,3,15
EGLP-shahdmahmoud,ME-EGSS13小组,64110170,9,3,15
EGLP-shahdmahmoud,ME-EGSS13小组,64160520,9,2,16
EGLP-shahdmahmoud,ME-EGSS13小组,60166591,8,3,13
EGLP-shahdmahmoud,ME-EGSS13小组,63822259,8,1,15
EGLP-shahdmahmoud,ME-EGSS13小组,58455517,7,0,14
EGLP-shahdmahmoud,ME-EGSS13小组,62365049,7,3,11
EGLP-shahdmahmoud,ME-EGSS13小组,62419313,7,2,12
EGLP-shahdmahmoud,ME-EGSS13小组,63683808,7,0,14
EGLP-shahdmahmoud,ME-EGSS13小组,63774816,6,2,10
EGLP-shahdmahmoud,ME-EGSS13小组,63820664,6,3,9
EGLP-shahdmahmoud,ME-EGSS13小组,63894480,6,3,9
EGLP-shahdmahmoud,ME-EGSS13小组,59950073,5,0,10
EGLP-shahdmahmoud,ME-EGSS13小组,62032894,5,0,10
EGLP-shahdmahmoud,ME-EGSS13小组,63709794,5,1,9
EGLP-shahdmahmoud,ME-EGSS13小组,64151335,5,3,7
EGLP-shahdmahmoud,ME-EGSS13小组,58808253,4,2,6
EGLP-shahdmahmoud,ME-EGSS13小组,61517173,4,0,8
EGLP-shahdmahmoud,ME-EGSS13小组,63206777,4,0,8
EGLP-shahdmahmoud,ME-EGSS13小组,63661372,4,3,5
EGLP-shahdmahmoud,ME-EGSS13小组,63711310,4,5,3
EGLP-shahdmahmoud,ME-EGSS13小组,61967723,3,0,6
EGLP-shahdmahmoud,ME-EGSS13小组,63684063,3,0,6
EGLP-shahdmahmoud,ME-EGSS13小组,64068251,3,0,6
EGLP-shahdmahmoud,ME-EGSS13小组,64131632,3,0,6
EGLP-shahdmahmoud,ME-EGSS13小组,59364080,2,0,4
EGLP-shahdmahmoud,ME-EGSS13小组,61326536,2,0,4
EGLP-shahdmahmoud,ME-EGSS13小组,63500408,2,3,1
EGSS-abdelrahmannasef,ME-EGSS05小组,58483208,20,2,38
EGSS-abdelrahmannasef,ME-EGSS05小组,59721749,19,5,33
EGSS-abdelrahmannasef,ME-EGSS05小组,63928711,18,6,30
EGSS-abdelrahmannasef,ME-EGSS05小组,61828339,17,5,29
EGSS-abdelrahmannasef,ME-EGSS05小组,63226655,17,4,30
EGSS-abdelrahmannasef,ME-EGSS05小组,63928442,17,6,28
EGSS-abdelrahmannasef,ME-EGSS05小组,58247882,16,5,27
EGSS-abdelrahmannasef,ME-EGSS05小组,63213804,16,5,27
EGSS-abdelrahmannasef,ME-EGSS05小组,58680945,15,5,25
EGSS-abdelrahmannasef,ME-EGSS05小组,61566261,15,2,28
EGSS-abdelrahmannasef,ME-EGSS05小组,63198701,15,5,25
EGSS-abdelrahmannasef,ME-EGSS05小组,58788005,14,3,25
EGSS-abdelrahmannasef,ME-EGSS05小组,59566870,14,5,23
EGSS-abdelrahmannasef,ME-EGSS05小组,60847078,14,5,23
EGSS-abdelrahmannasef,ME-EGSS05小组,60908447,14,8,20
EGSS-abdelrahmannasef,ME-EGSS05小组,61068377,14,0,28
EGSS-abdelrahmannasef,ME-EGSS05小组,61488860,14,4,24
EGSS-abdelrahmannasef,ME-EGSS05小组,61875687,14,2,26
EGSS-abdelrahmannasef,ME-EGSS05小组,62073679,14,4,24
EGSS-abdelrahmannasef,ME-EGSS05小组,62235446,14,4,24
EGSS-abdelrahmannasef,ME-EGSS05小组,62919573,14,4,24
EGSS-abdelrahmannasef,ME-EGSS05小组,63019221,14,2,26
EGSS-abdelrahmannasef,ME-EGSS05小组,63024861,14,4,24
EGSS-abdelrahmannasef,ME-EGSS05小组,63123080,14,4,24
EGSS-abdelrahmannasef,ME-EGSS05小组,63399017,14,4,24
EGSS-abdelrahmannasef,ME-EGSS05小组,63562022,14,4,24
EGSS-abdelrahmannasef,ME-EGSS05小组,63617525,14,3,25
EGSS-abdelrahmannasef,ME-EGSS05小组,63866511,14,1,27
EGSS-abdelrahmannasef,ME-EGSS05小组,63919395,14,4,24
EGSS-abdelrahmannasef,ME-EGSS05小组,63919923,14,4,24
EGSS-abdelrahmannasef,ME-EGSS05小组,57858820,13,5,21
EGSS-abdelrahmannasef,ME-EGSS05小组,58340155,13,0,26
EGSS-abdelrahmannasef,ME-EGSS05小组,58367617,13,4,22
EGSS-abdelrahmannasef,ME-EGSS05小组,59153035,13,3,23
EGSS-abdelrahmannasef,ME-EGSS05小组,59821445,13,4,22
EGSS-abdelrahmannasef,ME-EGSS05小组,60465073,13,3,23
EGSS-abdelrahmannasef,ME-EGSS05小组,60710495,13,6,20
EGSS-abdelrahmannasef,ME-EGSS05小组,60841323,13,4,22
EGSS-abdelrahmannasef,ME-EGSS05小组,61413839,13,6,20
EGSS-abdelrahmannasef,ME-EGSS05小组,61674458,13,5,21
EGSS-abdelrahmannasef,ME-EGSS05小组,62106060,13,4,22
EGSS-abdelrahmannasef,ME-EGSS05小组,62106312,13,4,22
EGSS-abdelrahmannasef,ME-EGSS05小组,62266845,13,3,23
EGSS-abdelrahmannasef,ME-EGSS05小组,62717759,13,4,22
EGSS-abdelrahmannasef,ME-EGSS05小组,62906569,13,4,22
EGSS-abdelrahmannasef,ME-EGSS05小组,63203406,13,4,22
EGSS-abdelrahmannasef,ME-EGSS05小组,63670643,13,4,22
EGSS-abdelrahmannasef,ME-EGSS05小组,63673529,13,4,22
EGSS-abdelrahmannasef,ME-EGSS05小组,63963409,13,4,22
EGSS-abdelrahmannasef,ME-EGSS05小组,64087293,13,2,24
EGSS-abdelrahmannasef,ME-EGSS05小组,64087697,13,2,24
EGSS-abdelrahmannasef,ME-EGSS05小组,58672965,12,4,20
EGSS-abdelrahmannasef,ME-EGSS05小组,58855318,12,4,20
EGSS-abdelrahmannasef,ME-EGSS05小组,58956028,12,3,21
EGSS-abdelrahmannasef,ME-EGSS05小组,59398696,12,4,20
EGSS-abdelrahmannasef,ME-EGSS05小组,59500272,12,2,22
EGSS-abdelrahmannasef,ME-EGSS05小组,60328137,12,4,20
EGSS-abdelrahmannasef,ME-EGSS05小组,60907983,12,7,17
EGSS-abdelrahmannasef,ME-EGSS05小组,60907985,12,8,16
EGSS-abdelrahmannasef,ME-EGSS05小组,61012273,12,1,23
EGSS-abdelrahmannasef,ME-EGSS05小组,61138934,12,4,20
EGSS-abdelrahmannasef,ME-EGSS05小组,61324797,12,4,20
EGSS-abdelrahmannasef,ME-EGSS05小组,61450150,12,4,20
EGSS-abdelrahmannasef,ME-EGSS05小组,61826886,12,3,21
EGSS-abdelrahmannasef,ME-EGSS05小组,62091252,12,4,20
EGSS-abdelrahmannasef,ME-EGSS05小组,62717961,12,4,20
EGSS-abdelrahmannasef,ME-EGSS05小组,62801800,12,5,19
EGSS-abdelrahmannasef,ME-EGSS05小组,62837160,12,0,24
EGSS-abdelrahmannasef,ME-EGSS05小组,62839343,12,0,24
EGSS-abdelrahmannasef,ME-EGSS05小组,62938067,12,4,20
EGSS-abdelrahmannasef,ME-EGSS05小组,63510327,12,4,20
EGSS-abdelrahmannasef,ME-EGSS05小组,63617509,12,2,22
EGSS-abdelrahmannasef,ME-EGSS05小组,63657841,12,2,22
EGSS-abdelrahmannasef,ME-EGSS05小组,58777971,11,3,19
EGSS-abdelrahmannasef,ME-EGSS05小组,60850738,11,2,20
EGSS-abdelrahmannasef,ME-EGSS05小组,61160051,11,1,21
EGSS-abdelrahmannasef,ME-EGSS05小组,61178058,11,1,21
EGSS-abdelrahmannasef,ME-EGSS05小组,61178064,11,1,21
EGSS-abdelrahmannasef,ME-EGSS05小组,61230031,11,4,18
EGSS-abdelrahmannasef,ME-EGSS05小组,61472439,11,2,20
EGSS-abdelrahmannasef,ME-EGSS05小组,62423804,11,3,19
EGSS-abdelrahmannasef,ME-EGSS05小组,62717361,11,4,18
EGSS-abdelrahmannasef,ME-EGSS05小组,62823540,11,0,22
EGSS-abdelrahmannasef,ME-EGSS05小组,63485635,11,2,20
EGSS-abdelrahmannasef,ME-EGSS05小组,63651649,11,5,17
EGSS-abdelrahmannasef,ME-EGSS05小组,63799176,11,2,20
EGSS-abdelrahmannasef,ME-EGSS05小组,63989894,11,2,20
EGSS-abdelrahmannasef,ME-EGSS05小组,58097002,10,4,16
EGSS-abdelrahmannasef,ME-EGSS05小组,58293308,10,4,16
EGSS-abdelrahmannasef,ME-EGSS05小组,58313600,10,4,16
EGSS-abdelrahmannasef,ME-EGSS05小组,59080549,10,3,17
EGSS-abdelrahmannasef,ME-EGSS05小组,59623929,10,2,18
EGSS-abdelrahmannasef,ME-EGSS05小组,60135372,10,0,20
EGSS-abdelrahmannasef,ME-EGSS05小组,60305849,10,1,19
EGSS-abdelrahmannasef,ME-EGSS05小组,60345381,10,4,16
EGSS-abdelrahmannasef,ME-EGSS05小组,60709453,10,2,18
EGSS-abdelrahmannasef,ME-EGSS05小组,61288863,10,3,17
EGSS-abdelrahmannasef,ME-EGSS05小组,62051786,10,2,18
EGSS-abdelrahmannasef,ME-EGSS05小组,62376407,10,3,17
EGSS-abdelrahmannasef,ME-EGSS05小组,62456456,10,3,17
EGSS-abdelrahmannasef,ME-EGSS05小组,62463055,10,3,17
EGSS-abdelrahmannasef,ME-EGSS05小组,62890137,10,2,18
EGSS-abdelrahmannasef,ME-EGSS05小组,62902294,10,2,18
EGSS-abdelrahmannasef,ME-EGSS05小组,63164484,10,2,18
EGSS-abdelrahmannasef,ME-EGSS05小组,63446598,10,5,15
EGSS-abdelrahmannasef,ME-EGSS05小组,63485592,10,2,18
EGSS-abdelrahmannasef,ME-EGSS05小组,63508592,10,4,16
EGSS-abdelrahmannasef,ME-EGSS05小组,63570455,10,4,16
EGSS-abdelrahmannasef,ME-EGSS05小组,63608038,10,0,20
EGSS-abdelrahmannasef,ME-EGSS05小组,63651432,10,4,16
EGSS-abdelrahmannasef,ME-EGSS05小组,63722199,10,2,18
EGSS-abdelrahmannasef,ME-EGSS05小组,63732129,10,5,15
EGSS-abdelrahmannasef,ME-EGSS05小组,63978979,10,4,16
EGSS-abdelrahmannasef,ME-EGSS05小组,59014087,9,0,18
EGSS-abdelrahmannasef,ME-EGSS05小组,59724446,9,0,18
EGSS-abdelrahmannasef,ME-EGSS05小组,61027834,9,2,16
EGSS-abdelrahmannasef,ME-EGSS05小组,61057241,9,3,15
EGSS-abdelrahmannasef,ME-EGSS05小组,61564303,9,4,14
EGSS-abdelrahmannasef,ME-EGSS05小组,62142442,9,4,14
EGSS-abdelrahmannasef,ME-EGSS05小组,62387859,9,3,15
EGSS-abdelrahmannasef,ME-EGSS05小组,62499657,9,2,16
EGSS-abdelrahmannasef,ME-EGSS05小组,63003778,9,2,16
EGSS-abdelrahmannasef,ME-EGSS05小组,63531953,9,3,15
EGSS-abdelrahmannasef,ME-EGSS05小组,63756449,9,4,14
EGSS-abdelrahmannasef,ME-EGSS05小组,63878394,9,2,16
EGSS-abdelrahmannasef,ME-EGSS05小组,63878585,9,2,16
EGSS-abdelrahmannasef,ME-EGSS05小组,64158186,9,4,14
EGSS-abdelrahmannasef,ME-EGSS05小组,64181054,9,3,15
EGSS-abdelrahmannasef,ME-EGSS05小组,58348113,8,4,12
EGSS-abdelrahmannasef,ME-EGSS05小组,58858209,8,4,12
EGSS-abdelrahmannasef,ME-EGSS05小组,58908469,8,3,13
EGSS-abdelrahmannasef,ME-EGSS05小组,59269204,8,4,12
EGSS-abdelrahmannasef,ME-EGSS05小组,59345785,8,4,12
EGSS-abdelrahmannasef,ME-EGSS05小组,60195582,8,5,11
EGSS-abdelrahmannasef,ME-EGSS05小组,60468913,8,3,13
EGSS-abdelrahmannasef,ME-EGSS05小组,60728788,8,2,14
EGSS-abdelrahmannasef,ME-EGSS05小组,61415682,8,5,11
EGSS-abdelrahmannasef,ME-EGSS05小组,61637923,8,0,16
EGSS-abdelrahmannasef,ME-EGSS05小组,63095173,8,1,15
EGSS-abdelrahmannasef,ME-EGSS05小组,63202438,8,4,12
EGSS-abdelrahmannasef,ME-EGSS05小组,63205477,8,0,16
EGSS-abdelrahmannasef,ME-EGSS05小组,63719982,8,2,14
EGSS-abdelrahmannasef,ME-EGSS05小组,63980408,8,4,12
EGSS-abdelrahmannasef,ME-EGSS05小组,64026066,8,0,16
EGSS-abdelrahmannasef,ME-EGSS05小组,64042581,8,0,16
EGSS-abdelrahmannasef,ME-EGSS05小组,58709356,7,3,11
EGSS-abdelrahmannasef,ME-EGSS05小组,59637130,7,4,10
EGSS-abdelrahmannasef,ME-EGSS05小组,59789863,7,3,11
EGSS-abdelrahmannasef,ME-EGSS05小组,60404247,7,2,12
EGSS-abdelrahmannasef,ME-EGSS05小组,61326920,7,5,9
EGSS-abdelrahmannasef,ME-EGSS05小组,61823872,7,3,11
EGSS-abdelrahmannasef,ME-EGSS05小组,62240684,7,1,13
EGSS-abdelrahmannasef,ME-EGSS05小组,62499896,7,0,14
EGSS-abdelrahmannasef,ME-EGSS05小组,62505624,7,0,14
EGSS-abdelrahmannasef,ME-EGSS05小组,62994079,7,4,10
EGSS-abdelrahmannasef,ME-EGSS05小组,63119378,7,4,10
EGSS-abdelrahmannasef,ME-EGSS05小组,63532125,7,3,11
EGSS-abdelrahmannasef,ME-EGSS05小组,63722545,7,2,12
EGSS-abdelrahmannasef,ME-EGSS05小组,58114465,6,6,6
EGSS-abdelrahmannasef,ME-EGSS05小组,58486308,6,5,7
EGSS-abdelrahmannasef,ME-EGSS05小组,58856237,6,4,8
EGSS-abdelrahmannasef,ME-EGSS05小组,59202463,6,0,12
EGSS-abdelrahmannasef,ME-EGSS05小组,59265472,6,3,9
EGSS-abdelrahmannasef,ME-EGSS05小组,59932656,6,0,12
EGSS-abdelrahmannasef,ME-EGSS05小组,60708625,6,3,9
EGSS-abdelrahmannasef,ME-EGSS05小组,61601902,6,0,12
EGSS-abdelrahmannasef,ME-EGSS05小组,62178177,6,3,9
EGSS-abdelrahmannasef,ME-EGSS05小组,62241245,6,1,11
EGSS-abdelrahmannasef,ME-EGSS05小组,62387328,6,3,9
EGSS-abdelrahmannasef,ME-EGSS05小组,63241405,6,6,6
EGSS-abdelrahmannasef,ME-EGSS05小组,63679507,6,0,12
EGSS-abdelrahmannasef,ME-EGSS05小组,62283851,5,2,8
EGSS-abdelrahmannasef,ME-EGSS05小组,62315160,5,3,7
EGSS-abdelrahmannasef,ME-EGSS05小组,63731475,5,0,10
EGSS-abdelrahmannasef,ME-EGSS05小组,64061011,5,0,10
EGSS-abdelrahmannasef,ME-EGSS05小组,62186520,4,0,8
EGSS-abdelrahmannasef,ME-EGSS05小组,62275678,4,4,4
EGSS-abdelrahmannasef,ME-EGSS05小组,62489530,4,4,4
EGSS-abdelrahmannasef,ME-EGSS05小组,62499838,4,3,5
EGSS-abdelrahmannasef,ME-EGSS05小组,63065668,4,1,7
EGSS-abdelrahmannasef,ME-EGSS05小组,63111860,4,0,8
EGSS-abdelrahmannasef,ME-EGSS05小组,63161445,4,2,6
EGSS-abdelrahmannasef,ME-EGSS05小组,63488481,4,0,8
EGSS-abdelrahmannasef,ME-EGSS05小组,58732829,3,0,6
EGSS-abdelrahmannasef,ME-EGSS05小组,59033210,3,2,4
EGSS-abdelrahmannasef,ME-EGSS05小组,60105228,3,3,3
EGSS-abdelrahmannasef,ME-EGSS05小组,60669029,3,0,6
EGSS-abdelrahmannasef,ME-EGSS05小组,61060913,3,0,6
EGSS-abdelrahmannasef,ME-EGSS05小组,62478921,3,4,2
EGSS-abdelrahmannasef,ME-EGSS05小组,63066026,3,5,1
EGSS-abdelrahmannasef,ME-EGSS05小组,63616070,3,0,6
EGSS-abdelrahmannasef,ME-EGSS05小组,63616328,3,0,6
EGSS-abdelrahmannasef,ME-EGSS05小组,62263419,2,2,2
EGSS-abdelrahmannasef,ME-EGSS05小组,62453515,2,0,4
EGSS-abdelrahmannasef,ME-EGSS05小组,62802087,2,0,4
EGSS-abdelrhmanshehata,ME-EGSS30小组,64067930,26,6,46
EGSS-abdelrhmanshehata,ME-EGSS30小组,61338670,23,5,41
EGSS-abdelrhmanshehata,ME-EGSS30小组,64003195,21,5,37
EGSS-abdelrhmanshehata,ME-EGSS30小组,64032455,21,5,37
EGSS-abdelrhmanshehata,ME-EGSS30小组,59115866,19,5,33
EGSS-abdelrhmanshehata,ME-EGSS30小组,59132021,19,4,34
EGSS-abdelrhmanshehata,ME-EGSS30小组,59054491,18,4,32
EGSS-abdelrhmanshehata,ME-EGSS30小组,62827039,18,5,31
EGSS-abdelrhmanshehata,ME-EGSS30小组,62838514,18,4,32
EGSS-abdelrhmanshehata,ME-EGSS30小组,62864994,18,5,31
EGSS-abdelrhmanshehata,ME-EGSS30小组,62970249,18,5,31
EGSS-abdelrhmanshehata,ME-EGSS30小组,63508228,18,4,32
EGSS-abdelrhmanshehata,ME-EGSS30小组,59541167,17,5,29
EGSS-abdelrhmanshehata,ME-EGSS30小组,60180585,17,4,30
EGSS-abdelrhmanshehata,ME-EGSS30小组,64158135,17,1,33
EGSS-abdelrhmanshehata,ME-EGSS30小组,59312012,16,5,27
EGSS-abdelrhmanshehata,ME-EGSS30小组,59412067,16,4,28
EGSS-abdelrhmanshehata,ME-EGSS30小组,59429388,16,4,28
EGSS-abdelrhmanshehata,ME-EGSS30小组,60474847,16,5,27
EGSS-abdelrhmanshehata,ME-EGSS30小组,60958697,16,4,28
EGSS-abdelrhmanshehata,ME-EGSS30小组,59016592,15,5,25
EGSS-abdelrhmanshehata,ME-EGSS30小组,59362221,15,2,28
EGSS-abdelrhmanshehata,ME-EGSS30小组,60749983,15,4,26
EGSS-abdelrhmanshehata,ME-EGSS30小组,63952488,15,6,24
EGSS-abdelrhmanshehata,ME-EGSS30小组,64092259,15,4,26
EGSS-abdelrhmanshehata,ME-EGSS30小组,58218093,14,4,24
EGSS-abdelrhmanshehata,ME-EGSS30小组,58255618,14,4,24
EGSS-abdelrhmanshehata,ME-EGSS30小组,58854637,14,4,24
EGSS-abdelrhmanshehata,ME-EGSS30小组,59237242,14,4,24
EGSS-abdelrhmanshehata,ME-EGSS30小组,62817998,14,4,24
EGSS-abdelrhmanshehata,ME-EGSS30小组,62894830,14,4,24
EGSS-abdelrhmanshehata,ME-EGSS30小组,63086322,14,4,24
EGSS-abdelrhmanshehata,ME-EGSS30小组,63137876,14,2,26
EGSS-abdelrhmanshehata,ME-EGSS30小组,64035460,14,5,23
EGSS-abdelrhmanshehata,ME-EGSS30小组,57841985,13,3,23
EGSS-abdelrhmanshehata,ME-EGSS30小组,58034489,13,4,22
EGSS-abdelrhmanshehata,ME-EGSS30小组,61800134,13,4,22
EGSS-abdelrhmanshehata,ME-EGSS30小组,63163676,13,5,21
EGSS-abdelrhmanshehata,ME-EGSS30小组,63196156,13,2,24
EGSS-abdelrhmanshehata,ME-EGSS30小组,64148527,13,0,26
EGSS-abdelrhmanshehata,ME-EGSS30小组,59216178,12,0,24
EGSS-abdelrhmanshehata,ME-EGSS30小组,59628216,12,6,18
EGSS-abdelrhmanshehata,ME-EGSS30小组,59977254,12,5,19
EGSS-abdelrhmanshehata,ME-EGSS30小组,60111062,12,1,23
EGSS-abdelrhmanshehata,ME-EGSS30小组,60472583,12,3,21
EGSS-abdelrhmanshehata,ME-EGSS30小组,62186237,12,1,23
EGSS-abdelrhmanshehata,ME-EGSS30小组,62812918,12,4,20
EGSS-abdelrhmanshehata,ME-EGSS30小组,62866542,12,4,20
EGSS-abdelrhmanshehata,ME-EGSS30小组,63424787,12,4,20
EGSS-abdelrhmanshehata,ME-EGSS30小组,63711757,12,4,20
EGSS-abdelrhmanshehata,ME-EGSS30小组,63868767,12,1,23
EGSS-abdelrhmanshehata,ME-EGSS30小组,63887629,12,4,20
EGSS-abdelrhmanshehata,ME-EGSS30小组,58506031,11,1,21
EGSS-abdelrhmanshehata,ME-EGSS30小组,60873458,11,3,19
EGSS-abdelrhmanshehata,ME-EGSS30小组,62823126,11,1,21
EGSS-abdelrhmanshehata,ME-EGSS30小组,62832422,11,4,18
EGSS-abdelrhmanshehata,ME-EGSS30小组,62843204,11,4,18
EGSS-abdelrhmanshehata,ME-EGSS30小组,62855814,11,3,19
EGSS-abdelrhmanshehata,ME-EGSS30小组,62859309,11,0,22
EGSS-abdelrhmanshehata,ME-EGSS30小组,62862979,11,2,20
EGSS-abdelrhmanshehata,ME-EGSS30小组,62864160,11,2,20
EGSS-abdelrhmanshehata,ME-EGSS30小组,63232816,11,5,17
EGSS-abdelrhmanshehata,ME-EGSS30小组,63466099,11,4,18
EGSS-abdelrhmanshehata,ME-EGSS30小组,63875552,11,0,22
EGSS-abdelrhmanshehata,ME-EGSS30小组,64132156,11,0,22
EGSS-abdelrhmanshehata,ME-EGSS30小组,58499893,10,0,20
EGSS-abdelrhmanshehata,ME-EGSS30小组,58571776,10,2,18
EGSS-abdelrhmanshehata,ME-EGSS30小组,60372860,10,2,18
EGSS-abdelrhmanshehata,ME-EGSS30小组,60669304,10,3,17
EGSS-abdelrhmanshehata,ME-EGSS30小组,61833003,10,0,20
EGSS-abdelrhmanshehata,ME-EGSS30小组,61848808,10,4,16
EGSS-abdelrhmanshehata,ME-EGSS30小组,62834950,10,5,15
EGSS-abdelrhmanshehata,ME-EGSS30小组,62851914,10,1,19
EGSS-abdelrhmanshehata,ME-EGSS30小组,63306991,10,3,17
EGSS-abdelrhmanshehata,ME-EGSS30小组,58445891,9,0,18
EGSS-abdelrhmanshehata,ME-EGSS30小组,59038874,9,0,18
EGSS-abdelrhmanshehata,ME-EGSS30小组,59443717,9,1,17
EGSS-abdelrhmanshehata,ME-EGSS30小组,60444555,9,3,15
EGSS-abdelrhmanshehata,ME-EGSS30小组,61663740,9,0,18
EGSS-abdelrhmanshehata,ME-EGSS30小组,61810753,9,0,18
EGSS-abdelrhmanshehata,ME-EGSS30小组,62560046,9,3,15
EGSS-abdelrhmanshehata,ME-EGSS30小组,63227437,9,2,16
EGSS-abdelrhmanshehata,ME-EGSS30小组,63813407,9,3,15
EGSS-abdelrhmanshehata,ME-EGSS30小组,58531319,8,3,13
EGSS-abdelrhmanshehata,ME-EGSS30小组,59395916,8,3,13
EGSS-abdelrhmanshehata,ME-EGSS30小组,60112465,8,3,13
EGSS-abdelrhmanshehata,ME-EGSS30小组,61718474,8,4,12
EGSS-abdelrhmanshehata,ME-EGSS30小组,61809926,8,0,16
EGSS-abdelrhmanshehata,ME-EGSS30小组,62171763,8,0,16
EGSS-abdelrhmanshehata,ME-EGSS30小组,62812042,8,5,11
EGSS-abdelrhmanshehata,ME-EGSS30小组,62819854,8,3,13
EGSS-abdelrhmanshehata,ME-EGSS30小组,62840642,8,4,12
EGSS-abdelrhmanshehata,ME-EGSS30小组,62848843,8,7,9
EGSS-abdelrhmanshehata,ME-EGSS30小组,59169936,7,0,14
EGSS-abdelrhmanshehata,ME-EGSS30小组,59350814,7,0,14
EGSS-abdelrhmanshehata,ME-EGSS30小组,60760718,7,0,14
EGSS-abdelrhmanshehata,ME-EGSS30小组,61124299,7,0,14
EGSS-abdelrhmanshehata,ME-EGSS30小组,61756257,7,0,14
EGSS-abdelrhmanshehata,ME-EGSS30小组,63433917,7,1,13
EGSS-abdelrhmanshehata,ME-EGSS30小组,63868841,7,0,14
EGSS-abdelrhmanshehata,ME-EGSS30小组,58361012,6,3,9
EGSS-abdelrhmanshehata,ME-EGSS30小组,59088156,6,5,7
EGSS-abdelrhmanshehata,ME-EGSS30小组,59766185,6,0,12
EGSS-abdelrhmanshehata,ME-EGSS30小组,60463726,6,5,7
EGSS-abdelrhmanshehata,ME-EGSS30小组,61196918,6,3,9
EGSS-abdelrhmanshehata,ME-EGSS30小组,61798574,6,4,8
EGSS-abdelrhmanshehata,ME-EGSS30小组,61871157,6,5,7
EGSS-abdelrhmanshehata,ME-EGSS30小组,61888926,6,3,9
EGSS-abdelrhmanshehata,ME-EGSS30小组,62863259,6,4,8
EGSS-abdelrhmanshehata,ME-EGSS30小组,62944827,6,4,8
EGSS-abdelrhmanshehata,ME-EGSS30小组,64176184,6,0,12
EGSS-abdelrhmanshehata,ME-EGSS30小组,60437563,5,4,6
EGSS-abdelrhmanshehata,ME-EGSS30小组,62843602,5,0,10
EGSS-abdelrhmanshehata,ME-EGSS30小组,62861782,5,4,6
EGSS-abdelrhmanshehata,ME-EGSS30小组,62871974,5,5,5
EGSS-abdelrhmanshehata,ME-EGSS30小组,64033994,5,0,10
EGSS-abdelrhmanshehata,ME-EGSS30小组,59276371,4,3,5
EGSS-abdelrhmanshehata,ME-EGSS30小组,59284678,4,4,4
EGSS-abdelrhmanshehata,ME-EGSS30小组,62824416,4,3,5
EGSS-abdelrhmanshehata,ME-EGSS30小组,63151548,4,0,8
EGSS-abdelrhmanshehata,ME-EGSS30小组,60442191,3,3,3
EGSS-abdelrhmanshehata,ME-EGSS30小组,60614812,3,0,6
EGSS-abdelrhmanshehata,ME-EGSS30小组,62869751,3,3,3
EGSS-abdelrhmanshehata,ME-EGSS30小组,62960004,3,5,1
EGSS-abdelrhmanshehata,ME-EGSS30小组,63164251,3,0,6
EGSS-abdelrhmanshehata,ME-EGSS30小组,59402536,2,3,1
EGSS-abdelrhmanshehata,ME-EGSS30小组,62802056,2,3,1
EGSS-abdelrhmanshehata,ME-EGSS30小组,62815432,2,3,1
EGSS-abdelrhmanshehata,ME-EGSS30小组,62864654,2,3,1
EGSS-adhmgadallah,ME-EGSS30小组,59758903,24,5,43
EGSS-adhmgadallah,ME-EGSS30小组,62867244,24,4,44
EGSS-adhmgadallah,ME-EGSS30小组,59266335,23,0,46
EGSS-adhmgadallah,ME-EGSS30小组,63670066,21,5,37
EGSS-adhmgadallah,ME-EGSS30小组,59064365,20,0,40
EGSS-adhmgadallah,ME-EGSS30小组,58249415,19,5,33
EGSS-adhmgadallah,ME-EGSS30小组,59276644,19,5,33
EGSS-adhmgadallah,ME-EGSS30小组,60171410,19,8,30
EGSS-adhmgadallah,ME-EGSS30小组,60687278,18,4,32
EGSS-adhmgadallah,ME-EGSS30小组,62209896,18,2,34
EGSS-adhmgadallah,ME-EGSS30小组,63225582,18,4,32
EGSS-adhmgadallah,ME-EGSS30小组,64092174,18,4,32
EGSS-adhmgadallah,ME-EGSS30小组,58424122,17,4,30
EGSS-adhmgadallah,ME-EGSS30小组,60224598,17,0,34
EGSS-adhmgadallah,ME-EGSS30小组,61065442,17,4,30
EGSS-adhmgadallah,ME-EGSS30小组,62210026,17,7,27
EGSS-adhmgadallah,ME-EGSS30小组,59436250,16,3,29
EGSS-adhmgadallah,ME-EGSS30小组,63235636,16,3,29
EGSS-adhmgadallah,ME-EGSS30小组,64051595,16,2,30
EGSS-adhmgadallah,ME-EGSS30小组,64053692,16,4,28
EGSS-adhmgadallah,ME-EGSS30小组,59233832,15,0,30
EGSS-adhmgadallah,ME-EGSS30小组,59473301,15,5,25
EGSS-adhmgadallah,ME-EGSS30小组,61097242,15,6,24
EGSS-adhmgadallah,ME-EGSS30小组,62668582,15,4,26
EGSS-adhmgadallah,ME-EGSS30小组,63786214,15,4,26
EGSS-adhmgadallah,ME-EGSS30小组,58660703,14,4,24
EGSS-adhmgadallah,ME-EGSS30小组,58882769,14,4,24
EGSS-adhmgadallah,ME-EGSS30小组,59567288,14,4,24
EGSS-adhmgadallah,ME-EGSS30小组,59567387,14,4,24
EGSS-adhmgadallah,ME-EGSS30小组,60169379,14,3,25
EGSS-adhmgadallah,ME-EGSS30小组,61088134,14,4,24
EGSS-adhmgadallah,ME-EGSS30小组,61305147,14,4,24
EGSS-adhmgadallah,ME-EGSS30小组,61383602,14,2,26
EGSS-adhmgadallah,ME-EGSS30小组,62018413,14,4,24
EGSS-adhmgadallah,ME-EGSS30小组,62253385,14,3,25
EGSS-adhmgadallah,ME-EGSS30小组,62347037,14,4,24
EGSS-adhmgadallah,ME-EGSS30小组,63035069,14,4,24
EGSS-adhmgadallah,ME-EGSS30小组,63035320,14,4,24
EGSS-adhmgadallah,ME-EGSS30小组,63087380,14,4,24
EGSS-adhmgadallah,ME-EGSS30小组,63087383,14,4,24
EGSS-adhmgadallah,ME-EGSS30小组,63793092,14,4,24
EGSS-adhmgadallah,ME-EGSS30小组,63885326,14,4,24
EGSS-adhmgadallah,ME-EGSS30小组,63911739,14,4,24
EGSS-adhmgadallah,ME-EGSS30小组,58335459,13,4,22
EGSS-adhmgadallah,ME-EGSS30小组,60791845,13,0,26
EGSS-adhmgadallah,ME-EGSS30小组,60993779,13,4,22
EGSS-adhmgadallah,ME-EGSS30小组,61039085,13,4,22
EGSS-adhmgadallah,ME-EGSS30小组,61572137,13,4,22
EGSS-adhmgadallah,ME-EGSS30小组,61773594,13,3,23
EGSS-adhmgadallah,ME-EGSS30小组,62163549,13,6,20
EGSS-adhmgadallah,ME-EGSS30小组,62187389,13,3,23
EGSS-adhmgadallah,ME-EGSS30小组,62247043,13,3,23
EGSS-adhmgadallah,ME-EGSS30小组,62712377,13,5,21
EGSS-adhmgadallah,ME-EGSS30小组,63162127,13,4,22
EGSS-adhmgadallah,ME-EGSS30小组,63445660,13,4,22
EGSS-adhmgadallah,ME-EGSS30小组,63940227,13,4,22
EGSS-adhmgadallah,ME-EGSS30小组,63969863,13,4,22
EGSS-adhmgadallah,ME-EGSS30小组,64058364,13,4,22
EGSS-adhmgadallah,ME-EGSS30小组,64093332,13,4,22
EGSS-adhmgadallah,ME-EGSS30小组,58566753,12,1,23
EGSS-adhmgadallah,ME-EGSS30小组,58587439,12,4,20
EGSS-adhmgadallah,ME-EGSS30小组,58913853,12,4,20
EGSS-adhmgadallah,ME-EGSS30小组,59205124,12,4,20
EGSS-adhmgadallah,ME-EGSS30小组,59333342,12,4,20
EGSS-adhmgadallah,ME-EGSS30小组,60659866,12,0,24
EGSS-adhmgadallah,ME-EGSS30小组,60660337,12,0,24
EGSS-adhmgadallah,ME-EGSS30小组,61031445,12,4,20
EGSS-adhmgadallah,ME-EGSS30小组,61098714,12,0,24
EGSS-adhmgadallah,ME-EGSS30小组,61160055,12,4,20
EGSS-adhmgadallah,ME-EGSS30小组,61666081,12,4,20
EGSS-adhmgadallah,ME-EGSS30小组,62345601,12,4,20
EGSS-adhmgadallah,ME-EGSS30小组,62484126,12,2,22
EGSS-adhmgadallah,ME-EGSS30小组,63462472,12,2,22
EGSS-adhmgadallah,ME-EGSS30小组,63595630,12,4,20
EGSS-adhmgadallah,ME-EGSS30小组,63602299,12,2,22
EGSS-adhmgadallah,ME-EGSS30小组,63604471,12,4,20
EGSS-adhmgadallah,ME-EGSS30小组,63774361,12,3,21
EGSS-adhmgadallah,ME-EGSS30小组,63774554,12,3,21
EGSS-adhmgadallah,ME-EGSS30小组,64087406,12,4,20
EGSS-adhmgadallah,ME-EGSS30小组,64151764,12,5,19
EGSS-adhmgadallah,ME-EGSS30小组,59435953,11,2,20
EGSS-adhmgadallah,ME-EGSS30小组,59895645,11,2,20
EGSS-adhmgadallah,ME-EGSS30小组,60308015,11,4,18
EGSS-adhmgadallah,ME-EGSS30小组,60646663,11,3,19
EGSS-adhmgadallah,ME-EGSS30小组,60998693,11,4,18
EGSS-adhmgadallah,ME-EGSS30小组,61079093,11,1,21
EGSS-adhmgadallah,ME-EGSS30小组,61079495,11,3,19
EGSS-adhmgadallah,ME-EGSS30小组,61100206,11,1,21
EGSS-adhmgadallah,ME-EGSS30小组,61425840,11,4,18
EGSS-adhmgadallah,ME-EGSS30小组,61755092,11,4,18
EGSS-adhmgadallah,ME-EGSS30小组,61922192,11,4,18
EGSS-adhmgadallah,ME-EGSS30小组,61982716,11,4,18
EGSS-adhmgadallah,ME-EGSS30小组,62106044,11,3,19
EGSS-adhmgadallah,ME-EGSS30小组,62139363,11,2,20
EGSS-adhmgadallah,ME-EGSS30小组,62368699,11,4,18
EGSS-adhmgadallah,ME-EGSS30小组,62476040,11,4,18
EGSS-adhmgadallah,ME-EGSS30小组,62717154,11,4,18
EGSS-adhmgadallah,ME-EGSS30小组,63487118,11,2,20
EGSS-adhmgadallah,ME-EGSS30小组,63570480,11,4,18
EGSS-adhmgadallah,ME-EGSS30小组,64061550,11,3,19
EGSS-adhmgadallah,ME-EGSS30小组,64130650,11,0,22
EGSS-adhmgadallah,ME-EGSS30小组,58231677,10,0,20
EGSS-adhmgadallah,ME-EGSS30小组,58299158,10,3,17
EGSS-adhmgadallah,ME-EGSS30小组,59037973,10,2,18
EGSS-adhmgadallah,ME-EGSS30小组,59309359,10,3,17
EGSS-adhmgadallah,ME-EGSS30小组,59433512,10,3,17
EGSS-adhmgadallah,ME-EGSS30小组,60270432,10,1,19
EGSS-adhmgadallah,ME-EGSS30小组,60349287,10,3,17
EGSS-adhmgadallah,ME-EGSS30小组,60629186,10,2,18
EGSS-adhmgadallah,ME-EGSS30小组,60681458,10,4,16
EGSS-adhmgadallah,ME-EGSS30小组,60967250,10,4,16
EGSS-adhmgadallah,ME-EGSS30小组,61099876,10,4,16
EGSS-adhmgadallah,ME-EGSS30小组,61145141,10,1,19
EGSS-adhmgadallah,ME-EGSS30小组,61726609,10,3,17
EGSS-adhmgadallah,ME-EGSS30小组,62224670,10,3,17
EGSS-adhmgadallah,ME-EGSS30小组,62224792,10,3,17
EGSS-adhmgadallah,ME-EGSS30小组,62225026,10,3,17
EGSS-adhmgadallah,ME-EGSS30小组,62249285,10,0,20
EGSS-adhmgadallah,ME-EGSS30小组,62255718,10,3,17
EGSS-adhmgadallah,ME-EGSS30小组,62257030,10,2,18
EGSS-adhmgadallah,ME-EGSS30小组,62287345,10,3,17
EGSS-adhmgadallah,ME-EGSS30小组,62705729,10,3,17
EGSS-adhmgadallah,ME-EGSS30小组,62835045,10,2,18
EGSS-adhmgadallah,ME-EGSS30小组,63467351,10,4,16
EGSS-adhmgadallah,ME-EGSS30小组,63574926,10,0,20
EGSS-adhmgadallah,ME-EGSS30小组,63683498,10,2,18
EGSS-adhmgadallah,ME-EGSS30小组,63878671,10,4,16
EGSS-adhmgadallah,ME-EGSS30小组,63937652,10,4,16
EGSS-adhmgadallah,ME-EGSS30小组,63970309,10,4,16
EGSS-adhmgadallah,ME-EGSS30小组,57838883,9,3,15
EGSS-adhmgadallah,ME-EGSS30小组,58311911,9,3,15
EGSS-adhmgadallah,ME-EGSS30小组,58705887,9,4,14
EGSS-adhmgadallah,ME-EGSS30小组,58973780,9,0,18
EGSS-adhmgadallah,ME-EGSS30小组,58984011,9,2,16
EGSS-adhmgadallah,ME-EGSS30小组,59671427,9,2,16
EGSS-adhmgadallah,ME-EGSS30小组,60417791,9,3,15
EGSS-adhmgadallah,ME-EGSS30小组,60425904,9,0,18
EGSS-adhmgadallah,ME-EGSS30小组,60852834,9,4,14
EGSS-adhmgadallah,ME-EGSS30小组,61092753,9,3,15
EGSS-adhmgadallah,ME-EGSS30小组,61505326,9,0,18
EGSS-adhmgadallah,ME-EGSS30小组,62018816,9,4,14
EGSS-adhmgadallah,ME-EGSS30小组,62064604,9,0,18
EGSS-adhmgadallah,ME-EGSS30小组,62349391,9,3,15
EGSS-adhmgadallah,ME-EGSS30小组,62831540,9,4,14
EGSS-adhmgadallah,ME-EGSS30小组,62857810,9,4,14
EGSS-adhmgadallah,ME-EGSS30小组,63038775,9,3,15
EGSS-adhmgadallah,ME-EGSS30小组,63541106,9,2,16
EGSS-adhmgadallah,ME-EGSS30小组,64017369,9,2,16
EGSS-adhmgadallah,ME-EGSS30小组,58660723,8,4,12
EGSS-adhmgadallah,ME-EGSS30小组,58814274,8,3,13
EGSS-adhmgadallah,ME-EGSS30小组,59425590,8,3,13
EGSS-adhmgadallah,ME-EGSS30小组,60407957,8,2,14
EGSS-adhmgadallah,ME-EGSS30小组,61091881,8,4,12
EGSS-adhmgadallah,ME-EGSS30小组,61097236,8,4,12
EGSS-adhmgadallah,ME-EGSS30小组,62113605,8,0,16
EGSS-adhmgadallah,ME-EGSS30小组,62144079,8,3,13
EGSS-adhmgadallah,ME-EGSS30小组,62433478,8,0,16
EGSS-adhmgadallah,ME-EGSS30小组,62437854,8,4,12
EGSS-adhmgadallah,ME-EGSS30小组,62789980,8,4,12
EGSS-adhmgadallah,ME-EGSS30小组,63702362,8,3,13
EGSS-adhmgadallah,ME-EGSS30小组,57908874,7,3,11
EGSS-adhmgadallah,ME-EGSS30小组,58229150,7,0,14
EGSS-adhmgadallah,ME-EGSS30小组,58594840,7,3,11
EGSS-adhmgadallah,ME-EGSS30小组,58863841,7,4,10
EGSS-adhmgadallah,ME-EGSS30小组,58930765,7,5,9
EGSS-adhmgadallah,ME-EGSS30小组,59407943,7,0,14
EGSS-adhmgadallah,ME-EGSS30小组,59426583,7,3,11
EGSS-adhmgadallah,ME-EGSS30小组,60219859,7,6,8
EGSS-adhmgadallah,ME-EGSS30小组,60788450,7,3,11
EGSS-adhmgadallah,ME-EGSS30小组,61691285,7,2,12
EGSS-adhmgadallah,ME-EGSS30小组,61972388,7,1,13
EGSS-adhmgadallah,ME-EGSS30小组,62233363,7,4,10
EGSS-adhmgadallah,ME-EGSS30小组,62274373,7,3,11
EGSS-adhmgadallah,ME-EGSS30小组,62329622,7,3,11
EGSS-adhmgadallah,ME-EGSS30小组,62367215,7,2,12
EGSS-adhmgadallah,ME-EGSS30小组,62575754,7,3,11
EGSS-adhmgadallah,ME-EGSS30小组,62865328,7,1,13
EGSS-adhmgadallah,ME-EGSS30小组,63039107,7,3,11
EGSS-adhmgadallah,ME-EGSS30小组,63199685,7,4,10
EGSS-adhmgadallah,ME-EGSS30小组,63504381,7,4,10
EGSS-adhmgadallah,ME-EGSS30小组,63813382,7,0,14
EGSS-adhmgadallah,ME-EGSS30小组,59499083,6,0,12
EGSS-adhmgadallah,ME-EGSS30小组,59513114,6,4,8
EGSS-adhmgadallah,ME-EGSS30小组,60395546,6,4,8
EGSS-adhmgadallah,ME-EGSS30小组,60443694,6,2,10
EGSS-adhmgadallah,ME-EGSS30小组,60465643,6,4,8
EGSS-adhmgadallah,ME-EGSS30小组,60993516,6,3,9
EGSS-adhmgadallah,ME-EGSS30小组,61429207,6,2,10
EGSS-adhmgadallah,ME-EGSS30小组,62187937,6,2,10
EGSS-adhmgadallah,ME-EGSS30小组,62538179,6,3,9
EGSS-adhmgadallah,ME-EGSS30小组,58352168,5,0,10
EGSS-adhmgadallah,ME-EGSS30小组,59003571,5,2,8
EGSS-adhmgadallah,ME-EGSS30小组,59300390,5,0,10
EGSS-adhmgadallah,ME-EGSS30小组,59584231,5,4,6
EGSS-adhmgadallah,ME-EGSS30小组,60437085,5,3,7
EGSS-adhmgadallah,ME-EGSS30小组,60437315,5,3,7
EGSS-adhmgadallah,ME-EGSS30小组,60994563,5,3,7
EGSS-adhmgadallah,ME-EGSS30小组,61001864,5,3,7
EGSS-adhmgadallah,ME-EGSS30小组,61088182,5,1,9
EGSS-adhmgadallah,ME-EGSS30小组,62492913,5,0,10
EGSS-adhmgadallah,ME-EGSS30小组,63400978,5,5,5
EGSS-adhmgadallah,ME-EGSS30小组,63541513,5,0,10
EGSS-adhmgadallah,ME-EGSS30小组,63693103,5,4,6
EGSS-adhmgadallah,ME-EGSS30小组,63831404,5,0,10
EGSS-adhmgadallah,ME-EGSS30小组,58834437,4,1,7
EGSS-adhmgadallah,ME-EGSS30小组,59079623,4,0,8
EGSS-adhmgadallah,ME-EGSS30小组,59461968,4,3,5
EGSS-adhmgadallah,ME-EGSS30小组,60725122,4,0,8
EGSS-adhmgadallah,ME-EGSS30小组,62360979,4,0,8
EGSS-adhmgadallah,ME-EGSS30小组,63724496,4,3,5
EGSS-adhmgadallah,ME-EGSS30小组,63925269,4,2,6
EGSS-adhmgadallah,ME-EGSS30小组,59509199,3,4,2
EGSS-adhmgadallah,ME-EGSS30小组,60765656,3,0,6
EGSS-adhmgadallah,ME-EGSS30小组,60766103,3,0,6
EGSS-adhmgadallah,ME-EGSS30小组,61097079,3,0,6
EGSS-adhmgadallah,ME-EGSS30小组,61211668,3,4,2
EGSS-adhmgadallah,ME-EGSS30小组,61580077,3,4,2
EGSS-adhmgadallah,ME-EGSS30小组,61938818,3,0,6
EGSS-adhmgadallah,ME-EGSS30小组,63757121,3,3,3
EGSS-adhmgadallah,ME-EGSS30小组,60818846,2,0,4
EGSS-adhmgadallah,ME-EGSS30小组,61389827,2,4,0
EGSS-adhmgadallah,ME-EGSS30小组,62043395,2,4,0
EGSS-adhmgadallah,ME-EGSS30小组,63756993,2,0,4
EGSS-ahmedshoukry,ME-EGSS10小组,58347148,26,0,52
EGSS-ahmedshoukry,ME-EGSS10小组,63024434,21,4,38
EGSS-ahmedshoukry,ME-EGSS10小组,63831279,21,4,38
EGSS-ahmedshoukry,ME-EGSS10小组,63857212,21,5,37
EGSS-ahmedshoukry,ME-EGSS10小组,63530811,20,6,34
EGSS-ahmedshoukry,ME-EGSS10小组,63875302,19,4,34
EGSS-ahmedshoukry,ME-EGSS10小组,59327162,18,3,33
EGSS-ahmedshoukry,ME-EGSS10小组,61911772,18,3,33
EGSS-ahmedshoukry,ME-EGSS10小组,61952623,18,4,32
EGSS-ahmedshoukry,ME-EGSS10小组,63583069,18,4,32
EGSS-ahmedshoukry,ME-EGSS10小组,63734706,18,4,32
EGSS-ahmedshoukry,ME-EGSS10小组,63753418,18,5,31
EGSS-ahmedshoukry,ME-EGSS10小组,58623045,17,8,26
EGSS-ahmedshoukry,ME-EGSS10小组,64141651,17,4,30
EGSS-ahmedshoukry,ME-EGSS10小组,58703990,16,4,28
EGSS-ahmedshoukry,ME-EGSS10小组,58872051,16,4,28
EGSS-ahmedshoukry,ME-EGSS10小组,62144483,16,0,32
EGSS-ahmedshoukry,ME-EGSS10小组,62511921,16,4,28
EGSS-ahmedshoukry,ME-EGSS10小组,63122092,16,4,28
EGSS-ahmedshoukry,ME-EGSS10小组,63971790,16,4,28
EGSS-ahmedshoukry,ME-EGSS10小组,63977923,16,4,28
EGSS-ahmedshoukry,ME-EGSS10小组,64005686,16,5,27
EGSS-ahmedshoukry,ME-EGSS10小组,59807210,15,4,26
EGSS-ahmedshoukry,ME-EGSS10小组,61356901,15,4,26
EGSS-ahmedshoukry,ME-EGSS10小组,63711851,15,0,30
EGSS-ahmedshoukry,ME-EGSS10小组,63997745,15,5,25
EGSS-ahmedshoukry,ME-EGSS10小组,64062532,15,4,26
EGSS-ahmedshoukry,ME-EGSS10小组,57854386,14,3,25
EGSS-ahmedshoukry,ME-EGSS10小组,57889981,14,5,23
EGSS-ahmedshoukry,ME-EGSS10小组,58614264,14,4,24
EGSS-ahmedshoukry,ME-EGSS10小组,59055786,14,4,24
EGSS-ahmedshoukry,ME-EGSS10小组,59192323,14,4,24
EGSS-ahmedshoukry,ME-EGSS10小组,60204833,14,4,24
EGSS-ahmedshoukry,ME-EGSS10小组,63156522,14,4,24
EGSS-ahmedshoukry,ME-EGSS10小组,63333516,14,4,24
EGSS-ahmedshoukry,ME-EGSS10小组,63711538,14,4,24
EGSS-ahmedshoukry,ME-EGSS10小组,63888653,14,3,25
EGSS-ahmedshoukry,ME-EGSS10小组,63895984,14,3,25
EGSS-ahmedshoukry,ME-EGSS10小组,64062200,14,4,24
EGSS-ahmedshoukry,ME-EGSS10小组,58823672,13,4,22
EGSS-ahmedshoukry,ME-EGSS10小组,60138948,13,4,22
EGSS-ahmedshoukry,ME-EGSS10小组,60183960,13,4,22
EGSS-ahmedshoukry,ME-EGSS10小组,60345586,13,4,22
EGSS-ahmedshoukry,ME-EGSS10小组,61774790,13,4,22
EGSS-ahmedshoukry,ME-EGSS10小组,62018238,13,3,23
EGSS-ahmedshoukry,ME-EGSS10小组,62158507,13,5,21
EGSS-ahmedshoukry,ME-EGSS10小组,62256973,13,4,22
EGSS-ahmedshoukry,ME-EGSS10小组,62483376,13,4,22
EGSS-ahmedshoukry,ME-EGSS10小组,63028275,13,4,22
EGSS-ahmedshoukry,ME-EGSS10小组,63028516,13,4,22
EGSS-ahmedshoukry,ME-EGSS10小组,63317253,13,2,24
EGSS-ahmedshoukry,ME-EGSS10小组,63348204,13,4,22
EGSS-ahmedshoukry,ME-EGSS10小组,63358100,13,4,22
EGSS-ahmedshoukry,ME-EGSS10小组,63630258,13,3,23
EGSS-ahmedshoukry,ME-EGSS10小组,63662469,13,4,22
EGSS-ahmedshoukry,ME-EGSS10小组,63711282,13,4,22
EGSS-ahmedshoukry,ME-EGSS10小组,63863997,13,3,23
EGSS-ahmedshoukry,ME-EGSS10小组,64015511,13,4,22
EGSS-ahmedshoukry,ME-EGSS10小组,64015512,13,4,22
EGSS-ahmedshoukry,ME-EGSS10小组,64031289,13,4,22
EGSS-ahmedshoukry,ME-EGSS10小组,64063477,13,5,21
EGSS-ahmedshoukry,ME-EGSS10小组,57940321,12,4,20
EGSS-ahmedshoukry,ME-EGSS10小组,58369570,12,3,21
EGSS-ahmedshoukry,ME-EGSS10小组,58439076,12,3,21
EGSS-ahmedshoukry,ME-EGSS10小组,58515920,12,4,20
EGSS-ahmedshoukry,ME-EGSS10小组,59208506,12,0,24
EGSS-ahmedshoukry,ME-EGSS10小组,59988907,12,0,24
EGSS-ahmedshoukry,ME-EGSS10小组,60855362,12,0,24
EGSS-ahmedshoukry,ME-EGSS10小组,61098954,12,0,24
EGSS-ahmedshoukry,ME-EGSS10小组,61486622,12,1,23
EGSS-ahmedshoukry,ME-EGSS10小组,61920117,12,4,20
EGSS-ahmedshoukry,ME-EGSS10小组,62319898,12,4,20
EGSS-ahmedshoukry,ME-EGSS10小组,62370678,12,2,22
EGSS-ahmedshoukry,ME-EGSS10小组,62478533,12,4,20
EGSS-ahmedshoukry,ME-EGSS10小组,62793446,12,4,20
EGSS-ahmedshoukry,ME-EGSS10小组,62869718,12,4,20
EGSS-ahmedshoukry,ME-EGSS10小组,63514953,12,4,20
EGSS-ahmedshoukry,ME-EGSS10小组,63611786,12,3,21
EGSS-ahmedshoukry,ME-EGSS10小组,63662281,12,4,20
EGSS-ahmedshoukry,ME-EGSS10小组,63724583,12,4,20
EGSS-ahmedshoukry,ME-EGSS10小组,63977600,12,4,20
EGSS-ahmedshoukry,ME-EGSS10小组,58424026,11,0,22
EGSS-ahmedshoukry,ME-EGSS10小组,58673629,11,3,19
EGSS-ahmedshoukry,ME-EGSS10小组,58692891,11,4,18
EGSS-ahmedshoukry,ME-EGSS10小组,58970432,11,4,18
EGSS-ahmedshoukry,ME-EGSS10小组,59365668,11,4,18
EGSS-ahmedshoukry,ME-EGSS10小组,59366664,11,1,21
EGSS-ahmedshoukry,ME-EGSS10小组,60182500,11,4,18
EGSS-ahmedshoukry,ME-EGSS10小组,60404932,11,3,19
EGSS-ahmedshoukry,ME-EGSS10小组,61080453,11,4,18
EGSS-ahmedshoukry,ME-EGSS10小组,61149123,11,3,19
EGSS-ahmedshoukry,ME-EGSS10小组,61495377,11,1,21
EGSS-ahmedshoukry,ME-EGSS10小组,61546761,11,3,19
EGSS-ahmedshoukry,ME-EGSS10小组,61775145,11,4,18
EGSS-ahmedshoukry,ME-EGSS10小组,61775939,11,3,19
EGSS-ahmedshoukry,ME-EGSS10小组,61785860,11,5,17
EGSS-ahmedshoukry,ME-EGSS10小组,61812463,11,1,21
EGSS-ahmedshoukry,ME-EGSS10小组,62309579,11,4,18
EGSS-ahmedshoukry,ME-EGSS10小组,62332751,11,1,21
EGSS-ahmedshoukry,ME-EGSS10小组,62464575,11,3,19
EGSS-ahmedshoukry,ME-EGSS10小组,62940978,11,2,20
EGSS-ahmedshoukry,ME-EGSS10小组,63088465,11,3,19
EGSS-ahmedshoukry,ME-EGSS10小组,63147386,11,5,17
EGSS-ahmedshoukry,ME-EGSS10小组,63180951,11,3,19
EGSS-ahmedshoukry,ME-EGSS10小组,63453483,11,3,19
EGSS-ahmedshoukry,ME-EGSS10小组,63652057,11,2,20
EGSS-ahmedshoukry,ME-EGSS10小组,63857049,11,4,18
EGSS-ahmedshoukry,ME-EGSS10小组,64141621,11,4,18
EGSS-ahmedshoukry,ME-EGSS10小组,64175400,11,0,22
EGSS-ahmedshoukry,ME-EGSS10小组,58228743,10,3,17
EGSS-ahmedshoukry,ME-EGSS10小组,58385099,10,3,17
EGSS-ahmedshoukry,ME-EGSS10小组,58658722,10,3,17
EGSS-ahmedshoukry,ME-EGSS10小组,59032656,10,3,17
EGSS-ahmedshoukry,ME-EGSS10小组,59495108,10,4,16
EGSS-ahmedshoukry,ME-EGSS10小组,59742482,10,4,16
EGSS-ahmedshoukry,ME-EGSS10小组,59889537,10,3,17
EGSS-ahmedshoukry,ME-EGSS10小组,60190024,10,4,16
EGSS-ahmedshoukry,ME-EGSS10小组,60191103,10,6,14
EGSS-ahmedshoukry,ME-EGSS10小组,60401029,10,3,17
EGSS-ahmedshoukry,ME-EGSS10小组,60515901,10,4,16
EGSS-ahmedshoukry,ME-EGSS10小组,60827307,10,2,18
EGSS-ahmedshoukry,ME-EGSS10小组,61131842,10,3,17
EGSS-ahmedshoukry,ME-EGSS10小组,61436945,10,0,20
EGSS-ahmedshoukry,ME-EGSS10小组,61827975,10,4,16
EGSS-ahmedshoukry,ME-EGSS10小组,61993795,10,5,15
EGSS-ahmedshoukry,ME-EGSS10小组,62130938,10,3,17
EGSS-ahmedshoukry,ME-EGSS10小组,62325366,10,2,18
EGSS-ahmedshoukry,ME-EGSS10小组,62490794,10,3,17
EGSS-ahmedshoukry,ME-EGSS10小组,62826591,10,2,18
EGSS-ahmedshoukry,ME-EGSS10小组,63104306,10,3,17
EGSS-ahmedshoukry,ME-EGSS10小组,63453500,10,5,15
EGSS-ahmedshoukry,ME-EGSS10小组,63529637,10,4,16
EGSS-ahmedshoukry,ME-EGSS10小组,63551032,10,4,16
EGSS-ahmedshoukry,ME-EGSS10小组,63556880,10,3,17
EGSS-ahmedshoukry,ME-EGSS10小组,63561139,10,3,17
EGSS-ahmedshoukry,ME-EGSS10小组,63670094,10,5,15
EGSS-ahmedshoukry,ME-EGSS10小组,63822519,10,4,16
EGSS-ahmedshoukry,ME-EGSS10小组,63975618,10,3,17
EGSS-ahmedshoukry,ME-EGSS10小组,57785962,9,0,18
EGSS-ahmedshoukry,ME-EGSS10小组,58035921,9,3,15
EGSS-ahmedshoukry,ME-EGSS10小组,59472134,9,5,13
EGSS-ahmedshoukry,ME-EGSS10小组,60433288,9,3,15
EGSS-ahmedshoukry,ME-EGSS10小组,60475775,9,2,16
EGSS-ahmedshoukry,ME-EGSS10小组,60516620,9,4,14
EGSS-ahmedshoukry,ME-EGSS10小组,60885391,9,3,15
EGSS-ahmedshoukry,ME-EGSS10小组,61010425,9,0,18
EGSS-ahmedshoukry,ME-EGSS10小组,61504516,9,4,14
EGSS-ahmedshoukry,ME-EGSS10小组,62042835,9,4,14
EGSS-ahmedshoukry,ME-EGSS10小组,62151018,9,7,11
EGSS-ahmedshoukry,ME-EGSS10小组,62335591,9,1,17
EGSS-ahmedshoukry,ME-EGSS10小组,62352341,9,2,16
EGSS-ahmedshoukry,ME-EGSS10小组,62451194,9,4,14
EGSS-ahmedshoukry,ME-EGSS10小组,62518776,9,3,15
EGSS-ahmedshoukry,ME-EGSS10小组,62519029,9,3,15
EGSS-ahmedshoukry,ME-EGSS10小组,62555698,9,4,14
EGSS-ahmedshoukry,ME-EGSS10小组,62616120,9,4,14
EGSS-ahmedshoukry,ME-EGSS10小组,62794510,9,3,15
EGSS-ahmedshoukry,ME-EGSS10小组,63448882,9,5,13
EGSS-ahmedshoukry,ME-EGSS10小组,63509483,9,3,15
EGSS-ahmedshoukry,ME-EGSS10小组,63742225,9,3,15
EGSS-ahmedshoukry,ME-EGSS10小组,63782464,9,3,15
EGSS-ahmedshoukry,ME-EGSS10小组,63822620,9,5,13
EGSS-ahmedshoukry,ME-EGSS10小组,63946511,9,0,18
EGSS-ahmedshoukry,ME-EGSS10小组,63946512,9,1,17
EGSS-ahmedshoukry,ME-EGSS10小组,64175909,9,0,18
EGSS-ahmedshoukry,ME-EGSS10小组,58362628,8,0,16
EGSS-ahmedshoukry,ME-EGSS10小组,58807177,8,0,16
EGSS-ahmedshoukry,ME-EGSS10小组,58812837,8,3,13
EGSS-ahmedshoukry,ME-EGSS10小组,59420649,8,3,13
EGSS-ahmedshoukry,ME-EGSS10小组,59611665,8,4,12
EGSS-ahmedshoukry,ME-EGSS10小组,59697763,8,3,13
EGSS-ahmedshoukry,ME-EGSS10小组,59975219,8,4,12
EGSS-ahmedshoukry,ME-EGSS10小组,60205923,8,4,12
EGSS-ahmedshoukry,ME-EGSS10小组,61724768,8,0,16
EGSS-ahmedshoukry,ME-EGSS10小组,61790301,8,3,13
EGSS-ahmedshoukry,ME-EGSS10小组,61999383,8,3,13
EGSS-ahmedshoukry,ME-EGSS10小组,62352340,8,2,14
EGSS-ahmedshoukry,ME-EGSS10小组,62498773,8,4,12
EGSS-ahmedshoukry,ME-EGSS10小组,63557088,8,3,13
EGSS-ahmedshoukry,ME-EGSS10小组,63574954,8,2,14
EGSS-ahmedshoukry,ME-EGSS10小组,63582317,8,3,13
EGSS-ahmedshoukry,ME-EGSS10小组,63756546,8,2,14
EGSS-ahmedshoukry,ME-EGSS10小组,63811896,8,4,12
EGSS-ahmedshoukry,ME-EGSS10小组,63849851,8,1,15
EGSS-ahmedshoukry,ME-EGSS10小组,58763370,7,3,11
EGSS-ahmedshoukry,ME-EGSS10小组,59742778,7,0,14
EGSS-ahmedshoukry,ME-EGSS10小组,60092612,7,0,14
EGSS-ahmedshoukry,ME-EGSS10小组,60802725,7,2,12
EGSS-ahmedshoukry,ME-EGSS10小组,61031408,7,1,13
EGSS-ahmedshoukry,ME-EGSS10小组,62148205,7,0,14
EGSS-ahmedshoukry,ME-EGSS10小组,62168998,7,4,10
EGSS-ahmedshoukry,ME-EGSS10小组,62199258,7,0,14
EGSS-ahmedshoukry,ME-EGSS10小组,62223485,7,0,14
EGSS-ahmedshoukry,ME-EGSS10小组,62320737,7,3,11
EGSS-ahmedshoukry,ME-EGSS10小组,62378896,7,3,11
EGSS-ahmedshoukry,ME-EGSS10小组,62422333,7,4,10
EGSS-ahmedshoukry,ME-EGSS10小组,62545134,7,5,9
EGSS-ahmedshoukry,ME-EGSS10小组,62918034,7,3,11
EGSS-ahmedshoukry,ME-EGSS10小组,63032164,7,2,12
EGSS-ahmedshoukry,ME-EGSS10小组,63059931,7,2,12
EGSS-ahmedshoukry,ME-EGSS10小组,63101102,7,2,12
EGSS-ahmedshoukry,ME-EGSS10小组,63144000,7,3,11
EGSS-ahmedshoukry,ME-EGSS10小组,63316699,7,1,13
EGSS-ahmedshoukry,ME-EGSS10小组,63368136,7,2,12
EGSS-ahmedshoukry,ME-EGSS10小组,63672032,7,4,10
EGSS-ahmedshoukry,ME-EGSS10小组,57990182,6,1,11
EGSS-ahmedshoukry,ME-EGSS10小组,58968975,6,2,10
EGSS-ahmedshoukry,ME-EGSS10小组,58973263,6,0,12
EGSS-ahmedshoukry,ME-EGSS10小组,59216168,6,5,7
EGSS-ahmedshoukry,ME-EGSS10小组,60255406,6,1,11
EGSS-ahmedshoukry,ME-EGSS10小组,60576809,6,3,9
EGSS-ahmedshoukry,ME-EGSS10小组,61282856,6,3,9
EGSS-ahmedshoukry,ME-EGSS10小组,61422479,6,5,7
EGSS-ahmedshoukry,ME-EGSS10小组,61543283,6,5,7
EGSS-ahmedshoukry,ME-EGSS10小组,61953557,6,1,11
EGSS-ahmedshoukry,ME-EGSS10小组,62160583,6,2,10
EGSS-ahmedshoukry,ME-EGSS10小组,62376739,6,4,8
EGSS-ahmedshoukry,ME-EGSS10小组,62378470,6,4,8
EGSS-ahmedshoukry,ME-EGSS10小组,62568591,6,0,12
EGSS-ahmedshoukry,ME-EGSS10小组,62603624,6,1,11
EGSS-ahmedshoukry,ME-EGSS10小组,63495821,6,0,12
EGSS-ahmedshoukry,ME-EGSS10小组,63784851,6,3,9
EGSS-ahmedshoukry,ME-EGSS10小组,63793087,6,1,11
EGSS-ahmedshoukry,ME-EGSS10小组,59051883,5,2,8
EGSS-ahmedshoukry,ME-EGSS10小组,59755664,5,4,6
EGSS-ahmedshoukry,ME-EGSS10小组,60422038,5,3,7
EGSS-ahmedshoukry,ME-EGSS10小组,60534277,5,1,9
EGSS-ahmedshoukry,ME-EGSS10小组,61216363,5,0,10
EGSS-ahmedshoukry,ME-EGSS10小组,61773295,5,3,7
EGSS-ahmedshoukry,ME-EGSS10小组,62054358,5,3,7
EGSS-ahmedshoukry,ME-EGSS10小组,63137174,5,1,9
EGSS-ahmedshoukry,ME-EGSS10小组,63138002,5,1,9
EGSS-ahmedshoukry,ME-EGSS10小组,63495666,5,0,10
EGSS-ahmedshoukry,ME-EGSS10小组,64077352,5,2,8
EGSS-ahmedshoukry,ME-EGSS10小组,60152475,4,3,5
EGSS-ahmedshoukry,ME-EGSS10小组,61975775,4,0,8
EGSS-ahmedshoukry,ME-EGSS10小组,62337672,4,3,5
EGSS-ahmedshoukry,ME-EGSS10小组,62400637,4,3,5
EGSS-ahmedshoukry,ME-EGSS10小组,62477210,4,0,8
EGSS-ahmedshoukry,ME-EGSS10小组,62652479,4,10,-2
EGSS-ahmedshoukry,ME-EGSS10小组,63368572,4,1,7
EGSS-ahmedshoukry,ME-EGSS10小组,63453561,4,0,8
EGSS-ahmedshoukry,ME-EGSS10小组,58115949,3,0,6
EGSS-ahmedshoukry,ME-EGSS10小组,59485525,3,0,6
EGSS-ahmedshoukry,ME-EGSS10小组,59605742,3,4,2
EGSS-ahmedshoukry,ME-EGSS10小组,59742199,3,0,6
EGSS-ahmedshoukry,ME-EGSS10小组,60224290,3,0,6
EGSS-ahmedshoukry,ME-EGSS10小组,60883483,3,3,3
EGSS-ahmedshoukry,ME-EGSS10小组,62476509,3,0,6
EGSS-ahmedshoukry,ME-EGSS10小组,62504266,3,4,2
EGSS-ahmedshoukry,ME-EGSS10小组,62538939,3,5,1
EGSS-ahmedshoukry,ME-EGSS10小组,63453948,3,0,6
EGSS-ahmedshoukry,ME-EGSS10小组,59631355,2,3,1
EGSS-ahmedshoukry,ME-EGSS10小组,62122533,2,0,4
EGSS-ahmedshoukry,ME-EGSS10小组,63056829,2,3,1
EGSS-alihesham01,ME-EGSS30小组,58447100,30,10,50
EGSS-alihesham01,ME-EGSS30小组,63207818,27,8,46
EGSS-alihesham01,ME-EGSS30小组,61492460,21,4,38
EGSS-alihesham01,ME-EGSS30小组,58810649,20,3,37
EGSS-alihesham01,ME-EGSS30小组,59286305,20,4,36
EGSS-alihesham01,ME-EGSS30小组,60442057,18,4,32
EGSS-alihesham01,ME-EGSS30小组,63925968,18,3,33
EGSS-alihesham01,ME-EGSS30小组,59077809,17,4,30
EGSS-alihesham01,ME-EGSS30小组,60412938,17,4,30
EGSS-alihesham01,ME-EGSS30小组,62865459,17,1,33
EGSS-alihesham01,ME-EGSS30小组,63370140,17,3,31
EGSS-alihesham01,ME-EGSS30小组,63361138,16,4,28
EGSS-alihesham01,ME-EGSS30小组,63916552,16,4,28
EGSS-alihesham01,ME-EGSS30小组,58763932,15,5,25
EGSS-alihesham01,ME-EGSS30小组,58999806,15,1,29
EGSS-alihesham01,ME-EGSS30小组,59204130,15,4,26
EGSS-alihesham01,ME-EGSS30小组,59309127,15,4,26
EGSS-alihesham01,ME-EGSS30小组,58352918,14,4,24
EGSS-alihesham01,ME-EGSS30小组,59337088,14,4,24
EGSS-alihesham01,ME-EGSS30小组,60421829,14,4,24
EGSS-alihesham01,ME-EGSS30小组,63380041,14,4,24
EGSS-alihesham01,ME-EGSS30小组,63887842,14,4,24
EGSS-alihesham01,ME-EGSS30小组,64070305,14,4,24
EGSS-alihesham01,ME-EGSS30小组,58825285,13,4,22
EGSS-alihesham01,ME-EGSS30小组,60473742,13,4,22
EGSS-alihesham01,ME-EGSS30小组,61210758,13,3,23
EGSS-alihesham01,ME-EGSS30小组,62029512,13,4,22
EGSS-alihesham01,ME-EGSS30小组,62864887,13,0,26
EGSS-alihesham01,ME-EGSS30小组,58116518,12,0,24
EGSS-alihesham01,ME-EGSS30小组,58561345,12,1,23
EGSS-alihesham01,ME-EGSS30小组,59195499,12,2,22
EGSS-alihesham01,ME-EGSS30小组,59483861,12,0,24
EGSS-alihesham01,ME-EGSS30小组,60440096,12,0,24
EGSS-alihesham01,ME-EGSS30小组,62217271,12,4,20
EGSS-alihesham01,ME-EGSS30小组,62836976,12,0,24
EGSS-alihesham01,ME-EGSS30小组,62858510,12,4,20
EGSS-alihesham01,ME-EGSS30小组,62866476,12,3,21
EGSS-alihesham01,ME-EGSS30小组,63400478,12,4,20
EGSS-alihesham01,ME-EGSS30小组,63840582,12,3,21
EGSS-alihesham01,ME-EGSS30小组,64180332,12,4,20
EGSS-alihesham01,ME-EGSS30小组,58566979,11,3,19
EGSS-alihesham01,ME-EGSS30小组,58900290,11,3,19
EGSS-alihesham01,ME-EGSS30小组,58993085,11,2,20
EGSS-alihesham01,ME-EGSS30小组,59027943,11,2,20
EGSS-alihesham01,ME-EGSS30小组,59947861,11,4,18
EGSS-alihesham01,ME-EGSS30小组,60408819,11,5,17
EGSS-alihesham01,ME-EGSS30小组,61210583,11,9,13
EGSS-alihesham01,ME-EGSS30小组,62812443,11,4,18
EGSS-alihesham01,ME-EGSS30小组,62959446,11,4,18
EGSS-alihesham01,ME-EGSS30小组,62969023,11,4,18
EGSS-alihesham01,ME-EGSS30小组,63144369,11,3,19
EGSS-alihesham01,ME-EGSS30小组,63369953,11,3,19
EGSS-alihesham01,ME-EGSS30小组,63855170,11,3,19
EGSS-alihesham01,ME-EGSS30小组,63997219,11,8,14
EGSS-alihesham01,ME-EGSS30小组,58855285,10,1,19
EGSS-alihesham01,ME-EGSS30小组,59108799,10,2,18
EGSS-alihesham01,ME-EGSS30小组,59138444,10,3,17
EGSS-alihesham01,ME-EGSS30小组,59235255,10,0,20
EGSS-alihesham01,ME-EGSS30小组,59389473,10,0,20
EGSS-alihesham01,ME-EGSS30小组,60474515,10,4,16
EGSS-alihesham01,ME-EGSS30小组,60909762,10,4,16
EGSS-alihesham01,ME-EGSS30小组,61044400,10,2,18
EGSS-alihesham01,ME-EGSS30小组,61053496,10,3,17
EGSS-alihesham01,ME-EGSS30小组,61054024,10,3,17
EGSS-alihesham01,ME-EGSS30小组,61857347,10,3,17
EGSS-alihesham01,ME-EGSS30小组,61866375,10,2,18
EGSS-alihesham01,ME-EGSS30小组,62809137,10,3,17
EGSS-alihesham01,ME-EGSS30小组,62823715,10,2,18
EGSS-alihesham01,ME-EGSS30小组,62848463,10,2,18
EGSS-alihesham01,ME-EGSS30小组,62862393,10,5,15
EGSS-alihesham01,ME-EGSS30小组,63092922,10,3,17
EGSS-alihesham01,ME-EGSS30小组,63400291,10,3,17
EGSS-alihesham01,ME-EGSS30小组,59249154,9,0,18
EGSS-alihesham01,ME-EGSS30小组,59407908,9,4,14
EGSS-alihesham01,ME-EGSS30小组,59420128,9,4,14
EGSS-alihesham01,ME-EGSS30小组,59605078,9,4,14
EGSS-alihesham01,ME-EGSS30小组,61088485,9,0,18
EGSS-alihesham01,ME-EGSS30小组,61088952,9,0,18
EGSS-alihesham01,ME-EGSS30小组,61089003,9,0,18
EGSS-alihesham01,ME-EGSS30小组,61800321,9,5,13
EGSS-alihesham01,ME-EGSS30小组,62825723,9,0,18
EGSS-alihesham01,ME-EGSS30小组,62942824,9,5,13
EGSS-alihesham01,ME-EGSS30小组,59354500,8,4,12
EGSS-alihesham01,ME-EGSS30小组,60426522,8,0,16
EGSS-alihesham01,ME-EGSS30小组,60468984,8,4,12
EGSS-alihesham01,ME-EGSS30小组,61844352,8,5,11
EGSS-alihesham01,ME-EGSS30小组,61924898,8,0,16
EGSS-alihesham01,ME-EGSS30小组,62514215,8,0,16
EGSS-alihesham01,ME-EGSS30小组,62832229,8,3,13
EGSS-alihesham01,ME-EGSS30小组,62850640,8,1,15
EGSS-alihesham01,ME-EGSS30小组,62864107,8,4,12
EGSS-alihesham01,ME-EGSS30小组,63302060,8,4,12
EGSS-alihesham01,ME-EGSS30小组,64123579,8,3,13
EGSS-alihesham01,ME-EGSS30小组,58335630,7,2,12
EGSS-alihesham01,ME-EGSS30小组,59052074,7,4,10
EGSS-alihesham01,ME-EGSS30小组,59440803,7,4,10
EGSS-alihesham01,ME-EGSS30小组,60909765,7,0,14
EGSS-alihesham01,ME-EGSS30小组,61109800,7,2,12
EGSS-alihesham01,ME-EGSS30小组,62815632,7,3,11
EGSS-alihesham01,ME-EGSS30小组,62853417,7,0,14
EGSS-alihesham01,ME-EGSS30小组,63814281,7,0,14
EGSS-alihesham01,ME-EGSS30小组,58699152,6,3,9
EGSS-alihesham01,ME-EGSS30小组,61811619,6,4,8
EGSS-alihesham01,ME-EGSS30小组,62823528,6,4,8
EGSS-alihesham01,ME-EGSS30小组,62850046,6,0,12
EGSS-alihesham01,ME-EGSS30小组,59167172,5,2,8
EGSS-alihesham01,ME-EGSS30小组,62476297,5,0,10
EGSS-alihesham01,ME-EGSS30小组,62837470,5,2,8
EGSS-alihesham01,ME-EGSS30小组,62843184,5,1,9
EGSS-alihesham01,ME-EGSS30小组,62854446,5,0,10
EGSS-alihesham01,ME-EGSS30小组,63887061,5,0,10
EGSS-alihesham01,ME-EGSS30小组,60743523,4,5,3
EGSS-alihesham01,ME-EGSS30小组,62834852,4,4,4
EGSS-alihesham01,ME-EGSS30小组,61213425,3,0,6
EGSS-alihesham01,ME-EGSS30小组,62941297,3,0,6
EGSS-alihesham01,ME-EGSS30小组,63041830,3,3,3
EGSS-alihesham01,ME-EGSS30小组,63986318,3,2,4
EGSS-alihesham01,ME-EGSS30小组,61558922,2,10,-6
EGSS-alihesham01,ME-EGSS30小组,61725815,2,0,4
EGSS-alihesham01,ME-EGSS30小组,62840609,2,3,1
EGSS-alihesham01,ME-EGSS30小组,62863136,2,3,1
EGSS-amrsafwat,ME-EGSS13小组,63256233,34,7,61
EGSS-amrsafwat,ME-EGSS13小组,63252200,30,7,53
EGSS-amrsafwat,ME-EGSS13小组,57779301,22,0,44
EGSS-amrsafwat,ME-EGSS13小组,61561451,20,6,34
EGSS-amrsafwat,ME-EGSS13小组,63887920,18,4,32
EGSS-amrsafwat,ME-EGSS13小组,58261778,17,4,30
EGSS-amrsafwat,ME-EGSS13小组,58557544,17,4,30
EGSS-amrsafwat,ME-EGSS13小组,60515799,17,3,31
EGSS-amrsafwat,ME-EGSS13小组,61173402,17,4,30
EGSS-amrsafwat,ME-EGSS13小组,63018568,17,4,30
EGSS-amrsafwat,ME-EGSS13小组,63490119,17,3,31
EGSS-amrsafwat,ME-EGSS13小组,63625710,17,3,31
EGSS-amrsafwat,ME-EGSS13小组,59281114,16,5,27
EGSS-amrsafwat,ME-EGSS13小组,60201390,16,5,27
EGSS-amrsafwat,ME-EGSS13小组,63091926,16,5,27
EGSS-amrsafwat,ME-EGSS13小组,59220326,15,5,25
EGSS-amrsafwat,ME-EGSS13小组,59244604,15,10,20
EGSS-amrsafwat,ME-EGSS13小组,60123119,15,4,26
EGSS-amrsafwat,ME-EGSS13小组,60150335,15,5,25
EGSS-amrsafwat,ME-EGSS13小组,60671435,15,5,25
EGSS-amrsafwat,ME-EGSS13小组,60697035,15,4,26
EGSS-amrsafwat,ME-EGSS13小组,62976713,15,7,23
EGSS-amrsafwat,ME-EGSS13小组,63240824,15,4,26
EGSS-amrsafwat,ME-EGSS13小组,60422971,14,4,24
EGSS-amrsafwat,ME-EGSS13小组,60472437,14,4,24
EGSS-amrsafwat,ME-EGSS13小组,61097897,14,2,26
EGSS-amrsafwat,ME-EGSS13小组,62887633,14,4,24
EGSS-amrsafwat,ME-EGSS13小组,62920309,14,4,24
EGSS-amrsafwat,ME-EGSS13小组,62927507,14,3,25
EGSS-amrsafwat,ME-EGSS13小组,63443012,14,4,24
EGSS-amrsafwat,ME-EGSS13小组,63531989,14,4,24
EGSS-amrsafwat,ME-EGSS13小组,63570646,14,4,24
EGSS-amrsafwat,ME-EGSS13小组,63713610,14,2,26
EGSS-amrsafwat,ME-EGSS13小组,63731390,14,4,24
EGSS-amrsafwat,ME-EGSS13小组,64044297,14,4,24
EGSS-amrsafwat,ME-EGSS13小组,58393067,13,4,22
EGSS-amrsafwat,ME-EGSS13小组,58393410,13,4,22
EGSS-amrsafwat,ME-EGSS13小组,58952380,13,4,22
EGSS-amrsafwat,ME-EGSS13小组,59280591,13,4,22
EGSS-amrsafwat,ME-EGSS13小组,59288154,13,5,21
EGSS-amrsafwat,ME-EGSS13小组,59673420,13,2,24
EGSS-amrsafwat,ME-EGSS13小组,59980539,13,4,22
EGSS-amrsafwat,ME-EGSS13小组,61322113,13,5,21
EGSS-amrsafwat,ME-EGSS13小组,61591686,13,4,22
EGSS-amrsafwat,ME-EGSS13小组,61793992,13,4,22
EGSS-amrsafwat,ME-EGSS13小组,62811052,13,3,23
EGSS-amrsafwat,ME-EGSS13小组,63079269,13,2,24
EGSS-amrsafwat,ME-EGSS13小组,63109854,13,0,26
EGSS-amrsafwat,ME-EGSS13小组,63466151,13,4,22
EGSS-amrsafwat,ME-EGSS13小组,63481950,13,4,22
EGSS-amrsafwat,ME-EGSS13小组,63482607,13,4,22
EGSS-amrsafwat,ME-EGSS13小组,63580242,13,2,24
EGSS-amrsafwat,ME-EGSS13小组,63630609,13,4,22
EGSS-amrsafwat,ME-EGSS13小组,63721907,13,4,22
EGSS-amrsafwat,ME-EGSS13小组,63997822,13,4,22
EGSS-amrsafwat,ME-EGSS13小组,58679546,12,1,23
EGSS-amrsafwat,ME-EGSS13小组,58738059,12,0,24
EGSS-amrsafwat,ME-EGSS13小组,58864461,12,3,21
EGSS-amrsafwat,ME-EGSS13小组,59169255,12,4,20
EGSS-amrsafwat,ME-EGSS13小组,59550120,12,4,20
EGSS-amrsafwat,ME-EGSS13小组,59756544,12,0,24
EGSS-amrsafwat,ME-EGSS13小组,60445594,12,1,23
EGSS-amrsafwat,ME-EGSS13小组,60646092,12,4,20
EGSS-amrsafwat,ME-EGSS13小组,60804026,12,1,23
EGSS-amrsafwat,ME-EGSS13小组,61892980,12,4,20
EGSS-amrsafwat,ME-EGSS13小组,62017242,12,3,21
EGSS-amrsafwat,ME-EGSS13小组,62021527,12,3,21
EGSS-amrsafwat,ME-EGSS13小组,62909011,12,4,20
EGSS-amrsafwat,ME-EGSS13小组,63003008,12,4,20
EGSS-amrsafwat,ME-EGSS13小组,63015006,12,3,21
EGSS-amrsafwat,ME-EGSS13小组,63058110,12,3,21
EGSS-amrsafwat,ME-EGSS13小组,63584285,12,4,20
EGSS-amrsafwat,ME-EGSS13小组,63596136,12,2,22
EGSS-amrsafwat,ME-EGSS13小组,64122258,12,0,24
EGSS-amrsafwat,ME-EGSS13小组,57968623,11,3,19
EGSS-amrsafwat,ME-EGSS13小组,57968906,11,3,19
EGSS-amrsafwat,ME-EGSS13小组,58272907,11,2,20
EGSS-amrsafwat,ME-EGSS13小组,58413857,11,3,19
EGSS-amrsafwat,ME-EGSS13小组,58437717,11,2,20
EGSS-amrsafwat,ME-EGSS13小组,58522905,11,1,21
EGSS-amrsafwat,ME-EGSS13小组,58608642,11,3,19
EGSS-amrsafwat,ME-EGSS13小组,59124916,11,0,22
EGSS-amrsafwat,ME-EGSS13小组,59885276,11,4,18
EGSS-amrsafwat,ME-EGSS13小组,60149749,11,7,15
EGSS-amrsafwat,ME-EGSS13小组,60311622,11,4,18
EGSS-amrsafwat,ME-EGSS13小组,60513664,11,4,18
EGSS-amrsafwat,ME-EGSS13小组,60650005,11,4,18
EGSS-amrsafwat,ME-EGSS13小组,60872919,11,5,17
EGSS-amrsafwat,ME-EGSS13小组,62321855,11,4,18
EGSS-amrsafwat,ME-EGSS13小组,62848425,11,3,19
EGSS-amrsafwat,ME-EGSS13小组,62896505,11,1,21
EGSS-amrsafwat,ME-EGSS13小组,63453453,11,2,20
EGSS-amrsafwat,ME-EGSS13小组,63482115,11,3,19
EGSS-amrsafwat,ME-EGSS13小组,63867986,11,2,20
EGSS-amrsafwat,ME-EGSS13小组,63868150,11,2,20
EGSS-amrsafwat,ME-EGSS13小组,63903345,11,2,20
EGSS-amrsafwat,ME-EGSS13小组,64151224,11,3,19
EGSS-amrsafwat,ME-EGSS13小组,64167392,11,3,19
EGSS-amrsafwat,ME-EGSS13小组,64177611,11,4,18
EGSS-amrsafwat,ME-EGSS13小组,57709419,10,4,16
EGSS-amrsafwat,ME-EGSS13小组,58043768,10,3,17
EGSS-amrsafwat,ME-EGSS13小组,58170683,10,1,19
EGSS-amrsafwat,ME-EGSS13小组,58553322,10,0,20
EGSS-amrsafwat,ME-EGSS13小组,58963189,10,3,17
EGSS-amrsafwat,ME-EGSS13小组,59372421,10,4,16
EGSS-amrsafwat,ME-EGSS13小组,59420389,10,3,17
EGSS-amrsafwat,ME-EGSS13小组,60199838,10,2,18
EGSS-amrsafwat,ME-EGSS13小组,60211462,10,4,16
EGSS-amrsafwat,ME-EGSS13小组,60244649,10,5,15
EGSS-amrsafwat,ME-EGSS13小组,60712706,10,4,16
EGSS-amrsafwat,ME-EGSS13小组,61329350,10,4,16
EGSS-amrsafwat,ME-EGSS13小组,61676608,10,2,18
EGSS-amrsafwat,ME-EGSS13小组,62579943,10,4,16
EGSS-amrsafwat,ME-EGSS13小组,62794618,10,3,17
EGSS-amrsafwat,ME-EGSS13小组,62803205,10,8,12
EGSS-amrsafwat,ME-EGSS13小组,62850633,10,3,17
EGSS-amrsafwat,ME-EGSS13小组,62938197,10,0,20
EGSS-amrsafwat,ME-EGSS13小组,62996402,10,3,17
EGSS-amrsafwat,ME-EGSS13小组,63068206,10,3,17
EGSS-amrsafwat,ME-EGSS13小组,63130715,10,3,17
EGSS-amrsafwat,ME-EGSS13小组,63144964,10,3,17
EGSS-amrsafwat,ME-EGSS13小组,63329916,10,4,16
EGSS-amrsafwat,ME-EGSS13小组,63439591,10,3,17
EGSS-amrsafwat,ME-EGSS13小组,63448148,10,1,19
EGSS-amrsafwat,ME-EGSS13小组,63548275,10,3,17
EGSS-amrsafwat,ME-EGSS13小组,63571445,10,4,16
EGSS-amrsafwat,ME-EGSS13小组,63656494,10,3,17
EGSS-amrsafwat,ME-EGSS13小组,63790262,10,3,17
EGSS-amrsafwat,ME-EGSS13小组,63855260,10,4,16
EGSS-amrsafwat,ME-EGSS13小组,63856096,10,3,17
EGSS-amrsafwat,ME-EGSS13小组,63990100,10,5,15
EGSS-amrsafwat,ME-EGSS13小组,64003354,10,3,17
EGSS-amrsafwat,ME-EGSS13小组,64158044,10,2,18
EGSS-amrsafwat,ME-EGSS13小组,58060911,9,2,16
EGSS-amrsafwat,ME-EGSS13小组,58160786,9,1,17
EGSS-amrsafwat,ME-EGSS13小组,58527364,9,3,15
EGSS-amrsafwat,ME-EGSS13小组,58620350,9,2,16
EGSS-amrsafwat,ME-EGSS13小组,58838709,9,1,17
EGSS-amrsafwat,ME-EGSS13小组,58970016,9,0,18
EGSS-amrsafwat,ME-EGSS13小组,59031980,9,4,14
EGSS-amrsafwat,ME-EGSS13小组,59280176,9,3,15
EGSS-amrsafwat,ME-EGSS13小组,59614611,9,1,17
EGSS-amrsafwat,ME-EGSS13小组,59630907,9,1,17
EGSS-amrsafwat,ME-EGSS13小组,59704886,9,4,14
EGSS-amrsafwat,ME-EGSS13小组,59824378,9,4,14
EGSS-amrsafwat,ME-EGSS13小组,60091629,9,4,14
EGSS-amrsafwat,ME-EGSS13小组,60165310,9,0,18
EGSS-amrsafwat,ME-EGSS13小组,60429841,9,3,15
EGSS-amrsafwat,ME-EGSS13小组,61505209,9,2,16
EGSS-amrsafwat,ME-EGSS13小组,61674974,9,2,16
EGSS-amrsafwat,ME-EGSS13小组,61973595,9,4,14
EGSS-amrsafwat,ME-EGSS13小组,62204897,9,4,14
EGSS-amrsafwat,ME-EGSS13小组,62291575,9,3,15
EGSS-amrsafwat,ME-EGSS13小组,62354886,9,3,15
EGSS-amrsafwat,ME-EGSS13小组,62804474,9,3,15
EGSS-amrsafwat,ME-EGSS13小组,62805492,9,3,15
EGSS-amrsafwat,ME-EGSS13小组,62944560,9,3,15
EGSS-amrsafwat,ME-EGSS13小组,63146736,9,0,18
EGSS-amrsafwat,ME-EGSS13小组,63164705,9,3,15
EGSS-amrsafwat,ME-EGSS13小组,63224674,9,4,14
EGSS-amrsafwat,ME-EGSS13小组,63241328,9,3,15
EGSS-amrsafwat,ME-EGSS13小组,63594195,9,4,14
EGSS-amrsafwat,ME-EGSS13小组,63788057,9,3,15
EGSS-amrsafwat,ME-EGSS13小组,64006501,9,2,16
EGSS-amrsafwat,ME-EGSS13小组,64111223,9,1,17
EGSS-amrsafwat,ME-EGSS13小组,58356471,8,0,16
EGSS-amrsafwat,ME-EGSS13小组,58370337,8,3,13
EGSS-amrsafwat,ME-EGSS13小组,58374386,8,0,16
EGSS-amrsafwat,ME-EGSS13小组,58740513,8,2,14
EGSS-amrsafwat,ME-EGSS13小组,60129545,8,0,16
EGSS-amrsafwat,ME-EGSS13小组,60166887,8,3,13
EGSS-amrsafwat,ME-EGSS13小组,60579036,8,1,15
EGSS-amrsafwat,ME-EGSS13小组,60926256,8,0,16
EGSS-amrsafwat,ME-EGSS13小组,61650702,8,4,12
EGSS-amrsafwat,ME-EGSS13小组,61682071,8,2,14
EGSS-amrsafwat,ME-EGSS13小组,61838572,8,3,13
EGSS-amrsafwat,ME-EGSS13小组,61857730,8,3,13
EGSS-amrsafwat,ME-EGSS13小组,62037972,8,0,16
EGSS-amrsafwat,ME-EGSS13小组,62067481,8,4,12
EGSS-amrsafwat,ME-EGSS13小组,62072966,8,4,12
EGSS-amrsafwat,ME-EGSS13小组,62309968,8,3,13
EGSS-amrsafwat,ME-EGSS13小组,62335863,8,4,12
EGSS-amrsafwat,ME-EGSS13小组,62396939,8,4,12
EGSS-amrsafwat,ME-EGSS13小组,62596524,8,2,14
EGSS-amrsafwat,ME-EGSS13小组,63452389,8,3,13
EGSS-amrsafwat,ME-EGSS13小组,63496014,8,2,14
EGSS-amrsafwat,ME-EGSS13小组,63934709,8,0,16
EGSS-amrsafwat,ME-EGSS13小组,63936026,8,0,16
EGSS-amrsafwat,ME-EGSS13小组,58562134,7,3,11
EGSS-amrsafwat,ME-EGSS13小组,58781356,7,0,14
EGSS-amrsafwat,ME-EGSS13小组,59035740,7,1,13
EGSS-amrsafwat,ME-EGSS13小组,59051305,7,3,11
EGSS-amrsafwat,ME-EGSS13小组,59463562,7,0,14
EGSS-amrsafwat,ME-EGSS13小组,59578653,7,5,9
EGSS-amrsafwat,ME-EGSS13小组,59786493,7,3,11
EGSS-amrsafwat,ME-EGSS13小组,60183451,7,0,14
EGSS-amrsafwat,ME-EGSS13小组,60347747,7,4,10
EGSS-amrsafwat,ME-EGSS13小组,60725922,7,2,12
EGSS-amrsafwat,ME-EGSS13小组,62163665,7,5,9
EGSS-amrsafwat,ME-EGSS13小组,62310826,7,2,12
EGSS-amrsafwat,ME-EGSS13小组,62366953,7,3,11
EGSS-amrsafwat,ME-EGSS13小组,62811033,7,3,11
EGSS-amrsafwat,ME-EGSS13小组,63162117,7,0,14
EGSS-amrsafwat,ME-EGSS13小组,63387936,7,5,9
EGSS-amrsafwat,ME-EGSS13小组,63701039,7,2,12
EGSS-amrsafwat,ME-EGSS13小组,64134954,7,0,14
EGSS-amrsafwat,ME-EGSS13小组,64179841,7,3,11
EGSS-amrsafwat,ME-EGSS13小组,58556871,6,2,10
EGSS-amrsafwat,ME-EGSS13小组,59066297,6,3,9
EGSS-amrsafwat,ME-EGSS13小组,59218891,6,0,12
EGSS-amrsafwat,ME-EGSS13小组,59685375,6,0,12
EGSS-amrsafwat,ME-EGSS13小组,60138650,6,0,12
EGSS-amrsafwat,ME-EGSS13小组,63236629,6,1,11
EGSS-amrsafwat,ME-EGSS13小组,58510788,5,4,6
EGSS-amrsafwat,ME-EGSS13小组,58664726,5,5,5
EGSS-amrsafwat,ME-EGSS13小组,58695668,5,4,6
EGSS-amrsafwat,ME-EGSS13小组,59750272,5,5,5
EGSS-amrsafwat,ME-EGSS13小组,60151460,5,4,6
EGSS-amrsafwat,ME-EGSS13小组,60711852,5,7,3
EGSS-amrsafwat,ME-EGSS13小组,61384121,5,0,10
EGSS-amrsafwat,ME-EGSS13小组,61968900,5,2,8
EGSS-amrsafwat,ME-EGSS13小组,61973943,5,4,6
EGSS-amrsafwat,ME-EGSS13小组,62433116,5,0,10
EGSS-amrsafwat,ME-EGSS13小组,63035084,5,2,8
EGSS-amrsafwat,ME-EGSS13小组,63046379,5,0,10
EGSS-amrsafwat,ME-EGSS13小组,63239722,5,1,9
EGSS-amrsafwat,ME-EGSS13小组,63772973,5,3,7
EGSS-amrsafwat,ME-EGSS13小组,58219377,4,3,5
EGSS-amrsafwat,ME-EGSS13小组,58457327,4,2,6
EGSS-amrsafwat,ME-EGSS13小组,58822771,4,3,5
EGSS-amrsafwat,ME-EGSS13小组,60219237,4,2,6
EGSS-amrsafwat,ME-EGSS13小组,60959988,4,4,4
EGSS-amrsafwat,ME-EGSS13小组,61977327,4,3,5
EGSS-amrsafwat,ME-EGSS13小组,62368678,4,3,5
EGSS-amrsafwat,ME-EGSS13小组,62505283,4,4,4
EGSS-amrsafwat,ME-EGSS13小组,63035917,4,2,6
EGSS-amrsafwat,ME-EGSS13小组,63112301,4,0,8
EGSS-amrsafwat,ME-EGSS13小组,63213391,4,1,7
EGSS-amrsafwat,ME-EGSS13小组,58637491,3,0,6
EGSS-amrsafwat,ME-EGSS13小组,58742600,3,3,3
EGSS-amrsafwat,ME-EGSS13小组,59112689,3,0,6
EGSS-amrsafwat,ME-EGSS13小组,60581443,3,0,6
EGSS-amrsafwat,ME-EGSS13小组,60634731,3,3,3
EGSS-amrsafwat,ME-EGSS13小组,62620467,3,4,2
EGSS-amrsafwat,ME-EGSS13小组,62620704,2,3,1
EGSS-amrsafwat,ME-EGSS13小组,62869744,2,0,4
EGSS-amrsafwat,ME-EGSS13小组,62894807,2,0,4
EGSS-ashraqatal,ME-EGSS01小组,64113072,25,0,50
EGSS-ashraqatal,ME-EGSS01小组,58997018,24,5,43
EGSS-ashraqatal,ME-EGSS01小组,63802309,23,5,41
EGSS-ashraqatal,ME-EGSS01小组,63227952,20,3,37
EGSS-ashraqatal,ME-EGSS01小组,63577262,20,0,40
EGSS-ashraqatal,ME-EGSS01小组,60854816,19,0,38
EGSS-ashraqatal,ME-EGSS01小组,64161887,19,6,32
EGSS-ashraqatal,ME-EGSS01小组,63050311,18,4,32
EGSS-ashraqatal,ME-EGSS01小组,63780989,18,4,32
EGSS-ashraqatal,ME-EGSS01小组,60926601,17,5,29
EGSS-ashraqatal,ME-EGSS01小组,62688692,17,4,30
EGSS-ashraqatal,ME-EGSS01小组,62799796,17,4,30
EGSS-ashraqatal,ME-EGSS01小组,63206555,17,4,30
EGSS-ashraqatal,ME-EGSS01小组,63829125,17,4,30
EGSS-ashraqatal,ME-EGSS01小组,63989520,17,3,31
EGSS-ashraqatal,ME-EGSS01小组,58553122,16,4,28
EGSS-ashraqatal,ME-EGSS01小组,61135097,16,4,28
EGSS-ashraqatal,ME-EGSS01小组,61421140,16,5,27
EGSS-ashraqatal,ME-EGSS01小组,62623253,16,5,27
EGSS-ashraqatal,ME-EGSS01小组,63228039,16,0,32
EGSS-ashraqatal,ME-EGSS01小组,63469723,16,0,32
EGSS-ashraqatal,ME-EGSS01小组,59735323,15,0,30
EGSS-ashraqatal,ME-EGSS01小组,60910729,15,3,27
EGSS-ashraqatal,ME-EGSS01小组,61337300,15,3,27
EGSS-ashraqatal,ME-EGSS01小组,61871578,15,5,25
EGSS-ashraqatal,ME-EGSS01小组,63334077,15,3,27
EGSS-ashraqatal,ME-EGSS01小组,63692995,15,5,25
EGSS-ashraqatal,ME-EGSS01小组,63920015,15,5,25
EGSS-ashraqatal,ME-EGSS01小组,64166730,15,4,26
EGSS-ashraqatal,ME-EGSS01小组,59343610,14,6,22
EGSS-ashraqatal,ME-EGSS01小组,61022125,14,4,24
EGSS-ashraqatal,ME-EGSS01小组,61077929,14,5,23
EGSS-ashraqatal,ME-EGSS01小组,61219177,14,4,24
EGSS-ashraqatal,ME-EGSS01小组,61976943,14,4,24
EGSS-ashraqatal,ME-EGSS01小组,61982724,14,2,26
EGSS-ashraqatal,ME-EGSS01小组,61985403,14,4,24
EGSS-ashraqatal,ME-EGSS01小组,62458960,14,5,23
EGSS-ashraqatal,ME-EGSS01小组,62533369,14,6,22
EGSS-ashraqatal,ME-EGSS01小组,63181896,14,4,24
EGSS-ashraqatal,ME-EGSS01小组,63399495,14,6,22
EGSS-ashraqatal,ME-EGSS01小组,63405994,14,4,24
EGSS-ashraqatal,ME-EGSS01小组,63864629,14,4,24
EGSS-ashraqatal,ME-EGSS01小组,63996370,14,3,25
EGSS-ashraqatal,ME-EGSS01小组,58657728,13,4,22
EGSS-ashraqatal,ME-EGSS01小组,61189488,13,4,22
EGSS-ashraqatal,ME-EGSS01小组,61853716,13,0,26
EGSS-ashraqatal,ME-EGSS01小组,61977127,13,2,24
EGSS-ashraqatal,ME-EGSS01小组,62064194,13,3,23
EGSS-ashraqatal,ME-EGSS01小组,62589333,13,0,26
EGSS-ashraqatal,ME-EGSS01小组,62969723,13,0,26
EGSS-ashraqatal,ME-EGSS01小组,63375771,13,5,21
EGSS-ashraqatal,ME-EGSS01小组,63447848,13,4,22
EGSS-ashraqatal,ME-EGSS01小组,63605182,13,4,22
EGSS-ashraqatal,ME-EGSS01小组,63683903,13,3,23
EGSS-ashraqatal,ME-EGSS01小组,63721494,13,4,22
EGSS-ashraqatal,ME-EGSS01小组,63724289,13,0,26
EGSS-ashraqatal,ME-EGSS01小组,64169094,13,5,21
EGSS-ashraqatal,ME-EGSS01小组,64169405,13,4,22
EGSS-ashraqatal,ME-EGSS01小组,58364771,12,4,20
EGSS-ashraqatal,ME-EGSS01小组,59416821,12,4,20
EGSS-ashraqatal,ME-EGSS01小组,59623410,12,4,20
EGSS-ashraqatal,ME-EGSS01小组,60565984,12,0,24
EGSS-ashraqatal,ME-EGSS01小组,60763921,12,4,20
EGSS-ashraqatal,ME-EGSS01小组,60866303,12,0,24
EGSS-ashraqatal,ME-EGSS01小组,60990539,12,4,20
EGSS-ashraqatal,ME-EGSS01小组,61774957,12,4,20
EGSS-ashraqatal,ME-EGSS01小组,62043842,12,1,23
EGSS-ashraqatal,ME-EGSS01小组,62392130,12,1,23
EGSS-ashraqatal,ME-EGSS01小组,62583045,12,4,20
EGSS-ashraqatal,ME-EGSS01小组,62809547,12,3,21
EGSS-ashraqatal,ME-EGSS01小组,63026323,12,4,20
EGSS-ashraqatal,ME-EGSS01小组,63087938,12,0,24
EGSS-ashraqatal,ME-EGSS01小组,63174147,12,4,20
EGSS-ashraqatal,ME-EGSS01小组,63268660,12,0,24
EGSS-ashraqatal,ME-EGSS01小组,63415107,12,3,21
EGSS-ashraqatal,ME-EGSS01小组,63613742,12,0,24
EGSS-ashraqatal,ME-EGSS01小组,63651640,12,2,22
EGSS-ashraqatal,ME-EGSS01小组,63722499,12,4,20
EGSS-ashraqatal,ME-EGSS01小组,63832603,12,4,20
EGSS-ashraqatal,ME-EGSS01小组,64046700,12,4,20
EGSS-ashraqatal,ME-EGSS01小组,58582663,11,0,22
EGSS-ashraqatal,ME-EGSS01小组,58792423,11,3,19
EGSS-ashraqatal,ME-EGSS01小组,60537080,11,4,18
EGSS-ashraqatal,ME-EGSS01小组,61285200,11,3,19
EGSS-ashraqatal,ME-EGSS01小组,61321552,11,3,19
EGSS-ashraqatal,ME-EGSS01小组,61646431,11,4,18
EGSS-ashraqatal,ME-EGSS01小组,61829388,11,4,18
EGSS-ashraqatal,ME-EGSS01小组,61957600,11,0,22
EGSS-ashraqatal,ME-EGSS01小组,63081428,11,0,22
EGSS-ashraqatal,ME-EGSS01小组,63538110,11,5,17
EGSS-ashraqatal,ME-EGSS01小组,63556914,11,0,22
EGSS-ashraqatal,ME-EGSS01小组,63590256,11,3,19
EGSS-ashraqatal,ME-EGSS01小组,63590359,11,3,19
EGSS-ashraqatal,ME-EGSS01小组,63679400,11,0,22
EGSS-ashraqatal,ME-EGSS01小组,63679560,11,1,21
EGSS-ashraqatal,ME-EGSS01小组,63878734,11,4,18
EGSS-ashraqatal,ME-EGSS01小组,63967196,11,2,20
EGSS-ashraqatal,ME-EGSS01小组,64061782,11,4,18
EGSS-ashraqatal,ME-EGSS01小组,64125852,11,2,20
EGSS-ashraqatal,ME-EGSS01小组,59892214,10,2,18
EGSS-ashraqatal,ME-EGSS01小组,59908258,10,2,18
EGSS-ashraqatal,ME-EGSS01小组,60282759,10,2,18
EGSS-ashraqatal,ME-EGSS01小组,60503646,10,4,16
EGSS-ashraqatal,ME-EGSS01小组,60954175,10,4,16
EGSS-ashraqatal,ME-EGSS01小组,60967281,10,4,16
EGSS-ashraqatal,ME-EGSS01小组,60967608,10,3,17
EGSS-ashraqatal,ME-EGSS01小组,61237127,10,5,15
EGSS-ashraqatal,ME-EGSS01小组,61268309,10,3,17
EGSS-ashraqatal,ME-EGSS01小组,61312508,10,1,19
EGSS-ashraqatal,ME-EGSS01小组,61810712,10,3,17
EGSS-ashraqatal,ME-EGSS01小组,61884354,10,3,17
EGSS-ashraqatal,ME-EGSS01小组,62174621,10,2,18
EGSS-ashraqatal,ME-EGSS01小组,62431083,10,2,18
EGSS-ashraqatal,ME-EGSS01小组,62894854,10,3,17
EGSS-ashraqatal,ME-EGSS01小组,63029719,10,4,16
EGSS-ashraqatal,ME-EGSS01小组,63232843,10,3,17
EGSS-ashraqatal,ME-EGSS01小组,63498328,10,4,16
EGSS-ashraqatal,ME-EGSS01小组,63538212,10,5,15
EGSS-ashraqatal,ME-EGSS01小组,63556961,10,5,15
EGSS-ashraqatal,ME-EGSS01小组,63585133,10,3,17
EGSS-ashraqatal,ME-EGSS01小组,63751934,10,2,18
EGSS-ashraqatal,ME-EGSS01小组,63857612,10,3,17
EGSS-ashraqatal,ME-EGSS01小组,63864717,10,4,16
EGSS-ashraqatal,ME-EGSS01小组,57946830,9,3,15
EGSS-ashraqatal,ME-EGSS01小组,57950923,9,2,16
EGSS-ashraqatal,ME-EGSS01小组,58271460,9,3,15
EGSS-ashraqatal,ME-EGSS01小组,59361395,9,3,15
EGSS-ashraqatal,ME-EGSS01小组,59380163,9,2,16
EGSS-ashraqatal,ME-EGSS01小组,60655505,9,2,16
EGSS-ashraqatal,ME-EGSS01小组,61447548,9,2,16
EGSS-ashraqatal,ME-EGSS01小组,61828562,9,3,15
EGSS-ashraqatal,ME-EGSS01小组,62199103,9,3,15
EGSS-ashraqatal,ME-EGSS01小组,62490852,9,3,15
EGSS-ashraqatal,ME-EGSS01小组,62728946,9,4,14
EGSS-ashraqatal,ME-EGSS01小组,62895044,9,3,15
EGSS-ashraqatal,ME-EGSS01小组,62896189,9,3,15
EGSS-ashraqatal,ME-EGSS01小组,63193496,9,4,14
EGSS-ashraqatal,ME-EGSS01小组,63265519,9,0,18
EGSS-ashraqatal,ME-EGSS01小组,63539607,9,1,17
EGSS-ashraqatal,ME-EGSS01小组,63551578,9,1,17
EGSS-ashraqatal,ME-EGSS01小组,63582858,9,0,18
EGSS-ashraqatal,ME-EGSS01小组,63892561,9,1,17
EGSS-ashraqatal,ME-EGSS01小组,64031624,9,2,16
EGSS-ashraqatal,ME-EGSS01小组,58151985,8,2,14
EGSS-ashraqatal,ME-EGSS01小组,58349110,8,4,12
EGSS-ashraqatal,ME-EGSS01小组,58788867,8,3,13
EGSS-ashraqatal,ME-EGSS01小组,59223408,8,3,13
EGSS-ashraqatal,ME-EGSS01小组,59293268,8,0,16
EGSS-ashraqatal,ME-EGSS01小组,59379324,8,2,14
EGSS-ashraqatal,ME-EGSS01小组,60585470,8,1,15
EGSS-ashraqatal,ME-EGSS01小组,60612920,8,4,12
EGSS-ashraqatal,ME-EGSS01小组,60622386,8,2,14
EGSS-ashraqatal,ME-EGSS01小组,61632371,8,4,12
EGSS-ashraqatal,ME-EGSS01小组,61840825,8,0,16
EGSS-ashraqatal,ME-EGSS01小组,61881202,8,4,12
EGSS-ashraqatal,ME-EGSS01小组,61881204,8,4,12
EGSS-ashraqatal,ME-EGSS01小组,62367477,8,2,14
EGSS-ashraqatal,ME-EGSS01小组,62630400,8,2,14
EGSS-ashraqatal,ME-EGSS01小组,63055664,8,2,14
EGSS-ashraqatal,ME-EGSS01小组,63055927,8,0,16
EGSS-ashraqatal,ME-EGSS01小组,63143117,8,3,13
EGSS-ashraqatal,ME-EGSS01小组,63148730,8,3,13
EGSS-ashraqatal,ME-EGSS01小组,63258074,8,0,16
EGSS-ashraqatal,ME-EGSS01小组,63508847,8,4,12
EGSS-ashraqatal,ME-EGSS01小组,63581283,8,4,12
EGSS-ashraqatal,ME-EGSS01小组,63738972,8,2,14
EGSS-ashraqatal,ME-EGSS01小组,63812711,8,1,15
EGSS-ashraqatal,ME-EGSS01小组,63888425,8,0,16
EGSS-ashraqatal,ME-EGSS01小组,64150401,8,3,13
EGSS-ashraqatal,ME-EGSS01小组,59509105,7,0,14
EGSS-ashraqatal,ME-EGSS01小组,59936587,7,2,12
EGSS-ashraqatal,ME-EGSS01小组,60153790,7,0,14
EGSS-ashraqatal,ME-EGSS01小组,60563749,7,3,11
EGSS-ashraqatal,ME-EGSS01小组,60971687,7,0,14
EGSS-ashraqatal,ME-EGSS01小组,61504844,7,4,10
EGSS-ashraqatal,ME-EGSS01小组,61565510,7,4,10
EGSS-ashraqatal,ME-EGSS01小组,61784938,7,0,14
EGSS-ashraqatal,ME-EGSS01小组,61801131,7,6,8
EGSS-ashraqatal,ME-EGSS01小组,62213744,7,3,11
EGSS-ashraqatal,ME-EGSS01小组,62916642,7,5,9
EGSS-ashraqatal,ME-EGSS01小组,63119806,7,2,12
EGSS-ashraqatal,ME-EGSS01小组,63119848,7,2,12
EGSS-ashraqatal,ME-EGSS01小组,63120123,7,2,12
EGSS-ashraqatal,ME-EGSS01小组,63178981,7,5,9
EGSS-ashraqatal,ME-EGSS01小组,63738919,7,4,10
EGSS-ashraqatal,ME-EGSS01小组,63914231,7,1,13
EGSS-ashraqatal,ME-EGSS01小组,64150364,7,3,11
EGSS-ashraqatal,ME-EGSS01小组,64167246,7,2,12
EGSS-ashraqatal,ME-EGSS01小组,64177823,7,2,12
EGSS-ashraqatal,ME-EGSS01小组,59733918,6,4,8
EGSS-ashraqatal,ME-EGSS01小组,60802704,6,5,7
EGSS-ashraqatal,ME-EGSS01小组,62483543,6,4,8
EGSS-ashraqatal,ME-EGSS01小组,63086782,6,0,12
EGSS-ashraqatal,ME-EGSS01小组,63316283,6,0,12
EGSS-ashraqatal,ME-EGSS01小组,63581205,6,0,12
EGSS-ashraqatal,ME-EGSS01小组,63606446,6,0,12
EGSS-ashraqatal,ME-EGSS01小组,60562065,5,0,10
EGSS-ashraqatal,ME-EGSS01小组,61240645,5,3,7
EGSS-ashraqatal,ME-EGSS01小组,63000154,5,4,6
EGSS-ashraqatal,ME-EGSS01小组,63111555,5,0,10
EGSS-ashraqatal,ME-EGSS01小组,63142644,5,2,8
EGSS-ashraqatal,ME-EGSS01小组,63892927,5,1,9
EGSS-ashraqatal,ME-EGSS01小组,58905364,4,5,3
EGSS-ashraqatal,ME-EGSS01小组,59765010,4,1,7
EGSS-ashraqatal,ME-EGSS01小组,59766990,4,1,7
EGSS-ashraqatal,ME-EGSS01小组,63505775,4,0,8
EGSS-ashraqatal,ME-EGSS01小组,63637674,4,4,4
EGSS-ashraqatal,ME-EGSS01小组,59057883,3,3,3
EGSS-ashraqatal,ME-EGSS01小组,59354824,3,0,6
EGSS-ashraqatal,ME-EGSS01小组,62043652,3,1,5
EGSS-ashraqatal,ME-EGSS01小组,62833919,3,0,6
EGSS-ashraqatal,ME-EGSS01小组,63001390,3,0,6
EGSS-ashraqatal,ME-EGSS01小组,63204610,3,3,3
EGSS-ashraqatal,ME-EGSS01小组,63504490,3,0,6
EGSS-ashraqatal,ME-EGSS01小组,63651617,3,0,6
EGSS-ashraqatal,ME-EGSS01小组,63877816,3,6,0
EGSS-ashraqatal,ME-EGSS01小组,58399814,2,0,4
EGSS-ashraqatal,ME-EGSS01小组,59731674,2,2,2
EGSS-ashraqatal,ME-EGSS01小组,59764070,2,0,4
EGSS-ashraqatal,ME-EGSS01小组,60215401,2,4,0
EGSS-ashraqatal,ME-EGSS01小组,60912344,2,0,4
EGSS-ashraqatal,ME-EGSS01小组,61968742,2,1,3
EGSS-ashraqatal,ME-EGSS01小组,63505581,2,0,4
EGSS-ashraqatal,ME-EGSS01小组,63783837,2,0,4
EGSS-ashraqatal,ME-EGSS01小组,63874897,2,2,2
EGSS-ashraqatal,ME-EGSS01小组,63876872,2,4,0
EGSS-ashraqatal,ME-EGSS01小组,63970734,2,0,4
EGSS-ehabzaky01,ME-EGSS05小组,63799171,22,9,35
EGSS-ehabzaky01,ME-EGSS05小组,63799160,21,5,37
EGSS-ehabzaky01,ME-EGSS05小组,64100882,19,4,34
EGSS-ehabzaky01,ME-EGSS05小组,62683013,18,4,32
EGSS-ehabzaky01,ME-EGSS05小组,63146293,18,4,32
EGSS-ehabzaky01,ME-EGSS05小组,63359684,18,5,31
EGSS-ehabzaky01,ME-EGSS05小组,63436162,18,6,30
EGSS-ehabzaky01,ME-EGSS05小组,63595952,18,4,32
EGSS-ehabzaky01,ME-EGSS05小组,60704014,17,4,30
EGSS-ehabzaky01,ME-EGSS05小组,61261788,17,1,33
EGSS-ehabzaky01,ME-EGSS05小组,61723596,17,4,30
EGSS-ehabzaky01,ME-EGSS05小组,62425371,17,4,30
EGSS-ehabzaky01,ME-EGSS05小组,58623855,16,4,28
EGSS-ehabzaky01,ME-EGSS05小组,62796519,16,5,27
EGSS-ehabzaky01,ME-EGSS05小组,63681587,16,2,30
EGSS-ehabzaky01,ME-EGSS05小组,62728531,15,4,26
EGSS-ehabzaky01,ME-EGSS05小组,63895440,15,4,26
EGSS-ehabzaky01,ME-EGSS05小组,58986389,14,5,23
EGSS-ehabzaky01,ME-EGSS05小组,59245842,14,4,24
EGSS-ehabzaky01,ME-EGSS05小组,59894144,14,4,24
EGSS-ehabzaky01,ME-EGSS05小组,60386842,14,4,24
EGSS-ehabzaky01,ME-EGSS05小组,62697773,14,4,24
EGSS-ehabzaky01,ME-EGSS05小组,62968140,14,2,26
EGSS-ehabzaky01,ME-EGSS05小组,62992051,14,5,23
EGSS-ehabzaky01,ME-EGSS05小组,63605612,14,4,24
EGSS-ehabzaky01,ME-EGSS05小组,63605613,14,4,24
EGSS-ehabzaky01,ME-EGSS05小组,63668395,14,4,24
EGSS-ehabzaky01,ME-EGSS05小组,63888514,14,4,24
EGSS-ehabzaky01,ME-EGSS05小组,63987971,14,4,24
EGSS-ehabzaky01,ME-EGSS05小组,58519254,13,4,22
EGSS-ehabzaky01,ME-EGSS05小组,60517131,13,2,24
EGSS-ehabzaky01,ME-EGSS05小组,61282035,13,4,22
EGSS-ehabzaky01,ME-EGSS05小组,61527899,13,4,22
EGSS-ehabzaky01,ME-EGSS05小组,63320392,13,4,22
EGSS-ehabzaky01,ME-EGSS05小组,63499362,13,3,23
EGSS-ehabzaky01,ME-EGSS05小组,63500520,13,4,22
EGSS-ehabzaky01,ME-EGSS05小组,63603329,13,4,22
EGSS-ehabzaky01,ME-EGSS05小组,63652858,13,4,22
EGSS-ehabzaky01,ME-EGSS05小组,63849428,13,4,22
EGSS-ehabzaky01,ME-EGSS05小组,63875175,13,3,23
EGSS-ehabzaky01,ME-EGSS05小组,63892943,13,4,22
EGSS-ehabzaky01,ME-EGSS05小组,58383464,12,4,20
EGSS-ehabzaky01,ME-EGSS05小组,59206925,12,0,24
EGSS-ehabzaky01,ME-EGSS05小组,61420227,12,5,19
EGSS-ehabzaky01,ME-EGSS05小组,61420307,12,5,19
EGSS-ehabzaky01,ME-EGSS05小组,61600735,12,5,19
EGSS-ehabzaky01,ME-EGSS05小组,62064619,12,4,20
EGSS-ehabzaky01,ME-EGSS05小组,62230879,12,6,18
EGSS-ehabzaky01,ME-EGSS05小组,62430466,12,4,20
EGSS-ehabzaky01,ME-EGSS05小组,62555188,12,4,20
EGSS-ehabzaky01,ME-EGSS05小组,62959233,12,0,24
EGSS-ehabzaky01,ME-EGSS05小组,63015016,12,5,19
EGSS-ehabzaky01,ME-EGSS05小组,63207123,12,2,22
EGSS-ehabzaky01,ME-EGSS05小组,63332476,12,4,20
EGSS-ehabzaky01,ME-EGSS05小组,63688695,12,4,20
EGSS-ehabzaky01,ME-EGSS05小组,63809702,12,4,20
EGSS-ehabzaky01,ME-EGSS05小组,64050265,12,4,20
EGSS-ehabzaky01,ME-EGSS05小组,58557704,11,3,19
EGSS-ehabzaky01,ME-EGSS05小组,58575428,11,4,18
EGSS-ehabzaky01,ME-EGSS05小组,58742815,11,2,20
EGSS-ehabzaky01,ME-EGSS05小组,58782602,11,1,21
EGSS-ehabzaky01,ME-EGSS05小组,59001564,11,2,20
EGSS-ehabzaky01,ME-EGSS05小组,59002291,11,2,20
EGSS-ehabzaky01,ME-EGSS05小组,59013984,11,1,21
EGSS-ehabzaky01,ME-EGSS05小组,59234924,11,2,20
EGSS-ehabzaky01,ME-EGSS05小组,59272115,11,2,20
EGSS-ehabzaky01,ME-EGSS05小组,59308517,11,4,18
EGSS-ehabzaky01,ME-EGSS05小组,60231454,11,2,20
EGSS-ehabzaky01,ME-EGSS05小组,60324916,11,3,19
EGSS-ehabzaky01,ME-EGSS05小组,60444707,11,2,20
EGSS-ehabzaky01,ME-EGSS05小组,61822218,11,2,20
EGSS-ehabzaky01,ME-EGSS05小组,61978094,11,3,19
EGSS-ehabzaky01,ME-EGSS05小组,62551164,11,2,20
EGSS-ehabzaky01,ME-EGSS05小组,62963216,11,1,21
EGSS-ehabzaky01,ME-EGSS05小组,62967556,11,2,20
EGSS-ehabzaky01,ME-EGSS05小组,63073284,11,4,18
EGSS-ehabzaky01,ME-EGSS05小组,63758878,11,2,20
EGSS-ehabzaky01,ME-EGSS05小组,63765882,11,2,20
EGSS-ehabzaky01,ME-EGSS05小组,64096077,11,2,20
EGSS-ehabzaky01,ME-EGSS05小组,58778498,10,2,18
EGSS-ehabzaky01,ME-EGSS05小组,58790313,10,0,20
EGSS-ehabzaky01,ME-EGSS05小组,58938872,10,2,18
EGSS-ehabzaky01,ME-EGSS05小组,59275619,10,2,18
EGSS-ehabzaky01,ME-EGSS05小组,59301578,10,3,17
EGSS-ehabzaky01,ME-EGSS05小组,60538073,10,2,18
EGSS-ehabzaky01,ME-EGSS05小组,60709868,10,0,20
EGSS-ehabzaky01,ME-EGSS05小组,60826937,10,2,18
EGSS-ehabzaky01,ME-EGSS05小组,60988805,10,4,16
EGSS-ehabzaky01,ME-EGSS05小组,61063091,10,2,18
EGSS-ehabzaky01,ME-EGSS05小组,61952970,10,2,18
EGSS-ehabzaky01,ME-EGSS05小组,62142587,10,3,17
EGSS-ehabzaky01,ME-EGSS05小组,62498634,10,3,17
EGSS-ehabzaky01,ME-EGSS05小组,62596261,10,5,15
EGSS-ehabzaky01,ME-EGSS05小组,62726563,10,3,17
EGSS-ehabzaky01,ME-EGSS05小组,62910769,10,4,16
EGSS-ehabzaky01,ME-EGSS05小组,62959730,10,2,18
EGSS-ehabzaky01,ME-EGSS05小组,62972589,10,2,18
EGSS-ehabzaky01,ME-EGSS05小组,63051212,10,0,20
EGSS-ehabzaky01,ME-EGSS05小组,63065117,10,4,16
EGSS-ehabzaky01,ME-EGSS05小组,63260372,10,3,17
EGSS-ehabzaky01,ME-EGSS05小组,63397885,10,3,17
EGSS-ehabzaky01,ME-EGSS05小组,63425527,10,2,18
EGSS-ehabzaky01,ME-EGSS05小组,63490766,10,3,17
EGSS-ehabzaky01,ME-EGSS05小组,63530101,10,4,16
EGSS-ehabzaky01,ME-EGSS05小组,63600990,10,3,17
EGSS-ehabzaky01,ME-EGSS05小组,63682352,10,2,18
EGSS-ehabzaky01,ME-EGSS05小组,63688784,10,4,16
EGSS-ehabzaky01,ME-EGSS05小组,63713707,10,4,16
EGSS-ehabzaky01,ME-EGSS05小组,64044932,10,5,15
EGSS-ehabzaky01,ME-EGSS05小组,64144285,10,3,17
EGSS-ehabzaky01,ME-EGSS05小组,58871139,9,2,16
EGSS-ehabzaky01,ME-EGSS05小组,58905948,9,2,16
EGSS-ehabzaky01,ME-EGSS05小组,58957875,9,0,18
EGSS-ehabzaky01,ME-EGSS05小组,59517960,9,2,16
EGSS-ehabzaky01,ME-EGSS05小组,60602952,9,3,15
EGSS-ehabzaky01,ME-EGSS05小组,60676559,9,1,17
EGSS-ehabzaky01,ME-EGSS05小组,60920256,9,4,14
EGSS-ehabzaky01,ME-EGSS05小组,61282556,9,0,18
EGSS-ehabzaky01,ME-EGSS05小组,61761986,9,3,15
EGSS-ehabzaky01,ME-EGSS05小组,61785131,9,3,15
EGSS-ehabzaky01,ME-EGSS05小组,61898761,9,4,14
EGSS-ehabzaky01,ME-EGSS05小组,61922132,9,2,16
EGSS-ehabzaky01,ME-EGSS05小组,62149546,9,4,14
EGSS-ehabzaky01,ME-EGSS05小组,62296377,9,3,15
EGSS-ehabzaky01,ME-EGSS05小组,62774043,9,3,15
EGSS-ehabzaky01,ME-EGSS05小组,62964211,9,2,16
EGSS-ehabzaky01,ME-EGSS05小组,62975844,9,3,15
EGSS-ehabzaky01,ME-EGSS05小组,63155967,9,4,14
EGSS-ehabzaky01,ME-EGSS05小组,63618791,9,3,15
EGSS-ehabzaky01,ME-EGSS05小组,63996264,9,5,13
EGSS-ehabzaky01,ME-EGSS05小组,59359739,8,3,13
EGSS-ehabzaky01,ME-EGSS05小组,60202617,8,3,13
EGSS-ehabzaky01,ME-EGSS05小组,61079330,8,2,14
EGSS-ehabzaky01,ME-EGSS05小组,61210487,8,5,11
EGSS-ehabzaky01,ME-EGSS05小组,61440303,8,5,11
EGSS-ehabzaky01,ME-EGSS05小组,62795565,8,3,13
EGSS-ehabzaky01,ME-EGSS05小组,63232855,8,4,12
EGSS-ehabzaky01,ME-EGSS05小组,63388295,8,3,13
EGSS-ehabzaky01,ME-EGSS05小组,63655005,8,4,12
EGSS-ehabzaky01,ME-EGSS05小组,63712455,8,3,13
EGSS-ehabzaky01,ME-EGSS05小组,58569691,7,4,10
EGSS-ehabzaky01,ME-EGSS05小组,59193892,7,4,10
EGSS-ehabzaky01,ME-EGSS05小组,59341125,7,0,14
EGSS-ehabzaky01,ME-EGSS05小组,59654030,7,0,14
EGSS-ehabzaky01,ME-EGSS05小组,60992155,7,3,11
EGSS-ehabzaky01,ME-EGSS05小组,61210551,7,5,9
EGSS-ehabzaky01,ME-EGSS05小组,62439947,7,2,12
EGSS-ehabzaky01,ME-EGSS05小组,62507015,7,4,10
EGSS-ehabzaky01,ME-EGSS05小组,62870595,7,0,14
EGSS-ehabzaky01,ME-EGSS05小组,63596243,7,3,11
EGSS-ehabzaky01,ME-EGSS05小组,63607314,7,2,12
EGSS-ehabzaky01,ME-EGSS05小组,63863286,7,2,12
EGSS-ehabzaky01,ME-EGSS05小组,64044191,7,0,14
EGSS-ehabzaky01,ME-EGSS05小组,58660017,6,3,9
EGSS-ehabzaky01,ME-EGSS05小组,61839865,6,0,12
EGSS-ehabzaky01,ME-EGSS05小组,61923081,6,0,12
EGSS-ehabzaky01,ME-EGSS05小组,62952900,6,1,11
EGSS-ehabzaky01,ME-EGSS05小组,63651375,6,4,8
EGSS-ehabzaky01,ME-EGSS05小组,63988100,6,3,9
EGSS-ehabzaky01,ME-EGSS05小组,60010110,5,3,7
EGSS-ehabzaky01,ME-EGSS05小组,60215793,5,2,8
EGSS-ehabzaky01,ME-EGSS05小组,60425497,5,4,6
EGSS-ehabzaky01,ME-EGSS05小组,60480969,5,0,10
EGSS-ehabzaky01,ME-EGSS05小组,61086267,5,0,10
EGSS-ehabzaky01,ME-EGSS05小组,61662800,5,3,7
EGSS-ehabzaky01,ME-EGSS05小组,62565499,5,2,8
EGSS-ehabzaky01,ME-EGSS05小组,63106766,5,0,10
EGSS-ehabzaky01,ME-EGSS05小组,63671406,5,3,7
EGSS-ehabzaky01,ME-EGSS05小组,63807426,5,4,6
EGSS-ehabzaky01,ME-EGSS05小组,63884426,5,2,8
EGSS-ehabzaky01,ME-EGSS05小组,64123114,5,5,5
EGSS-ehabzaky01,ME-EGSS05小组,58097486,4,3,5
EGSS-ehabzaky01,ME-EGSS05小组,58594870,4,1,7
EGSS-ehabzaky01,ME-EGSS05小组,60195445,4,3,5
EGSS-ehabzaky01,ME-EGSS05小组,60737352,4,4,4
EGSS-ehabzaky01,ME-EGSS05小组,61010118,4,0,8
EGSS-ehabzaky01,ME-EGSS05小组,61386574,4,3,5
EGSS-ehabzaky01,ME-EGSS05小组,62148689,4,0,8
EGSS-ehabzaky01,ME-EGSS05小组,62560895,4,3,5
EGSS-ehabzaky01,ME-EGSS05小组,62589932,4,2,6
EGSS-ehabzaky01,ME-EGSS05小组,62787907,4,5,3
EGSS-ehabzaky01,ME-EGSS05小组,62802950,4,3,5
EGSS-ehabzaky01,ME-EGSS05小组,63681943,4,3,5
EGSS-ehabzaky01,ME-EGSS05小组,59884401,3,4,2
EGSS-ehabzaky01,ME-EGSS05小组,61124276,3,4,2
EGSS-ehabzaky01,ME-EGSS05小组,61185845,3,4,2
EGSS-ehabzaky01,ME-EGSS05小组,62318061,3,4,2
EGSS-ehabzaky01,ME-EGSS05小组,62818188,3,1,5
EGSS-ehabzaky01,ME-EGSS05小组,62968031,3,2,4
EGSS-ehabzaky01,ME-EGSS05小组,63164166,3,2,4
EGSS-ehabzaky01,ME-EGSS05小组,58532244,2,2,2
EGSS-ehabzaky01,ME-EGSS05小组,60131952,2,0,4
EGSS-ehabzaky01,ME-EGSS05小组,63849164,2,1,3
EGSS-ehabzaky01,ME-EGSS05小组,63867656,2,0,4
EGSS-ehabzaky01,ME-EGSS05小组,63968028,2,0,4
EGSS-ehabzaky01,ME-EGSS05小组,64113407,2,0,4
EGSS-hayamhassan,ME-EGSS13小组,63603120,19,5,33
EGSS-hayamhassan,ME-EGSS13小组,61724557,18,5,31
EGSS-hayamhassan,ME-EGSS13小组,58653432,17,4,30
EGSS-hayamhassan,ME-EGSS13小组,62826545,17,5,29
EGSS-hayamhassan,ME-EGSS13小组,63734285,17,5,29
EGSS-hayamhassan,ME-EGSS13小组,63924737,17,4,30
EGSS-hayamhassan,ME-EGSS13小组,63928664,17,4,30
EGSS-hayamhassan,ME-EGSS13小组,58513557,16,5,27
EGSS-hayamhassan,ME-EGSS13小组,63673288,16,4,28
EGSS-hayamhassan,ME-EGSS13小组,63886277,16,4,28
EGSS-hayamhassan,ME-EGSS13小组,62861314,15,4,26
EGSS-hayamhassan,ME-EGSS13小组,63581704,15,4,26
EGSS-hayamhassan,ME-EGSS13小组,63605140,15,2,28
EGSS-hayamhassan,ME-EGSS13小组,64113273,15,3,27
EGSS-hayamhassan,ME-EGSS13小组,60500285,14,4,24
EGSS-hayamhassan,ME-EGSS13小组,60803991,14,4,24
EGSS-hayamhassan,ME-EGSS13小组,62864918,14,4,24
EGSS-hayamhassan,ME-EGSS13小组,63028427,14,4,24
EGSS-hayamhassan,ME-EGSS13小组,63771646,14,4,24
EGSS-hayamhassan,ME-EGSS13小组,63785454,14,4,24
EGSS-hayamhassan,ME-EGSS13小组,64113613,14,3,25
EGSS-hayamhassan,ME-EGSS13小组,57940129,13,4,22
EGSS-hayamhassan,ME-EGSS13小组,58412788,13,1,25
EGSS-hayamhassan,ME-EGSS13小组,63730900,13,4,22
EGSS-hayamhassan,ME-EGSS13小组,63793694,13,4,22
EGSS-hayamhassan,ME-EGSS13小组,63821948,13,4,22
EGSS-hayamhassan,ME-EGSS13小组,63902700,13,3,23
EGSS-hayamhassan,ME-EGSS13小组,63954159,13,4,22
EGSS-hayamhassan,ME-EGSS13小组,64105746,13,4,22
EGSS-hayamhassan,ME-EGSS13小组,58660535,12,4,20
EGSS-hayamhassan,ME-EGSS13小组,60110633,12,4,20
EGSS-hayamhassan,ME-EGSS13小组,61414952,12,4,20
EGSS-hayamhassan,ME-EGSS13小组,63462442,12,0,24
EGSS-hayamhassan,ME-EGSS13小组,63462759,12,4,20
EGSS-hayamhassan,ME-EGSS13小组,63658537,12,4,20
EGSS-hayamhassan,ME-EGSS13小组,63661394,12,2,22
EGSS-hayamhassan,ME-EGSS13小组,63661801,12,2,22
EGSS-hayamhassan,ME-EGSS13小组,63771368,12,4,20
EGSS-hayamhassan,ME-EGSS13小组,63782743,12,4,20
EGSS-hayamhassan,ME-EGSS13小组,63863357,12,5,19
EGSS-hayamhassan,ME-EGSS13小组,63966889,12,4,20
EGSS-hayamhassan,ME-EGSS13小组,58043108,11,4,18
EGSS-hayamhassan,ME-EGSS13小组,58831873,11,3,19
EGSS-hayamhassan,ME-EGSS13小组,58846797,11,4,18
EGSS-hayamhassan,ME-EGSS13小组,59790908,11,2,20
EGSS-hayamhassan,ME-EGSS13小组,61586385,11,1,21
EGSS-hayamhassan,ME-EGSS13小组,63441841,11,4,18
EGSS-hayamhassan,ME-EGSS13小组,63441858,11,4,18
EGSS-hayamhassan,ME-EGSS13小组,63604457,11,2,20
EGSS-hayamhassan,ME-EGSS13小组,63693000,11,3,19
EGSS-hayamhassan,ME-EGSS13小组,63693274,11,3,19
EGSS-hayamhassan,ME-EGSS13小组,63730358,11,2,20
EGSS-hayamhassan,ME-EGSS13小组,63735765,11,1,21
EGSS-hayamhassan,ME-EGSS13小组,63912482,11,9,13
EGSS-hayamhassan,ME-EGSS13小组,63920539,11,3,19
EGSS-hayamhassan,ME-EGSS13小组,63986210,11,3,19
EGSS-hayamhassan,ME-EGSS13小组,58251232,10,2,18
EGSS-hayamhassan,ME-EGSS13小组,58346352,10,2,18
EGSS-hayamhassan,ME-EGSS13小组,58640246,10,3,17
EGSS-hayamhassan,ME-EGSS13小组,63626979,10,3,17
EGSS-hayamhassan,ME-EGSS13小组,63640429,10,3,17
EGSS-hayamhassan,ME-EGSS13小组,63641114,10,3,17
EGSS-hayamhassan,ME-EGSS13小组,63647555,10,3,17
EGSS-hayamhassan,ME-EGSS13小组,63730359,10,2,18
EGSS-hayamhassan,ME-EGSS13小组,63730360,10,3,17
EGSS-hayamhassan,ME-EGSS13小组,63747393,10,0,20
EGSS-hayamhassan,ME-EGSS13小组,63801429,10,2,18
EGSS-hayamhassan,ME-EGSS13小组,63868002,10,2,18
EGSS-hayamhassan,ME-EGSS13小组,63901943,10,4,16
EGSS-hayamhassan,ME-EGSS13小组,64057444,10,4,16
EGSS-hayamhassan,ME-EGSS13小组,64170627,10,3,17
EGSS-hayamhassan,ME-EGSS13小组,57937832,9,4,14
EGSS-hayamhassan,ME-EGSS13小组,60206865,9,3,15
EGSS-hayamhassan,ME-EGSS13小组,60720247,9,2,16
EGSS-hayamhassan,ME-EGSS13小组,63035223,9,3,15
EGSS-hayamhassan,ME-EGSS13小组,63144559,9,4,14
EGSS-hayamhassan,ME-EGSS13小组,63567223,9,3,15
EGSS-hayamhassan,ME-EGSS13小组,63605143,9,4,14
EGSS-hayamhassan,ME-EGSS13小组,63673032,9,4,14
EGSS-hayamhassan,ME-EGSS13小组,63877766,9,4,14
EGSS-hayamhassan,ME-EGSS13小组,64164227,9,2,16
EGSS-hayamhassan,ME-EGSS13小组,58115208,8,4,12
EGSS-hayamhassan,ME-EGSS13小组,60676118,8,1,15
EGSS-hayamhassan,ME-EGSS13小组,61617671,8,2,14
EGSS-hayamhassan,ME-EGSS13小组,63628875,8,4,12
EGSS-hayamhassan,ME-EGSS13小组,63661989,8,2,14
EGSS-hayamhassan,ME-EGSS13小组,63780391,8,2,14
EGSS-hayamhassan,ME-EGSS13小组,58929523,7,3,11
EGSS-hayamhassan,ME-EGSS13小组,60146320,7,1,13
EGSS-hayamhassan,ME-EGSS13小组,60299565,7,3,11
EGSS-hayamhassan,ME-EGSS13小组,63627401,7,2,12
EGSS-hayamhassan,ME-EGSS13小组,63629087,7,4,10
EGSS-hayamhassan,ME-EGSS13小组,63652971,7,3,11
EGSS-hayamhassan,ME-EGSS13小组,63711215,7,5,9
EGSS-hayamhassan,ME-EGSS13小组,63789772,7,0,14
EGSS-hayamhassan,ME-EGSS13小组,60146292,6,1,11
EGSS-hayamhassan,ME-EGSS13小组,63891622,6,3,9
EGSS-hayamhassan,ME-EGSS13小组,63917493,6,3,9
EGSS-hayamhassan,ME-EGSS13小组,59294936,5,3,7
EGSS-hayamhassan,ME-EGSS13小组,63232790,5,4,6
EGSS-hayamhassan,ME-EGSS13小组,63274254,5,3,7
EGSS-hayamhassan,ME-EGSS13小组,63566644,5,5,5
EGSS-hayamhassan,ME-EGSS13小组,63595698,5,0,10
EGSS-hayamhassan,ME-EGSS13小组,63651949,4,4,4
EGSS-hayamhassan,ME-EGSS13小组,63743259,4,4,4
EGSS-hayamhassan,ME-EGSS13小组,58713040,3,0,6
EGSS-hayamhassan,ME-EGSS13小组,61044815,3,1,5
EGSS-hayamhassan,ME-EGSS13小组,63888032,3,0,6
EGSS-hussienmo,ME-EGSS01小组,58799707,13,3,23
EGSS-hussienmo,ME-EGSS01小组,63499082,11,3,19
EGSS-hussienmo,ME-EGSS01小组,63793581,11,4,18
EGSS-hussienmo,ME-EGSS01小组,63833199,11,4,18
EGSS-hussienmo,ME-EGSS01小组,63841640,8,5,11
EGSS-hussienmo,ME-EGSS01小组,58828483,3,4,2
EGSS-ibrahimismaiel,ME-EGSS05小组,63244443,30,6,54
EGSS-ibrahimismaiel,ME-EGSS05小组,58907377,21,5,37
EGSS-ibrahimismaiel,ME-EGSS05小组,60678355,18,4,32
EGSS-ibrahimismaiel,ME-EGSS05小组,58405609,17,0,34
EGSS-ibrahimismaiel,ME-EGSS05小组,59797661,17,4,30
EGSS-ibrahimismaiel,ME-EGSS05小组,63406771,17,4,30
EGSS-ibrahimismaiel,ME-EGSS05小组,60119197,16,4,28
EGSS-ibrahimismaiel,ME-EGSS05小组,61958714,16,4,28
EGSS-ibrahimismaiel,ME-EGSS05小组,62403414,16,4,28
EGSS-ibrahimismaiel,ME-EGSS05小组,62909719,16,4,28
EGSS-ibrahimismaiel,ME-EGSS05小组,63830991,16,3,29
EGSS-ibrahimismaiel,ME-EGSS05小组,63969673,16,0,32
EGSS-ibrahimismaiel,ME-EGSS05小组,58557699,15,2,28
EGSS-ibrahimismaiel,ME-EGSS05小组,58557964,15,4,26
EGSS-ibrahimismaiel,ME-EGSS05小组,62687645,15,6,24
EGSS-ibrahimismaiel,ME-EGSS05小组,62909377,15,4,26
EGSS-ibrahimismaiel,ME-EGSS05小组,63615767,15,0,30
EGSS-ibrahimismaiel,ME-EGSS05小组,58704783,14,4,24
EGSS-ibrahimismaiel,ME-EGSS05小组,61196292,14,4,24
EGSS-ibrahimismaiel,ME-EGSS05小组,61196303,14,4,24
EGSS-ibrahimismaiel,ME-EGSS05小组,62015742,14,4,24
EGSS-ibrahimismaiel,ME-EGSS05小组,62637668,14,4,24
EGSS-ibrahimismaiel,ME-EGSS05小组,62705078,14,4,24
EGSS-ibrahimismaiel,ME-EGSS05小组,62825678,14,4,24
EGSS-ibrahimismaiel,ME-EGSS05小组,63109255,14,4,24
EGSS-ibrahimismaiel,ME-EGSS05小组,63445740,14,4,24
EGSS-ibrahimismaiel,ME-EGSS05小组,63531421,14,4,24
EGSS-ibrahimismaiel,ME-EGSS05小组,64052295,14,4,24
EGSS-ibrahimismaiel,ME-EGSS05小组,64097184,14,3,25
EGSS-ibrahimismaiel,ME-EGSS05小组,58548089,13,4,22
EGSS-ibrahimismaiel,ME-EGSS05小组,59110151,13,4,22
EGSS-ibrahimismaiel,ME-EGSS05小组,60321306,13,4,22
EGSS-ibrahimismaiel,ME-EGSS05小组,61431836,13,3,23
EGSS-ibrahimismaiel,ME-EGSS05小组,62801070,13,4,22
EGSS-ibrahimismaiel,ME-EGSS05小组,63568743,13,4,22
EGSS-ibrahimismaiel,ME-EGSS05小组,63572084,13,2,24
EGSS-ibrahimismaiel,ME-EGSS05小组,64069000,13,4,22
EGSS-ibrahimismaiel,ME-EGSS05小组,64103704,13,3,23
EGSS-ibrahimismaiel,ME-EGSS05小组,58537407,12,1,23
EGSS-ibrahimismaiel,ME-EGSS05小组,58736276,12,4,20
EGSS-ibrahimismaiel,ME-EGSS05小组,59138108,12,4,20
EGSS-ibrahimismaiel,ME-EGSS05小组,59678753,12,3,21
EGSS-ibrahimismaiel,ME-EGSS05小组,59730624,12,4,20
EGSS-ibrahimismaiel,ME-EGSS05小组,60208509,12,4,20
EGSS-ibrahimismaiel,ME-EGSS05小组,62248281,12,2,22
EGSS-ibrahimismaiel,ME-EGSS05小组,62265791,12,4,20
EGSS-ibrahimismaiel,ME-EGSS05小组,62367509,12,4,20
EGSS-ibrahimismaiel,ME-EGSS05小组,63048881,12,0,24
EGSS-ibrahimismaiel,ME-EGSS05小组,63204135,12,4,20
EGSS-ibrahimismaiel,ME-EGSS05小组,63531695,12,0,24
EGSS-ibrahimismaiel,ME-EGSS05小组,63532632,12,0,24
EGSS-ibrahimismaiel,ME-EGSS05小组,63679524,12,0,24
EGSS-ibrahimismaiel,ME-EGSS05小组,63773624,12,0,24
EGSS-ibrahimismaiel,ME-EGSS05小组,63889531,12,3,21
EGSS-ibrahimismaiel,ME-EGSS05小组,64034894,12,3,21
EGSS-ibrahimismaiel,ME-EGSS05小组,58355926,11,5,17
EGSS-ibrahimismaiel,ME-EGSS05小组,58748317,11,4,18
EGSS-ibrahimismaiel,ME-EGSS05小组,59137683,11,0,22
EGSS-ibrahimismaiel,ME-EGSS05小组,60209771,11,4,18
EGSS-ibrahimismaiel,ME-EGSS05小组,60587852,11,4,18
EGSS-ibrahimismaiel,ME-EGSS05小组,60696126,11,2,20
EGSS-ibrahimismaiel,ME-EGSS05小组,61196727,11,4,18
EGSS-ibrahimismaiel,ME-EGSS05小组,61211706,11,4,18
EGSS-ibrahimismaiel,ME-EGSS05小组,62492651,11,3,19
EGSS-ibrahimismaiel,ME-EGSS05小组,62514168,11,3,19
EGSS-ibrahimismaiel,ME-EGSS05小组,62613547,11,3,19
EGSS-ibrahimismaiel,ME-EGSS05小组,62724066,11,3,19
EGSS-ibrahimismaiel,ME-EGSS05小组,63682602,11,2,20
EGSS-ibrahimismaiel,ME-EGSS05小组,63976353,11,0,22
EGSS-ibrahimismaiel,ME-EGSS05小组,63987423,11,0,22
EGSS-ibrahimismaiel,ME-EGSS05小组,64079488,11,1,21
EGSS-ibrahimismaiel,ME-EGSS05小组,64092603,11,4,18
EGSS-ibrahimismaiel,ME-EGSS05小组,64166734,11,2,20
EGSS-ibrahimismaiel,ME-EGSS05小组,59073784,10,1,19
EGSS-ibrahimismaiel,ME-EGSS05小组,59074088,10,1,19
EGSS-ibrahimismaiel,ME-EGSS05小组,59679375,10,3,17
EGSS-ibrahimismaiel,ME-EGSS05小组,60181028,10,3,17
EGSS-ibrahimismaiel,ME-EGSS05小组,60552763,10,3,17
EGSS-ibrahimismaiel,ME-EGSS05小组,61212008,10,0,20
EGSS-ibrahimismaiel,ME-EGSS05小组,61431869,10,2,18
EGSS-ibrahimismaiel,ME-EGSS05小组,61621009,10,4,16
EGSS-ibrahimismaiel,ME-EGSS05小组,61638634,10,2,18
EGSS-ibrahimismaiel,ME-EGSS05小组,61657961,10,3,17
EGSS-ibrahimismaiel,ME-EGSS05小组,61800168,10,5,15
EGSS-ibrahimismaiel,ME-EGSS05小组,62024259,10,1,19
EGSS-ibrahimismaiel,ME-EGSS05小组,62171229,10,4,16
EGSS-ibrahimismaiel,ME-EGSS05小组,62713054,10,2,18
EGSS-ibrahimismaiel,ME-EGSS05小组,62762259,10,2,18
EGSS-ibrahimismaiel,ME-EGSS05小组,62896689,10,2,18
EGSS-ibrahimismaiel,ME-EGSS05小组,62916400,10,1,19
EGSS-ibrahimismaiel,ME-EGSS05小组,62917349,10,0,20
EGSS-ibrahimismaiel,ME-EGSS05小组,63155646,10,1,19
EGSS-ibrahimismaiel,ME-EGSS05小组,63464090,10,1,19
EGSS-ibrahimismaiel,ME-EGSS05小组,63522208,10,2,18
EGSS-ibrahimismaiel,ME-EGSS05小组,63580262,10,0,20
EGSS-ibrahimismaiel,ME-EGSS05小组,63601904,10,3,17
EGSS-ibrahimismaiel,ME-EGSS05小组,63691919,10,2,18
EGSS-ibrahimismaiel,ME-EGSS05小组,63755890,10,2,18
EGSS-ibrahimismaiel,ME-EGSS05小组,63756157,10,2,18
EGSS-ibrahimismaiel,ME-EGSS05小组,63783804,10,2,18
EGSS-ibrahimismaiel,ME-EGSS05小组,63830353,10,4,16
EGSS-ibrahimismaiel,ME-EGSS05小组,63919597,10,3,17
EGSS-ibrahimismaiel,ME-EGSS05小组,64057350,10,2,18
EGSS-ibrahimismaiel,ME-EGSS05小组,64111610,10,3,17
EGSS-ibrahimismaiel,ME-EGSS05小组,58519033,9,4,14
EGSS-ibrahimismaiel,ME-EGSS05小组,59690462,9,3,15
EGSS-ibrahimismaiel,ME-EGSS05小组,59792967,9,0,18
EGSS-ibrahimismaiel,ME-EGSS05小组,60189470,9,0,18
EGSS-ibrahimismaiel,ME-EGSS05小组,60313860,9,0,18
EGSS-ibrahimismaiel,ME-EGSS05小组,60675749,9,2,16
EGSS-ibrahimismaiel,ME-EGSS05小组,60790453,9,0,18
EGSS-ibrahimismaiel,ME-EGSS05小组,61003455,9,2,16
EGSS-ibrahimismaiel,ME-EGSS05小组,61091856,9,4,14
EGSS-ibrahimismaiel,ME-EGSS05小组,61447559,9,3,15
EGSS-ibrahimismaiel,ME-EGSS05小组,61464697,9,3,15
EGSS-ibrahimismaiel,ME-EGSS05小组,61662982,9,3,15
EGSS-ibrahimismaiel,ME-EGSS05小组,61810048,9,3,15
EGSS-ibrahimismaiel,ME-EGSS05小组,62345795,9,2,16
EGSS-ibrahimismaiel,ME-EGSS05小组,62369437,9,0,18
EGSS-ibrahimismaiel,ME-EGSS05小组,62514355,9,2,16
EGSS-ibrahimismaiel,ME-EGSS05小组,62609267,9,3,15
EGSS-ibrahimismaiel,ME-EGSS05小组,62660217,9,3,15
EGSS-ibrahimismaiel,ME-EGSS05小组,62690171,9,3,15
EGSS-ibrahimismaiel,ME-EGSS05小组,62728815,9,0,18
EGSS-ibrahimismaiel,ME-EGSS05小组,62763468,9,2,16
EGSS-ibrahimismaiel,ME-EGSS05小组,62780548,9,0,18
EGSS-ibrahimismaiel,ME-EGSS05小组,62808028,9,4,14
EGSS-ibrahimismaiel,ME-EGSS05小组,62896723,9,3,15
EGSS-ibrahimismaiel,ME-EGSS05小组,63071514,9,0,18
EGSS-ibrahimismaiel,ME-EGSS05小组,63379640,9,3,15
EGSS-ibrahimismaiel,ME-EGSS05小组,63661803,9,2,16
EGSS-ibrahimismaiel,ME-EGSS05小组,63774509,9,0,18
EGSS-ibrahimismaiel,ME-EGSS05小组,63827128,9,0,18
EGSS-ibrahimismaiel,ME-EGSS05小组,58206801,8,1,15
EGSS-ibrahimismaiel,ME-EGSS05小组,59031891,8,0,16
EGSS-ibrahimismaiel,ME-EGSS05小组,59252331,8,2,14
EGSS-ibrahimismaiel,ME-EGSS05小组,59606629,8,4,12
EGSS-ibrahimismaiel,ME-EGSS05小组,60017177,8,4,12
EGSS-ibrahimismaiel,ME-EGSS05小组,60195704,8,1,15
EGSS-ibrahimismaiel,ME-EGSS05小组,60353164,8,3,13
EGSS-ibrahimismaiel,ME-EGSS05小组,61211845,8,0,16
EGSS-ibrahimismaiel,ME-EGSS05小组,61940772,8,3,13
EGSS-ibrahimismaiel,ME-EGSS05小组,62137173,8,3,13
EGSS-ibrahimismaiel,ME-EGSS05小组,62272582,8,3,13
EGSS-ibrahimismaiel,ME-EGSS05小组,62272810,8,5,11
EGSS-ibrahimismaiel,ME-EGSS05小组,62616354,8,0,16
EGSS-ibrahimismaiel,ME-EGSS05小组,62878275,8,2,14
EGSS-ibrahimismaiel,ME-EGSS05小组,62926535,8,0,16
EGSS-ibrahimismaiel,ME-EGSS05小组,62933922,8,2,14
EGSS-ibrahimismaiel,ME-EGSS05小组,63039213,8,3,13
EGSS-ibrahimismaiel,ME-EGSS05小组,63475670,8,2,14
EGSS-ibrahimismaiel,ME-EGSS05小组,63522137,8,2,14
EGSS-ibrahimismaiel,ME-EGSS05小组,63652616,8,0,16
EGSS-ibrahimismaiel,ME-EGSS05小组,64124294,8,0,16
EGSS-ibrahimismaiel,ME-EGSS05小组,58311958,7,0,14
EGSS-ibrahimismaiel,ME-EGSS05小组,59217966,7,0,14
EGSS-ibrahimismaiel,ME-EGSS05小组,59443246,7,0,14
EGSS-ibrahimismaiel,ME-EGSS05小组,59519466,7,0,14
EGSS-ibrahimismaiel,ME-EGSS05小组,60022633,7,4,10
EGSS-ibrahimismaiel,ME-EGSS05小组,61437046,7,4,10
EGSS-ibrahimismaiel,ME-EGSS05小组,61674923,7,0,14
EGSS-ibrahimismaiel,ME-EGSS05小组,61756732,7,3,11
EGSS-ibrahimismaiel,ME-EGSS05小组,61942736,7,4,10
EGSS-ibrahimismaiel,ME-EGSS05小组,61944052,7,3,11
EGSS-ibrahimismaiel,ME-EGSS05小组,61944104,7,3,11
EGSS-ibrahimismaiel,ME-EGSS05小组,62134700,7,3,11
EGSS-ibrahimismaiel,ME-EGSS05小组,62272080,7,3,11
EGSS-ibrahimismaiel,ME-EGSS05小组,62313175,7,2,12
EGSS-ibrahimismaiel,ME-EGSS05小组,62582214,7,3,11
EGSS-ibrahimismaiel,ME-EGSS05小组,62713005,7,0,14
EGSS-ibrahimismaiel,ME-EGSS05小组,62787537,7,3,11
EGSS-ibrahimismaiel,ME-EGSS05小组,63500829,7,2,12
EGSS-ibrahimismaiel,ME-EGSS05小组,63638467,7,0,14
EGSS-ibrahimismaiel,ME-EGSS05小组,63639867,7,0,14
EGSS-ibrahimismaiel,ME-EGSS05小组,64006558,7,0,14
EGSS-ibrahimismaiel,ME-EGSS05小组,58643987,6,2,10
EGSS-ibrahimismaiel,ME-EGSS05小组,59627941,6,0,12
EGSS-ibrahimismaiel,ME-EGSS05小组,60445910,6,3,9
EGSS-ibrahimismaiel,ME-EGSS05小组,61207161,6,0,12
EGSS-ibrahimismaiel,ME-EGSS05小组,61220263,6,0,12
EGSS-ibrahimismaiel,ME-EGSS05小组,61425516,6,5,7
EGSS-ibrahimismaiel,ME-EGSS05小组,61476731,6,3,9
EGSS-ibrahimismaiel,ME-EGSS05小组,62173645,6,2,10
EGSS-ibrahimismaiel,ME-EGSS05小组,62426149,6,2,10
EGSS-ibrahimismaiel,ME-EGSS05小组,62963730,6,2,10
EGSS-ibrahimismaiel,ME-EGSS05小组,62971892,6,3,9
EGSS-ibrahimismaiel,ME-EGSS05小组,58367269,5,0,10
EGSS-ibrahimismaiel,ME-EGSS05小组,58707806,5,0,10
EGSS-ibrahimismaiel,ME-EGSS05小组,59678817,5,4,6
EGSS-ibrahimismaiel,ME-EGSS05小组,60405241,5,4,6
EGSS-ibrahimismaiel,ME-EGSS05小组,60834357,5,0,10
EGSS-ibrahimismaiel,ME-EGSS05小组,62167166,5,5,5
EGSS-ibrahimismaiel,ME-EGSS05小组,62272345,5,4,6
EGSS-ibrahimismaiel,ME-EGSS05小组,62496545,5,3,7
EGSS-ibrahimismaiel,ME-EGSS05小组,62865141,5,0,10
EGSS-ibrahimismaiel,ME-EGSS05小组,62874196,5,0,10
EGSS-ibrahimismaiel,ME-EGSS05小组,63466033,5,4,6
EGSS-ibrahimismaiel,ME-EGSS05小组,63507740,5,0,10
EGSS-ibrahimismaiel,ME-EGSS05小组,63559893,5,4,6
EGSS-ibrahimismaiel,ME-EGSS05小组,59323713,4,1,7
EGSS-ibrahimismaiel,ME-EGSS05小组,60604761,4,9,-1
EGSS-ibrahimismaiel,ME-EGSS05小组,60853096,4,1,7
EGSS-ibrahimismaiel,ME-EGSS05小组,62496645,4,3,5
EGSS-ibrahimismaiel,ME-EGSS05小组,62705349,4,0,8
EGSS-ibrahimismaiel,ME-EGSS05小组,63050319,4,1,7
EGSS-ibrahimismaiel,ME-EGSS05小组,63212081,4,2,6
EGSS-ibrahimismaiel,ME-EGSS05小组,63522159,4,0,8
EGSS-ibrahimismaiel,ME-EGSS05小组,63640942,4,2,6
EGSS-ibrahimismaiel,ME-EGSS05小组,63711578,4,0,8
EGSS-ibrahimismaiel,ME-EGSS05小组,63712696,4,0,8
EGSS-ibrahimismaiel,ME-EGSS05小组,64079248,4,2,6
EGSS-ibrahimismaiel,ME-EGSS05小组,58525638,3,1,5
EGSS-ibrahimismaiel,ME-EGSS05小组,60923859,3,0,6
EGSS-ibrahimismaiel,ME-EGSS05小组,61126692,3,0,6
EGSS-ibrahimismaiel,ME-EGSS05小组,61386398,3,5,1
EGSS-ibrahimismaiel,ME-EGSS05小组,61874301,3,2,4
EGSS-ibrahimismaiel,ME-EGSS05小组,62309284,3,4,2
EGSS-ibrahimismaiel,ME-EGSS05小组,62711040,3,3,3
EGSS-ibrahimismaiel,ME-EGSS05小组,63024428,3,1,5
EGSS-ibrahimismaiel,ME-EGSS05小组,63202685,3,3,3
EGSS-ibrahimismaiel,ME-EGSS05小组,63390601,3,2,4
EGSS-ibrahimismaiel,ME-EGSS05小组,63616146,3,0,6
EGSS-ibrahimismaiel,ME-EGSS05小组,63712877,3,0,6
EGSS-ibrahimismaiel,ME-EGSS05小组,63726273,3,0,6
EGSS-ibrahimismaiel,ME-EGSS05小组,63857181,3,0,6
EGSS-ibrahimismaiel,ME-EGSS05小组,59369816,2,2,2
EGSS-ibrahimismaiel,ME-EGSS05小组,59873334,2,3,1
EGSS-ibrahimismaiel,ME-EGSS05小组,60530451,2,4,0
EGSS-ibrahimismaiel,ME-EGSS05小组,60914297,2,5,-1
EGSS-ibrahimismaiel,ME-EGSS05小组,61480934,2,0,4
EGSS-ibrahimismaiel,ME-EGSS05小组,62475632,2,0,4
EGSS-ibrahimismaiel,ME-EGSS05小组,62927488,2,0,4
EGSS-ibrahimismaiel,ME-EGSS05小组,63499498,2,0,4
EGSS-ibrahimismaiel,ME-EGSS05小组,63500057,2,0,4
EGSS-ibrahimismaiel,ME-EGSS05小组,63619317,2,0,4
EGSS-ibrahimismaiel,ME-EGSS05小组,63850836,2,0,4
EGSS-juliamonir01,ME-EGSS01小组,63495185,21,0,42
EGSS-juliamonir01,ME-EGSS01小组,63854359,20,4,36
EGSS-juliamonir01,ME-EGSS01小组,63481694,19,0,38
EGSS-juliamonir01,ME-EGSS01小组,58825124,18,4,32
EGSS-juliamonir01,ME-EGSS01小组,63149661,18,9,27
EGSS-juliamonir01,ME-EGSS01小组,59535416,17,2,32
EGSS-juliamonir01,ME-EGSS01小组,62880771,17,4,30
EGSS-juliamonir01,ME-EGSS01小组,64129119,17,4,30
EGSS-juliamonir01,ME-EGSS01小组,59256846,16,5,27
EGSS-juliamonir01,ME-EGSS01小组,63973446,16,0,32
EGSS-juliamonir01,ME-EGSS01小组,58499515,15,4,26
EGSS-juliamonir01,ME-EGSS01小组,59716232,15,3,27
EGSS-juliamonir01,ME-EGSS01小组,63527736,15,0,30
EGSS-juliamonir01,ME-EGSS01小组,58206230,14,5,23
EGSS-juliamonir01,ME-EGSS01小组,58575519,14,4,24
EGSS-juliamonir01,ME-EGSS01小组,59219350,14,4,24
EGSS-juliamonir01,ME-EGSS01小组,60740785,14,4,24
EGSS-juliamonir01,ME-EGSS01小组,61595913,14,5,23
EGSS-juliamonir01,ME-EGSS01小组,61666370,14,3,25
EGSS-juliamonir01,ME-EGSS01小组,61785967,14,3,25
EGSS-juliamonir01,ME-EGSS01小组,62173080,14,0,28
EGSS-juliamonir01,ME-EGSS01小组,62330126,14,3,25
EGSS-juliamonir01,ME-EGSS01小组,63014584,14,4,24
EGSS-juliamonir01,ME-EGSS01小组,63016615,14,4,24
EGSS-juliamonir01,ME-EGSS01小组,63499412,14,1,27
EGSS-juliamonir01,ME-EGSS01小组,63508429,14,1,27
EGSS-juliamonir01,ME-EGSS01小组,63984474,14,4,24
EGSS-juliamonir01,ME-EGSS01小组,64157496,14,4,24
EGSS-juliamonir01,ME-EGSS01小组,58432398,13,3,23
EGSS-juliamonir01,ME-EGSS01小组,58824521,13,5,21
EGSS-juliamonir01,ME-EGSS01小组,59096892,13,4,22
EGSS-juliamonir01,ME-EGSS01小组,59519888,13,4,22
EGSS-juliamonir01,ME-EGSS01小组,61410131,13,4,22
EGSS-juliamonir01,ME-EGSS01小组,61530483,13,0,26
EGSS-juliamonir01,ME-EGSS01小组,62064390,13,3,23
EGSS-juliamonir01,ME-EGSS01小组,62861982,13,4,22
EGSS-juliamonir01,ME-EGSS01小组,63121344,13,4,22
EGSS-juliamonir01,ME-EGSS01小组,63341140,13,3,23
EGSS-juliamonir01,ME-EGSS01小组,63441704,13,4,22
EGSS-juliamonir01,ME-EGSS01小组,63910713,13,4,22
EGSS-juliamonir01,ME-EGSS01小组,64007331,13,4,22
EGSS-juliamonir01,ME-EGSS01小组,64157593,13,4,22
EGSS-juliamonir01,ME-EGSS01小组,58964272,12,0,24
EGSS-juliamonir01,ME-EGSS01小组,59159279,12,4,20
EGSS-juliamonir01,ME-EGSS01小组,60251281,12,4,20
EGSS-juliamonir01,ME-EGSS01小组,60413417,12,4,20
EGSS-juliamonir01,ME-EGSS01小组,60708375,12,1,23
EGSS-juliamonir01,ME-EGSS01小组,60738161,12,4,20
EGSS-juliamonir01,ME-EGSS01小组,61522528,12,4,20
EGSS-juliamonir01,ME-EGSS01小组,61802070,12,0,24
EGSS-juliamonir01,ME-EGSS01小组,62172966,12,0,24
EGSS-juliamonir01,ME-EGSS01小组,62242232,12,4,20
EGSS-juliamonir01,ME-EGSS01小组,62336667,12,4,20
EGSS-juliamonir01,ME-EGSS01小组,62547011,12,2,22
EGSS-juliamonir01,ME-EGSS01小组,62597360,12,4,20
EGSS-juliamonir01,ME-EGSS01小组,62660287,12,4,20
EGSS-juliamonir01,ME-EGSS01小组,62802521,12,1,23
EGSS-juliamonir01,ME-EGSS01小组,62877633,12,4,20
EGSS-juliamonir01,ME-EGSS01小组,63057337,12,4,20
EGSS-juliamonir01,ME-EGSS01小组,63129239,12,3,21
EGSS-juliamonir01,ME-EGSS01小组,63138030,12,4,20
EGSS-juliamonir01,ME-EGSS01小组,63154617,12,0,24
EGSS-juliamonir01,ME-EGSS01小组,63155437,12,0,24
EGSS-juliamonir01,ME-EGSS01小组,63464281,12,2,22
EGSS-juliamonir01,ME-EGSS01小组,63619222,12,3,21
EGSS-juliamonir01,ME-EGSS01小组,63670248,12,1,23
EGSS-juliamonir01,ME-EGSS01小组,63811222,12,4,20
EGSS-juliamonir01,ME-EGSS01小组,63859196,12,2,22
EGSS-juliamonir01,ME-EGSS01小组,63996839,12,4,20
EGSS-juliamonir01,ME-EGSS01小组,64131292,12,2,22
EGSS-juliamonir01,ME-EGSS01小组,58498556,11,3,19
EGSS-juliamonir01,ME-EGSS01小组,58675856,11,4,18
EGSS-juliamonir01,ME-EGSS01小组,58816339,11,1,21
EGSS-juliamonir01,ME-EGSS01小组,58939719,11,4,18
EGSS-juliamonir01,ME-EGSS01小组,59173294,11,1,21
EGSS-juliamonir01,ME-EGSS01小组,59197137,11,2,20
EGSS-juliamonir01,ME-EGSS01小组,59679398,11,4,18
EGSS-juliamonir01,ME-EGSS01小组,60344603,11,2,20
EGSS-juliamonir01,ME-EGSS01小组,60421532,11,4,18
EGSS-juliamonir01,ME-EGSS01小组,60562333,11,3,19
EGSS-juliamonir01,ME-EGSS01小组,60791600,11,4,18
EGSS-juliamonir01,ME-EGSS01小组,61284442,11,4,18
EGSS-juliamonir01,ME-EGSS01小组,61637292,11,0,22
EGSS-juliamonir01,ME-EGSS01小组,61656702,11,4,18
EGSS-juliamonir01,ME-EGSS01小组,61656781,11,4,18
EGSS-juliamonir01,ME-EGSS01小组,61795292,11,4,18
EGSS-juliamonir01,ME-EGSS01小组,62115375,11,4,18
EGSS-juliamonir01,ME-EGSS01小组,62115625,11,4,18
EGSS-juliamonir01,ME-EGSS01小组,62128683,11,4,18
EGSS-juliamonir01,ME-EGSS01小组,62128916,11,4,18
EGSS-juliamonir01,ME-EGSS01小组,62243628,11,4,18
EGSS-juliamonir01,ME-EGSS01小组,62392322,11,2,20
EGSS-juliamonir01,ME-EGSS01小组,62939504,11,2,20
EGSS-juliamonir01,ME-EGSS01小组,62961118,11,4,18
EGSS-juliamonir01,ME-EGSS01小组,63018166,11,0,22
EGSS-juliamonir01,ME-EGSS01小组,63064431,11,0,22
EGSS-juliamonir01,ME-EGSS01小组,63400086,11,5,17
EGSS-juliamonir01,ME-EGSS01小组,63496258,11,1,21
EGSS-juliamonir01,ME-EGSS01小组,63593854,11,2,20
EGSS-juliamonir01,ME-EGSS01小组,63593935,11,2,20
EGSS-juliamonir01,ME-EGSS01小组,63618414,11,0,22
EGSS-juliamonir01,ME-EGSS01小组,63937989,11,2,20
EGSS-juliamonir01,ME-EGSS01小组,63956684,11,0,22
EGSS-juliamonir01,ME-EGSS01小组,58221773,10,4,16
EGSS-juliamonir01,ME-EGSS01小组,58279083,10,3,17
EGSS-juliamonir01,ME-EGSS01小组,59155073,10,4,16
EGSS-juliamonir01,ME-EGSS01小组,59582228,10,4,16
EGSS-juliamonir01,ME-EGSS01小组,59877141,10,4,16
EGSS-juliamonir01,ME-EGSS01小组,60138036,10,4,16
EGSS-juliamonir01,ME-EGSS01小组,60800639,10,5,15
EGSS-juliamonir01,ME-EGSS01小组,60907447,10,0,20
EGSS-juliamonir01,ME-EGSS01小组,61018652,10,2,18
EGSS-juliamonir01,ME-EGSS01小组,61021640,10,2,18
EGSS-juliamonir01,ME-EGSS01小组,61079616,10,1,19
EGSS-juliamonir01,ME-EGSS01小组,61704928,10,3,17
EGSS-juliamonir01,ME-EGSS01小组,61976838,10,4,16
EGSS-juliamonir01,ME-EGSS01小组,62274489,10,3,17
EGSS-juliamonir01,ME-EGSS01小组,62414668,10,3,17
EGSS-juliamonir01,ME-EGSS01小组,62512353,10,3,17
EGSS-juliamonir01,ME-EGSS01小组,62534065,10,4,16
EGSS-juliamonir01,ME-EGSS01小组,62540325,10,3,17
EGSS-juliamonir01,ME-EGSS01小组,62597015,10,2,18
EGSS-juliamonir01,ME-EGSS01小组,62718186,10,3,17
EGSS-juliamonir01,ME-EGSS01小组,62969730,10,2,18
EGSS-juliamonir01,ME-EGSS01小组,63036788,10,1,19
EGSS-juliamonir01,ME-EGSS01小组,63071903,10,3,17
EGSS-juliamonir01,ME-EGSS01小组,63188153,10,3,17
EGSS-juliamonir01,ME-EGSS01小组,63357196,10,3,17
EGSS-juliamonir01,ME-EGSS01小组,63436031,10,0,20
EGSS-juliamonir01,ME-EGSS01小组,63448294,10,4,16
EGSS-juliamonir01,ME-EGSS01小组,63518932,10,3,17
EGSS-juliamonir01,ME-EGSS01小组,63578149,10,3,17
EGSS-juliamonir01,ME-EGSS01小组,64126349,10,4,16
EGSS-juliamonir01,ME-EGSS01小组,58615858,9,0,18
EGSS-juliamonir01,ME-EGSS01小组,58824169,9,5,13
EGSS-juliamonir01,ME-EGSS01小组,58969078,9,0,18
EGSS-juliamonir01,ME-EGSS01小组,59087378,9,4,14
EGSS-juliamonir01,ME-EGSS01小组,59140925,9,0,18
EGSS-juliamonir01,ME-EGSS01小组,59193679,9,4,14
EGSS-juliamonir01,ME-EGSS01小组,59275037,9,3,15
EGSS-juliamonir01,ME-EGSS01小组,60687904,9,0,18
EGSS-juliamonir01,ME-EGSS01小组,61116277,9,3,15
EGSS-juliamonir01,ME-EGSS01小组,61116532,9,3,15
EGSS-juliamonir01,ME-EGSS01小组,62036329,9,4,14
EGSS-juliamonir01,ME-EGSS01小组,62149347,9,2,16
EGSS-juliamonir01,ME-EGSS01小组,62271411,9,3,15
EGSS-juliamonir01,ME-EGSS01小组,62847691,9,1,17
EGSS-juliamonir01,ME-EGSS01小组,62917042,9,4,14
EGSS-juliamonir01,ME-EGSS01小组,62971385,9,5,13
EGSS-juliamonir01,ME-EGSS01小组,62983242,9,2,16
EGSS-juliamonir01,ME-EGSS01小组,63315633,9,2,16
EGSS-juliamonir01,ME-EGSS01小组,63465315,9,1,17
EGSS-juliamonir01,ME-EGSS01小组,63499346,9,2,16
EGSS-juliamonir01,ME-EGSS01小组,63517197,9,0,18
EGSS-juliamonir01,ME-EGSS01小组,63540402,9,1,17
EGSS-juliamonir01,ME-EGSS01小组,58439370,8,4,12
EGSS-juliamonir01,ME-EGSS01小组,59106253,8,0,16
EGSS-juliamonir01,ME-EGSS01小组,59178558,8,4,12
EGSS-juliamonir01,ME-EGSS01小组,59237342,8,3,13
EGSS-juliamonir01,ME-EGSS01小组,59498167,8,0,16
EGSS-juliamonir01,ME-EGSS01小组,59623438,8,3,13
EGSS-juliamonir01,ME-EGSS01小组,59855931,8,0,16
EGSS-juliamonir01,ME-EGSS01小组,61154693,8,6,10
EGSS-juliamonir01,ME-EGSS01小组,61305208,8,0,16
EGSS-juliamonir01,ME-EGSS01小组,61337662,8,3,13
EGSS-juliamonir01,ME-EGSS01小组,61419338,8,3,13
EGSS-juliamonir01,ME-EGSS01小组,61974075,8,3,13
EGSS-juliamonir01,ME-EGSS01小组,62000864,8,4,12
EGSS-juliamonir01,ME-EGSS01小组,62147533,8,1,15
EGSS-juliamonir01,ME-EGSS01小组,62388331,8,4,12
EGSS-juliamonir01,ME-EGSS01小组,62440525,8,3,13
EGSS-juliamonir01,ME-EGSS01小组,62594461,8,0,16
EGSS-juliamonir01,ME-EGSS01小组,63464175,8,3,13
EGSS-juliamonir01,ME-EGSS01小组,63511055,8,0,16
EGSS-juliamonir01,ME-EGSS01小组,63518083,8,1,15
EGSS-juliamonir01,ME-EGSS01小组,63555848,8,2,14
EGSS-juliamonir01,ME-EGSS01小组,63596420,8,4,12
EGSS-juliamonir01,ME-EGSS01小组,63994975,8,4,12
EGSS-juliamonir01,ME-EGSS01小组,64135636,8,4,12
EGSS-juliamonir01,ME-EGSS01小组,58086978,7,0,14
EGSS-juliamonir01,ME-EGSS01小组,58749214,7,0,14
EGSS-juliamonir01,ME-EGSS01小组,58780934,7,0,14
EGSS-juliamonir01,ME-EGSS01小组,59304687,7,3,11
EGSS-juliamonir01,ME-EGSS01小组,60820725,7,0,14
EGSS-juliamonir01,ME-EGSS01小组,61062573,7,2,12
EGSS-juliamonir01,ME-EGSS01小组,61540462,7,4,10
EGSS-juliamonir01,ME-EGSS01小组,61813580,7,2,12
EGSS-juliamonir01,ME-EGSS01小组,63244601,7,4,10
EGSS-juliamonir01,ME-EGSS01小组,63567528,7,3,11
EGSS-juliamonir01,ME-EGSS01小组,58563517,6,0,12
EGSS-juliamonir01,ME-EGSS01小组,59052015,6,0,12
EGSS-juliamonir01,ME-EGSS01小组,59251129,6,3,9
EGSS-juliamonir01,ME-EGSS01小组,60128851,6,3,9
EGSS-juliamonir01,ME-EGSS01小组,60262488,6,0,12
EGSS-juliamonir01,ME-EGSS01小组,60889960,6,4,8
EGSS-juliamonir01,ME-EGSS01小组,60933560,6,3,9
EGSS-juliamonir01,ME-EGSS01小组,61576247,6,1,11
EGSS-juliamonir01,ME-EGSS01小组,63121563,6,2,10
EGSS-juliamonir01,ME-EGSS01小组,63613489,6,0,12
EGSS-juliamonir01,ME-EGSS01小组,58501716,5,2,8
EGSS-juliamonir01,ME-EGSS01小组,60277322,5,5,5
EGSS-juliamonir01,ME-EGSS01小组,61420166,5,3,7
EGSS-juliamonir01,ME-EGSS01小组,61420185,5,4,6
EGSS-juliamonir01,ME-EGSS01小组,61613217,5,2,8
EGSS-juliamonir01,ME-EGSS01小组,61791488,5,0,10
EGSS-juliamonir01,ME-EGSS01小组,62591307,5,3,7
EGSS-juliamonir01,ME-EGSS01小组,62811790,5,0,10
EGSS-juliamonir01,ME-EGSS01小组,62881542,5,0,10
EGSS-juliamonir01,ME-EGSS01小组,62960942,5,5,5
EGSS-juliamonir01,ME-EGSS01小组,63539937,5,0,10
EGSS-juliamonir01,ME-EGSS01小组,59223073,4,5,3
EGSS-juliamonir01,ME-EGSS01小组,61875215,4,0,8
EGSS-juliamonir01,ME-EGSS01小组,62033705,4,3,5
EGSS-juliamonir01,ME-EGSS01小组,63456673,4,2,6
EGSS-juliamonir01,ME-EGSS01小组,63876873,4,4,4
EGSS-juliamonir01,ME-EGSS01小组,58432337,3,0,6
EGSS-juliamonir01,ME-EGSS01小组,59140501,3,0,6
EGSS-juliamonir01,ME-EGSS01小组,59278599,3,0,6
EGSS-juliamonir01,ME-EGSS01小组,59327886,3,0,6
EGSS-juliamonir01,ME-EGSS01小组,60604337,3,5,1
EGSS-juliamonir01,ME-EGSS01小组,61144114,3,0,6
EGSS-juliamonir01,ME-EGSS01小组,62274010,3,7,-1
EGSS-juliamonir01,ME-EGSS01小组,62771862,3,0,6
EGSS-juliamonir01,ME-EGSS01小组,58904616,2,0,4
EGSS-juliamonir01,ME-EGSS01小组,58904709,2,0,4
EGSS-juliamonir01,ME-EGSS01小组,61272596,2,0,4
EGSS-juliamonir01,ME-EGSS01小组,61791658,2,0,4
EGSS-juliamonir01,ME-EGSS01小组,62367475,2,3,1
EGSS-juliamonir01,ME-EGSS01小组,62384965,2,0,4
EGSS-juliamonir01,ME-EGSS01小组,62923409,2,0,4
EGSS-juliamonir01,ME-EGSS01小组,63555908,2,5,-1
EGSS-khaledgonam,ME-EGSS05小组,62940181,33,5,61
EGSS-khaledgonam,ME-EGSS05小组,62821219,25,10,40
EGSS-khaledgonam,ME-EGSS05小组,63479524,21,4,38
EGSS-khaledgonam,ME-EGSS05小组,63538213,21,4,38
EGSS-khaledgonam,ME-EGSS05小组,63265311,20,5,35
EGSS-khaledgonam,ME-EGSS05小组,59373673,18,4,32
EGSS-khaledgonam,ME-EGSS05小组,60134129,18,5,31
EGSS-khaledgonam,ME-EGSS05小组,61069423,18,5,31
EGSS-khaledgonam,ME-EGSS05小组,60607450,17,3,31
EGSS-khaledgonam,ME-EGSS05小组,61226311,17,4,30
EGSS-khaledgonam,ME-EGSS05小组,61228452,17,4,30
EGSS-khaledgonam,ME-EGSS05小组,61228510,17,4,30
EGSS-khaledgonam,ME-EGSS05小组,62283849,17,2,32
EGSS-khaledgonam,ME-EGSS05小组,63387101,17,4,30
EGSS-khaledgonam,ME-EGSS05小组,59601952,16,4,28
EGSS-khaledgonam,ME-EGSS05小组,62028537,16,3,29
EGSS-khaledgonam,ME-EGSS05小组,62713091,16,8,24
EGSS-khaledgonam,ME-EGSS05小组,59053550,15,4,26
EGSS-khaledgonam,ME-EGSS05小组,60856169,15,0,30
EGSS-khaledgonam,ME-EGSS05小组,60899230,15,5,25
EGSS-khaledgonam,ME-EGSS05小组,61428105,15,5,25
EGSS-khaledgonam,ME-EGSS05小组,63121807,15,0,30
EGSS-khaledgonam,ME-EGSS05小组,63349836,15,0,30
EGSS-khaledgonam,ME-EGSS05小组,63833320,15,6,24
EGSS-khaledgonam,ME-EGSS05小组,58973482,14,4,24
EGSS-khaledgonam,ME-EGSS05小组,59188442,14,1,27
EGSS-khaledgonam,ME-EGSS05小组,60143682,14,4,24
EGSS-khaledgonam,ME-EGSS05小组,60943596,14,4,24
EGSS-khaledgonam,ME-EGSS05小组,61091129,14,3,25
EGSS-khaledgonam,ME-EGSS05小组,61449855,14,2,26
EGSS-khaledgonam,ME-EGSS05小组,62392400,14,0,28
EGSS-khaledgonam,ME-EGSS05小组,63003676,14,4,24
EGSS-khaledgonam,ME-EGSS05小组,63324438,14,4,24
EGSS-khaledgonam,ME-EGSS05小组,63562384,14,2,26
EGSS-khaledgonam,ME-EGSS05小组,63846020,14,6,22
EGSS-khaledgonam,ME-EGSS05小组,63897958,14,0,28
EGSS-khaledgonam,ME-EGSS05小组,59160784,13,3,23
EGSS-khaledgonam,ME-EGSS05小组,60177706,13,4,22
EGSS-khaledgonam,ME-EGSS05小组,60361456,13,4,22
EGSS-khaledgonam,ME-EGSS05小组,60534042,13,4,22
EGSS-khaledgonam,ME-EGSS05小组,61211038,13,4,22
EGSS-khaledgonam,ME-EGSS05小组,61246535,13,4,22
EGSS-khaledgonam,ME-EGSS05小组,61342786,13,3,23
EGSS-khaledgonam,ME-EGSS05小组,62367866,13,4,22
EGSS-khaledgonam,ME-EGSS05小组,63315515,13,4,22
EGSS-khaledgonam,ME-EGSS05小组,63490270,13,4,22
EGSS-khaledgonam,ME-EGSS05小组,64005132,13,4,22
EGSS-khaledgonam,ME-EGSS05小组,64157238,13,4,22
EGSS-khaledgonam,ME-EGSS05小组,58355751,12,4,20
EGSS-khaledgonam,ME-EGSS05小组,59351053,12,2,22
EGSS-khaledgonam,ME-EGSS05小组,59753562,12,4,20
EGSS-khaledgonam,ME-EGSS05小组,60134127,12,4,20
EGSS-khaledgonam,ME-EGSS05小组,60148234,12,5,19
EGSS-khaledgonam,ME-EGSS05小组,60209157,12,0,24
EGSS-khaledgonam,ME-EGSS05小组,61952715,12,4,20
EGSS-khaledgonam,ME-EGSS05小组,62247700,12,4,20
EGSS-khaledgonam,ME-EGSS05小组,62248433,12,2,22
EGSS-khaledgonam,ME-EGSS05小组,62384854,12,0,24
EGSS-khaledgonam,ME-EGSS05小组,62475389,12,4,20
EGSS-khaledgonam,ME-EGSS05小组,63454440,12,4,20
EGSS-khaledgonam,ME-EGSS05小组,58354875,11,4,18
EGSS-khaledgonam,ME-EGSS05小组,58579344,11,5,17
EGSS-khaledgonam,ME-EGSS05小组,58780927,11,2,20
EGSS-khaledgonam,ME-EGSS05小组,59755379,11,1,21
EGSS-khaledgonam,ME-EGSS05小组,59822639,11,3,19
EGSS-khaledgonam,ME-EGSS05小组,60106196,11,0,22
EGSS-khaledgonam,ME-EGSS05小组,60168462,11,2,20
EGSS-khaledgonam,ME-EGSS05小组,60369668,11,4,18
EGSS-khaledgonam,ME-EGSS05小组,61219171,11,4,18
EGSS-khaledgonam,ME-EGSS05小组,61610250,11,4,18
EGSS-khaledgonam,ME-EGSS05小组,61851052,11,2,20
EGSS-khaledgonam,ME-EGSS05小组,61942587,11,4,18
EGSS-khaledgonam,ME-EGSS05小组,61952513,11,4,18
EGSS-khaledgonam,ME-EGSS05小组,62354088,11,2,20
EGSS-khaledgonam,ME-EGSS05小组,62432942,11,4,18
EGSS-khaledgonam,ME-EGSS05小组,62556702,11,2,20
EGSS-khaledgonam,ME-EGSS05小组,62825962,11,0,22
EGSS-khaledgonam,ME-EGSS05小组,63060331,11,2,20
EGSS-khaledgonam,ME-EGSS05小组,63061002,11,2,20
EGSS-khaledgonam,ME-EGSS05小组,63113452,11,4,18
EGSS-khaledgonam,ME-EGSS05小组,63195069,11,4,18
EGSS-khaledgonam,ME-EGSS05小组,63325508,11,4,18
EGSS-khaledgonam,ME-EGSS05小组,63442433,11,1,21
EGSS-khaledgonam,ME-EGSS05小组,63593960,11,2,20
EGSS-khaledgonam,ME-EGSS05小组,63603976,11,3,19
EGSS-khaledgonam,ME-EGSS05小组,63909984,11,6,16
EGSS-khaledgonam,ME-EGSS05小组,58745679,10,0,20
EGSS-khaledgonam,ME-EGSS05小组,59374429,10,3,17
EGSS-khaledgonam,ME-EGSS05小组,59465262,10,3,17
EGSS-khaledgonam,ME-EGSS05小组,60184122,10,7,13
EGSS-khaledgonam,ME-EGSS05小组,60370104,10,3,17
EGSS-khaledgonam,ME-EGSS05小组,60478898,10,2,18
EGSS-khaledgonam,ME-EGSS05小组,60789080,10,4,16
EGSS-khaledgonam,ME-EGSS05小组,60841677,10,0,20
EGSS-khaledgonam,ME-EGSS05小组,61297269,10,3,17
EGSS-khaledgonam,ME-EGSS05小组,62217854,10,4,16
EGSS-khaledgonam,ME-EGSS05小组,62501059,10,3,17
EGSS-khaledgonam,ME-EGSS05小组,62627125,10,2,18
EGSS-khaledgonam,ME-EGSS05小组,62918477,10,4,16
EGSS-khaledgonam,ME-EGSS05小组,62919526,10,4,16
EGSS-khaledgonam,ME-EGSS05小组,63125997,10,0,20
EGSS-khaledgonam,ME-EGSS05小组,63165923,10,2,18
EGSS-khaledgonam,ME-EGSS05小组,63427860,10,4,16
EGSS-khaledgonam,ME-EGSS05小组,63519744,10,4,16
EGSS-khaledgonam,ME-EGSS05小组,63561500,10,0,20
EGSS-khaledgonam,ME-EGSS05小组,63636740,10,3,17
EGSS-khaledgonam,ME-EGSS05小组,63708632,10,4,16
EGSS-khaledgonam,ME-EGSS05小组,63821656,10,3,17
EGSS-khaledgonam,ME-EGSS05小组,57956052,9,2,16
EGSS-khaledgonam,ME-EGSS05小组,58802520,9,3,15
EGSS-khaledgonam,ME-EGSS05小组,58866417,9,3,15
EGSS-khaledgonam,ME-EGSS05小组,58925465,9,4,14
EGSS-khaledgonam,ME-EGSS05小组,59442652,9,3,15
EGSS-khaledgonam,ME-EGSS05小组,59594751,9,4,14
EGSS-khaledgonam,ME-EGSS05小组,59809548,9,4,14
EGSS-khaledgonam,ME-EGSS05小组,60326794,9,3,15
EGSS-khaledgonam,ME-EGSS05小组,60985574,9,0,18
EGSS-khaledgonam,ME-EGSS05小组,61068263,9,5,13
EGSS-khaledgonam,ME-EGSS05小组,61147183,9,4,14
EGSS-khaledgonam,ME-EGSS05小组,61241416,9,4,14
EGSS-khaledgonam,ME-EGSS05小组,61635530,9,3,15
EGSS-khaledgonam,ME-EGSS05小组,62045158,9,2,16
EGSS-khaledgonam,ME-EGSS05小组,62146040,9,4,14
EGSS-khaledgonam,ME-EGSS05小组,62449261,9,3,15
EGSS-khaledgonam,ME-EGSS05小组,62499032,9,3,15
EGSS-khaledgonam,ME-EGSS05小组,63613989,9,4,14
EGSS-khaledgonam,ME-EGSS05小组,64113784,9,0,18
EGSS-khaledgonam,ME-EGSS05小组,58307217,8,0,16
EGSS-khaledgonam,ME-EGSS05小组,58575677,8,2,14
EGSS-khaledgonam,ME-EGSS05小组,59267062,8,3,13
EGSS-khaledgonam,ME-EGSS05小组,59495068,8,2,14
EGSS-khaledgonam,ME-EGSS05小组,59707248,8,4,12
EGSS-khaledgonam,ME-EGSS05小组,59750382,8,4,12
EGSS-khaledgonam,ME-EGSS05小组,60193052,8,4,12
EGSS-khaledgonam,ME-EGSS05小组,60666469,8,4,12
EGSS-khaledgonam,ME-EGSS05小组,60718432,8,2,14
EGSS-khaledgonam,ME-EGSS05小组,60718623,8,3,13
EGSS-khaledgonam,ME-EGSS05小组,61966428,8,4,12
EGSS-khaledgonam,ME-EGSS05小组,62073807,8,4,12
EGSS-khaledgonam,ME-EGSS05小组,62123728,8,0,16
EGSS-khaledgonam,ME-EGSS05小组,62432456,8,4,12
EGSS-khaledgonam,ME-EGSS05小组,62582222,8,2,14
EGSS-khaledgonam,ME-EGSS05小组,62787299,8,1,15
EGSS-khaledgonam,ME-EGSS05小组,62788773,8,3,13
EGSS-khaledgonam,ME-EGSS05小组,62814948,8,4,12
EGSS-khaledgonam,ME-EGSS05小组,63161681,8,5,11
EGSS-khaledgonam,ME-EGSS05小组,63257314,8,3,13
EGSS-khaledgonam,ME-EGSS05小组,63389237,8,4,12
EGSS-khaledgonam,ME-EGSS05小组,63736770,8,2,14
EGSS-khaledgonam,ME-EGSS05小组,63812631,8,3,13
EGSS-khaledgonam,ME-EGSS05小组,64113463,8,1,15
EGSS-khaledgonam,ME-EGSS05小组,64115210,8,0,16
EGSS-khaledgonam,ME-EGSS05小组,58300787,7,0,14
EGSS-khaledgonam,ME-EGSS05小组,58682342,7,0,14
EGSS-khaledgonam,ME-EGSS05小组,58793010,7,2,12
EGSS-khaledgonam,ME-EGSS05小组,59472042,7,4,10
EGSS-khaledgonam,ME-EGSS05小组,59783285,7,3,11
EGSS-khaledgonam,ME-EGSS05小组,59912253,7,4,10
EGSS-khaledgonam,ME-EGSS05小组,60427829,7,0,14
EGSS-khaledgonam,ME-EGSS05小组,60433632,7,4,10
EGSS-khaledgonam,ME-EGSS05小组,62339566,7,4,10
EGSS-khaledgonam,ME-EGSS05小组,62776485,7,3,11
EGSS-khaledgonam,ME-EGSS05小组,62840122,7,4,10
EGSS-khaledgonam,ME-EGSS05小组,62932132,7,4,10
EGSS-khaledgonam,ME-EGSS05小组,63351646,7,0,14
EGSS-khaledgonam,ME-EGSS05小组,58304605,6,0,12
EGSS-khaledgonam,ME-EGSS05小组,58347739,6,4,8
EGSS-khaledgonam,ME-EGSS05小组,58559228,6,1,11
EGSS-khaledgonam,ME-EGSS05小组,59352874,6,0,12
EGSS-khaledgonam,ME-EGSS05小组,59469037,6,1,11
EGSS-khaledgonam,ME-EGSS05小组,59695639,6,4,8
EGSS-khaledgonam,ME-EGSS05小组,60115463,6,5,7
EGSS-khaledgonam,ME-EGSS05小组,60194274,6,0,12
EGSS-khaledgonam,ME-EGSS05小组,60307536,6,0,12
EGSS-khaledgonam,ME-EGSS05小组,60714252,6,4,8
EGSS-khaledgonam,ME-EGSS05小组,60915663,6,3,9
EGSS-khaledgonam,ME-EGSS05小组,62065610,6,0,12
EGSS-khaledgonam,ME-EGSS05小组,62455620,6,3,9
EGSS-khaledgonam,ME-EGSS05小组,62472202,6,2,10
EGSS-khaledgonam,ME-EGSS05小组,62491234,6,3,9
EGSS-khaledgonam,ME-EGSS05小组,62566994,6,2,10
EGSS-khaledgonam,ME-EGSS05小组,62600215,6,3,9
EGSS-khaledgonam,ME-EGSS05小组,62919610,6,4,8
EGSS-khaledgonam,ME-EGSS05小组,63317050,6,5,7
EGSS-khaledgonam,ME-EGSS05小组,63357957,6,0,12
EGSS-khaledgonam,ME-EGSS05小组,63452831,6,3,9
EGSS-khaledgonam,ME-EGSS05小组,63470055,6,3,9
EGSS-khaledgonam,ME-EGSS05小组,58367131,5,3,7
EGSS-khaledgonam,ME-EGSS05小组,58578534,5,1,9
EGSS-khaledgonam,ME-EGSS05小组,58972096,5,3,7
EGSS-khaledgonam,ME-EGSS05小组,59171545,5,0,10
EGSS-khaledgonam,ME-EGSS05小组,59359310,5,4,6
EGSS-khaledgonam,ME-EGSS05小组,60139648,5,0,10
EGSS-khaledgonam,ME-EGSS05小组,60152691,5,0,10
EGSS-khaledgonam,ME-EGSS05小组,60852440,5,0,10
EGSS-khaledgonam,ME-EGSS05小组,61463281,5,3,7
EGSS-khaledgonam,ME-EGSS05小组,62005793,5,1,9
EGSS-khaledgonam,ME-EGSS05小组,62637283,5,4,6
EGSS-khaledgonam,ME-EGSS05小组,63046356,5,4,6
EGSS-khaledgonam,ME-EGSS05小组,63086572,5,0,10
EGSS-khaledgonam,ME-EGSS05小组,63257138,5,3,7
EGSS-khaledgonam,ME-EGSS05小组,63273724,5,0,10
EGSS-khaledgonam,ME-EGSS05小组,63324423,5,3,7
EGSS-khaledgonam,ME-EGSS05小组,63437657,5,4,6
EGSS-khaledgonam,ME-EGSS05小组,63609206,5,1,9
EGSS-khaledgonam,ME-EGSS05小组,63702549,5,0,10
EGSS-khaledgonam,ME-EGSS05小组,59264819,4,5,3
EGSS-khaledgonam,ME-EGSS05小组,60177401,4,4,4
EGSS-khaledgonam,ME-EGSS05小组,60241173,4,0,8
EGSS-khaledgonam,ME-EGSS05小组,61225330,4,1,7
EGSS-khaledgonam,ME-EGSS05小组,61511084,4,4,4
EGSS-khaledgonam,ME-EGSS05小组,62490847,4,4,4
EGSS-khaledgonam,ME-EGSS05小组,62802422,4,2,6
EGSS-khaledgonam,ME-EGSS05小组,63024935,4,0,8
EGSS-khaledgonam,ME-EGSS05小组,63321567,4,1,7
EGSS-khaledgonam,ME-EGSS05小组,63395811,4,0,8
EGSS-khaledgonam,ME-EGSS05小组,63809911,4,2,6
EGSS-khaledgonam,ME-EGSS05小组,59490351,3,1,5
EGSS-khaledgonam,ME-EGSS05小组,61605442,3,5,1
EGSS-khaledgonam,ME-EGSS05小组,62630490,3,5,1
EGSS-khaledgonam,ME-EGSS05小组,62960075,3,4,2
EGSS-khaledgonam,ME-EGSS05小组,63416804,3,4,2
EGSS-khaledgonam,ME-EGSS05小组,63648653,3,3,3
EGSS-khaledgonam,ME-EGSS05小组,58339614,2,0,4
EGSS-khaledgonam,ME-EGSS05小组,60868504,2,4,0
EGSS-khaledgonam,ME-EGSS05小组,60923195,2,4,0
EGSS-khaledgonam,ME-EGSS05小组,61003902,2,3,1
EGSS-khaledgonam,ME-EGSS05小组,61271617,2,3,1
EGSS-khaledgonam,ME-EGSS05小组,61482785,2,3,1
EGSS-khaledgonam,ME-EGSS05小组,61511082,2,4,0
EGSS-khaledgonam,ME-EGSS05小组,61684505,2,0,4
EGSS-khaledgonam,ME-EGSS05小组,62018684,2,5,-1
EGSS-khaledgonam,ME-EGSS05小组,62423258,2,0,4
EGSS-khaledgonam,ME-EGSS05小组,62630577,2,5,-1
EGSS-mahmoud04,ME-EGSS01小组,58677569,22,8,36
EGSS-mahmoud04,ME-EGSS01小组,63994130,21,4,38
EGSS-mahmoud04,ME-EGSS01小组,64126174,20,6,34
EGSS-mahmoud04,ME-EGSS01小组,60398235,19,6,32
EGSS-mahmoud04,ME-EGSS01小组,63112523,19,6,32
EGSS-mahmoud04,ME-EGSS01小组,63994116,19,4,34
EGSS-mahmoud04,ME-EGSS01小组,64157762,19,6,32
EGSS-mahmoud04,ME-EGSS01小组,59432593,18,6,30
EGSS-mahmoud04,ME-EGSS01小组,59652010,18,5,31
EGSS-mahmoud04,ME-EGSS01小组,59950176,18,4,32
EGSS-mahmoud04,ME-EGSS01小组,60634799,18,4,32
EGSS-mahmoud04,ME-EGSS01小组,60995017,18,5,31
EGSS-mahmoud04,ME-EGSS01小组,64051178,18,6,30
EGSS-mahmoud04,ME-EGSS01小组,58800297,17,4,30
EGSS-mahmoud04,ME-EGSS01小组,60164906,17,4,30
EGSS-mahmoud04,ME-EGSS01小组,61346064,17,4,30
EGSS-mahmoud04,ME-EGSS01小组,62609058,17,5,29
EGSS-mahmoud04,ME-EGSS01小组,62810639,17,4,30
EGSS-mahmoud04,ME-EGSS01小组,64149213,17,5,29
EGSS-mahmoud04,ME-EGSS01小组,64158995,17,5,29
EGSS-mahmoud04,ME-EGSS01小组,58358163,16,5,27
EGSS-mahmoud04,ME-EGSS01小组,61079684,16,5,27
EGSS-mahmoud04,ME-EGSS01小组,62597030,16,5,27
EGSS-mahmoud04,ME-EGSS01小组,63024656,16,6,26
EGSS-mahmoud04,ME-EGSS01小组,63204331,16,0,32
EGSS-mahmoud04,ME-EGSS01小组,63646074,16,4,28
EGSS-mahmoud04,ME-EGSS01小组,64039636,16,4,28
EGSS-mahmoud04,ME-EGSS01小组,60645953,15,5,25
EGSS-mahmoud04,ME-EGSS01小组,63288335,15,5,25
EGSS-mahmoud04,ME-EGSS01小组,63656984,15,5,25
EGSS-mahmoud04,ME-EGSS01小组,64058388,15,6,24
EGSS-mahmoud04,ME-EGSS01小组,58969360,14,1,27
EGSS-mahmoud04,ME-EGSS01小组,60986615,14,4,24
EGSS-mahmoud04,ME-EGSS01小组,61582328,14,4,24
EGSS-mahmoud04,ME-EGSS01小组,62713629,14,4,24
EGSS-mahmoud04,ME-EGSS01小组,62803943,14,4,24
EGSS-mahmoud04,ME-EGSS01小组,62843453,14,4,24
EGSS-mahmoud04,ME-EGSS01小组,62850957,14,4,24
EGSS-mahmoud04,ME-EGSS01小组,63228345,14,4,24
EGSS-mahmoud04,ME-EGSS01小组,63256521,14,2,26
EGSS-mahmoud04,ME-EGSS01小组,63803791,14,4,24
EGSS-mahmoud04,ME-EGSS01小组,63822902,14,4,24
EGSS-mahmoud04,ME-EGSS01小组,64067318,14,6,22
EGSS-mahmoud04,ME-EGSS01小组,59656700,13,4,22
EGSS-mahmoud04,ME-EGSS01小组,60697420,13,4,22
EGSS-mahmoud04,ME-EGSS01小组,61168915,13,0,26
EGSS-mahmoud04,ME-EGSS01小组,61232433,13,4,22
EGSS-mahmoud04,ME-EGSS01小组,61501538,13,5,21
EGSS-mahmoud04,ME-EGSS01小组,61824757,13,4,22
EGSS-mahmoud04,ME-EGSS01小组,62074159,13,4,22
EGSS-mahmoud04,ME-EGSS01小组,62527195,13,4,22
EGSS-mahmoud04,ME-EGSS01小组,62550351,13,4,22
EGSS-mahmoud04,ME-EGSS01小组,62851062,13,4,22
EGSS-mahmoud04,ME-EGSS01小组,62988534,13,4,22
EGSS-mahmoud04,ME-EGSS01小组,63207813,13,5,21
EGSS-mahmoud04,ME-EGSS01小组,63498516,13,6,20
EGSS-mahmoud04,ME-EGSS01小组,63887782,13,4,22
EGSS-mahmoud04,ME-EGSS01小组,64051649,13,3,23
EGSS-mahmoud04,ME-EGSS01小组,59657775,12,4,20
EGSS-mahmoud04,ME-EGSS01小组,60201924,12,4,20
EGSS-mahmoud04,ME-EGSS01小组,60530429,12,4,20
EGSS-mahmoud04,ME-EGSS01小组,61054339,12,6,18
EGSS-mahmoud04,ME-EGSS01小组,61197401,12,2,22
EGSS-mahmoud04,ME-EGSS01小组,61663865,12,4,20
EGSS-mahmoud04,ME-EGSS01小组,61803848,12,4,20
EGSS-mahmoud04,ME-EGSS01小组,62006900,12,3,21
EGSS-mahmoud04,ME-EGSS01小组,62022561,12,4,20
EGSS-mahmoud04,ME-EGSS01小组,62127091,12,4,20
EGSS-mahmoud04,ME-EGSS01小组,62128101,12,4,20
EGSS-mahmoud04,ME-EGSS01小组,62216907,12,4,20
EGSS-mahmoud04,ME-EGSS01小组,62449528,12,0,24
EGSS-mahmoud04,ME-EGSS01小组,62609412,12,5,19
EGSS-mahmoud04,ME-EGSS01小组,62615466,12,4,20
EGSS-mahmoud04,ME-EGSS01小组,62615885,12,4,20
EGSS-mahmoud04,ME-EGSS01小组,62823477,12,1,23
EGSS-mahmoud04,ME-EGSS01小组,62823903,12,1,23
EGSS-mahmoud04,ME-EGSS01小组,62962279,12,0,24
EGSS-mahmoud04,ME-EGSS01小组,62962424,12,4,20
EGSS-mahmoud04,ME-EGSS01小组,63088246,12,4,20
EGSS-mahmoud04,ME-EGSS01小组,63188140,12,4,20
EGSS-mahmoud04,ME-EGSS01小组,63375686,12,4,20
EGSS-mahmoud04,ME-EGSS01小组,63384852,12,4,20
EGSS-mahmoud04,ME-EGSS01小组,63572622,12,2,22
EGSS-mahmoud04,ME-EGSS01小组,63584101,12,3,21
EGSS-mahmoud04,ME-EGSS01小组,63628747,12,0,24
EGSS-mahmoud04,ME-EGSS01小组,63790869,12,4,20
EGSS-mahmoud04,ME-EGSS01小组,64050275,12,4,20
EGSS-mahmoud04,ME-EGSS01小组,58328823,11,2,20
EGSS-mahmoud04,ME-EGSS01小组,58524120,11,4,18
EGSS-mahmoud04,ME-EGSS01小组,58784585,11,2,20
EGSS-mahmoud04,ME-EGSS01小组,58872614,11,3,19
EGSS-mahmoud04,ME-EGSS01小组,59097454,11,5,17
EGSS-mahmoud04,ME-EGSS01小组,59849952,11,3,19
EGSS-mahmoud04,ME-EGSS01小组,60049708,11,5,17
EGSS-mahmoud04,ME-EGSS01小组,60203243,11,0,22
EGSS-mahmoud04,ME-EGSS01小组,60313810,11,4,18
EGSS-mahmoud04,ME-EGSS01小组,60623669,11,6,16
EGSS-mahmoud04,ME-EGSS01小组,61514345,11,4,18
EGSS-mahmoud04,ME-EGSS01小组,61624655,11,4,18
EGSS-mahmoud04,ME-EGSS01小组,62141693,11,2,20
EGSS-mahmoud04,ME-EGSS01小组,62233485,11,4,18
EGSS-mahmoud04,ME-EGSS01小组,62520412,11,4,18
EGSS-mahmoud04,ME-EGSS01小组,62589986,11,3,19
EGSS-mahmoud04,ME-EGSS01小组,62630222,11,5,17
EGSS-mahmoud04,ME-EGSS01小组,63088262,11,1,21
EGSS-mahmoud04,ME-EGSS01小组,63178748,11,4,18
EGSS-mahmoud04,ME-EGSS01小组,63225293,11,3,19
EGSS-mahmoud04,ME-EGSS01小组,63464843,11,3,19
EGSS-mahmoud04,ME-EGSS01小组,63489224,11,3,19
EGSS-mahmoud04,ME-EGSS01小组,63735712,11,3,19
EGSS-mahmoud04,ME-EGSS01小组,63793970,11,3,19
EGSS-mahmoud04,ME-EGSS01小组,63927579,11,4,18
EGSS-mahmoud04,ME-EGSS01小组,58785483,10,3,17
EGSS-mahmoud04,ME-EGSS01小组,59288427,10,3,17
EGSS-mahmoud04,ME-EGSS01小组,59326389,10,4,16
EGSS-mahmoud04,ME-EGSS01小组,59354432,10,1,19
EGSS-mahmoud04,ME-EGSS01小组,59371832,10,3,17
EGSS-mahmoud04,ME-EGSS01小组,59922812,10,3,17
EGSS-mahmoud04,ME-EGSS01小组,60152347,10,2,18
EGSS-mahmoud04,ME-EGSS01小组,60347437,10,2,18
EGSS-mahmoud04,ME-EGSS01小组,60457923,10,4,16
EGSS-mahmoud04,ME-EGSS01小组,60474530,10,2,18
EGSS-mahmoud04,ME-EGSS01小组,61767779,10,3,17
EGSS-mahmoud04,ME-EGSS01小组,62857023,10,2,18
EGSS-mahmoud04,ME-EGSS01小组,62880545,10,0,20
EGSS-mahmoud04,ME-EGSS01小组,63163593,10,4,16
EGSS-mahmoud04,ME-EGSS01小组,63213188,10,3,17
EGSS-mahmoud04,ME-EGSS01小组,63213624,10,3,17
EGSS-mahmoud04,ME-EGSS01小组,63380092,10,4,16
EGSS-mahmoud04,ME-EGSS01小组,63424521,10,3,17
EGSS-mahmoud04,ME-EGSS01小组,63639049,10,3,17
EGSS-mahmoud04,ME-EGSS01小组,64125252,10,3,17
EGSS-mahmoud04,ME-EGSS01小组,64143642,10,6,14
EGSS-mahmoud04,ME-EGSS01小组,57975891,9,3,15
EGSS-mahmoud04,ME-EGSS01小组,58590703,9,3,15
EGSS-mahmoud04,ME-EGSS01小组,58614551,9,4,14
EGSS-mahmoud04,ME-EGSS01小组,58630573,9,3,15
EGSS-mahmoud04,ME-EGSS01小组,58889225,9,4,14
EGSS-mahmoud04,ME-EGSS01小组,59063867,9,4,14
EGSS-mahmoud04,ME-EGSS01小组,59082657,9,4,14
EGSS-mahmoud04,ME-EGSS01小组,59454823,9,3,15
EGSS-mahmoud04,ME-EGSS01小组,59809643,9,4,14
EGSS-mahmoud04,ME-EGSS01小组,60152948,9,0,18
EGSS-mahmoud04,ME-EGSS01小组,60253777,9,4,14
EGSS-mahmoud04,ME-EGSS01小组,60298576,9,3,15
EGSS-mahmoud04,ME-EGSS01小组,60345933,9,2,16
EGSS-mahmoud04,ME-EGSS01小组,61102780,9,4,14
EGSS-mahmoud04,ME-EGSS01小组,61523095,9,3,15
EGSS-mahmoud04,ME-EGSS01小组,61717497,9,2,16
EGSS-mahmoud04,ME-EGSS01小组,61803185,9,4,14
EGSS-mahmoud04,ME-EGSS01小组,61836473,9,4,14
EGSS-mahmoud04,ME-EGSS01小组,61838048,9,3,15
EGSS-mahmoud04,ME-EGSS01小组,61983930,9,0,18
EGSS-mahmoud04,ME-EGSS01小组,62032162,9,0,18
EGSS-mahmoud04,ME-EGSS01小组,62401080,9,1,17
EGSS-mahmoud04,ME-EGSS01小组,62439178,9,3,15
EGSS-mahmoud04,ME-EGSS01小组,62534411,9,4,14
EGSS-mahmoud04,ME-EGSS01小组,62855101,9,5,13
EGSS-mahmoud04,ME-EGSS01小组,62857027,9,4,14
EGSS-mahmoud04,ME-EGSS01小组,63095316,9,4,14
EGSS-mahmoud04,ME-EGSS01小组,63267107,9,1,17
EGSS-mahmoud04,ME-EGSS01小组,63378710,9,3,15
EGSS-mahmoud04,ME-EGSS01小组,63447965,9,2,16
EGSS-mahmoud04,ME-EGSS01小组,63451623,9,3,15
EGSS-mahmoud04,ME-EGSS01小组,63503004,9,4,14
EGSS-mahmoud04,ME-EGSS01小组,63508964,9,5,13
EGSS-mahmoud04,ME-EGSS01小组,63744048,9,2,16
EGSS-mahmoud04,ME-EGSS01小组,63782728,9,3,15
EGSS-mahmoud04,ME-EGSS01小组,63929460,9,6,12
EGSS-mahmoud04,ME-EGSS01小组,63961477,9,3,15
EGSS-mahmoud04,ME-EGSS01小组,63987019,9,2,16
EGSS-mahmoud04,ME-EGSS01小组,58169287,8,3,13
EGSS-mahmoud04,ME-EGSS01小组,59927480,8,3,13
EGSS-mahmoud04,ME-EGSS01小组,60012540,8,2,14
EGSS-mahmoud04,ME-EGSS01小组,60144641,8,3,13
EGSS-mahmoud04,ME-EGSS01小组,60207423,8,2,14
EGSS-mahmoud04,ME-EGSS01小组,60736210,8,3,13
EGSS-mahmoud04,ME-EGSS01小组,60804633,8,4,12
EGSS-mahmoud04,ME-EGSS01小组,61220328,8,4,12
EGSS-mahmoud04,ME-EGSS01小组,61867901,8,3,13
EGSS-mahmoud04,ME-EGSS01小组,61923679,8,3,13
EGSS-mahmoud04,ME-EGSS01小组,62262418,8,4,12
EGSS-mahmoud04,ME-EGSS01小组,62395119,8,4,12
EGSS-mahmoud04,ME-EGSS01小组,62424275,8,1,15
EGSS-mahmoud04,ME-EGSS01小组,62471693,8,2,14
EGSS-mahmoud04,ME-EGSS01小组,62499085,8,3,13
EGSS-mahmoud04,ME-EGSS01小组,62955931,8,3,13
EGSS-mahmoud04,ME-EGSS01小组,63152139,8,4,12
EGSS-mahmoud04,ME-EGSS01小组,58322424,7,4,10
EGSS-mahmoud04,ME-EGSS01小组,58692487,7,0,14
EGSS-mahmoud04,ME-EGSS01小组,58863573,7,4,10
EGSS-mahmoud04,ME-EGSS01小组,59088179,7,3,11
EGSS-mahmoud04,ME-EGSS01小组,59101330,7,4,10
EGSS-mahmoud04,ME-EGSS01小组,59899133,7,2,12
EGSS-mahmoud04,ME-EGSS01小组,60189696,7,3,11
EGSS-mahmoud04,ME-EGSS01小组,60613808,7,2,12
EGSS-mahmoud04,ME-EGSS01小组,60697183,7,4,10
EGSS-mahmoud04,ME-EGSS01小组,60926660,7,0,14
EGSS-mahmoud04,ME-EGSS01小组,60938883,7,2,12
EGSS-mahmoud04,ME-EGSS01小组,61666459,7,4,10
EGSS-mahmoud04,ME-EGSS01小组,61722582,7,1,13
EGSS-mahmoud04,ME-EGSS01小组,62091413,7,3,11
EGSS-mahmoud04,ME-EGSS01小组,62351077,7,4,10
EGSS-mahmoud04,ME-EGSS01小组,62423558,7,2,12
EGSS-mahmoud04,ME-EGSS01小组,62511454,7,4,10
EGSS-mahmoud04,ME-EGSS01小组,62870608,7,3,11
EGSS-mahmoud04,ME-EGSS01小组,62976583,7,3,11
EGSS-mahmoud04,ME-EGSS01小组,63574349,7,2,12
EGSS-mahmoud04,ME-EGSS01小组,63585131,7,4,10
EGSS-mahmoud04,ME-EGSS01小组,58343551,6,3,9
EGSS-mahmoud04,ME-EGSS01小组,58615004,6,3,9
EGSS-mahmoud04,ME-EGSS01小组,58663550,6,1,11
EGSS-mahmoud04,ME-EGSS01小组,58886817,6,3,9
EGSS-mahmoud04,ME-EGSS01小组,59168117,6,7,5
EGSS-mahmoud04,ME-EGSS01小组,59450779,6,3,9
EGSS-mahmoud04,ME-EGSS01小组,59615149,6,0,12
EGSS-mahmoud04,ME-EGSS01小组,60147230,6,0,12
EGSS-mahmoud04,ME-EGSS01小组,60827058,6,0,12
EGSS-mahmoud04,ME-EGSS01小组,61050768,6,2,10
EGSS-mahmoud04,ME-EGSS01小组,61616116,6,3,9
EGSS-mahmoud04,ME-EGSS01小组,61840681,6,3,9
EGSS-mahmoud04,ME-EGSS01小组,63112692,6,4,8
EGSS-mahmoud04,ME-EGSS01小组,63409036,6,4,8
EGSS-mahmoud04,ME-EGSS01小组,63961098,6,3,9
EGSS-mahmoud04,ME-EGSS01小组,58979371,5,0,10
EGSS-mahmoud04,ME-EGSS01小组,60778908,5,3,7
EGSS-mahmoud04,ME-EGSS01小组,61339789,5,0,10
EGSS-mahmoud04,ME-EGSS01小组,62409267,5,3,7
EGSS-mahmoud04,ME-EGSS01小组,62419320,5,0,10
EGSS-mahmoud04,ME-EGSS01小组,62427016,5,2,8
EGSS-mahmoud04,ME-EGSS01小组,62437596,5,0,10
EGSS-mahmoud04,ME-EGSS01小组,62862962,5,4,6
EGSS-mahmoud04,ME-EGSS01小组,62870420,5,3,7
EGSS-mahmoud04,ME-EGSS01小组,63072588,5,4,6
EGSS-mahmoud04,ME-EGSS01小组,63578890,5,2,8
EGSS-mahmoud04,ME-EGSS01小组,63591071,5,4,6
EGSS-mahmoud04,ME-EGSS01小组,63887738,5,2,8
EGSS-mahmoud04,ME-EGSS01小组,58825613,4,0,8
EGSS-mahmoud04,ME-EGSS01小组,59522854,4,3,5
EGSS-mahmoud04,ME-EGSS01小组,60196292,4,1,7
EGSS-mahmoud04,ME-EGSS01小组,60571553,4,2,6
EGSS-mahmoud04,ME-EGSS01小组,60589906,4,4,4
EGSS-mahmoud04,ME-EGSS01小组,60672564,4,2,6
EGSS-mahmoud04,ME-EGSS01小组,60750374,4,4,4
EGSS-mahmoud04,ME-EGSS01小组,61512169,4,0,8
EGSS-mahmoud04,ME-EGSS01小组,61967081,4,0,8
EGSS-mahmoud04,ME-EGSS01小组,62010884,4,5,3
EGSS-mahmoud04,ME-EGSS01小组,62686694,4,3,5
EGSS-mahmoud04,ME-EGSS01小组,62870326,4,3,5
EGSS-mahmoud04,ME-EGSS01小组,63584961,4,4,4
EGSS-mahmoud04,ME-EGSS01小组,64112159,4,1,7
EGSS-mahmoud04,ME-EGSS01小组,61438126,3,2,4
EGSS-mahmoud04,ME-EGSS01小组,63522668,3,0,6
EGSS-mahmoud04,ME-EGSS01小组,58664684,2,0,4
EGSS-mahmoud04,ME-EGSS01小组,59578673,2,4,0
EGSS-mahmoud04,ME-EGSS01小组,59579205,2,0,4
EGSS-mahmoud04,ME-EGSS01小组,60141044,2,2,2
EGSS-mahmoud04,ME-EGSS01小组,60149948,2,2,2
EGSS-mahmoud04,ME-EGSS01小组,60151685,2,2,2
EGSS-mahmoud04,ME-EGSS01小组,60597337,2,4,0
EGSS-mahmoud04,ME-EGSS01小组,61064269,2,3,1
EGSS-mahmoud04,ME-EGSS01小组,61383560,2,0,4
EGSS-mahmoud04,ME-EGSS01小组,62310168,2,2,2
EGSS-mahmoud04,ME-EGSS01小组,62674764,2,2,2
EGSS-mahmoud04,ME-EGSS01小组,62687751,2,3,1
EGSS-mahmoud04,ME-EGSS01小组,63102368,2,0,4
EGSS-mahmoudkhamis,ME-EGSS10小组,63838778,33,8,58
EGSS-mahmoudkhamis,ME-EGSS10小组,63803302,21,2,40
EGSS-mahmoudkhamis,ME-EGSS10小组,63803060,20,2,38
EGSS-mahmoudkhamis,ME-EGSS10小组,59059005,18,4,32
EGSS-mahmoudkhamis,ME-EGSS10小组,63672473,18,4,32
EGSS-mahmoudkhamis,ME-EGSS10小组,58752604,17,4,30
EGSS-mahmoudkhamis,ME-EGSS10小组,59358241,17,5,29
EGSS-mahmoudkhamis,ME-EGSS10小组,60678956,17,4,30
EGSS-mahmoudkhamis,ME-EGSS10小组,61320402,17,5,29
EGSS-mahmoudkhamis,ME-EGSS10小组,63425289,17,4,30
EGSS-mahmoudkhamis,ME-EGSS10小组,63692582,17,6,28
EGSS-mahmoudkhamis,ME-EGSS10小组,59797604,16,5,27
EGSS-mahmoudkhamis,ME-EGSS10小组,59835838,16,2,30
EGSS-mahmoudkhamis,ME-EGSS10小组,61309925,16,5,27
EGSS-mahmoudkhamis,ME-EGSS10小组,62478046,16,4,28
EGSS-mahmoudkhamis,ME-EGSS10小组,63556897,16,0,32
EGSS-mahmoudkhamis,ME-EGSS10小组,63838129,16,4,28
EGSS-mahmoudkhamis,ME-EGSS10小组,63838942,16,4,28
EGSS-mahmoudkhamis,ME-EGSS10小组,58196833,15,0,30
EGSS-mahmoudkhamis,ME-EGSS10小组,60276790,15,4,26
EGSS-mahmoudkhamis,ME-EGSS10小组,61432393,15,3,27
EGSS-mahmoudkhamis,ME-EGSS10小组,62523142,15,4,26
EGSS-mahmoudkhamis,ME-EGSS10小组,63539081,15,3,27
EGSS-mahmoudkhamis,ME-EGSS10小组,63822354,15,0,30
EGSS-mahmoudkhamis,ME-EGSS10小组,63838953,15,4,26
EGSS-mahmoudkhamis,ME-EGSS10小组,63927894,15,4,26
EGSS-mahmoudkhamis,ME-EGSS10小组,58141729,14,3,25
EGSS-mahmoudkhamis,ME-EGSS10小组,59231327,14,5,23
EGSS-mahmoudkhamis,ME-EGSS10小组,59581025,14,0,28
EGSS-mahmoudkhamis,ME-EGSS10小组,59618942,14,4,24
EGSS-mahmoudkhamis,ME-EGSS10小组,59986243,14,4,24
EGSS-mahmoudkhamis,ME-EGSS10小组,60901719,14,2,26
EGSS-mahmoudkhamis,ME-EGSS10小组,61134036,14,4,24
EGSS-mahmoudkhamis,ME-EGSS10小组,62338441,14,4,24
EGSS-mahmoudkhamis,ME-EGSS10小组,62712995,14,4,24
EGSS-mahmoudkhamis,ME-EGSS10小组,62903039,14,3,25
EGSS-mahmoudkhamis,ME-EGSS10小组,62903133,14,3,25
EGSS-mahmoudkhamis,ME-EGSS10小组,63114523,14,4,24
EGSS-mahmoudkhamis,ME-EGSS10小组,63265846,14,4,24
EGSS-mahmoudkhamis,ME-EGSS10小组,63309400,14,4,24
EGSS-mahmoudkhamis,ME-EGSS10小组,63572572,14,4,24
EGSS-mahmoudkhamis,ME-EGSS10小组,63681020,14,4,24
EGSS-mahmoudkhamis,ME-EGSS10小组,63735735,14,2,26
EGSS-mahmoudkhamis,ME-EGSS10小组,59604996,13,4,22
EGSS-mahmoudkhamis,ME-EGSS10小组,60947491,13,4,22
EGSS-mahmoudkhamis,ME-EGSS10小组,61124577,13,4,22
EGSS-mahmoudkhamis,ME-EGSS10小组,61127600,13,4,22
EGSS-mahmoudkhamis,ME-EGSS10小组,62290823,13,4,22
EGSS-mahmoudkhamis,ME-EGSS10小组,62338705,13,4,22
EGSS-mahmoudkhamis,ME-EGSS10小组,62575442,13,0,26
EGSS-mahmoudkhamis,ME-EGSS10小组,62628560,13,4,22
EGSS-mahmoudkhamis,ME-EGSS10小组,62824343,13,4,22
EGSS-mahmoudkhamis,ME-EGSS10小组,63034742,13,4,22
EGSS-mahmoudkhamis,ME-EGSS10小组,63225332,13,3,23
EGSS-mahmoudkhamis,ME-EGSS10小组,63309626,13,4,22
EGSS-mahmoudkhamis,ME-EGSS10小组,63602083,13,4,22
EGSS-mahmoudkhamis,ME-EGSS10小组,63602457,13,4,22
EGSS-mahmoudkhamis,ME-EGSS10小组,63712577,13,2,24
EGSS-mahmoudkhamis,ME-EGSS10小组,63864149,13,4,22
EGSS-mahmoudkhamis,ME-EGSS10小组,64050014,13,3,23
EGSS-mahmoudkhamis,ME-EGSS10小组,58808699,12,3,21
EGSS-mahmoudkhamis,ME-EGSS10小组,60536595,12,4,20
EGSS-mahmoudkhamis,ME-EGSS10小组,60539502,12,4,20
EGSS-mahmoudkhamis,ME-EGSS10小组,60853692,12,4,20
EGSS-mahmoudkhamis,ME-EGSS10小组,60864540,12,5,19
EGSS-mahmoudkhamis,ME-EGSS10小组,61127764,12,4,20
EGSS-mahmoudkhamis,ME-EGSS10小组,61127805,12,4,20
EGSS-mahmoudkhamis,ME-EGSS10小组,61230404,12,3,21
EGSS-mahmoudkhamis,ME-EGSS10小组,61292519,12,4,20
EGSS-mahmoudkhamis,ME-EGSS10小组,61514239,12,3,21
EGSS-mahmoudkhamis,ME-EGSS10小组,61770116,12,3,21
EGSS-mahmoudkhamis,ME-EGSS10小组,62347647,12,2,22
EGSS-mahmoudkhamis,ME-EGSS10小组,62818577,12,0,24
EGSS-mahmoudkhamis,ME-EGSS10小组,62855291,12,4,20
EGSS-mahmoudkhamis,ME-EGSS10小组,63309644,12,4,20
EGSS-mahmoudkhamis,ME-EGSS10小组,63803377,12,3,21
EGSS-mahmoudkhamis,ME-EGSS10小组,58726628,11,1,21
EGSS-mahmoudkhamis,ME-EGSS10小组,59129700,11,3,19
EGSS-mahmoudkhamis,ME-EGSS10小组,62065687,11,2,20
EGSS-mahmoudkhamis,ME-EGSS10小组,62156372,11,2,20
EGSS-mahmoudkhamis,ME-EGSS10小组,62156537,11,2,20
EGSS-mahmoudkhamis,ME-EGSS10小组,62238385,11,2,20
EGSS-mahmoudkhamis,ME-EGSS10小组,62539449,11,4,18
EGSS-mahmoudkhamis,ME-EGSS10小组,62601306,11,0,22
EGSS-mahmoudkhamis,ME-EGSS10小组,62653601,11,2,20
EGSS-mahmoudkhamis,ME-EGSS10小组,62840843,11,4,18
EGSS-mahmoudkhamis,ME-EGSS10小组,62864928,11,4,18
EGSS-mahmoudkhamis,ME-EGSS10小组,62900796,11,2,20
EGSS-mahmoudkhamis,ME-EGSS10小组,62904145,11,2,20
EGSS-mahmoudkhamis,ME-EGSS10小组,63021589,11,4,18
EGSS-mahmoudkhamis,ME-EGSS10小组,63035220,11,4,18
EGSS-mahmoudkhamis,ME-EGSS10小组,63119837,11,3,19
EGSS-mahmoudkhamis,ME-EGSS10小组,63181031,11,4,18
EGSS-mahmoudkhamis,ME-EGSS10小组,63436748,11,3,19
EGSS-mahmoudkhamis,ME-EGSS10小组,63829196,11,1,21
EGSS-mahmoudkhamis,ME-EGSS10小组,58286402,10,3,17
EGSS-mahmoudkhamis,ME-EGSS10小组,59794944,10,3,17
EGSS-mahmoudkhamis,ME-EGSS10小组,60209927,10,2,18
EGSS-mahmoudkhamis,ME-EGSS10小组,60286556,10,3,17
EGSS-mahmoudkhamis,ME-EGSS10小组,60663799,10,4,16
EGSS-mahmoudkhamis,ME-EGSS10小组,60663878,10,4,16
EGSS-mahmoudkhamis,ME-EGSS10小组,60778381,10,3,17
EGSS-mahmoudkhamis,ME-EGSS10小组,60925886,10,2,18
EGSS-mahmoudkhamis,ME-EGSS10小组,61070647,10,3,17
EGSS-mahmoudkhamis,ME-EGSS10小组,61073628,10,0,20
EGSS-mahmoudkhamis,ME-EGSS10小组,61361394,10,0,20
EGSS-mahmoudkhamis,ME-EGSS10小组,61834532,10,4,16
EGSS-mahmoudkhamis,ME-EGSS10小组,62121277,10,4,16
EGSS-mahmoudkhamis,ME-EGSS10小组,62174278,10,1,19
EGSS-mahmoudkhamis,ME-EGSS10小组,62241615,10,2,18
EGSS-mahmoudkhamis,ME-EGSS10小组,62375272,10,3,17
EGSS-mahmoudkhamis,ME-EGSS10小组,62416496,10,2,18
EGSS-mahmoudkhamis,ME-EGSS10小组,62539815,10,3,17
EGSS-mahmoudkhamis,ME-EGSS10小组,62594782,10,4,16
EGSS-mahmoudkhamis,ME-EGSS10小组,62596340,10,4,16
EGSS-mahmoudkhamis,ME-EGSS10小组,62596506,10,3,17
EGSS-mahmoudkhamis,ME-EGSS10小组,62637869,10,3,17
EGSS-mahmoudkhamis,ME-EGSS10小组,62941812,10,3,17
EGSS-mahmoudkhamis,ME-EGSS10小组,62953641,10,3,17
EGSS-mahmoudkhamis,ME-EGSS10小组,63068393,10,4,16
EGSS-mahmoudkhamis,ME-EGSS10小组,63529343,10,3,17
EGSS-mahmoudkhamis,ME-EGSS10小组,63661133,10,4,16
EGSS-mahmoudkhamis,ME-EGSS10小组,63680986,10,2,18
EGSS-mahmoudkhamis,ME-EGSS10小组,63792121,10,4,16
EGSS-mahmoudkhamis,ME-EGSS10小组,63904509,10,1,19
EGSS-mahmoudkhamis,ME-EGSS10小组,63980171,10,3,17
EGSS-mahmoudkhamis,ME-EGSS10小组,64012334,10,3,17
EGSS-mahmoudkhamis,ME-EGSS10小组,64115306,10,1,19
EGSS-mahmoudkhamis,ME-EGSS10小组,64150481,10,4,16
EGSS-mahmoudkhamis,ME-EGSS10小组,64175450,10,3,17
EGSS-mahmoudkhamis,ME-EGSS10小组,58184365,9,3,15
EGSS-mahmoudkhamis,ME-EGSS10小组,58531809,9,3,15
EGSS-mahmoudkhamis,ME-EGSS10小组,59809637,9,4,14
EGSS-mahmoudkhamis,ME-EGSS10小组,59959008,9,1,17
EGSS-mahmoudkhamis,ME-EGSS10小组,61924299,9,3,15
EGSS-mahmoudkhamis,ME-EGSS10小组,61983513,9,4,14
EGSS-mahmoudkhamis,ME-EGSS10小组,62048291,9,4,14
EGSS-mahmoudkhamis,ME-EGSS10小组,62148620,9,1,17
EGSS-mahmoudkhamis,ME-EGSS10小组,62199476,9,0,18
EGSS-mahmoudkhamis,ME-EGSS10小组,62863351,9,3,15
EGSS-mahmoudkhamis,ME-EGSS10小组,62919493,9,3,15
EGSS-mahmoudkhamis,ME-EGSS10小组,63442971,9,4,14
EGSS-mahmoudkhamis,ME-EGSS10小组,63529325,9,3,15
EGSS-mahmoudkhamis,ME-EGSS10小组,63581051,9,2,16
EGSS-mahmoudkhamis,ME-EGSS10小组,63630333,9,4,14
EGSS-mahmoudkhamis,ME-EGSS10小组,63639212,9,3,15
EGSS-mahmoudkhamis,ME-EGSS10小组,63708811,9,4,14
EGSS-mahmoudkhamis,ME-EGSS10小组,63723530,9,4,14
EGSS-mahmoudkhamis,ME-EGSS10小组,63732141,9,4,14
EGSS-mahmoudkhamis,ME-EGSS10小组,63911535,9,3,15
EGSS-mahmoudkhamis,ME-EGSS10小组,64034449,9,1,17
EGSS-mahmoudkhamis,ME-EGSS10小组,64072727,9,3,15
EGSS-mahmoudkhamis,ME-EGSS10小组,64151114,9,4,14
EGSS-mahmoudkhamis,ME-EGSS10小组,60149892,8,4,12
EGSS-mahmoudkhamis,ME-EGSS10小组,60826872,8,0,16
EGSS-mahmoudkhamis,ME-EGSS10小组,60939361,8,5,11
EGSS-mahmoudkhamis,ME-EGSS10小组,60984950,8,3,13
EGSS-mahmoudkhamis,ME-EGSS10小组,61838388,8,0,16
EGSS-mahmoudkhamis,ME-EGSS10小组,61883506,8,4,12
EGSS-mahmoudkhamis,ME-EGSS10小组,62595312,8,3,13
EGSS-mahmoudkhamis,ME-EGSS10小组,62603095,8,2,14
EGSS-mahmoudkhamis,ME-EGSS10小组,62811182,8,3,13
EGSS-mahmoudkhamis,ME-EGSS10小组,62835040,8,4,12
EGSS-mahmoudkhamis,ME-EGSS10小组,62871565,8,4,12
EGSS-mahmoudkhamis,ME-EGSS10小组,62874125,8,3,13
EGSS-mahmoudkhamis,ME-EGSS10小组,62887483,8,1,15
EGSS-mahmoudkhamis,ME-EGSS10小组,63432882,8,2,14
EGSS-mahmoudkhamis,ME-EGSS10小组,63510075,8,3,13
EGSS-mahmoudkhamis,ME-EGSS10小组,63556993,8,2,14
EGSS-mahmoudkhamis,ME-EGSS10小组,63682169,8,0,16
EGSS-mahmoudkhamis,ME-EGSS10小组,63682349,8,0,16
EGSS-mahmoudkhamis,ME-EGSS10小组,63710428,8,0,16
EGSS-mahmoudkhamis,ME-EGSS10小组,64160486,8,3,13
EGSS-mahmoudkhamis,ME-EGSS10小组,60640398,7,2,12
EGSS-mahmoudkhamis,ME-EGSS10小组,61277256,7,0,14
EGSS-mahmoudkhamis,ME-EGSS10小组,61796086,7,3,11
EGSS-mahmoudkhamis,ME-EGSS10小组,61952195,7,0,14
EGSS-mahmoudkhamis,ME-EGSS10小组,61952450,7,4,10
EGSS-mahmoudkhamis,ME-EGSS10小组,62457899,7,5,9
EGSS-mahmoudkhamis,ME-EGSS10小组,62556182,7,1,13
EGSS-mahmoudkhamis,ME-EGSS10小组,63216516,7,3,11
EGSS-mahmoudkhamis,ME-EGSS10小组,63765605,7,0,14
EGSS-mahmoudkhamis,ME-EGSS10小组,63884854,7,4,10
EGSS-mahmoudkhamis,ME-EGSS10小组,61894104,6,4,8
EGSS-mahmoudkhamis,ME-EGSS10小组,62115315,6,3,9
EGSS-mahmoudkhamis,ME-EGSS10小组,62399485,6,5,7
EGSS-mahmoudkhamis,ME-EGSS10小组,62501302,6,4,8
EGSS-mahmoudkhamis,ME-EGSS10小组,62600095,6,3,9
EGSS-mahmoudkhamis,ME-EGSS10小组,62863398,6,4,8
EGSS-mahmoudkhamis,ME-EGSS10小组,62881028,6,5,7
EGSS-mahmoudkhamis,ME-EGSS10小组,62887484,6,1,11
EGSS-mahmoudkhamis,ME-EGSS10小组,63265206,6,3,9
EGSS-mahmoudkhamis,ME-EGSS10小组,63670750,6,4,8
EGSS-mahmoudkhamis,ME-EGSS10小组,63827887,6,4,8
EGSS-mahmoudkhamis,ME-EGSS10小组,63884677,6,3,9
EGSS-mahmoudkhamis,ME-EGSS10小组,58516358,5,5,5
EGSS-mahmoudkhamis,ME-EGSS10小组,58617061,5,1,9
EGSS-mahmoudkhamis,ME-EGSS10小组,59355217,5,0,10
EGSS-mahmoudkhamis,ME-EGSS10小组,60254388,5,3,7
EGSS-mahmoudkhamis,ME-EGSS10小组,60439303,5,5,5
EGSS-mahmoudkhamis,ME-EGSS10小组,61779443,5,3,7
EGSS-mahmoudkhamis,ME-EGSS10小组,61783011,5,3,7
EGSS-mahmoudkhamis,ME-EGSS10小组,61799812,5,3,7
EGSS-mahmoudkhamis,ME-EGSS10小组,61953314,5,4,6
EGSS-mahmoudkhamis,ME-EGSS10小组,62478520,5,4,6
EGSS-mahmoudkhamis,ME-EGSS10小组,63002117,5,7,3
EGSS-mahmoudkhamis,ME-EGSS10小组,63147817,5,4,6
EGSS-mahmoudkhamis,ME-EGSS10小组,63412378,5,1,9
EGSS-mahmoudkhamis,ME-EGSS10小组,63499717,5,4,6
EGSS-mahmoudkhamis,ME-EGSS10小组,63859081,5,0,10
EGSS-mahmoudkhamis,ME-EGSS10小组,61752735,4,2,6
EGSS-mahmoudkhamis,ME-EGSS10小组,61976092,4,2,6
EGSS-mahmoudkhamis,ME-EGSS10小组,62283120,4,2,6
EGSS-mahmoudkhamis,ME-EGSS10小组,62324291,4,0,8
EGSS-mahmoudkhamis,ME-EGSS10小组,62954800,4,0,8
EGSS-mahmoudkhamis,ME-EGSS10小组,63050560,4,4,4
EGSS-mahmoudkhamis,ME-EGSS10小组,58549740,3,4,2
EGSS-mahmoudkhamis,ME-EGSS10小组,59822115,3,3,3
EGSS-mahmoudkhamis,ME-EGSS10小组,60390184,3,3,3
EGSS-mahmoudkhamis,ME-EGSS10小组,60606673,3,4,2
EGSS-mahmoudkhamis,ME-EGSS10小组,62482105,3,5,1
EGSS-mahmoudkhamis,ME-EGSS10小组,63236785,3,3,3
EGSS-mahmoudkhamis,ME-EGSS10小组,63783362,3,3,3
EGSS-mahmoudkhamis,ME-EGSS10小组,61422904,2,4,0
EGSS-mahmoudkhamis,ME-EGSS10小组,62481887,2,5,-1
EGSS-mahmoudkhamis,ME-EGSS10小组,63019226,2,3,1
EGSS-mahmoudkhamis,ME-EGSS10小组,63164709,2,3,1
EGSS-mahmoudkhamis,ME-EGSS10小组,63558977,2,3,1
EGSS-mahmoudkhamis,ME-EGSS10小组,63649872,2,2,2
EGSS-marwaahmed,ME-EGSS13小组,58253560,28,8,48
EGSS-marwaahmed,ME-EGSS13小组,63510284,26,6,46
EGSS-marwaahmed,ME-EGSS13小组,60208608,20,5,35
EGSS-marwaahmed,ME-EGSS13小组,63531951,20,0,40
EGSS-marwaahmed,ME-EGSS13小组,63166484,19,5,33
EGSS-marwaahmed,ME-EGSS13小组,62823754,18,5,31
EGSS-marwaahmed,ME-EGSS13小组,63518038,18,4,32
EGSS-marwaahmed,ME-EGSS13小组,63162634,17,5,29
EGSS-marwaahmed,ME-EGSS13小组,63445750,17,4,30
EGSS-marwaahmed,ME-EGSS13小组,63522890,17,4,30
EGSS-marwaahmed,ME-EGSS13小组,59081546,16,4,28
EGSS-marwaahmed,ME-EGSS13小组,61195255,16,5,27
EGSS-marwaahmed,ME-EGSS13小组,62423080,16,5,27
EGSS-marwaahmed,ME-EGSS13小组,63521092,16,4,28
EGSS-marwaahmed,ME-EGSS13小组,63521991,15,5,25
EGSS-marwaahmed,ME-EGSS13小组,63910753,15,5,25
EGSS-marwaahmed,ME-EGSS13小组,64170513,15,2,28
EGSS-marwaahmed,ME-EGSS13小组,58923183,14,0,28
EGSS-marwaahmed,ME-EGSS13小组,58945042,14,4,24
EGSS-marwaahmed,ME-EGSS13小组,59491388,14,4,24
EGSS-marwaahmed,ME-EGSS13小组,60193500,14,5,23
EGSS-marwaahmed,ME-EGSS13小组,60626117,14,3,25
EGSS-marwaahmed,ME-EGSS13小组,63510274,14,4,24
EGSS-marwaahmed,ME-EGSS13小组,63528703,14,4,24
EGSS-marwaahmed,ME-EGSS13小组,63532762,14,5,23
EGSS-marwaahmed,ME-EGSS13小组,63533009,14,5,23
EGSS-marwaahmed,ME-EGSS13小组,63533195,14,0,28
EGSS-marwaahmed,ME-EGSS13小组,63713046,14,4,24
EGSS-marwaahmed,ME-EGSS13小组,64057886,14,5,23
EGSS-marwaahmed,ME-EGSS13小组,64112747,14,4,24
EGSS-marwaahmed,ME-EGSS13小组,58380113,13,3,23
EGSS-marwaahmed,ME-EGSS13小组,58524343,13,0,26
EGSS-marwaahmed,ME-EGSS13小组,58586724,13,4,22
EGSS-marwaahmed,ME-EGSS13小组,58622456,13,1,25
EGSS-marwaahmed,ME-EGSS13小组,58764223,13,4,22
EGSS-marwaahmed,ME-EGSS13小组,58967610,13,4,22
EGSS-marwaahmed,ME-EGSS13小组,59551178,13,4,22
EGSS-marwaahmed,ME-EGSS13小组,60152016,13,5,21
EGSS-marwaahmed,ME-EGSS13小组,60207982,13,2,24
EGSS-marwaahmed,ME-EGSS13小组,60726994,13,4,22
EGSS-marwaahmed,ME-EGSS13小组,60988810,13,4,22
EGSS-marwaahmed,ME-EGSS13小组,61237743,13,4,22
EGSS-marwaahmed,ME-EGSS13小组,61256475,13,4,22
EGSS-marwaahmed,ME-EGSS13小组,61632957,13,3,23
EGSS-marwaahmed,ME-EGSS13小组,63164969,13,3,23
EGSS-marwaahmed,ME-EGSS13小组,63267129,13,0,26
EGSS-marwaahmed,ME-EGSS13小组,63512718,13,4,22
EGSS-marwaahmed,ME-EGSS13小组,63583008,13,4,22
EGSS-marwaahmed,ME-EGSS13小组,64092504,13,4,22
EGSS-marwaahmed,ME-EGSS13小组,64115142,13,3,23
EGSS-marwaahmed,ME-EGSS13小组,64146072,13,5,21
EGSS-marwaahmed,ME-EGSS13小组,57980631,12,4,20
EGSS-marwaahmed,ME-EGSS13小组,58656172,12,4,20
EGSS-marwaahmed,ME-EGSS13小组,59138085,12,4,20
EGSS-marwaahmed,ME-EGSS13小组,59424739,12,0,24
EGSS-marwaahmed,ME-EGSS13小组,59450291,12,4,20
EGSS-marwaahmed,ME-EGSS13小组,59620042,12,0,24
EGSS-marwaahmed,ME-EGSS13小组,60792472,12,6,18
EGSS-marwaahmed,ME-EGSS13小组,62864324,12,0,24
EGSS-marwaahmed,ME-EGSS13小组,63057243,12,4,20
EGSS-marwaahmed,ME-EGSS13小组,63133539,12,4,20
EGSS-marwaahmed,ME-EGSS13小组,63602520,12,0,24
EGSS-marwaahmed,ME-EGSS13小组,63784567,12,4,20
EGSS-marwaahmed,ME-EGSS13小组,63931944,12,3,21
EGSS-marwaahmed,ME-EGSS13小组,58147399,11,5,17
EGSS-marwaahmed,ME-EGSS13小组,58358436,11,4,18
EGSS-marwaahmed,ME-EGSS13小组,59015287,11,3,19
EGSS-marwaahmed,ME-EGSS13小组,60194773,11,3,19
EGSS-marwaahmed,ME-EGSS13小组,60779929,11,1,21
EGSS-marwaahmed,ME-EGSS13小组,60800704,11,4,18
EGSS-marwaahmed,ME-EGSS13小组,60960504,11,0,22
EGSS-marwaahmed,ME-EGSS13小组,61501545,11,4,18
EGSS-marwaahmed,ME-EGSS13小组,61694853,11,3,19
EGSS-marwaahmed,ME-EGSS13小组,61909921,11,0,22
EGSS-marwaahmed,ME-EGSS13小组,62071842,11,2,20
EGSS-marwaahmed,ME-EGSS13小组,62077196,11,2,20
EGSS-marwaahmed,ME-EGSS13小组,62710713,11,3,19
EGSS-marwaahmed,ME-EGSS13小组,62872154,11,4,18
EGSS-marwaahmed,ME-EGSS13小组,62887214,11,2,20
EGSS-marwaahmed,ME-EGSS13小组,63094888,11,5,17
EGSS-marwaahmed,ME-EGSS13小组,63403111,11,3,19
EGSS-marwaahmed,ME-EGSS13小组,63442095,11,4,18
EGSS-marwaahmed,ME-EGSS13小组,63583512,11,2,20
EGSS-marwaahmed,ME-EGSS13小组,63585221,11,2,20
EGSS-marwaahmed,ME-EGSS13小组,63585312,11,2,20
EGSS-marwaahmed,ME-EGSS13小组,64080013,11,3,19
EGSS-marwaahmed,ME-EGSS13小组,58183484,10,3,17
EGSS-marwaahmed,ME-EGSS13小组,58454729,10,3,17
EGSS-marwaahmed,ME-EGSS13小组,58562843,10,3,17
EGSS-marwaahmed,ME-EGSS13小组,58705307,10,3,17
EGSS-marwaahmed,ME-EGSS13小组,58823778,10,3,17
EGSS-marwaahmed,ME-EGSS13小组,59130758,10,0,20
EGSS-marwaahmed,ME-EGSS13小组,59166212,10,4,16
EGSS-marwaahmed,ME-EGSS13小组,59567114,10,1,19
EGSS-marwaahmed,ME-EGSS13小组,59606187,10,3,17
EGSS-marwaahmed,ME-EGSS13小组,60145311,10,4,16
EGSS-marwaahmed,ME-EGSS13小组,60149258,10,2,18
EGSS-marwaahmed,ME-EGSS13小组,60228415,10,5,15
EGSS-marwaahmed,ME-EGSS13小组,60431236,10,5,15
EGSS-marwaahmed,ME-EGSS13小组,60433056,10,3,17
EGSS-marwaahmed,ME-EGSS13小组,60607432,10,4,16
EGSS-marwaahmed,ME-EGSS13小组,60620322,10,5,15
EGSS-marwaahmed,ME-EGSS13小组,60688850,10,6,14
EGSS-marwaahmed,ME-EGSS13小组,61559733,10,3,17
EGSS-marwaahmed,ME-EGSS13小组,61580733,10,3,17
EGSS-marwaahmed,ME-EGSS13小组,61795039,10,4,16
EGSS-marwaahmed,ME-EGSS13小组,61795231,10,4,16
EGSS-marwaahmed,ME-EGSS13小组,62007498,10,0,20
EGSS-marwaahmed,ME-EGSS13小组,62159995,10,3,17
EGSS-marwaahmed,ME-EGSS13小组,62431115,10,3,17
EGSS-marwaahmed,ME-EGSS13小组,62609677,10,4,16
EGSS-marwaahmed,ME-EGSS13小组,63064796,10,4,16
EGSS-marwaahmed,ME-EGSS13小组,63103706,10,1,19
EGSS-marwaahmed,ME-EGSS13小组,63323618,10,3,17
EGSS-marwaahmed,ME-EGSS13小组,63521613,10,4,16
EGSS-marwaahmed,ME-EGSS13小组,63522959,10,3,17
EGSS-marwaahmed,ME-EGSS13小组,63532074,10,6,14
EGSS-marwaahmed,ME-EGSS13小组,63583093,10,1,19
EGSS-marwaahmed,ME-EGSS13小组,63583180,10,1,19
EGSS-marwaahmed,ME-EGSS13小组,63583823,10,3,17
EGSS-marwaahmed,ME-EGSS13小组,58214580,9,2,16
EGSS-marwaahmed,ME-EGSS13小组,58688653,9,0,18
EGSS-marwaahmed,ME-EGSS13小组,58856458,9,4,14
EGSS-marwaahmed,ME-EGSS13小组,58970128,9,3,15
EGSS-marwaahmed,ME-EGSS13小组,59560437,9,2,16
EGSS-marwaahmed,ME-EGSS13小组,59739842,9,0,18
EGSS-marwaahmed,ME-EGSS13小组,60203503,9,3,15
EGSS-marwaahmed,ME-EGSS13小组,60325109,9,4,14
EGSS-marwaahmed,ME-EGSS13小组,60427187,9,3,15
EGSS-marwaahmed,ME-EGSS13小组,60432314,9,4,14
EGSS-marwaahmed,ME-EGSS13小组,60531517,9,2,16
EGSS-marwaahmed,ME-EGSS13小组,60669513,9,3,15
EGSS-marwaahmed,ME-EGSS13小组,60797757,9,4,14
EGSS-marwaahmed,ME-EGSS13小组,60932541,9,0,18
EGSS-marwaahmed,ME-EGSS13小组,61097802,9,4,14
EGSS-marwaahmed,ME-EGSS13小组,62024047,9,3,15
EGSS-marwaahmed,ME-EGSS13小组,63015342,9,4,14
EGSS-marwaahmed,ME-EGSS13小组,63086574,9,0,18
EGSS-marwaahmed,ME-EGSS13小组,63509500,9,3,15
EGSS-marwaahmed,ME-EGSS13小组,63509584,9,3,15
EGSS-marwaahmed,ME-EGSS13小组,63530434,9,4,14
EGSS-marwaahmed,ME-EGSS13小组,63560264,9,3,15
EGSS-marwaahmed,ME-EGSS13小组,63561190,9,4,14
EGSS-marwaahmed,ME-EGSS13小组,63571486,9,3,15
EGSS-marwaahmed,ME-EGSS13小组,59566893,8,2,14
EGSS-marwaahmed,ME-EGSS13小组,59567169,8,0,16
EGSS-marwaahmed,ME-EGSS13小组,59674148,8,4,12
EGSS-marwaahmed,ME-EGSS13小组,60540612,8,3,13
EGSS-marwaahmed,ME-EGSS13小组,60908938,8,4,12
EGSS-marwaahmed,ME-EGSS13小组,60918425,8,3,13
EGSS-marwaahmed,ME-EGSS13小组,61501802,8,4,12
EGSS-marwaahmed,ME-EGSS13小组,63485873,8,3,13
EGSS-marwaahmed,ME-EGSS13小组,58613227,7,4,10
EGSS-marwaahmed,ME-EGSS13小组,58661629,7,2,12
EGSS-marwaahmed,ME-EGSS13小组,58664776,7,4,10
EGSS-marwaahmed,ME-EGSS13小组,58972324,7,4,10
EGSS-marwaahmed,ME-EGSS13小组,59420690,7,1,13
EGSS-marwaahmed,ME-EGSS13小组,60812272,7,0,14
EGSS-marwaahmed,ME-EGSS13小组,60862386,7,3,11
EGSS-marwaahmed,ME-EGSS13小组,61809983,7,3,11
EGSS-marwaahmed,ME-EGSS13小组,62051629,7,3,11
EGSS-marwaahmed,ME-EGSS13小组,62499911,7,4,10
EGSS-marwaahmed,ME-EGSS13小组,63015841,7,3,11
EGSS-marwaahmed,ME-EGSS13小组,63086573,7,0,14
EGSS-marwaahmed,ME-EGSS13小组,63522546,7,2,12
EGSS-marwaahmed,ME-EGSS13小组,63528382,7,5,9
EGSS-marwaahmed,ME-EGSS13小组,58118471,6,4,8
EGSS-marwaahmed,ME-EGSS13小组,58334316,6,4,8
EGSS-marwaahmed,ME-EGSS13小组,58459845,6,2,10
EGSS-marwaahmed,ME-EGSS13小组,58610107,6,2,10
EGSS-marwaahmed,ME-EGSS13小组,59399619,6,2,10
EGSS-marwaahmed,ME-EGSS13小组,59424471,6,1,11
EGSS-marwaahmed,ME-EGSS13小组,60144049,6,3,9
EGSS-marwaahmed,ME-EGSS13小组,60201716,6,4,8
EGSS-marwaahmed,ME-EGSS13小组,60358925,6,5,7
EGSS-marwaahmed,ME-EGSS13小组,60473340,6,0,12
EGSS-marwaahmed,ME-EGSS13小组,61246544,6,6,6
EGSS-marwaahmed,ME-EGSS13小组,61986978,6,2,10
EGSS-marwaahmed,ME-EGSS13小组,62897769,6,2,10
EGSS-marwaahmed,ME-EGSS13小组,63050198,6,0,12
EGSS-marwaahmed,ME-EGSS13小组,63442704,6,1,11
EGSS-marwaahmed,ME-EGSS13小组,58340925,5,4,6
EGSS-marwaahmed,ME-EGSS13小组,58441892,5,4,6
EGSS-marwaahmed,ME-EGSS13小组,58570119,5,2,8
EGSS-marwaahmed,ME-EGSS13小组,59198658,5,0,10
EGSS-marwaahmed,ME-EGSS13小组,59327819,5,2,8
EGSS-marwaahmed,ME-EGSS13小组,59986492,5,1,9
EGSS-marwaahmed,ME-EGSS13小组,62970395,5,4,6
EGSS-marwaahmed,ME-EGSS13小组,63084920,5,0,10
EGSS-marwaahmed,ME-EGSS13小组,63521837,5,4,6
EGSS-marwaahmed,ME-EGSS13小组,63560171,5,2,8
EGSS-marwaahmed,ME-EGSS13小组,58441649,4,0,8
EGSS-marwaahmed,ME-EGSS13小组,60502578,4,2,6
EGSS-marwaahmed,ME-EGSS13小组,61322209,4,2,6
EGSS-marwaahmed,ME-EGSS13小组,61716413,4,0,8
EGSS-marwaahmed,ME-EGSS13小组,62015957,4,0,8
EGSS-marwaahmed,ME-EGSS13小组,62764713,4,3,5
EGSS-marwaahmed,ME-EGSS13小组,62827693,4,2,6
EGSS-marwaahmed,ME-EGSS13小组,63485982,4,3,5
EGSS-marwaahmed,ME-EGSS13小组,63507436,4,2,6
EGSS-marwaahmed,ME-EGSS13小组,63509698,4,0,8
EGSS-marwaahmed,ME-EGSS13小组,63523714,4,2,6
EGSS-marwaahmed,ME-EGSS13小组,63526954,4,2,6
EGSS-marwaahmed,ME-EGSS13小组,58803557,3,0,6
EGSS-marwaahmed,ME-EGSS13小组,59583125,3,0,6
EGSS-marwaahmed,ME-EGSS13小组,59812488,3,0,6
EGSS-marwaahmed,ME-EGSS13小组,60588255,3,2,4
EGSS-marwaahmed,ME-EGSS13小组,62609737,3,2,4
EGSS-marwaahmed,ME-EGSS13小组,62629798,3,0,6
EGSS-marwaahmed,ME-EGSS13小组,63509924,3,4,2
EGSS-marwaahmed,ME-EGSS13小组,63514430,3,3,3
EGSS-marwaahmed,ME-EGSS13小组,63529716,3,4,2
EGSS-marwaahmed,ME-EGSS13小组,58219735,2,4,0
EGSS-marwaahmed,ME-EGSS13小组,63359229,2,2,2
EGSS-marwaahmed,ME-EGSS13小组,63435215,2,4,0
EGSS-mohamedha,ME-EGSS13小组,63920433,25,8,42
EGSS-mohamedha,ME-EGSS13小组,60211984,21,5,37
EGSS-mohamedha,ME-EGSS13小组,60840317,21,5,37
EGSS-mohamedha,ME-EGSS13小组,63818833,21,8,34
EGSS-mohamedha,ME-EGSS13小组,58555602,20,5,35
EGSS-mohamedha,ME-EGSS13小组,61439574,19,0,38
EGSS-mohamedha,ME-EGSS13小组,58730859,17,5,29
EGSS-mohamedha,ME-EGSS13小组,58232453,16,4,28
EGSS-mohamedha,ME-EGSS13小组,60679404,16,4,28
EGSS-mohamedha,ME-EGSS13小组,61201313,16,4,28
EGSS-mohamedha,ME-EGSS13小组,62813502,16,4,28
EGSS-mohamedha,ME-EGSS13小组,63887212,16,0,32
EGSS-mohamedha,ME-EGSS13小组,58948874,15,4,26
EGSS-mohamedha,ME-EGSS13小组,61186750,15,4,26
EGSS-mohamedha,ME-EGSS13小组,61412595,15,4,26
EGSS-mohamedha,ME-EGSS13小组,63960732,15,0,30
EGSS-mohamedha,ME-EGSS13小组,64152514,15,2,28
EGSS-mohamedha,ME-EGSS13小组,58452428,14,5,23
EGSS-mohamedha,ME-EGSS13小组,58944508,14,4,24
EGSS-mohamedha,ME-EGSS13小组,61107057,14,6,22
EGSS-mohamedha,ME-EGSS13小组,61540682,14,0,28
EGSS-mohamedha,ME-EGSS13小组,62015729,14,5,23
EGSS-mohamedha,ME-EGSS13小组,63572496,14,4,24
EGSS-mohamedha,ME-EGSS13小组,63572711,14,4,24
EGSS-mohamedha,ME-EGSS13小组,63798500,14,0,28
EGSS-mohamedha,ME-EGSS13小组,63885961,14,5,23
EGSS-mohamedha,ME-EGSS13小组,58830331,13,4,22
EGSS-mohamedha,ME-EGSS13小组,60218569,13,4,22
EGSS-mohamedha,ME-EGSS13小组,61885389,13,6,20
EGSS-mohamedha,ME-EGSS13小组,62254617,13,4,22
EGSS-mohamedha,ME-EGSS13小组,62255621,13,4,22
EGSS-mohamedha,ME-EGSS13小组,63313846,13,3,23
EGSS-mohamedha,ME-EGSS13小组,63413252,13,3,23
EGSS-mohamedha,ME-EGSS13小组,63571650,13,4,22
EGSS-mohamedha,ME-EGSS13小组,63735152,13,4,22
EGSS-mohamedha,ME-EGSS13小组,63901944,13,0,26
EGSS-mohamedha,ME-EGSS13小组,59488544,12,0,24
EGSS-mohamedha,ME-EGSS13小组,59678118,12,0,24
EGSS-mohamedha,ME-EGSS13小组,61071615,12,4,20
EGSS-mohamedha,ME-EGSS13小组,62112685,12,2,22
EGSS-mohamedha,ME-EGSS13小组,62123750,12,4,20
EGSS-mohamedha,ME-EGSS13小组,62453265,12,4,20
EGSS-mohamedha,ME-EGSS13小组,63313849,12,3,21
EGSS-mohamedha,ME-EGSS13小组,63876397,12,0,24
EGSS-mohamedha,ME-EGSS13小组,58610923,11,6,16
EGSS-mohamedha,ME-EGSS13小组,58966365,11,2,20
EGSS-mohamedha,ME-EGSS13小组,59279292,11,5,17
EGSS-mohamedha,ME-EGSS13小组,60360506,11,1,21
EGSS-mohamedha,ME-EGSS13小组,60370915,11,1,21
EGSS-mohamedha,ME-EGSS13小组,60631009,11,4,18
EGSS-mohamedha,ME-EGSS13小组,60645130,11,4,18
EGSS-mohamedha,ME-EGSS13小组,61083054,11,3,19
EGSS-mohamedha,ME-EGSS13小组,62556018,11,3,19
EGSS-mohamedha,ME-EGSS13小组,63235819,11,2,20
EGSS-mohamedha,ME-EGSS13小组,63605547,11,3,19
EGSS-mohamedha,ME-EGSS13小组,63605673,11,0,22
EGSS-mohamedha,ME-EGSS13小组,63773871,11,0,22
EGSS-mohamedha,ME-EGSS13小组,58159049,10,4,16
EGSS-mohamedha,ME-EGSS13小组,58605027,10,4,16
EGSS-mohamedha,ME-EGSS13小组,59148585,10,9,11
EGSS-mohamedha,ME-EGSS13小组,59288632,10,4,16
EGSS-mohamedha,ME-EGSS13小组,59895806,10,0,20
EGSS-mohamedha,ME-EGSS13小组,60108825,10,2,18
EGSS-mohamedha,ME-EGSS13小组,60307268,10,2,18
EGSS-mohamedha,ME-EGSS13小组,60307712,10,2,18
EGSS-mohamedha,ME-EGSS13小组,60509916,10,2,18
EGSS-mohamedha,ME-EGSS13小组,60899941,10,0,20
EGSS-mohamedha,ME-EGSS13小组,61005269,10,2,18
EGSS-mohamedha,ME-EGSS13小组,61028534,10,4,16
EGSS-mohamedha,ME-EGSS13小组,62556379,10,3,17
EGSS-mohamedha,ME-EGSS13小组,62912078,10,3,17
EGSS-mohamedha,ME-EGSS13小组,62972770,10,1,19
EGSS-mohamedha,ME-EGSS13小组,63080032,10,1,19
EGSS-mohamedha,ME-EGSS13小组,63173416,10,4,16
EGSS-mohamedha,ME-EGSS13小组,63205732,10,3,17
EGSS-mohamedha,ME-EGSS13小组,63371415,10,4,16
EGSS-mohamedha,ME-EGSS13小组,63559957,10,0,20
EGSS-mohamedha,ME-EGSS13小组,63582241,10,3,17
EGSS-mohamedha,ME-EGSS13小组,63713805,10,3,17
EGSS-mohamedha,ME-EGSS13小组,63824247,10,1,19
EGSS-mohamedha,ME-EGSS13小组,63866571,10,0,20
EGSS-mohamedha,ME-EGSS13小组,57606647,9,4,14
EGSS-mohamedha,ME-EGSS13小组,58522544,9,2,16
EGSS-mohamedha,ME-EGSS13小组,59308147,9,5,13
EGSS-mohamedha,ME-EGSS13小组,60512996,9,1,17
EGSS-mohamedha,ME-EGSS13小组,60743320,9,1,17
EGSS-mohamedha,ME-EGSS13小组,61018792,9,2,16
EGSS-mohamedha,ME-EGSS13小组,61059857,9,4,14
EGSS-mohamedha,ME-EGSS13小组,61347653,9,5,13
EGSS-mohamedha,ME-EGSS13小组,61595960,9,4,14
EGSS-mohamedha,ME-EGSS13小组,61851289,9,3,15
EGSS-mohamedha,ME-EGSS13小组,62550347,9,2,16
EGSS-mohamedha,ME-EGSS13小组,62556612,9,3,15
EGSS-mohamedha,ME-EGSS13小组,63349728,9,6,12
EGSS-mohamedha,ME-EGSS13小组,63464726,9,3,15
EGSS-mohamedha,ME-EGSS13小组,63559882,9,3,15
EGSS-mohamedha,ME-EGSS13小组,63562543,9,3,15
EGSS-mohamedha,ME-EGSS13小组,63868653,9,3,15
EGSS-mohamedha,ME-EGSS13小组,63927869,9,0,18
EGSS-mohamedha,ME-EGSS13小组,58549793,8,5,11
EGSS-mohamedha,ME-EGSS13小组,60270913,8,3,13
EGSS-mohamedha,ME-EGSS13小组,60569598,8,2,14
EGSS-mohamedha,ME-EGSS13小组,60768298,8,3,13
EGSS-mohamedha,ME-EGSS13小组,61059859,8,3,13
EGSS-mohamedha,ME-EGSS13小组,61774161,8,5,11
EGSS-mohamedha,ME-EGSS13小组,61942009,8,6,10
EGSS-mohamedha,ME-EGSS13小组,62391377,8,15,1
EGSS-mohamedha,ME-EGSS13小组,62425364,8,0,16
EGSS-mohamedha,ME-EGSS13小组,62940136,8,5,11
EGSS-mohamedha,ME-EGSS13小组,63178391,8,4,12
EGSS-mohamedha,ME-EGSS13小组,63722873,8,7,9
EGSS-mohamedha,ME-EGSS13小组,64053360,8,2,14
EGSS-mohamedha,ME-EGSS13小组,58525629,7,0,14
EGSS-mohamedha,ME-EGSS13小组,58613337,7,4,10
EGSS-mohamedha,ME-EGSS13小组,58621460,7,2,12
EGSS-mohamedha,ME-EGSS13小组,59182559,7,3,11
EGSS-mohamedha,ME-EGSS13小组,60687596,7,4,10
EGSS-mohamedha,ME-EGSS13小组,60692406,7,3,11
EGSS-mohamedha,ME-EGSS13小组,60734970,7,0,14
EGSS-mohamedha,ME-EGSS13小组,60954110,7,3,11
EGSS-mohamedha,ME-EGSS13小组,61741665,7,0,14
EGSS-mohamedha,ME-EGSS13小组,63435590,7,0,14
EGSS-mohamedha,ME-EGSS13小组,63562654,7,4,10
EGSS-mohamedha,ME-EGSS13小组,63575382,7,3,11
EGSS-mohamedha,ME-EGSS13小组,63590561,7,3,11
EGSS-mohamedha,ME-EGSS13小组,63647512,7,3,11
EGSS-mohamedha,ME-EGSS13小组,63670024,7,0,14
EGSS-mohamedha,ME-EGSS13小组,63946328,7,4,10
EGSS-mohamedha,ME-EGSS13小组,63985681,7,0,14
EGSS-mohamedha,ME-EGSS13小组,58514163,6,2,10
EGSS-mohamedha,ME-EGSS13小组,59188574,6,4,8
EGSS-mohamedha,ME-EGSS13小组,59417648,6,4,8
EGSS-mohamedha,ME-EGSS13小组,59951228,6,0,12
EGSS-mohamedha,ME-EGSS13小组,60370920,6,1,11
EGSS-mohamedha,ME-EGSS13小组,61039818,6,2,10
EGSS-mohamedha,ME-EGSS13小组,61681962,6,4,8
EGSS-mohamedha,ME-EGSS13小组,62865091,6,0,12
EGSS-mohamedha,ME-EGSS13小组,63757096,6,3,9
EGSS-mohamedha,ME-EGSS13小组,63876385,6,2,10
EGSS-mohamedha,ME-EGSS13小组,63911402,6,1,11
EGSS-mohamedha,ME-EGSS13小组,58271422,5,3,7
EGSS-mohamedha,ME-EGSS13小组,58674762,5,0,10
EGSS-mohamedha,ME-EGSS13小组,58697817,5,7,3
EGSS-mohamedha,ME-EGSS13小组,59282415,5,0,10
EGSS-mohamedha,ME-EGSS13小组,59995097,5,2,8
EGSS-mohamedha,ME-EGSS13小组,62852331,5,3,7
EGSS-mohamedha,ME-EGSS13小组,63331462,5,1,9
EGSS-mohamedha,ME-EGSS13小组,63446516,5,0,10
EGSS-mohamedha,ME-EGSS13小组,63647534,5,1,9
EGSS-mohamedha,ME-EGSS13小组,63847466,5,0,10
EGSS-mohamedha,ME-EGSS13小组,58481383,4,0,8
EGSS-mohamedha,ME-EGSS13小组,58787949,4,2,6
EGSS-mohamedha,ME-EGSS13小组,60619387,4,5,3
EGSS-mohamedha,ME-EGSS13小组,61524554,4,0,8
EGSS-mohamedha,ME-EGSS13小组,61926182,4,3,5
EGSS-mohamedha,ME-EGSS13小组,62122383,4,4,4
EGSS-mohamedha,ME-EGSS13小组,63045669,4,4,4
EGSS-mohamedha,ME-EGSS13小组,63474743,4,2,6
EGSS-mohamedha,ME-EGSS13小组,64062744,4,0,8
EGSS-mohamedha,ME-EGSS13小组,58348231,3,2,4
EGSS-mohamedha,ME-EGSS13小组,58787496,3,1,5
EGSS-mohamedha,ME-EGSS13小组,61074099,3,2,4
EGSS-mohamedha,ME-EGSS13小组,61292715,3,3,3
EGSS-mohamedha,ME-EGSS13小组,62630024,3,5,1
EGSS-mohamedha,ME-EGSS13小组,58573063,2,4,0
EGSS-mohamedha,ME-EGSS13小组,59786080,2,4,0
EGSS-mohamedha,ME-EGSS13小组,62897496,2,2,2
EGSS-mohamedha,ME-EGSS13小组,63144961,2,0,4
EGSS-mohamedha,ME-EGSS13小组,63725083,2,2,2
EGSS-negma,ME-EGSS01小组,64159936,28,5,51
EGSS-negma,ME-EGSS01小组,64159762,26,10,42
EGSS-negma,ME-EGSS01小组,63913249,24,4,44
EGSS-negma,ME-EGSS01小组,64105028,21,8,34
EGSS-negma,ME-EGSS01小组,58393189,20,5,35
EGSS-negma,ME-EGSS01小组,59899606,20,10,30
EGSS-negma,ME-EGSS01小组,58234347,19,5,33
EGSS-negma,ME-EGSS01小组,60918434,19,4,34
EGSS-negma,ME-EGSS01小组,60401820,18,5,31
EGSS-negma,ME-EGSS01小组,61432941,18,5,31
EGSS-negma,ME-EGSS01小组,63886874,18,6,30
EGSS-negma,ME-EGSS01小组,64062042,18,5,31
EGSS-negma,ME-EGSS01小组,58769809,17,4,30
EGSS-negma,ME-EGSS01小组,58850803,17,5,29
EGSS-negma,ME-EGSS01小组,59912382,17,4,30
EGSS-negma,ME-EGSS01小组,61581130,17,5,29
EGSS-negma,ME-EGSS01小组,61839671,17,5,29
EGSS-negma,ME-EGSS01小组,63888117,17,5,29
EGSS-negma,ME-EGSS01小组,63997719,17,4,30
EGSS-negma,ME-EGSS01小组,64157520,17,5,29
EGSS-negma,ME-EGSS01小组,60196201,16,5,27
EGSS-negma,ME-EGSS01小组,60605944,16,5,27
EGSS-negma,ME-EGSS01小组,60652680,16,4,28
EGSS-negma,ME-EGSS01小组,61521036,16,4,28
EGSS-negma,ME-EGSS01小组,62437837,16,5,27
EGSS-negma,ME-EGSS01小组,63617245,16,5,27
EGSS-negma,ME-EGSS01小组,63618863,16,5,27
EGSS-negma,ME-EGSS01小组,63619122,16,4,28
EGSS-negma,ME-EGSS01小组,63871594,16,4,28
EGSS-negma,ME-EGSS01小组,64069680,16,0,32
EGSS-negma,ME-EGSS01小组,58132400,15,5,25
EGSS-negma,ME-EGSS01小组,58511315,15,5,25
EGSS-negma,ME-EGSS01小组,59766813,15,5,25
EGSS-negma,ME-EGSS01小组,59891063,15,4,26
EGSS-negma,ME-EGSS01小组,59900807,15,4,26
EGSS-negma,ME-EGSS01小组,59933730,15,5,25
EGSS-negma,ME-EGSS01小组,62960003,15,5,25
EGSS-negma,ME-EGSS01小组,63207337,15,3,27
EGSS-negma,ME-EGSS01小组,63213014,15,3,27
EGSS-negma,ME-EGSS01小组,64059123,15,2,28
EGSS-negma,ME-EGSS01小组,58348861,14,3,25
EGSS-negma,ME-EGSS01小组,58655748,14,2,26
EGSS-negma,ME-EGSS01小组,58736978,14,5,23
EGSS-negma,ME-EGSS01小组,59245594,14,4,24
EGSS-negma,ME-EGSS01小组,59905413,14,8,20
EGSS-negma,ME-EGSS01小组,61396670,14,4,24
EGSS-negma,ME-EGSS01小组,61804073,14,0,28
EGSS-negma,ME-EGSS01小组,62908857,14,5,23
EGSS-negma,ME-EGSS01小组,63821044,14,4,24
EGSS-negma,ME-EGSS01小组,63977089,14,4,24
EGSS-negma,ME-EGSS01小组,64066115,14,3,25
EGSS-negma,ME-EGSS01小组,64159745,14,5,23
EGSS-negma,ME-EGSS01小组,58592863,13,3,23
EGSS-negma,ME-EGSS01小组,58659334,13,4,22
EGSS-negma,ME-EGSS01小组,58971660,13,4,22
EGSS-negma,ME-EGSS01小组,59904188,13,4,22
EGSS-negma,ME-EGSS01小组,59943050,13,5,21
EGSS-negma,ME-EGSS01小组,59944577,13,4,22
EGSS-negma,ME-EGSS01小组,59962733,13,3,23
EGSS-negma,ME-EGSS01小组,60366968,13,2,24
EGSS-negma,ME-EGSS01小组,60792692,13,3,23
EGSS-negma,ME-EGSS01小组,61288021,13,4,22
EGSS-negma,ME-EGSS01小组,61542255,13,4,22
EGSS-negma,ME-EGSS01小组,61566872,13,4,22
EGSS-negma,ME-EGSS01小组,61910132,13,0,26
EGSS-negma,ME-EGSS01小组,62497154,13,0,26
EGSS-negma,ME-EGSS01小组,62788151,13,4,22
EGSS-negma,ME-EGSS01小组,63486510,13,4,22
EGSS-negma,ME-EGSS01小组,63569640,13,4,22
EGSS-negma,ME-EGSS01小组,63635901,13,0,26
EGSS-negma,ME-EGSS01小组,63735670,13,4,22
EGSS-negma,ME-EGSS01小组,63887238,13,4,22
EGSS-negma,ME-EGSS01小组,64157873,13,5,21
EGSS-negma,ME-EGSS01小组,58455325,12,0,24
EGSS-negma,ME-EGSS01小组,58884682,12,4,20
EGSS-negma,ME-EGSS01小组,59704502,12,3,21
EGSS-negma,ME-EGSS01小组,59915899,12,3,21
EGSS-negma,ME-EGSS01小组,59927872,12,4,20
EGSS-negma,ME-EGSS01小组,59941638,12,5,19
EGSS-negma,ME-EGSS01小组,59957101,12,4,20
EGSS-negma,ME-EGSS01小组,60737266,12,2,22
EGSS-negma,ME-EGSS01小组,61813029,12,4,20
EGSS-negma,ME-EGSS01小组,62761236,12,4,20
EGSS-negma,ME-EGSS01小组,63015340,12,0,24
EGSS-negma,ME-EGSS01小组,63473919,12,4,20
EGSS-negma,ME-EGSS01小组,63489233,12,4,20
EGSS-negma,ME-EGSS01小组,63935986,12,4,20
EGSS-negma,ME-EGSS01小组,58267501,11,3,19
EGSS-negma,ME-EGSS01小组,58633249,11,2,20
EGSS-negma,ME-EGSS01小组,58778519,11,3,19
EGSS-negma,ME-EGSS01小组,58857798,11,3,19
EGSS-negma,ME-EGSS01小组,58969077,11,4,18
EGSS-negma,ME-EGSS01小组,59186996,11,4,18
EGSS-negma,ME-EGSS01小组,59476116,11,3,19
EGSS-negma,ME-EGSS01小组,59895425,11,0,22
EGSS-negma,ME-EGSS01小组,59942303,11,4,18
EGSS-negma,ME-EGSS01小组,61799841,11,4,18
EGSS-negma,ME-EGSS01小组,62388474,11,3,19
EGSS-negma,ME-EGSS01小组,63436253,11,1,21
EGSS-negma,ME-EGSS01小组,63573528,11,4,18
EGSS-negma,ME-EGSS01小组,63683296,11,4,18
EGSS-negma,ME-EGSS01小组,63734720,11,0,22
EGSS-negma,ME-EGSS01小组,63903331,11,4,18
EGSS-negma,ME-EGSS01小组,64070142,11,3,19
EGSS-negma,ME-EGSS01小组,58209332,10,2,18
EGSS-negma,ME-EGSS01小组,58602688,10,2,18
EGSS-negma,ME-EGSS01小组,58792434,10,3,17
EGSS-negma,ME-EGSS01小组,59217908,10,3,17
EGSS-negma,ME-EGSS01小组,59696468,10,1,19
EGSS-negma,ME-EGSS01小组,59904633,10,2,18
EGSS-negma,ME-EGSS01小组,59914594,10,3,17
EGSS-negma,ME-EGSS01小组,59914898,10,4,16
EGSS-negma,ME-EGSS01小组,59924930,10,0,20
EGSS-negma,ME-EGSS01小组,59961835,10,0,20
EGSS-negma,ME-EGSS01小组,59968100,10,0,20
EGSS-negma,ME-EGSS01小组,60184451,10,0,20
EGSS-negma,ME-EGSS01小组,61673615,10,4,16
EGSS-negma,ME-EGSS01小组,61831257,10,4,16
EGSS-negma,ME-EGSS01小组,62807154,10,4,16
EGSS-negma,ME-EGSS01小组,62839868,10,4,16
EGSS-negma,ME-EGSS01小组,63055479,10,0,20
EGSS-negma,ME-EGSS01小组,63390140,10,1,19
EGSS-negma,ME-EGSS01小组,63506521,10,4,16
EGSS-negma,ME-EGSS01小组,63661884,10,2,18
EGSS-negma,ME-EGSS01小组,63662219,10,2,18
EGSS-negma,ME-EGSS01小组,63730842,10,2,18
EGSS-negma,ME-EGSS01小组,63831853,10,2,18
EGSS-negma,ME-EGSS01小组,63946961,10,3,17
EGSS-negma,ME-EGSS01小组,64113469,10,2,18
EGSS-negma,ME-EGSS01小组,64134862,10,4,16
EGSS-negma,ME-EGSS01小组,64142999,10,3,17
EGSS-negma,ME-EGSS01小组,58441836,9,2,16
EGSS-negma,ME-EGSS01小组,59907033,9,1,17
EGSS-negma,ME-EGSS01小组,59912341,9,4,14
EGSS-negma,ME-EGSS01小组,61000020,9,2,16
EGSS-negma,ME-EGSS01小组,61204345,9,3,15
EGSS-negma,ME-EGSS01小组,61236165,9,5,13
EGSS-negma,ME-EGSS01小组,62071195,9,4,14
EGSS-negma,ME-EGSS01小组,63619617,9,5,13
EGSS-negma,ME-EGSS01小组,63720144,9,4,14
EGSS-negma,ME-EGSS01小组,63877879,9,0,18
EGSS-negma,ME-EGSS01小组,58737034,8,4,12
EGSS-negma,ME-EGSS01小组,58739679,8,2,14
EGSS-negma,ME-EGSS01小组,58850122,8,0,16
EGSS-negma,ME-EGSS01小组,58932549,8,3,13
EGSS-negma,ME-EGSS01小组,59890588,8,4,12
EGSS-negma,ME-EGSS01小组,59932952,8,6,10
EGSS-negma,ME-EGSS01小组,61195450,8,3,13
EGSS-negma,ME-EGSS01小组,62034784,8,0,16
EGSS-negma,ME-EGSS01小组,63087526,8,5,11
EGSS-negma,ME-EGSS01小组,63241480,8,4,12
EGSS-negma,ME-EGSS01小组,63495843,8,5,11
EGSS-negma,ME-EGSS01小组,63721414,8,0,16
EGSS-negma,ME-EGSS01小组,63763270,8,3,13
EGSS-negma,ME-EGSS01小组,63811089,8,5,11
EGSS-negma,ME-EGSS01小组,63878108,8,0,16
EGSS-negma,ME-EGSS01小组,63878111,8,0,16
EGSS-negma,ME-EGSS01小组,63879127,8,0,16
EGSS-negma,ME-EGSS01小组,63998840,8,0,16
EGSS-negma,ME-EGSS01小组,59464440,7,3,11
EGSS-negma,ME-EGSS01小组,59891017,7,3,11
EGSS-negma,ME-EGSS01小组,59914881,7,4,10
EGSS-negma,ME-EGSS01小组,59917822,7,4,10
EGSS-negma,ME-EGSS01小组,59938060,7,4,10
EGSS-negma,ME-EGSS01小组,59944876,7,4,10
EGSS-negma,ME-EGSS01小组,59973638,7,2,12
EGSS-negma,ME-EGSS01小组,60532782,7,4,10
EGSS-negma,ME-EGSS01小组,61958115,7,4,10
EGSS-negma,ME-EGSS01小组,62016583,7,3,11
EGSS-negma,ME-EGSS01小组,63282475,7,4,10
EGSS-negma,ME-EGSS01小组,63387981,7,1,13
EGSS-negma,ME-EGSS01小组,63916027,7,6,8
EGSS-negma,ME-EGSS01小组,64115498,7,1,13
EGSS-negma,ME-EGSS01小组,58345017,6,3,9
EGSS-negma,ME-EGSS01小组,58345768,6,3,9
EGSS-negma,ME-EGSS01小组,58452292,6,0,12
EGSS-negma,ME-EGSS01小组,58739262,6,5,7
EGSS-negma,ME-EGSS01小组,59973328,6,2,10
EGSS-negma,ME-EGSS01小组,60176247,6,0,12
EGSS-negma,ME-EGSS01小组,60539845,6,1,11
EGSS-negma,ME-EGSS01小组,60692153,6,2,10
EGSS-negma,ME-EGSS01小组,63652917,6,4,8
EGSS-negma,ME-EGSS01小组,63662298,6,2,10
EGSS-negma,ME-EGSS01小组,63799740,6,3,9
EGSS-negma,ME-EGSS01小组,59057958,5,0,10
EGSS-negma,ME-EGSS01小组,59792544,5,0,10
EGSS-negma,ME-EGSS01小组,59950091,5,1,9
EGSS-negma,ME-EGSS01小组,61179772,5,0,10
EGSS-negma,ME-EGSS01小组,61195267,5,3,7
EGSS-negma,ME-EGSS01小组,63617180,5,2,8
EGSS-negma,ME-EGSS01小组,63701689,5,1,9
EGSS-negma,ME-EGSS01小组,63824479,5,1,9
EGSS-negma,ME-EGSS01小组,57645863,4,0,8
EGSS-negma,ME-EGSS01小组,58825988,4,3,5
EGSS-negma,ME-EGSS01小组,58846157,4,1,7
EGSS-negma,ME-EGSS01小组,59892703,4,3,5
EGSS-negma,ME-EGSS01小组,59925653,4,7,1
EGSS-negma,ME-EGSS01小组,59929138,4,5,3
EGSS-negma,ME-EGSS01小组,59969620,4,0,8
EGSS-negma,ME-EGSS01小组,60298117,4,3,5
EGSS-negma,ME-EGSS01小组,60332773,4,0,8
EGSS-negma,ME-EGSS01小组,61561058,4,2,6
EGSS-negma,ME-EGSS01小组,63994914,4,5,3
EGSS-negma,ME-EGSS01小组,64070144,4,0,8
EGSS-negma,ME-EGSS01小组,64095288,4,2,6
EGSS-negma,ME-EGSS01小组,58456102,3,4,2
EGSS-negma,ME-EGSS01小组,59907480,3,1,5
EGSS-negma,ME-EGSS01小组,59907910,3,3,3
EGSS-negma,ME-EGSS01小组,59968455,3,4,2
EGSS-negma,ME-EGSS01小组,60568135,3,4,2
EGSS-negma,ME-EGSS01小组,61038578,3,0,6
EGSS-negma,ME-EGSS01小组,62548225,3,2,4
EGSS-negma,ME-EGSS01小组,58413231,2,0,4
EGSS-negma,ME-EGSS01小组,60802611,2,1,3
EGSS-negma,ME-EGSS01小组,63443217,2,3,1
EGSS-nohayoussry,ME-EGSS01小组,58281589,22,3,41
EGSS-nohayoussry,ME-EGSS01小组,63071699,21,0,42
EGSS-nohayoussry,ME-EGSS01小组,63895203,21,5,37
EGSS-nohayoussry,ME-EGSS01小组,62834551,20,3,37
EGSS-nohayoussry,ME-EGSS01小组,61212021,19,4,34
EGSS-nohayoussry,ME-EGSS01小组,62954769,18,4,32
EGSS-nohayoussry,ME-EGSS01小组,63145669,18,5,31
EGSS-nohayoussry,ME-EGSS01小组,63153039,18,5,31
EGSS-nohayoussry,ME-EGSS01小组,63794001,18,7,29
EGSS-nohayoussry,ME-EGSS01小组,60751244,17,1,33
EGSS-nohayoussry,ME-EGSS01小组,61800964,17,4,30
EGSS-nohayoussry,ME-EGSS01小组,62951582,17,4,30
EGSS-nohayoussry,ME-EGSS01小组,63747711,17,5,29
EGSS-nohayoussry,ME-EGSS01小组,63838029,17,5,29
EGSS-nohayoussry,ME-EGSS01小组,63856017,17,5,29
EGSS-nohayoussry,ME-EGSS01小组,64051636,17,3,31
EGSS-nohayoussry,ME-EGSS01小组,60691216,16,5,27
EGSS-nohayoussry,ME-EGSS01小组,60751265,16,1,31
EGSS-nohayoussry,ME-EGSS01小组,61312344,16,2,30
EGSS-nohayoussry,ME-EGSS01小组,62789240,16,5,27
EGSS-nohayoussry,ME-EGSS01小组,63198055,16,3,29
EGSS-nohayoussry,ME-EGSS01小组,63352417,16,2,30
EGSS-nohayoussry,ME-EGSS01小组,64181529,16,5,27
EGSS-nohayoussry,ME-EGSS01小组,60043292,15,2,28
EGSS-nohayoussry,ME-EGSS01小组,63227417,15,4,26
EGSS-nohayoussry,ME-EGSS01小组,63451699,15,0,30
EGSS-nohayoussry,ME-EGSS01小组,63775081,15,4,26
EGSS-nohayoussry,ME-EGSS01小组,59395311,14,3,25
EGSS-nohayoussry,ME-EGSS01小组,59682175,14,0,28
EGSS-nohayoussry,ME-EGSS01小组,60151678,14,4,24
EGSS-nohayoussry,ME-EGSS01小组,60485199,14,3,25
EGSS-nohayoussry,ME-EGSS01小组,60492014,14,4,24
EGSS-nohayoussry,ME-EGSS01小组,61676279,14,3,25
EGSS-nohayoussry,ME-EGSS01小组,61998899,14,4,24
EGSS-nohayoussry,ME-EGSS01小组,63224723,14,4,24
EGSS-nohayoussry,ME-EGSS01小组,63822802,14,4,24
EGSS-nohayoussry,ME-EGSS01小组,63970152,14,4,24
EGSS-nohayoussry,ME-EGSS01小组,63997297,14,4,24
EGSS-nohayoussry,ME-EGSS01小组,57880776,13,5,21
EGSS-nohayoussry,ME-EGSS01小组,58366722,13,4,22
EGSS-nohayoussry,ME-EGSS01小组,58517743,13,4,22
EGSS-nohayoussry,ME-EGSS01小组,58645085,13,4,22
EGSS-nohayoussry,ME-EGSS01小组,59028213,13,4,22
EGSS-nohayoussry,ME-EGSS01小组,59364150,13,4,22
EGSS-nohayoussry,ME-EGSS01小组,61001561,13,4,22
EGSS-nohayoussry,ME-EGSS01小组,61010950,13,4,22
EGSS-nohayoussry,ME-EGSS01小组,61702203,13,3,23
EGSS-nohayoussry,ME-EGSS01小组,61908677,13,4,22
EGSS-nohayoussry,ME-EGSS01小组,63462195,13,4,22
EGSS-nohayoussry,ME-EGSS01小组,63477988,13,3,23
EGSS-nohayoussry,ME-EGSS01小组,63552883,13,4,22
EGSS-nohayoussry,ME-EGSS01小组,63647805,13,4,22
EGSS-nohayoussry,ME-EGSS01小组,63664211,13,4,22
EGSS-nohayoussry,ME-EGSS01小组,63789958,13,4,22
EGSS-nohayoussry,ME-EGSS01小组,63923125,13,4,22
EGSS-nohayoussry,ME-EGSS01小组,64121257,13,2,24
EGSS-nohayoussry,ME-EGSS01小组,64133946,13,5,21
EGSS-nohayoussry,ME-EGSS01小组,58662152,12,1,23
EGSS-nohayoussry,ME-EGSS01小组,58929241,12,4,20
EGSS-nohayoussry,ME-EGSS01小组,59118181,12,0,24
EGSS-nohayoussry,ME-EGSS01小组,59228774,12,3,21
EGSS-nohayoussry,ME-EGSS01小组,59564586,12,2,22
EGSS-nohayoussry,ME-EGSS01小组,59611071,12,4,20
EGSS-nohayoussry,ME-EGSS01小组,61048101,12,4,20
EGSS-nohayoussry,ME-EGSS01小组,61873472,12,6,18
EGSS-nohayoussry,ME-EGSS01小组,62221309,12,4,20
EGSS-nohayoussry,ME-EGSS01小组,63499825,12,3,21
EGSS-nohayoussry,ME-EGSS01小组,63572387,12,2,22
EGSS-nohayoussry,ME-EGSS01小组,63586185,12,3,21
EGSS-nohayoussry,ME-EGSS01小组,63629937,12,4,20
EGSS-nohayoussry,ME-EGSS01小组,63705740,12,2,22
EGSS-nohayoussry,ME-EGSS01小组,63712673,12,2,22
EGSS-nohayoussry,ME-EGSS01小组,63719265,12,2,22
EGSS-nohayoussry,ME-EGSS01小组,58066900,11,1,21
EGSS-nohayoussry,ME-EGSS01小组,58905299,11,3,19
EGSS-nohayoussry,ME-EGSS01小组,59057440,11,4,18
EGSS-nohayoussry,ME-EGSS01小组,59107121,11,4,18
EGSS-nohayoussry,ME-EGSS01小组,59255310,11,3,19
EGSS-nohayoussry,ME-EGSS01小组,59590582,11,3,19
EGSS-nohayoussry,ME-EGSS01小组,60157040,11,4,18
EGSS-nohayoussry,ME-EGSS01小组,60726322,11,5,17
EGSS-nohayoussry,ME-EGSS01小组,60826243,11,4,18
EGSS-nohayoussry,ME-EGSS01小组,61324741,11,4,18
EGSS-nohayoussry,ME-EGSS01小组,62073923,11,3,19
EGSS-nohayoussry,ME-EGSS01小组,62149950,11,2,20
EGSS-nohayoussry,ME-EGSS01小组,62538008,11,1,21
EGSS-nohayoussry,ME-EGSS01小组,62614288,11,4,18
EGSS-nohayoussry,ME-EGSS01小组,62926439,11,2,20
EGSS-nohayoussry,ME-EGSS01小组,63181496,11,3,19
EGSS-nohayoussry,ME-EGSS01小组,63606324,11,3,19
EGSS-nohayoussry,ME-EGSS01小组,63746985,11,2,20
EGSS-nohayoussry,ME-EGSS01小组,63996465,11,2,20
EGSS-nohayoussry,ME-EGSS01小组,58766785,10,3,17
EGSS-nohayoussry,ME-EGSS01小组,58816399,10,3,17
EGSS-nohayoussry,ME-EGSS01小组,58846048,10,4,16
EGSS-nohayoussry,ME-EGSS01小组,59038707,10,3,17
EGSS-nohayoussry,ME-EGSS01小组,60234399,10,3,17
EGSS-nohayoussry,ME-EGSS01小组,60999591,10,4,16
EGSS-nohayoussry,ME-EGSS01小组,61093124,10,0,20
EGSS-nohayoussry,ME-EGSS01小组,61144039,10,3,17
EGSS-nohayoussry,ME-EGSS01小组,61569347,10,3,17
EGSS-nohayoussry,ME-EGSS01小组,61658176,10,2,18
EGSS-nohayoussry,ME-EGSS01小组,61782644,10,4,16
EGSS-nohayoussry,ME-EGSS01小组,61809571,10,3,17
EGSS-nohayoussry,ME-EGSS01小组,61880738,10,5,15
EGSS-nohayoussry,ME-EGSS01小组,62248187,10,4,16
EGSS-nohayoussry,ME-EGSS01小组,62500581,10,4,16
EGSS-nohayoussry,ME-EGSS01小组,62811234,10,4,16
EGSS-nohayoussry,ME-EGSS01小组,62819763,10,3,17
EGSS-nohayoussry,ME-EGSS01小组,62850073,10,4,16
EGSS-nohayoussry,ME-EGSS01小组,62857609,10,5,15
EGSS-nohayoussry,ME-EGSS01小组,63178353,10,3,17
EGSS-nohayoussry,ME-EGSS01小组,63344044,10,0,20
EGSS-nohayoussry,ME-EGSS01小组,63389922,10,4,16
EGSS-nohayoussry,ME-EGSS01小组,63536556,10,1,19
EGSS-nohayoussry,ME-EGSS01小组,63557963,10,4,16
EGSS-nohayoussry,ME-EGSS01小组,63572592,10,4,16
EGSS-nohayoussry,ME-EGSS01小组,63679348,10,3,17
EGSS-nohayoussry,ME-EGSS01小组,63681579,10,0,20
EGSS-nohayoussry,ME-EGSS01小组,63846821,10,3,17
EGSS-nohayoussry,ME-EGSS01小组,64141903,10,4,16
EGSS-nohayoussry,ME-EGSS01小组,58335632,9,2,16
EGSS-nohayoussry,ME-EGSS01小组,59033582,9,0,18
EGSS-nohayoussry,ME-EGSS01小组,59143569,9,2,16
EGSS-nohayoussry,ME-EGSS01小组,59585613,9,4,14
EGSS-nohayoussry,ME-EGSS01小组,59900734,9,3,15
EGSS-nohayoussry,ME-EGSS01小组,60567264,9,3,15
EGSS-nohayoussry,ME-EGSS01小组,61800095,9,4,14
EGSS-nohayoussry,ME-EGSS01小组,62865697,9,2,16
EGSS-nohayoussry,ME-EGSS01小组,62970339,9,3,15
EGSS-nohayoussry,ME-EGSS01小组,63077995,9,0,18
EGSS-nohayoussry,ME-EGSS01小组,63194600,9,1,17
EGSS-nohayoussry,ME-EGSS01小组,63396638,9,1,17
EGSS-nohayoussry,ME-EGSS01小组,63437256,9,3,15
EGSS-nohayoussry,ME-EGSS01小组,63539174,9,2,16
EGSS-nohayoussry,ME-EGSS01小组,63558425,9,3,15
EGSS-nohayoussry,ME-EGSS01小组,63606413,9,3,15
EGSS-nohayoussry,ME-EGSS01小组,63615754,9,2,16
EGSS-nohayoussry,ME-EGSS01小组,63661936,9,3,15
EGSS-nohayoussry,ME-EGSS01小组,63736712,9,0,18
EGSS-nohayoussry,ME-EGSS01小组,64053357,9,0,18
EGSS-nohayoussry,ME-EGSS01小组,58095475,8,3,13
EGSS-nohayoussry,ME-EGSS01小组,58344108,8,3,13
EGSS-nohayoussry,ME-EGSS01小组,58573105,8,0,16
EGSS-nohayoussry,ME-EGSS01小组,59089760,8,0,16
EGSS-nohayoussry,ME-EGSS01小组,59294549,8,2,14
EGSS-nohayoussry,ME-EGSS01小组,61070327,8,8,8
EGSS-nohayoussry,ME-EGSS01小组,61322654,8,4,12
EGSS-nohayoussry,ME-EGSS01小组,61958146,8,2,14
EGSS-nohayoussry,ME-EGSS01小组,62984698,8,4,12
EGSS-nohayoussry,ME-EGSS01小组,63217435,8,0,16
EGSS-nohayoussry,ME-EGSS01小组,63344810,8,3,13
EGSS-nohayoussry,ME-EGSS01小组,63498717,8,1,15
EGSS-nohayoussry,ME-EGSS01小组,63595064,8,2,14
EGSS-nohayoussry,ME-EGSS01小组,63948152,8,4,12
EGSS-nohayoussry,ME-EGSS01小组,59274716,7,2,12
EGSS-nohayoussry,ME-EGSS01小组,59534043,7,2,12
EGSS-nohayoussry,ME-EGSS01小组,59565049,7,0,14
EGSS-nohayoussry,ME-EGSS01小组,60547220,7,2,12
EGSS-nohayoussry,ME-EGSS01小组,60743313,7,4,10
EGSS-nohayoussry,ME-EGSS01小组,61060966,7,4,10
EGSS-nohayoussry,ME-EGSS01小组,61285575,7,3,11
EGSS-nohayoussry,ME-EGSS01小组,63047847,7,5,9
EGSS-nohayoussry,ME-EGSS01小组,63102470,7,2,12
EGSS-nohayoussry,ME-EGSS01小组,63160735,7,3,11
EGSS-nohayoussry,ME-EGSS01小组,63172955,7,3,11
EGSS-nohayoussry,ME-EGSS01小组,63560293,7,3,11
EGSS-nohayoussry,ME-EGSS01小组,63856380,7,3,11
EGSS-nohayoussry,ME-EGSS01小组,63895787,7,3,11
EGSS-nohayoussry,ME-EGSS01小组,58508723,6,1,11
EGSS-nohayoussry,ME-EGSS01小组,58574839,6,0,12
EGSS-nohayoussry,ME-EGSS01小组,59158841,6,0,12
EGSS-nohayoussry,ME-EGSS01小组,60901866,6,3,9
EGSS-nohayoussry,ME-EGSS01小组,62818000,6,2,10
EGSS-nohayoussry,ME-EGSS01小组,63072112,6,4,8
EGSS-nohayoussry,ME-EGSS01小组,63339174,6,0,12
EGSS-nohayoussry,ME-EGSS01小组,63683509,6,3,9
EGSS-nohayoussry,ME-EGSS01小组,63766722,6,0,12
EGSS-nohayoussry,ME-EGSS01小组,58515455,5,0,10
EGSS-nohayoussry,ME-EGSS01小组,58516213,5,4,6
EGSS-nohayoussry,ME-EGSS01小组,58783940,5,0,10
EGSS-nohayoussry,ME-EGSS01小组,59275677,5,0,10
EGSS-nohayoussry,ME-EGSS01小组,61612369,5,4,6
EGSS-nohayoussry,ME-EGSS01小组,62815648,5,5,5
EGSS-nohayoussry,ME-EGSS01小组,62835094,5,3,7
EGSS-nohayoussry,ME-EGSS01小组,62932958,5,5,5
EGSS-nohayoussry,ME-EGSS01小组,63447145,5,4,6
EGSS-nohayoussry,ME-EGSS01小组,63596137,5,4,6
EGSS-nohayoussry,ME-EGSS01小组,63614137,5,4,6
EGSS-nohayoussry,ME-EGSS01小组,63997596,5,3,7
EGSS-nohayoussry,ME-EGSS01小组,60311123,4,4,4
EGSS-nohayoussry,ME-EGSS01小组,61728309,4,4,4
EGSS-nohayoussry,ME-EGSS01小组,61831343,4,0,8
EGSS-nohayoussry,ME-EGSS01小组,62164923,4,5,3
EGSS-nohayoussry,ME-EGSS01小组,62794330,4,3,5
EGSS-nohayoussry,ME-EGSS01小组,63572765,4,2,6
EGSS-nohayoussry,ME-EGSS01小组,58522740,3,0,6
EGSS-nohayoussry,ME-EGSS01小组,58571370,3,0,6
EGSS-nohayoussry,ME-EGSS01小组,60532849,3,4,2
EGSS-nohayoussry,ME-EGSS01小组,61801369,3,0,6
EGSS-nohayoussry,ME-EGSS01小组,61991267,3,1,5
EGSS-nohayoussry,ME-EGSS01小组,63147637,3,0,6
EGSS-nohayoussry,ME-EGSS01小组,63444130,3,0,6
EGSS-nohayoussry,ME-EGSS01小组,58346858,2,0,4
EGSS-nohayoussry,ME-EGSS01小组,58707366,2,0,4
EGSS-nohayoussry,ME-EGSS01小组,60307802,2,4,0
EGSS-nohayoussry,ME-EGSS01小组,61272828,2,0,4
EGSS-nohayoussry,ME-EGSS01小组,62346533,2,3,1
EGSS-nohayoussry,ME-EGSS01小组,62772858,2,0,4
EGSS-omarmoneb,ME-EGSS05小组,62400935,18,4,32
EGSS-omarmoneb,ME-EGSS05小组,62527872,18,4,32
EGSS-omarmoneb,ME-EGSS05小组,62979499,18,4,32
EGSS-omarmoneb,ME-EGSS05小组,58823566,17,4,30
EGSS-omarmoneb,ME-EGSS05小组,62513484,17,2,32
EGSS-omarmoneb,ME-EGSS05小组,62788019,17,6,28
EGSS-omarmoneb,ME-EGSS05小组,63169657,17,4,30
EGSS-omarmoneb,ME-EGSS05小组,64152118,17,3,31
EGSS-omarmoneb,ME-EGSS05小组,60233309,16,4,28
EGSS-omarmoneb,ME-EGSS05小组,61097084,16,7,25
EGSS-omarmoneb,ME-EGSS05小组,63732442,15,4,26
EGSS-omarmoneb,ME-EGSS05小组,59761751,14,4,24
EGSS-omarmoneb,ME-EGSS05小组,60316263,14,2,26
EGSS-omarmoneb,ME-EGSS05小组,62222098,14,4,24
EGSS-omarmoneb,ME-EGSS05小组,62235256,14,4,24
EGSS-omarmoneb,ME-EGSS05小组,62496305,14,4,24
EGSS-omarmoneb,ME-EGSS05小组,62530527,14,4,24
EGSS-omarmoneb,ME-EGSS05小组,62626985,14,8,20
EGSS-omarmoneb,ME-EGSS05小组,63546067,14,2,26
EGSS-omarmoneb,ME-EGSS05小组,59239307,13,5,21
EGSS-omarmoneb,ME-EGSS05小组,60620865,13,4,22
EGSS-omarmoneb,ME-EGSS05小组,60653624,13,3,23
EGSS-omarmoneb,ME-EGSS05小组,60967847,13,4,22
EGSS-omarmoneb,ME-EGSS05小组,62325162,13,4,22
EGSS-omarmoneb,ME-EGSS05小组,62872871,13,4,22
EGSS-omarmoneb,ME-EGSS05小组,63423360,13,4,22
EGSS-omarmoneb,ME-EGSS05小组,63537565,13,4,22
EGSS-omarmoneb,ME-EGSS05小组,58033801,12,4,20
EGSS-omarmoneb,ME-EGSS05小组,59109688,12,4,20
EGSS-omarmoneb,ME-EGSS05小组,60587233,12,0,24
EGSS-omarmoneb,ME-EGSS05小组,60635885,12,2,22
EGSS-omarmoneb,ME-EGSS05小组,60795987,12,3,21
EGSS-omarmoneb,ME-EGSS05小组,60994191,12,3,21
EGSS-omarmoneb,ME-EGSS05小组,61007375,12,4,20
EGSS-omarmoneb,ME-EGSS05小组,62377343,12,3,21
EGSS-omarmoneb,ME-EGSS05小组,62378221,12,3,21
EGSS-omarmoneb,ME-EGSS05小组,63306723,12,4,20
EGSS-omarmoneb,ME-EGSS05小组,63639042,12,0,24
EGSS-omarmoneb,ME-EGSS05小组,63844917,12,4,20
EGSS-omarmoneb,ME-EGSS05小组,63888130,12,5,19
EGSS-omarmoneb,ME-EGSS05小组,57940143,11,3,19
EGSS-omarmoneb,ME-EGSS05小组,58732233,11,3,19
EGSS-omarmoneb,ME-EGSS05小组,58825732,11,4,18
EGSS-omarmoneb,ME-EGSS05小组,59121714,11,4,18
EGSS-omarmoneb,ME-EGSS05小组,59476463,11,1,21
EGSS-omarmoneb,ME-EGSS05小组,60249983,11,3,19
EGSS-omarmoneb,ME-EGSS05小组,60791316,11,1,21
EGSS-omarmoneb,ME-EGSS05小组,61290918,11,4,18
EGSS-omarmoneb,ME-EGSS05小组,61470342,11,2,20
EGSS-omarmoneb,ME-EGSS05小组,61493296,11,2,20
EGSS-omarmoneb,ME-EGSS05小组,61549827,11,2,20
EGSS-omarmoneb,ME-EGSS05小组,61681929,11,3,19
EGSS-omarmoneb,ME-EGSS05小组,61720706,11,4,18
EGSS-omarmoneb,ME-EGSS05小组,62522812,11,3,19
EGSS-omarmoneb,ME-EGSS05小组,62832527,11,4,18
EGSS-omarmoneb,ME-EGSS05小组,63050503,11,0,22
EGSS-omarmoneb,ME-EGSS05小组,63400008,11,3,19
EGSS-omarmoneb,ME-EGSS05小组,63489672,11,4,18
EGSS-omarmoneb,ME-EGSS05小组,63604147,11,2,20
EGSS-omarmoneb,ME-EGSS05小组,63620744,11,0,22
EGSS-omarmoneb,ME-EGSS05小组,63818113,11,3,19
EGSS-omarmoneb,ME-EGSS05小组,63848499,11,4,18
EGSS-omarmoneb,ME-EGSS05小组,63857926,11,4,18
EGSS-omarmoneb,ME-EGSS05小组,63858009,11,4,18
EGSS-omarmoneb,ME-EGSS05小组,58217347,10,2,18
EGSS-omarmoneb,ME-EGSS05小组,58712129,10,2,18
EGSS-omarmoneb,ME-EGSS05小组,59481806,10,3,17
EGSS-omarmoneb,ME-EGSS05小组,59773319,10,2,18
EGSS-omarmoneb,ME-EGSS05小组,59907687,10,3,17
EGSS-omarmoneb,ME-EGSS05小组,60171652,10,1,19
EGSS-omarmoneb,ME-EGSS05小组,60824154,10,3,17
EGSS-omarmoneb,ME-EGSS05小组,61017228,10,2,18
EGSS-omarmoneb,ME-EGSS05小组,61118513,10,4,16
EGSS-omarmoneb,ME-EGSS05小组,61127430,10,3,17
EGSS-omarmoneb,ME-EGSS05小组,61195775,10,3,17
EGSS-omarmoneb,ME-EGSS05小组,61326200,10,4,16
EGSS-omarmoneb,ME-EGSS05小组,61393519,10,4,16
EGSS-omarmoneb,ME-EGSS05小组,61750847,10,3,17
EGSS-omarmoneb,ME-EGSS05小组,62382120,10,2,18
EGSS-omarmoneb,ME-EGSS05小组,62526748,10,2,18
EGSS-omarmoneb,ME-EGSS05小组,62556165,10,2,18
EGSS-omarmoneb,ME-EGSS05小组,62583172,10,3,17
EGSS-omarmoneb,ME-EGSS05小组,62589677,10,3,17
EGSS-omarmoneb,ME-EGSS05小组,62928953,10,3,17
EGSS-omarmoneb,ME-EGSS05小组,63094497,10,2,18
EGSS-omarmoneb,ME-EGSS05小组,63134462,10,0,20
EGSS-omarmoneb,ME-EGSS05小组,63306007,10,4,16
EGSS-omarmoneb,ME-EGSS05小组,63388108,10,4,16
EGSS-omarmoneb,ME-EGSS05小组,63394549,10,0,20
EGSS-omarmoneb,ME-EGSS05小组,63466885,10,3,17
EGSS-omarmoneb,ME-EGSS05小组,63742785,10,2,18
EGSS-omarmoneb,ME-EGSS05小组,64133977,10,2,18
EGSS-omarmoneb,ME-EGSS05小组,64134737,10,3,17
EGSS-omarmoneb,ME-EGSS05小组,64157453,10,1,19
EGSS-omarmoneb,ME-EGSS05小组,59625650,9,3,15
EGSS-omarmoneb,ME-EGSS05小组,59723476,9,2,16
EGSS-omarmoneb,ME-EGSS05小组,59897787,9,0,18
EGSS-omarmoneb,ME-EGSS05小组,60016396,9,2,16
EGSS-omarmoneb,ME-EGSS05小组,60523183,9,3,15
EGSS-omarmoneb,ME-EGSS05小组,61565197,9,0,18
EGSS-omarmoneb,ME-EGSS05小组,62096189,9,8,10
EGSS-omarmoneb,ME-EGSS05小组,62202285,9,0,18
EGSS-omarmoneb,ME-EGSS05小组,62310879,9,3,15
EGSS-omarmoneb,ME-EGSS05小组,63050765,9,4,14
EGSS-omarmoneb,ME-EGSS05小组,63080264,9,4,14
EGSS-omarmoneb,ME-EGSS05小组,63522319,9,4,14
EGSS-omarmoneb,ME-EGSS05小组,63673148,9,1,17
EGSS-omarmoneb,ME-EGSS05小组,59019680,8,0,16
EGSS-omarmoneb,ME-EGSS05小组,60021304,8,4,12
EGSS-omarmoneb,ME-EGSS05小组,60057644,8,2,14
EGSS-omarmoneb,ME-EGSS05小组,60539865,8,4,12
EGSS-omarmoneb,ME-EGSS05小组,60705129,8,0,16
EGSS-omarmoneb,ME-EGSS05小组,61019895,8,0,16
EGSS-omarmoneb,ME-EGSS05小组,62514236,8,4,12
EGSS-omarmoneb,ME-EGSS05小组,62521571,8,2,14
EGSS-omarmoneb,ME-EGSS05小组,62627418,8,0,16
EGSS-omarmoneb,ME-EGSS05小组,62629793,8,0,16
EGSS-omarmoneb,ME-EGSS05小组,62695926,8,3,13
EGSS-omarmoneb,ME-EGSS05小组,62789946,8,3,13
EGSS-omarmoneb,ME-EGSS05小组,63078556,8,4,12
EGSS-omarmoneb,ME-EGSS05小组,63177979,8,1,15
EGSS-omarmoneb,ME-EGSS05小组,63487290,8,0,16
EGSS-omarmoneb,ME-EGSS05小组,63673173,8,1,15
EGSS-omarmoneb,ME-EGSS05小组,63708853,8,1,15
EGSS-omarmoneb,ME-EGSS05小组,58726073,7,1,13
EGSS-omarmoneb,ME-EGSS05小组,59366415,7,3,11
EGSS-omarmoneb,ME-EGSS05小组,60388275,7,2,12
EGSS-omarmoneb,ME-EGSS05小组,61065778,7,5,9
EGSS-omarmoneb,ME-EGSS05小组,61069758,7,3,11
EGSS-omarmoneb,ME-EGSS05小组,62211578,7,3,11
EGSS-omarmoneb,ME-EGSS05小组,62213843,7,0,14
EGSS-omarmoneb,ME-EGSS05小组,62239833,7,3,11
EGSS-omarmoneb,ME-EGSS05小组,62402533,7,0,14
EGSS-omarmoneb,ME-EGSS05小组,62502927,7,3,11
EGSS-omarmoneb,ME-EGSS05小组,63094744,7,2,12
EGSS-omarmoneb,ME-EGSS05小组,64123333,7,0,14
EGSS-omarmoneb,ME-EGSS05小组,58369349,6,3,9
EGSS-omarmoneb,ME-EGSS05小组,59131977,6,0,12
EGSS-omarmoneb,ME-EGSS05小组,60121985,6,4,8
EGSS-omarmoneb,ME-EGSS05小组,60733795,6,0,12
EGSS-omarmoneb,ME-EGSS05小组,61148377,6,5,7
EGSS-omarmoneb,ME-EGSS05小组,61259239,6,4,8
EGSS-omarmoneb,ME-EGSS05小组,61283879,6,0,12
EGSS-omarmoneb,ME-EGSS05小组,61284605,6,0,12
EGSS-omarmoneb,ME-EGSS05小组,61851226,6,4,8
EGSS-omarmoneb,ME-EGSS05小组,62652890,6,3,9
EGSS-omarmoneb,ME-EGSS05小组,62841165,6,0,12
EGSS-omarmoneb,ME-EGSS05小组,63016704,6,4,8
EGSS-omarmoneb,ME-EGSS05小组,63386291,6,0,12
EGSS-omarmoneb,ME-EGSS05小组,58345323,5,1,9
EGSS-omarmoneb,ME-EGSS05小组,59765233,5,0,10
EGSS-omarmoneb,ME-EGSS05小组,60482145,5,4,6
EGSS-omarmoneb,ME-EGSS05小组,60792883,5,3,7
EGSS-omarmoneb,ME-EGSS05小组,61655862,5,0,10
EGSS-omarmoneb,ME-EGSS05小组,61723879,5,4,6
EGSS-omarmoneb,ME-EGSS05小组,62383079,5,0,10
EGSS-omarmoneb,ME-EGSS05小组,62926302,5,4,6
EGSS-omarmoneb,ME-EGSS05小组,63126398,5,4,6
EGSS-omarmoneb,ME-EGSS05小组,63603792,5,0,10
EGSS-omarmoneb,ME-EGSS05小组,59619652,4,3,5
EGSS-omarmoneb,ME-EGSS05小组,60397499,4,0,8
EGSS-omarmoneb,ME-EGSS05小组,60860252,4,3,5
EGSS-omarmoneb,ME-EGSS05小组,60987924,4,0,8
EGSS-omarmoneb,ME-EGSS05小组,61235680,4,5,3
EGSS-omarmoneb,ME-EGSS05小组,62180832,4,1,7
EGSS-omarmoneb,ME-EGSS05小组,62800589,4,1,7
EGSS-omarmoneb,ME-EGSS05小组,63510728,4,0,8
EGSS-omarmoneb,ME-EGSS05小组,63519599,4,0,8
EGSS-omarmoneb,ME-EGSS05小组,63584121,4,0,8
EGSS-omarmoneb,ME-EGSS05小组,63596120,4,1,7
EGSS-omarmoneb,ME-EGSS05小组,58862251,3,0,6
EGSS-omarmoneb,ME-EGSS05小组,59770688,3,0,6
EGSS-omarmoneb,ME-EGSS05小组,60696469,3,3,3
EGSS-omarmoneb,ME-EGSS05小组,61281337,3,0,6
EGSS-omarmoneb,ME-EGSS05小组,62202503,3,3,3
EGSS-omarmoneb,ME-EGSS05小组,62213638,3,0,6
EGSS-omarmoneb,ME-EGSS05小组,62310412,3,0,6
EGSS-omarmoneb,ME-EGSS05小组,62327856,3,2,4
EGSS-omarmoneb,ME-EGSS05小组,63583806,3,0,6
EGSS-omarmoneb,ME-EGSS05小组,61030273,2,4,0
EGSS-omarmoneb,ME-EGSS05小组,61030890,2,3,1
EGSS-omarmoneb,ME-EGSS05小组,61718244,2,2,2
EGSS-omarmoneb,ME-EGSS05小组,62106560,2,4,0
EGSS-omarmoneb,ME-EGSS05小组,62367169,2,2,2
EGSS-omarmoneb,ME-EGSS05小组,62683370,2,0,4
EGSS-omarmoneb,ME-EGSS05小组,63603950,2,0,4
EGSS-omarmoneb,ME-EGSS05小组,64007552,2,0,4
EGSS-samira01,ME-EGSS05小组,63617196,22,4,40
EGSS-samira01,ME-EGSS05小组,58883465,21,4,38
EGSS-samira01,ME-EGSS05小组,62788694,20,0,40
EGSS-samira01,ME-EGSS05小组,63802544,20,5,35
EGSS-samira01,ME-EGSS05小组,58644833,19,5,33
EGSS-samira01,ME-EGSS05小组,63155371,19,0,38
EGSS-samira01,ME-EGSS05小组,63498189,19,5,33
EGSS-samira01,ME-EGSS05小组,63730843,19,4,34
EGSS-samira01,ME-EGSS05小组,63894444,19,5,33
EGSS-samira01,ME-EGSS05小组,60246947,18,5,31
EGSS-samira01,ME-EGSS05小组,61487431,18,4,32
EGSS-samira01,ME-EGSS05小组,62849409,18,4,32
EGSS-samira01,ME-EGSS05小组,63593084,18,4,32
EGSS-samira01,ME-EGSS05小组,61476385,17,4,30
EGSS-samira01,ME-EGSS05小组,62424568,17,5,29
EGSS-samira01,ME-EGSS05小组,63236917,17,4,30
EGSS-samira01,ME-EGSS05小组,63632861,17,4,30
EGSS-samira01,ME-EGSS05小组,63691939,17,4,30
EGSS-samira01,ME-EGSS05小组,63822485,17,5,29
EGSS-samira01,ME-EGSS05小组,63869149,17,4,30
EGSS-samira01,ME-EGSS05小组,58340268,16,5,27
EGSS-samira01,ME-EGSS05小组,58457572,16,1,31
EGSS-samira01,ME-EGSS05小组,59615465,16,4,28
EGSS-samira01,ME-EGSS05小组,60425992,16,0,32
EGSS-samira01,ME-EGSS05小组,60561050,16,5,27
EGSS-samira01,ME-EGSS05小组,59615647,15,4,26
EGSS-samira01,ME-EGSS05小组,62445853,15,2,28
EGSS-samira01,ME-EGSS05小组,63306885,15,3,27
EGSS-samira01,ME-EGSS05小组,59124944,14,4,24
EGSS-samira01,ME-EGSS05小组,59884302,14,3,25
EGSS-samira01,ME-EGSS05小组,61753619,14,4,24
EGSS-samira01,ME-EGSS05小组,62265886,14,3,25
EGSS-samira01,ME-EGSS05小组,62758090,14,4,24
EGSS-samira01,ME-EGSS05小组,62824824,14,3,25
EGSS-samira01,ME-EGSS05小组,62962211,14,2,26
EGSS-samira01,ME-EGSS05小组,63157748,14,3,25
EGSS-samira01,ME-EGSS05小组,63224023,14,0,28
EGSS-samira01,ME-EGSS05小组,63719540,14,4,24
EGSS-samira01,ME-EGSS05小组,63832457,14,5,23
EGSS-samira01,ME-EGSS05小组,63929009,14,4,24
EGSS-samira01,ME-EGSS05小组,64161248,14,5,23
EGSS-samira01,ME-EGSS05小组,58608485,13,0,26
EGSS-samira01,ME-EGSS05小组,58970938,13,6,20
EGSS-samira01,ME-EGSS05小组,59333672,13,4,22
EGSS-samira01,ME-EGSS05小组,60400184,13,5,21
EGSS-samira01,ME-EGSS05小组,60687367,13,4,22
EGSS-samira01,ME-EGSS05小组,60775068,13,4,22
EGSS-samira01,ME-EGSS05小组,61538603,13,1,25
EGSS-samira01,ME-EGSS05小组,62441255,13,2,24
EGSS-samira01,ME-EGSS05小组,62554546,13,3,23
EGSS-samira01,ME-EGSS05小组,62668526,13,4,22
EGSS-samira01,ME-EGSS05小组,62825243,13,4,22
EGSS-samira01,ME-EGSS05小组,62865488,13,4,22
EGSS-samira01,ME-EGSS05小组,62932732,13,5,21
EGSS-samira01,ME-EGSS05小组,64180740,13,4,22
EGSS-samira01,ME-EGSS05小组,58199771,12,4,20
EGSS-samira01,ME-EGSS05小组,59007564,12,0,24
EGSS-samira01,ME-EGSS05小组,59197931,12,5,19
EGSS-samira01,ME-EGSS05小组,59364585,12,2,22
EGSS-samira01,ME-EGSS05小组,59462232,12,0,24
EGSS-samira01,ME-EGSS05小组,60867909,12,4,20
EGSS-samira01,ME-EGSS05小组,61639721,12,1,23
EGSS-samira01,ME-EGSS05小组,61767553,12,3,21
EGSS-samira01,ME-EGSS05小组,61769453,12,4,20
EGSS-samira01,ME-EGSS05小组,62561488,12,3,21
EGSS-samira01,ME-EGSS05小组,62569844,12,5,19
EGSS-samira01,ME-EGSS05小组,62609385,12,0,24
EGSS-samira01,ME-EGSS05小组,62710281,12,4,20
EGSS-samira01,ME-EGSS05小组,62720104,12,0,24
EGSS-samira01,ME-EGSS05小组,62811329,12,3,21
EGSS-samira01,ME-EGSS05小组,63078505,12,4,20
EGSS-samira01,ME-EGSS05小组,63172027,12,4,20
EGSS-samira01,ME-EGSS05小组,63561650,12,4,20
EGSS-samira01,ME-EGSS05小组,63603993,12,4,20
EGSS-samira01,ME-EGSS05小组,63822388,12,4,20
EGSS-samira01,ME-EGSS05小组,63932910,12,6,18
EGSS-samira01,ME-EGSS05小组,64087617,12,3,21
EGSS-samira01,ME-EGSS05小组,58395174,11,2,20
EGSS-samira01,ME-EGSS05小组,58644626,11,5,17
EGSS-samira01,ME-EGSS05小组,58732462,11,4,18
EGSS-samira01,ME-EGSS05小组,60372546,11,4,18
EGSS-samira01,ME-EGSS05小组,60605437,11,0,22
EGSS-samira01,ME-EGSS05小组,60793991,11,4,18
EGSS-samira01,ME-EGSS05小组,61337114,11,4,18
EGSS-samira01,ME-EGSS05小组,61620447,11,3,19
EGSS-samira01,ME-EGSS05小组,61773236,11,3,19
EGSS-samira01,ME-EGSS05小组,61842021,11,0,22
EGSS-samira01,ME-EGSS05小组,61948489,11,5,17
EGSS-samira01,ME-EGSS05小组,62402323,11,4,18
EGSS-samira01,ME-EGSS05小组,62535162,11,2,20
EGSS-samira01,ME-EGSS05小组,62684074,11,4,18
EGSS-samira01,ME-EGSS05小组,62688540,11,4,18
EGSS-samira01,ME-EGSS05小组,62764583,11,3,19
EGSS-samira01,ME-EGSS05小组,62788589,11,4,18
EGSS-samira01,ME-EGSS05小组,62792151,11,3,19
EGSS-samira01,ME-EGSS05小组,63481413,11,0,22
EGSS-samira01,ME-EGSS05小组,63584000,11,3,19
EGSS-samira01,ME-EGSS05小组,63774339,11,3,19
EGSS-samira01,ME-EGSS05小组,64071146,11,3,19
EGSS-samira01,ME-EGSS05小组,58285255,10,4,16
EGSS-samira01,ME-EGSS05小组,58605582,10,4,16
EGSS-samira01,ME-EGSS05小组,58863770,10,3,17
EGSS-samira01,ME-EGSS05小组,60660292,10,4,16
EGSS-samira01,ME-EGSS05小组,60741498,10,1,19
EGSS-samira01,ME-EGSS05小组,60756640,10,3,17
EGSS-samira01,ME-EGSS05小组,60757003,10,3,17
EGSS-samira01,ME-EGSS05小组,60757009,10,3,17
EGSS-samira01,ME-EGSS05小组,61654765,10,4,16
EGSS-samira01,ME-EGSS05小组,61660021,10,3,17
EGSS-samira01,ME-EGSS05小组,62311194,10,2,18
EGSS-samira01,ME-EGSS05小组,62313671,10,2,18
EGSS-samira01,ME-EGSS05小组,62325334,10,5,15
EGSS-samira01,ME-EGSS05小组,62602153,10,3,17
EGSS-samira01,ME-EGSS05小组,62609387,10,3,17
EGSS-samira01,ME-EGSS05小组,62787242,10,3,17
EGSS-samira01,ME-EGSS05小组,62809936,10,3,17
EGSS-samira01,ME-EGSS05小组,62865556,10,3,17
EGSS-samira01,ME-EGSS05小组,62878887,10,3,17
EGSS-samira01,ME-EGSS05小组,63248142,10,3,17
EGSS-samira01,ME-EGSS05小组,63404615,10,5,15
EGSS-samira01,ME-EGSS05小组,63424046,10,3,17
EGSS-samira01,ME-EGSS05小组,63708788,10,5,15
EGSS-samira01,ME-EGSS05小组,63812725,10,4,16
EGSS-samira01,ME-EGSS05小组,63910070,10,2,18
EGSS-samira01,ME-EGSS05小组,64059932,10,2,18
EGSS-samira01,ME-EGSS05小组,64088026,10,3,17
EGSS-samira01,ME-EGSS05小组,64180925,10,4,16
EGSS-samira01,ME-EGSS05小组,58156938,9,4,14
EGSS-samira01,ME-EGSS05小组,58313206,9,0,18
EGSS-samira01,ME-EGSS05小组,58814692,9,3,15
EGSS-samira01,ME-EGSS05小组,59108593,9,3,15
EGSS-samira01,ME-EGSS05小组,59415103,9,2,16
EGSS-samira01,ME-EGSS05小组,59588738,9,5,13
EGSS-samira01,ME-EGSS05小组,60650674,9,3,15
EGSS-samira01,ME-EGSS05小组,60662489,9,4,14
EGSS-samira01,ME-EGSS05小组,61089599,9,5,13
EGSS-samira01,ME-EGSS05小组,61227536,9,4,14
EGSS-samira01,ME-EGSS05小组,61501321,9,1,17
EGSS-samira01,ME-EGSS05小组,61620177,9,3,15
EGSS-samira01,ME-EGSS05小组,62079971,9,3,15
EGSS-samira01,ME-EGSS05小组,62375258,9,4,14
EGSS-samira01,ME-EGSS05小组,62535514,9,3,15
EGSS-samira01,ME-EGSS05小组,62703812,9,3,15
EGSS-samira01,ME-EGSS05小组,62774304,9,2,16
EGSS-samira01,ME-EGSS05小组,62795820,9,3,15
EGSS-samira01,ME-EGSS05小组,63135227,9,0,18
EGSS-samira01,ME-EGSS05小组,63155746,9,3,15
EGSS-samira01,ME-EGSS05小组,57927902,8,1,15
EGSS-samira01,ME-EGSS05小组,58317070,8,4,12
EGSS-samira01,ME-EGSS05小组,58777029,8,4,12
EGSS-samira01,ME-EGSS05小组,59246309,8,4,12
EGSS-samira01,ME-EGSS05小组,59944975,8,4,12
EGSS-samira01,ME-EGSS05小组,60724248,8,4,12
EGSS-samira01,ME-EGSS05小组,60724424,8,6,10
EGSS-samira01,ME-EGSS05小组,61070820,8,4,12
EGSS-samira01,ME-EGSS05小组,61261500,8,2,14
EGSS-samira01,ME-EGSS05小组,61354080,8,4,12
EGSS-samira01,ME-EGSS05小组,62396042,8,4,12
EGSS-samira01,ME-EGSS05小组,62432586,8,3,13
EGSS-samira01,ME-EGSS05小组,62691250,8,3,13
EGSS-samira01,ME-EGSS05小组,63569328,8,2,14
EGSS-samira01,ME-EGSS05小组,63766927,8,4,12
EGSS-samira01,ME-EGSS05小组,58476812,7,0,14
EGSS-samira01,ME-EGSS05小组,58617882,7,2,12
EGSS-samira01,ME-EGSS05小组,58831441,7,1,13
EGSS-samira01,ME-EGSS05小组,58945859,7,4,10
EGSS-samira01,ME-EGSS05小组,59372122,7,4,10
EGSS-samira01,ME-EGSS05小组,59497298,7,3,11
EGSS-samira01,ME-EGSS05小组,61412097,7,4,10
EGSS-samira01,ME-EGSS05小组,61667351,7,0,14
EGSS-samira01,ME-EGSS05小组,62668060,7,0,14
EGSS-samira01,ME-EGSS05小组,62701385,7,3,11
EGSS-samira01,ME-EGSS05小组,63719977,7,2,12
EGSS-samira01,ME-EGSS05小组,58237522,6,0,12
EGSS-samira01,ME-EGSS05小组,58717084,6,1,11
EGSS-samira01,ME-EGSS05小组,59470001,6,4,8
EGSS-samira01,ME-EGSS05小组,60530856,6,0,12
EGSS-samira01,ME-EGSS05小组,60744451,6,3,9
EGSS-samira01,ME-EGSS05小组,61354270,6,5,7
EGSS-samira01,ME-EGSS05小组,61627632,6,1,11
EGSS-samira01,ME-EGSS05小组,61747952,6,2,10
EGSS-samira01,ME-EGSS05小组,62173127,6,4,8
EGSS-samira01,ME-EGSS05小组,62535247,6,2,10
EGSS-samira01,ME-EGSS05小组,62683071,6,0,12
EGSS-samira01,ME-EGSS05小组,62786978,6,3,9
EGSS-samira01,ME-EGSS05小组,62786997,6,3,9
EGSS-samira01,ME-EGSS05小组,62962305,6,5,7
EGSS-samira01,ME-EGSS05小组,63060603,6,2,10
EGSS-samira01,ME-EGSS05小组,63113870,6,3,9
EGSS-samira01,ME-EGSS05小组,63472484,6,4,8
EGSS-samira01,ME-EGSS05小组,63635991,6,3,9
EGSS-samira01,ME-EGSS05小组,60720959,5,4,6
EGSS-samira01,ME-EGSS05小组,62173150,5,4,6
EGSS-samira01,ME-EGSS05小组,62317581,5,3,7
EGSS-samira01,ME-EGSS05小组,58854943,4,4,4
EGSS-samira01,ME-EGSS05小组,59008620,4,4,4
EGSS-samira01,ME-EGSS05小组,60133020,4,0,8
EGSS-samira01,ME-EGSS05小组,60562909,4,4,4
EGSS-samira01,ME-EGSS05小组,60612303,4,3,5
EGSS-samira01,ME-EGSS05小组,62779575,4,3,5
EGSS-samira01,ME-EGSS05小组,63059476,4,0,8
EGSS-samira01,ME-EGSS05小组,63059479,4,0,8
EGSS-samira01,ME-EGSS05小组,63156753,4,3,5
EGSS-samira01,ME-EGSS05小组,63556297,4,5,3
EGSS-samira01,ME-EGSS05小组,63640909,4,0,8
EGSS-samira01,ME-EGSS05小组,64131603,4,4,4
EGSS-samira01,ME-EGSS05小组,61051814,3,2,4
EGSS-samira01,ME-EGSS05小组,61628567,3,1,5
EGSS-samira01,ME-EGSS05小组,62094645,3,0,6
EGSS-samira01,ME-EGSS05小组,62344308,3,3,3
EGSS-samira01,ME-EGSS05小组,62660169,3,3,3
EGSS-samira01,ME-EGSS05小组,62815934,3,4,2
EGSS-samira01,ME-EGSS05小组,63156303,3,0,6
EGSS-samira01,ME-EGSS05小组,58357780,2,0,4
EGSS-samira01,ME-EGSS05小组,58814728,2,0,4
EGSS-samira01,ME-EGSS05小组,59255040,2,0,4
EGSS-samira01,ME-EGSS05小组,59276259,2,3,1
EGSS-samira01,ME-EGSS05小组,59465538,2,3,1
EGSS-samira01,ME-EGSS05小组,60513218,2,0,4
EGSS-samira01,ME-EGSS05小组,60908625,2,4,0
EGSS-samira01,ME-EGSS05小组,60968948,2,0,4
EGSS-samira01,ME-EGSS05小组,61705238,2,4,0
EGSS-samira01,ME-EGSS05小组,62432782,2,3,1
EGSS-samira01,ME-EGSS05小组,62540030,2,0,4
EGSS-samira01,ME-EGSS05小组,63088549,2,4,0
EGSS-titooooo,ME-EGSS05小组,64159161,26,9,43
EGSS-titooooo,ME-EGSS05小组,62530207,22,5,39
EGSS-titooooo,ME-EGSS05小组,62543705,22,5,39
EGSS-titooooo,ME-EGSS05小组,58828419,21,2,40
EGSS-titooooo,ME-EGSS05小组,63198108,19,1,37
EGSS-titooooo,ME-EGSS05小组,63763940,18,4,32
EGSS-titooooo,ME-EGSS05小组,63876223,18,4,32
EGSS-titooooo,ME-EGSS05小组,64160371,18,7,29
EGSS-titooooo,ME-EGSS05小组,59266442,17,5,29
EGSS-titooooo,ME-EGSS05小组,60546863,17,5,29
EGSS-titooooo,ME-EGSS05小组,61128389,17,5,29
EGSS-titooooo,ME-EGSS05小组,61658449,17,5,29
EGSS-titooooo,ME-EGSS05小组,63722296,17,3,31
EGSS-titooooo,ME-EGSS05小组,58405794,15,6,24
EGSS-titooooo,ME-EGSS05小组,60240342,15,3,27
EGSS-titooooo,ME-EGSS05小组,60463301,15,5,25
EGSS-titooooo,ME-EGSS05小组,61171971,15,6,24
EGSS-titooooo,ME-EGSS05小组,61201980,15,4,26
EGSS-titooooo,ME-EGSS05小组,61268297,15,2,28
EGSS-titooooo,ME-EGSS05小组,62901679,15,4,26
EGSS-titooooo,ME-EGSS05小组,63757005,15,4,26
EGSS-titooooo,ME-EGSS05小组,63875600,15,0,30
EGSS-titooooo,ME-EGSS05小组,63955741,15,5,25
EGSS-titooooo,ME-EGSS05小组,64031248,15,4,26
EGSS-titooooo,ME-EGSS05小组,64033294,15,6,24
EGSS-titooooo,ME-EGSS05小组,58794556,14,4,24
EGSS-titooooo,ME-EGSS05小组,61384611,14,4,24
EGSS-titooooo,ME-EGSS05小组,61706413,14,4,24
EGSS-titooooo,ME-EGSS05小组,62539473,14,5,23
EGSS-titooooo,ME-EGSS05小组,62596512,14,1,27
EGSS-titooooo,ME-EGSS05小组,63216488,14,3,25
EGSS-titooooo,ME-EGSS05小组,63833168,14,4,24
EGSS-titooooo,ME-EGSS05小组,64052903,14,4,24
EGSS-titooooo,ME-EGSS05小组,64079933,14,4,24
EGSS-titooooo,ME-EGSS05小组,57819228,13,5,21
EGSS-titooooo,ME-EGSS05小组,58603663,13,3,23
EGSS-titooooo,ME-EGSS05小组,58659955,13,3,23
EGSS-titooooo,ME-EGSS05小组,59219702,13,4,22
EGSS-titooooo,ME-EGSS05小组,60201796,13,4,22
EGSS-titooooo,ME-EGSS05小组,60326330,13,0,26
EGSS-titooooo,ME-EGSS05小组,60460534,13,4,22
EGSS-titooooo,ME-EGSS05小组,61091703,13,0,26
EGSS-titooooo,ME-EGSS05小组,61209313,13,4,22
EGSS-titooooo,ME-EGSS05小组,61283602,13,3,23
EGSS-titooooo,ME-EGSS05小组,61329462,13,4,22
EGSS-titooooo,ME-EGSS05小组,61524572,13,3,23
EGSS-titooooo,ME-EGSS05小组,61811974,13,4,22
EGSS-titooooo,ME-EGSS05小组,62796032,13,4,22
EGSS-titooooo,ME-EGSS05小组,63464299,13,4,22
EGSS-titooooo,ME-EGSS05小组,63480205,13,4,22
EGSS-titooooo,ME-EGSS05小组,63661360,13,4,22
EGSS-titooooo,ME-EGSS05小组,63812757,13,3,23
EGSS-titooooo,ME-EGSS05小组,58659635,12,2,22
EGSS-titooooo,ME-EGSS05小组,59547592,12,4,20
EGSS-titooooo,ME-EGSS05小组,59613670,12,4,20
EGSS-titooooo,ME-EGSS05小组,60096294,12,4,20
EGSS-titooooo,ME-EGSS05小组,60389256,12,4,20
EGSS-titooooo,ME-EGSS05小组,60810922,12,0,24
EGSS-titooooo,ME-EGSS05小组,60823170,12,4,20
EGSS-titooooo,ME-EGSS05小组,61341495,12,4,20
EGSS-titooooo,ME-EGSS05小组,61594539,12,4,20
EGSS-titooooo,ME-EGSS05小组,61655612,12,4,20
EGSS-titooooo,ME-EGSS05小组,62867577,12,4,20
EGSS-titooooo,ME-EGSS05小组,63380812,12,4,20
EGSS-titooooo,ME-EGSS05小组,63627944,12,4,20
EGSS-titooooo,ME-EGSS05小组,63658762,12,4,20
EGSS-titooooo,ME-EGSS05小组,63970406,12,4,20
EGSS-titooooo,ME-EGSS05小组,58526954,11,5,17
EGSS-titooooo,ME-EGSS05小组,59114491,11,0,22
EGSS-titooooo,ME-EGSS05小组,60093722,11,4,18
EGSS-titooooo,ME-EGSS05小组,60264496,11,4,18
EGSS-titooooo,ME-EGSS05小组,60404880,11,4,18
EGSS-titooooo,ME-EGSS05小组,60404973,11,3,19
EGSS-titooooo,ME-EGSS05小组,61061100,11,4,18
EGSS-titooooo,ME-EGSS05小组,62529687,11,4,18
EGSS-titooooo,ME-EGSS05小组,62815089,11,4,18
EGSS-titooooo,ME-EGSS05小组,62920073,11,0,22
EGSS-titooooo,ME-EGSS05小组,62925667,11,2,20
EGSS-titooooo,ME-EGSS05小组,62925947,11,2,20
EGSS-titooooo,ME-EGSS05小组,63014561,11,4,18
EGSS-titooooo,ME-EGSS05小组,63144980,11,2,20
EGSS-titooooo,ME-EGSS05小组,63390626,11,2,20
EGSS-titooooo,ME-EGSS05小组,63582255,11,1,21
EGSS-titooooo,ME-EGSS05小组,63593927,11,4,18
EGSS-titooooo,ME-EGSS05小组,63603280,11,4,18
EGSS-titooooo,ME-EGSS05小组,63614908,11,2,20
EGSS-titooooo,ME-EGSS05小组,63652524,11,4,18
EGSS-titooooo,ME-EGSS05小组,63672545,11,9,13
EGSS-titooooo,ME-EGSS05小组,63771908,11,4,18
EGSS-titooooo,ME-EGSS05小组,63945577,11,6,16
EGSS-titooooo,ME-EGSS05小组,58163223,10,4,16
EGSS-titooooo,ME-EGSS05小组,58361199,10,3,17
EGSS-titooooo,ME-EGSS05小组,58594982,10,3,17
EGSS-titooooo,ME-EGSS05小组,58780999,10,2,18
EGSS-titooooo,ME-EGSS05小组,59353955,10,4,16
EGSS-titooooo,ME-EGSS05小组,59555669,10,4,16
EGSS-titooooo,ME-EGSS05小组,60269952,10,4,16
EGSS-titooooo,ME-EGSS05小组,60430565,10,4,16
EGSS-titooooo,ME-EGSS05小组,60670333,10,4,16
EGSS-titooooo,ME-EGSS05小组,61176265,10,3,17
EGSS-titooooo,ME-EGSS05小组,61293590,10,1,19
EGSS-titooooo,ME-EGSS05小组,61396629,10,1,19
EGSS-titooooo,ME-EGSS05小组,61501336,10,4,16
EGSS-titooooo,ME-EGSS05小组,61572132,10,4,16
EGSS-titooooo,ME-EGSS05小组,61662663,10,3,17
EGSS-titooooo,ME-EGSS05小组,62409023,10,4,16
EGSS-titooooo,ME-EGSS05小组,62447258,10,0,20
EGSS-titooooo,ME-EGSS05小组,62713226,10,4,16
EGSS-titooooo,ME-EGSS05小组,62803562,10,3,17
EGSS-titooooo,ME-EGSS05小组,62835635,10,4,16
EGSS-titooooo,ME-EGSS05小组,62840072,10,4,16
EGSS-titooooo,ME-EGSS05小组,62994845,10,5,15
EGSS-titooooo,ME-EGSS05小组,63015805,10,4,16
EGSS-titooooo,ME-EGSS05小组,63470829,10,3,17
EGSS-titooooo,ME-EGSS05小组,63503087,10,3,17
EGSS-titooooo,ME-EGSS05小组,63517766,10,2,18
EGSS-titooooo,ME-EGSS05小组,63521420,10,2,18
EGSS-titooooo,ME-EGSS05小组,63663463,10,2,18
EGSS-titooooo,ME-EGSS05小组,63753234,10,0,20
EGSS-titooooo,ME-EGSS05小组,63775851,10,0,20
EGSS-titooooo,ME-EGSS05小组,63812375,10,2,18
EGSS-titooooo,ME-EGSS05小组,63910356,10,2,18
EGSS-titooooo,ME-EGSS05小组,64140772,10,3,17
EGSS-titooooo,ME-EGSS05小组,58478633,9,4,14
EGSS-titooooo,ME-EGSS05小组,59494739,9,2,16
EGSS-titooooo,ME-EGSS05小组,60181708,9,3,15
EGSS-titooooo,ME-EGSS05小组,60389714,9,2,16
EGSS-titooooo,ME-EGSS05小组,60425439,9,4,14
EGSS-titooooo,ME-EGSS05小组,60848408,9,1,17
EGSS-titooooo,ME-EGSS05小组,61068144,9,0,18
EGSS-titooooo,ME-EGSS05小组,61431858,9,1,17
EGSS-titooooo,ME-EGSS05小组,61587030,9,0,18
EGSS-titooooo,ME-EGSS05小组,61810995,9,4,14
EGSS-titooooo,ME-EGSS05小组,61882485,9,5,13
EGSS-titooooo,ME-EGSS05小组,62182933,9,2,16
EGSS-titooooo,ME-EGSS05小组,62586773,9,3,15
EGSS-titooooo,ME-EGSS05小组,62786987,9,3,15
EGSS-titooooo,ME-EGSS05小组,62803019,9,3,15
EGSS-titooooo,ME-EGSS05小组,63174104,9,4,14
EGSS-titooooo,ME-EGSS05小组,63463770,9,3,15
EGSS-titooooo,ME-EGSS05小组,63485816,9,1,17
EGSS-titooooo,ME-EGSS05小组,63496568,9,5,13
EGSS-titooooo,ME-EGSS05小组,63742653,9,4,14
EGSS-titooooo,ME-EGSS05小组,59441316,8,3,13
EGSS-titooooo,ME-EGSS05小组,59453856,8,2,14
EGSS-titooooo,ME-EGSS05小组,59495001,8,2,14
EGSS-titooooo,ME-EGSS05小组,60088189,8,4,12
EGSS-titooooo,ME-EGSS05小组,60405740,8,2,14
EGSS-titooooo,ME-EGSS05小组,61293829,8,2,14
EGSS-titooooo,ME-EGSS05小组,62149627,8,2,14
EGSS-titooooo,ME-EGSS05小组,62160379,8,2,14
EGSS-titooooo,ME-EGSS05小组,62377884,8,0,16
EGSS-titooooo,ME-EGSS05小组,62803020,8,3,13
EGSS-titooooo,ME-EGSS05小组,63045215,8,2,14
EGSS-titooooo,ME-EGSS05小组,63333356,8,0,16
EGSS-titooooo,ME-EGSS05小组,63487484,8,3,13
EGSS-titooooo,ME-EGSS05小组,63575627,8,3,13
EGSS-titooooo,ME-EGSS05小组,63781985,8,0,16
EGSS-titooooo,ME-EGSS05小组,63997479,8,0,16
EGSS-titooooo,ME-EGSS05小组,58562460,7,2,12
EGSS-titooooo,ME-EGSS05小组,59004614,7,3,11
EGSS-titooooo,ME-EGSS05小组,59338237,7,0,14
EGSS-titooooo,ME-EGSS05小组,59467896,7,2,12
EGSS-titooooo,ME-EGSS05小组,59764917,7,2,12
EGSS-titooooo,ME-EGSS05小组,60202162,7,4,10
EGSS-titooooo,ME-EGSS05小组,60444722,7,1,13
EGSS-titooooo,ME-EGSS05小组,61051357,7,4,10
EGSS-titooooo,ME-EGSS05小组,62426349,7,4,10
EGSS-titooooo,ME-EGSS05小组,62506357,7,0,14
EGSS-titooooo,ME-EGSS05小组,63928936,7,3,11
EGSS-titooooo,ME-EGSS05小组,64160373,7,3,11
EGSS-titooooo,ME-EGSS05小组,57632033,6,5,7
EGSS-titooooo,ME-EGSS05小组,58616692,6,5,7
EGSS-titooooo,ME-EGSS05小组,59027937,6,4,8
EGSS-titooooo,ME-EGSS05小组,59045654,6,0,12
EGSS-titooooo,ME-EGSS05小组,59266350,6,2,10
EGSS-titooooo,ME-EGSS05小组,59937792,6,5,7
EGSS-titooooo,ME-EGSS05小组,61259499,6,3,9
EGSS-titooooo,ME-EGSS05小组,61425823,6,1,11
EGSS-titooooo,ME-EGSS05小组,61872219,6,3,9
EGSS-titooooo,ME-EGSS05小组,62978645,6,3,9
EGSS-titooooo,ME-EGSS05小组,63232981,6,3,9
EGSS-titooooo,ME-EGSS05小组,63549742,6,4,8
EGSS-titooooo,ME-EGSS05小组,63707654,6,3,9
EGSS-titooooo,ME-EGSS05小组,63818374,6,0,12
EGSS-titooooo,ME-EGSS05小组,58352421,5,2,8
EGSS-titooooo,ME-EGSS05小组,58788648,5,0,10
EGSS-titooooo,ME-EGSS05小组,61290572,5,4,6
EGSS-titooooo,ME-EGSS05小组,62855523,5,3,7
EGSS-titooooo,ME-EGSS05小组,63037456,5,2,8
EGSS-titooooo,ME-EGSS05小组,63520060,5,3,7
EGSS-titooooo,ME-EGSS05小组,57824085,4,0,8
EGSS-titooooo,ME-EGSS05小组,58217509,4,0,8
EGSS-titooooo,ME-EGSS05小组,58219973,4,0,8
EGSS-titooooo,ME-EGSS05小组,58393669,4,2,6
EGSS-titooooo,ME-EGSS05小组,59678666,4,5,3
EGSS-titooooo,ME-EGSS05小组,59917836,4,3,5
EGSS-titooooo,ME-EGSS05小组,60168083,4,3,5
EGSS-titooooo,ME-EGSS05小组,61303740,4,4,4
EGSS-titooooo,ME-EGSS05小组,62902447,4,4,4
EGSS-titooooo,ME-EGSS05小组,63244211,4,4,4
EGSS-titooooo,ME-EGSS05小组,58149274,3,0,6
EGSS-titooooo,ME-EGSS05小组,59079366,3,0,6
EGSS-titooooo,ME-EGSS05小组,63309060,3,3,3
EGSS-titooooo,ME-EGSS05小组,63709075,3,5,1
EGSS-titooooo,ME-EGSS05小组,59910150,2,4,0
EGSS-titooooo,ME-EGSS05小组,60458717,2,0,4
EGSS-titooooo,ME-EGSS05小组,61554895,2,0,4
EGSS-titooooo,ME-EGSS05小组,62411627,2,4,0
EGSS-titooooo,ME-EGSS05小组,62927000,2,0,4
EGSS-titooooo,ME-EGSS05小组,62985087,2,0,4
EGSS-titooooo,ME-EGSS05小组,63510627,2,0,4
