"PriorityRank","StudentId","Rep","Team","BigTeam","Pool","PoolDetail","AttendedClasses","BookedUnattended","AttendanceTier","LastConnectionTime","ConnectionDisplay","ConnectionSource","LastPaidDate","RecommendedAction","IsCovered"
"5","64313369","EGSS-ehabzaky01","ME-EGSS05","MEKSA-EGSS01","围场外","outside pool","8","19",">=8 Classes (Medium-High)","2026-10-07 11:19:36","2026-10-07 11:19:36","SOP Task Assigned","-","HIGH PRIORITY - Serious Student Retention","0"
"8","60535581","EGSS-khaledgonam","ME-EGSS05","MEKSA-EGSS01","围场外","outside pool","6","9",">=4 Classes (Medium)","1970-01-01 00:00:00","No Connection Recorded","No Recorded Connection","-","PRIORITY - Active Student Upgrade Pitch","0"
"18","58883465","EGSS-samira01","ME-EGSS05","MEKSA-EGSS01","围场外","outside pool","6","13",">=4 Classes (Medium)","2026-07-26 00:00:00","2026-07-26 00:00:00","Last 1v1 Payment","20260726","PRIORITY - Active Student Upgrade Pitch","0"
"24","60907985","EGSS-abdelrahmannasef","ME-EGSS05","MEKSA-EGSS01","围场外","outside pool","6","16",">=4 Classes (Medium)","2026-09-12 00:00:00","2026-09-12 00:00:00","Last 1v1 Payment","20260912","PRIORITY - Active Student Upgrade Pitch","0"
"25","60907983","EGSS-abdelrahmannasef","ME-EGSS05","MEKSA-EGSS01","围场外","outside pool","6","16",">=4 Classes (Medium)","2026-09-12 00:00:00","2026-09-12 00:00:00","Last 1v1 Payment","20260912","PRIORITY - Active Student Upgrade Pitch","0"
"26","60908447","EGSS-abdelrahmannasef","ME-EGSS05","MEKSA-EGSS01","围场外","outside pool","6","16",">=4 Classes (Medium)","2026-09-12 00:00:00","2026-09-12 00:00:00","Last 1v1 Payment","20260912","PRIORITY - Active Student Upgrade Pitch","0"
"31","63542523","EGSS-ibrahimismaiel","ME-EGSS05","MEKSA-EGSS01","围场外","outside pool","6","7",">=4 Classes (Medium)","2026-10-01 16:06:08","2026-10-01 16:06:08","SOP Completed Touch","-","PRIORITY - Active Student Upgrade Pitch","0"
"42","64231990","EGSS-abdelrahmannasef","ME-EGSS05","MEKSA-EGSS01","围场外","outside pool","6","14",">=4 Classes (Medium)","2026-10-06 16:57:16","2026-10-06 16:57:16","SOP Completed Touch","-","PRIORITY - Active Student Upgrade Pitch","0"
"43","62823540","EGSS-abdelrahmannasef","ME-EGSS05","MEKSA-EGSS01","到期","Exp Non-0","6","19",">=4 Classes (Medium)","2026-10-06 18:59:27","2026-10-06 18:59:27","SOP Completed Touch","-","PRIORITY - Active Student Upgrade Pitch","0"
"50","63236917","EGSS-samira01","ME-EGSS05","MEKSA-EGSS01","到期","Exp Non-0","5","8",">=4 Classes (Medium)","1970-01-01 00:00:00","No Connection Recorded","No Recorded Connection","-","PRIORITY - Active Student Upgrade Pitch","0"
"51","62967556","EGSS-ehabzaky01","ME-EGSS05","MEKSA-EGSS01","围场外","outside pool","5","9",">=4 Classes (Medium)","1970-01-01 00:00:00","No Connection Recorded","No Recorded Connection","-","PRIORITY - Active Student Upgrade Pitch","0"
"52","63538213","EGSS-khaledgonam","ME-EGSS05","MEKSA-EGSS01","围场外","outside pool","5","12",">=4 Classes (Medium)","1970-01-01 00:00:00","No Connection Recorded","No Recorded Connection","-","PRIORITY - Active Student Upgrade Pitch","0"
"56","63479524","EGSS-khaledgonam","ME-EGSS05","MEKSA-EGSS01","围场外","outside pool","5","13",">=4 Classes (Medium)","1970-01-01 00:00:00","No Connection Recorded","No Recorded Connection","-","PRIORITY - Active Student Upgrade Pitch","0"
"57","61297269","EGSS-khaledgonam","ME-EGSS05","MEKSA-EGSS01","到期","Exp Non-0","5","6",">=4 Classes (Medium)","1970-01-01 00:00:00","No Connection Recorded","No Recorded Connection","-","PRIORITY - Active Student Upgrade Pitch","0"
"58","63799171","EGSS-ehabzaky01","ME-EGSS05","MEKSA-EGSS01","围场外","outside pool","5","15",">=4 Classes (Medium)","1970-01-01 00:00:00","No Connection Recorded","CRM System Outreach","20260927","PRIORITY - Active Student Upgrade Pitch","0"
"60","58340155","EGSS-abdelrahmannasef","ME-EGSS05","MEKSA-EGSS01","围场外","outside pool","5","7",">=4 Classes (Medium)","2024-04-25 00:00:00","2024-04-25 00:00:00","Last 1v1 Payment","20240425","PRIORITY - Active Student Upgrade Pitch","0"
"62","60209157","EGSS-khaledgonam","ME-EGSS05","MEKSA-EGSS01","围场外","outside pool","5","10",">=4 Classes (Medium)","2025-11-27 00:00:00","2025-11-27 00:00:00","Last 1v1 Payment","20251127","PRIORITY - Active Student Upgrade Pitch","0"
"66","59131977","EGSS-omarmoneb","ME-EGSS05","MEKSA-EGSS01","围场外","outside pool","5","0",">=4 Classes (Medium)","2026-03-06 00:00:00","2026-03-06 00:00:00","Last 1v1 Payment","20260306","PRIORITY - Active Student Upgrade Pitch","0"
"68","60517131","EGSS-ehabzaky01","ME-EGSS05","MEKSA-EGSS01","围场外","outside pool","5","6",">=4 Classes (Medium)","2026-04-08 00:00:00","2026-04-08 00:00:00","Last 1v1 Payment","20260408","PRIORITY - Active Student Upgrade Pitch","0"
"73","58486308","EGSS-abdelrahmannasef","ME-EGSS05","MEKSA-EGSS01","围场外","outside pool","5","13",">=4 Classes (Medium)","2026-06-08 00:00:00","2026-06-08 00:00:00","Last 1v1 Payment","20260608","PRIORITY - Active Student Upgrade Pitch","0"
"75","62788694","EGSS-samira01","ME-EGSS05","MEKSA-EGSS01","到期","Exp Non-0","5","1",">=4 Classes (Medium)","2026-06-10 00:00:00","2026-06-10 00:00:00","Last 1v1 Payment","20260610","PRIORITY - Active Student Upgrade Pitch","0"
"88","62424568","EGSS-samira01","ME-EGSS05","MEKSA-EGSS01","围场外","outside pool","5","14",">=4 Classes (Medium)","2026-08-31 00:00:00","2026-08-31 00:00:00","Last 1v1 Payment","20260831","PRIORITY - Active Student Upgrade Pitch","0"
"91","64350537","EGSS-ehabzaky01","ME-EGSS05","MEKSA-EGSS01","围场外","outside pool","5","0",">=4 Classes (Medium)","2026-09-29 12:39:52","2026-09-29 12:39:52","SOP Completed Touch","-","PRIORITY - Active Student Upgrade Pitch","0"
"99","63226655","EGSS-abdelrahmannasef","ME-EGSS05","MEKSA-EGSS01","升舱","Upgrade M2","5","13",">=4 Classes (Medium)","2026-10-05 11:06:29","2026-10-05 11:06:29","SOP Task Assigned","-","PRIORITY - Active Student Upgrade Pitch","0"
"102","63835952","EGSS-ehabzaky01","ME-EGSS05","MEKSA-EGSS01","围场外","outside pool","5","8",">=4 Classes (Medium)","2026-10-06 11:10:58","2026-10-06 11:10:58","SOP Task Assigned","-","PRIORITY - Active Student Upgrade Pitch","0"
"103","60653624","EGSS-omarmoneb","ME-EGSS05","MEKSA-EGSS01","到期","Exp Non-0","5","6",">=4 Classes (Medium)","2026-10-06 12:03:31","2026-10-06 12:03:31","SOP Completed Touch","-","PRIORITY - Active Student Upgrade Pitch","0"
"107","64231994","EGSS-abdelrahmannasef","ME-EGSS05","MEKSA-EGSS01","围场外","outside pool","5","14",">=4 Classes (Medium)","2026-10-06 15:21:39","2026-10-06 15:21:39","SOP Completed Touch","-","PRIORITY - Active Student Upgrade Pitch","0"
"108","63651649","EGSS-abdelrahmannasef","ME-EGSS05","MEKSA-EGSS01","围场外","outside pool","5","13",">=4 Classes (Medium)","2026-10-06 16:58:25","2026-10-06 16:58:25","SOP Completed Touch","-","PRIORITY - Active Student Upgrade Pitch","0"
"115","62513316","EGSS-ibrahimismaiel","ME-EGSS05","MEKSA-EGSS01","围场外","outside pool","5","14",">=4 Classes (Medium)","2026-10-07 15:41:02","2026-10-07 15:41:02","SOP Completed Touch","-","PRIORITY - Active Student Upgrade Pitch","0"
"119","62247700","EGSS-khaledgonam","ME-EGSS05","MEKSA-EGSS01","到期","Exp Non-0","4","11",">=4 Classes (Medium)","1970-01-01 00:00:00","No Connection Recorded","No Recorded Connection","-","PRIORITY - Active Student Upgrade Pitch","0"
"121","62776485","EGSS-khaledgonam","ME-EGSS05","MEKSA-EGSS01","到期","Exp Non-0","4","6",">=4 Classes (Medium)","1970-01-01 00:00:00","No Connection Recorded","No Recorded Connection","-","PRIORITY - Active Student Upgrade Pitch","0"
"126","61428105","EGSS-khaledgonam","ME-EGSS05","MEKSA-EGSS01","期间","period","4","12",">=4 Classes (Medium)","1970-01-01 00:00:00","No Connection Recorded","No Recorded Connection","-","PRIORITY - Active Student Upgrade Pitch","0"
"131","57963294","EGSS-omarmoneb","ME-EGSS05","MEKSA-EGSS01","围场外","outside pool","4","8",">=4 Classes (Medium)","1970-01-01 00:00:00","No Connection Recorded","No Recorded Connection","-","PRIORITY - Active Student Upgrade Pitch","0"
"133","64410514","EGSS-khaledgonam","ME-EGSS05","MEKSA-EGSS01","围场外","outside pool","4","8",">=4 Classes (Medium)","1970-01-01 00:00:00","No Connection Recorded","No Recorded Connection","-","PRIORITY - Active Student Upgrade Pitch","0"
"147","63387101","EGSS-khaledgonam","ME-EGSS05","MEKSA-EGSS01","围场外","outside pool","4","11",">=4 Classes (Medium)","1970-01-01 00:00:00","No Connection Recorded","No Recorded Connection","-","PRIORITY - Active Student Upgrade Pitch","0"
"154","61420176","EGSS-ehabzaky01","ME-EGSS05","MEKSA-EGSS01","围场外","outside pool","4","11",">=4 Classes (Medium)","1970-01-01 00:00:00","No Connection Recorded","No Recorded Connection","-","PRIORITY - Active Student Upgrade Pitch","0"
"164","63232855","EGSS-ehabzaky01","ME-EGSS05","MEKSA-EGSS01","围场外","outside pool","4","10",">=4 Classes (Medium)","1970-01-01 00:00:00","No Connection Recorded","No Recorded Connection","-","PRIORITY - Active Student Upgrade Pitch","0"
"165","63499362","EGSS-ehabzaky01","ME-EGSS05","MEKSA-EGSS01","到期","Exp Non-0","4","12",">=4 Classes (Medium)","1970-01-01 00:00:00","No Connection Recorded","No Recorded Connection","-","PRIORITY - Active Student Upgrade Pitch","0"
"170","62959233","EGSS-ehabzaky01","ME-EGSS05","MEKSA-EGSS01","围场外","outside pool","4","0",">=4 Classes (Medium)","1970-01-01 00:00:00","No Connection Recorded","No Recorded Connection","-","PRIORITY - Active Student Upgrade Pitch","0"
"171","62555188","EGSS-ehabzaky01","ME-EGSS05","MEKSA-EGSS01","首单到期","FOE Non-0","4","8",">=4 Classes (Medium)","1970-01-01 00:00:00","No Connection Recorded","No Recorded Connection","-","PRIORITY - Active Student Upgrade Pitch","0"
"172","63048881","EGSS-ibrahimismaiel","ME-EGSS05","MEKSA-EGSS01","到期","Exp Non-0","4","14",">=4 Classes (Medium)","1970-01-01 00:00:00","No Connection Recorded","No Recorded Connection","-","PRIORITY - Active Student Upgrade Pitch","0"
"174","61875687","EGSS-abdelrahmannasef","ME-EGSS05","MEKSA-EGSS01","到期","Exp Non-0","4","9",">=4 Classes (Medium)","1970-01-01 00:00:00","No Connection Recorded","No Recorded Connection","-","PRIORITY - Active Student Upgrade Pitch","0"
"179","61324797","EGSS-abdelrahmannasef","ME-EGSS05","MEKSA-EGSS01","到期","Exp Non-0","4","8",">=4 Classes (Medium)","1970-01-01 00:00:00","No Connection Recorded","No Recorded Connection","-","PRIORITY - Active Student Upgrade Pitch","0"
"184","64420802","EGSS-abdelrahmannasef","ME-EGSS05","MEKSA-EGSS01","围场外","outside pool","4","11",">=4 Classes (Medium)","1970-01-01 00:00:00","No Connection Recorded","No Recorded Connection","-","PRIORITY - Active Student Upgrade Pitch","0"
"187","63109255","EGSS-ibrahimismaiel","ME-EGSS05","MEKSA-EGSS01","期间","period","4","9",">=4 Classes (Medium)","1970-01-01 00:00:00","No Connection Recorded","No Recorded Connection","-","PRIORITY - Active Student Upgrade Pitch","0"
"189","63917079","EGSS-abdelrahmannasef","ME-EGSS05","MEKSA-EGSS01","围场外","outside pool","4","13",">=4 Classes (Medium)","1970-01-01 00:00:00","No Connection Recorded","No Recorded Connection","-","PRIORITY - Active Student Upgrade Pitch","0"
"193","61681929","EGSS-omarmoneb","ME-EGSS05","MEKSA-EGSS01","到期","Exp Non-0","4","5",">=4 Classes (Medium)","1970-01-01 00:00:00","No Connection Recorded","No Recorded Connection","-","PRIORITY - Active Student Upgrade Pitch","0"
"194","63537565","EGSS-omarmoneb","ME-EGSS05","MEKSA-EGSS01","到期","Exp Non-0","4","11",">=4 Classes (Medium)","1970-01-01 00:00:00","No Connection Recorded","No Recorded Connection","-","PRIORITY - Active Student Upgrade Pitch","0"
"200","63603792","EGSS-omarmoneb","ME-EGSS05","MEKSA-EGSS01","围场外","outside pool","4","11",">=4 Classes (Medium)","1970-01-01 00:00:00","No Connection Recorded","CRM System Outreach","-","PRIORITY - Active Student Upgrade Pitch","0"
"205","60246947","EGSS-samira01","ME-EGSS05","MEKSA-EGSS01","到期","Exp Non-0","4","11",">=4 Classes (Medium)","1970-01-01 00:00:00","No Connection Recorded","No Recorded Connection","-","PRIORITY - Active Student Upgrade Pitch","0"
"207","64245737","EGSS-samira01","ME-EGSS05","MEKSA-EGSS01","围场外","outside pool","4","11",">=4 Classes (Medium)","1970-01-01 00:00:00","No Connection Recorded","No Recorded Connection","-","PRIORITY - Active Student Upgrade Pitch","0"
"208","62825243","EGSS-samira01","ME-EGSS05","MEKSA-EGSS01","到期","Exp Non-0","4","8",">=4 Classes (Medium)","1970-01-01 00:00:00","No Connection Recorded","No Recorded Connection","-","PRIORITY - Active Student Upgrade Pitch","0"
"213","64327051","EGSS-samira01","ME-EGSS05","MEKSA-EGSS01","围场外","outside pool","4","11",">=4 Classes (Medium)","1970-01-01 00:00:00","No Connection Recorded","No Recorded Connection","-","PRIORITY - Active Student Upgrade Pitch","0"
"214","62979499","EGSS-omarmoneb","ME-EGSS05","MEKSA-EGSS01","到期","Exp Non-0","4","11",">=4 Classes (Medium)","1970-01-01 00:00:00","No Connection Recorded","No Recorded Connection","-","PRIORITY - Active Student Upgrade Pitch","0"
"216","59615465","EGSS-samira01","ME-EGSS05","MEKSA-EGSS01","围场外","outside pool","4","9",">=4 Classes (Medium)","2025-04-23 00:00:00","2025-04-23 00:00:00","Last 1v1 Payment","20250423","PRIORITY - Active Student Upgrade Pitch","0"
"222","58557699","EGSS-ibrahimismaiel","ME-EGSS05","MEKSA-EGSS01","围场外","outside pool","4","9",">=4 Classes (Medium)","2025-06-29 00:00:00","2025-06-29 00:00:00","Last 1v1 Payment","20250629","PRIORITY - Active Student Upgrade Pitch","0"
"224","59206925","EGSS-ehabzaky01","ME-EGSS05","MEKSA-EGSS01","围场外","outside pool","4","10",">=4 Classes (Medium)","2025-08-30 00:00:00","2025-08-30 00:00:00","Last 1v1 Payment","20250830","PRIORITY - Active Student Upgrade Pitch","0"
"226","60899230","EGSS-khaledgonam","ME-EGSS05","MEKSA-EGSS01","到期","Exp Non-0","4","11",">=4 Classes (Medium)","2025-09-07 00:00:00","2025-09-07 00:00:00","Last 1v1 Payment","20250907","PRIORITY - Active Student Upgrade Pitch","0"
"230","61069423","EGSS-khaledgonam","ME-EGSS05","MEKSA-EGSS01","到期","Exp Non-0","4","12",">=4 Classes (Medium)","2025-10-08 00:00:00","2025-10-08 00:00:00","Last 1v1 Payment","20251008","PRIORITY - Active Student Upgrade Pitch","0"
"237","61431836","EGSS-ibrahimismaiel","ME-EGSS05","MEKSA-EGSS01","围场外","outside pool","4","8",">=4 Classes (Medium)","2025-12-25 00:00:00","2025-12-25 00:00:00","Last 1v1 Payment","20251225","PRIORITY - Active Student Upgrade Pitch","0"
"258","60316263","EGSS-omarmoneb","ME-EGSS05","MEKSA-EGSS01","围场外","outside pool","4","10",">=4 Classes (Medium)","2026-02-10 00:00:00","2026-02-10 00:00:00","Last 1v1 Payment","20260210","PRIORITY - Active Student Upgrade Pitch","0"
"263","61610250","EGSS-khaledgonam","ME-EGSS05","MEKSA-EGSS01","围场外","outside pool","4","8",">=4 Classes (Medium)","2026-02-23 00:00:00","2026-02-23 00:00:00","Last 1v1 Payment","20260223","PRIORITY - Active Student Upgrade Pitch","0"
"265","58557964","EGSS-ibrahimismaiel","ME-EGSS05","MEKSA-EGSS01","围场外","outside pool","4","11",">=4 Classes (Medium)","2026-02-24 00:00:00","2026-02-24 00:00:00","Last 1v1 Payment","20260224","PRIORITY - Active Student Upgrade Pitch","0"
"266","62073679","EGSS-abdelrahmannasef","ME-EGSS05","MEKSA-EGSS01","围场外","outside pool","4","11",">=4 Classes (Medium)","2026-02-25 00:00:00","2026-02-25 00:00:00","Last 1v1 Payment","20260225","PRIORITY - Active Student Upgrade Pitch","0"
"268","59117570","EGSS-omarmoneb","ME-EGSS05","MEKSA-EGSS01","围场外","outside pool","4","0",">=4 Classes (Medium)","2026-03-06 00:00:00","2026-03-06 00:00:00","Last 1v1 Payment","20260306","PRIORITY - Active Student Upgrade Pitch","0"
"271","61228510","EGSS-khaledgonam","ME-EGSS05","MEKSA-EGSS01","到期","Exp Non-0","4","11",">=4 Classes (Medium)","2026-03-30 00:00:00","2026-03-30 00:00:00","Last 1v1 Payment","20260330","PRIORITY - Active Student Upgrade Pitch","0"
"272","61226311","EGSS-khaledgonam","ME-EGSS05","MEKSA-EGSS01","到期","Exp Non-0","4","12",">=4 Classes (Medium)","2026-03-30 00:00:00","2026-03-30 00:00:00","Last 1v1 Payment","20260330","PRIORITY - Active Student Upgrade Pitch","0"
"273","60561050","EGSS-samira01","ME-EGSS05","MEKSA-EGSS01","到期","Exp Non-0","4","11",">=4 Classes (Medium)","2026-03-30 00:00:00","2026-03-30 00:00:00","Last 1v1 Payment","20260330","PRIORITY - Active Student Upgrade Pitch","0"
"274","61228452","EGSS-khaledgonam","ME-EGSS05","MEKSA-EGSS01","到期","Exp Non-0","4","12",">=4 Classes (Medium)","2026-03-30 00:00:00","2026-03-30 00:00:00","Last 1v1 Payment","20260330","PRIORITY - Active Student Upgrade Pitch","0"
"275","62556702","EGSS-khaledgonam","ME-EGSS05","MEKSA-EGSS01","期间","period","4","14",">=4 Classes (Medium)","2026-04-01 00:00:00","2026-04-01 00:00:00","Last 1v1 Payment","20260401","PRIORITY - Active Student Upgrade Pitch","0"
"277","58956028","EGSS-abdelrahmannasef","ME-EGSS05","MEKSA-EGSS01","围场外","outside pool","4","8",">=4 Classes (Medium)","2026-04-14 00:00:00","2026-04-14 00:00:00","Last 1v1 Payment","20260414","PRIORITY - Active Student Upgrade Pitch","0"
"286","62796519","EGSS-ehabzaky01","ME-EGSS05","MEKSA-EGSS01","围场外","outside pool","4","11",">=4 Classes (Medium)","2026-05-09 00:00:00","2026-05-09 00:00:00","Last 1v1 Payment","20260509","PRIORITY - Active Student Upgrade Pitch","0"
"287","61476385","EGSS-samira01","ME-EGSS05","MEKSA-EGSS01","围场外","outside pool","4","11",">=4 Classes (Medium)","2026-05-13 00:00:00","2026-05-13 00:00:00","Last 1v1 Payment","20260513","PRIORITY - Active Student Upgrade Pitch","0"
"290","59398696","EGSS-abdelrahmannasef","ME-EGSS05","MEKSA-EGSS01","围场外","outside pool","4","8",">=4 Classes (Medium)","2026-05-20 00:00:00","2026-05-20 00:00:00","Last 1v1 Payment","20260520","PRIORITY - Active Student Upgrade Pitch","0"
"293","62802087","EGSS-abdelrahmannasef","ME-EGSS05","MEKSA-EGSS01","到期","Exp Non-0","4","4",">=4 Classes (Medium)","2026-05-25 00:00:00","2026-05-25 00:00:00","Last 1v1 Payment","20260525","PRIORITY - Active Student Upgrade Pitch","0"
"296","61282035","EGSS-ehabzaky01","ME-EGSS05","MEKSA-EGSS01","围场外","outside pool","4","11",">=4 Classes (Medium)","2026-05-31 00:00:00","2026-05-31 00:00:00","Last 1v1 Payment","20260531","PRIORITY - Active Student Upgrade Pitch","0"
"297","61493296","EGSS-omarmoneb","ME-EGSS05","MEKSA-EGSS01","围场外","outside pool","4","8",">=4 Classes (Medium)","2026-06-04 00:00:00","2026-06-04 00:00:00","Last 1v1 Payment","20260604","PRIORITY - Active Student Upgrade Pitch","0"
"298","61470342","EGSS-omarmoneb","ME-EGSS05","MEKSA-EGSS01","围场外","outside pool","4","8",">=4 Classes (Medium)","2026-06-04 00:00:00","2026-06-04 00:00:00","Last 1v1 Payment","20260604","PRIORITY - Active Student Upgrade Pitch","0"
"299","61091129","EGSS-khaledgonam","ME-EGSS05","MEKSA-EGSS01","围场外","outside pool","4","8",">=4 Classes (Medium)","2026-06-08 00:00:00","2026-06-08 00:00:00","Last 1v1 Payment","20260608","PRIORITY - Active Student Upgrade Pitch","0"
"301","58354875","EGSS-khaledgonam","ME-EGSS05","MEKSA-EGSS01","围场外","outside pool","4","9",">=4 Classes (Medium)","2026-06-10 00:00:00","2026-06-10 00:00:00","Last 1v1 Payment","20260610","PRIORITY - Active Student Upgrade Pitch","0"
"307","59373673","EGSS-khaledgonam","ME-EGSS05","MEKSA-EGSS01","围场外","outside pool","4","11",">=4 Classes (Medium)","2026-06-27 00:00:00","2026-06-27 00:00:00","Last 1v1 Payment","20260627","PRIORITY - Active Student Upgrade Pitch","0"
"312","57858820","EGSS-abdelrahmannasef","ME-EGSS05","MEKSA-EGSS01","围场外","outside pool","4","11",">=4 Classes (Medium)","2026-06-28 00:00:00","2026-06-28 00:00:00","Last 1v1 Payment","20260628","PRIORITY - Active Student Upgrade Pitch","0"
"317","61487431","EGSS-samira01","ME-EGSS05","MEKSA-EGSS01","围场外","outside pool","4","12",">=4 Classes (Medium)","2026-07-08 00:00:00","2026-07-08 00:00:00","Last 1v1 Payment","20260708","PRIORITY - Active Student Upgrade Pitch","0"
"318","59303525","EGSS-ibrahimismaiel","ME-EGSS05","MEKSA-EGSS01","围场外","outside pool","4","8",">=4 Classes (Medium)","2026-07-08 00:00:00","2026-07-08 00:00:00","Last 1v1 Payment","20260708","PRIORITY - Active Student Upgrade Pitch","0"
"322","63169657","EGSS-omarmoneb","ME-EGSS05","MEKSA-EGSS01","围场外","outside pool","4","14",">=4 Classes (Medium)","2026-07-14 00:00:00","2026-07-14 00:00:00","Last 1v1 Payment","20260714","PRIORITY - Active Student Upgrade Pitch","0"
"326","61261788","EGSS-ehabzaky01","ME-EGSS05","MEKSA-EGSS01","围场外","outside pool","4","9",">=4 Classes (Medium)","2026-07-22 00:00:00","2026-07-22 00:00:00","CRM System Outreach","-","PRIORITY - Active Student Upgrade Pitch","0"
"330","63204135","EGSS-ibrahimismaiel","ME-EGSS05","MEKSA-EGSS01","围场外","outside pool","4","8",">=4 Classes (Medium)","2026-07-29 00:00:00","2026-07-29 00:00:00","Last 1v1 Payment","20260729","PRIORITY - Active Student Upgrade Pitch","0"
"331","58519033","EGSS-ibrahimismaiel","ME-EGSS05","MEKSA-EGSS01","围场外","outside pool","4","8",">=4 Classes (Medium)","2026-07-29 00:00:00","2026-07-29 00:00:00","Last 1v1 Payment","20260729","PRIORITY - Active Student Upgrade Pitch","0"
"332","63691939","EGSS-samira01","ME-EGSS05","MEKSA-EGSS01","围场外","outside pool","4","11",">=4 Classes (Medium)","2026-07-29 00:00:00","2026-07-29 00:00:00","CRM System Outreach","-","PRIORITY - Active Student Upgrade Pitch","0"
"338","61449855","EGSS-khaledgonam","ME-EGSS05","MEKSA-EGSS01","围场外","outside pool","4","10",">=4 Classes (Medium)","2026-08-02 00:00:00","2026-08-02 00:00:00","Last 1v1 Payment","20260802","PRIORITY - Active Student Upgrade Pitch","0"
"341","60134129","EGSS-khaledgonam","ME-EGSS05","MEKSA-EGSS01","围场外","outside pool","4","15",">=4 Classes (Medium)","2026-08-04 00:00:00","2026-08-04 00:00:00","Last 1v1 Payment","20260804","PRIORITY - Active Student Upgrade Pitch","0"
"346","63774509","EGSS-ibrahimismaiel","ME-EGSS05","MEKSA-EGSS01","围场外","outside pool","4","0",">=4 Classes (Medium)","2026-08-12 00:00:00","2026-08-12 00:00:00","CRM System Outreach","20260929","PRIORITY - Active Student Upgrade Pitch","0"
"347","62425371","EGSS-ehabzaky01","ME-EGSS05","MEKSA-EGSS01","围场外","outside pool","4","11",">=4 Classes (Medium)","2026-08-12 00:00:00","2026-08-12 00:00:00","Last 1v1 Payment","20260812","PRIORITY - Active Student Upgrade Pitch","0"
"349","63730843","EGSS-samira01","ME-EGSS05","MEKSA-EGSS01","围场外","outside pool","4","5",">=4 Classes (Medium)","2026-08-13 00:00:00","2026-08-13 00:00:00","CRM System Outreach","-","PRIORITY - Active Student Upgrade Pitch","0"
"351","63617509","EGSS-abdelrahmannasef","ME-EGSS05","MEKSA-EGSS01","围场外","outside pool","4","8",">=4 Classes (Medium)","2026-08-13 00:00:00","2026-08-13 00:00:00","CRM System Outreach","-","PRIORITY - Active Student Upgrade Pitch","0"
"352","63481413","EGSS-samira01","ME-EGSS05","MEKSA-EGSS01","围场外","outside pool","4","3",">=4 Classes (Medium)","2026-08-13 00:00:00","2026-08-13 00:00:00","CRM System Outreach","-","PRIORITY - Active Student Upgrade Pitch","0"
"353","63822485","EGSS-samira01","ME-EGSS05","MEKSA-EGSS01","围场外","outside pool","4","11",">=4 Classes (Medium)","2026-08-15 00:00:00","2026-08-15 00:00:00","CRM System Outreach","20260928","PRIORITY - Active Student Upgrade Pitch","0"
"354","63895440","EGSS-ehabzaky01","ME-EGSS05","MEKSA-EGSS01","围场外","outside pool","4","10",">=4 Classes (Medium)","2026-08-17 00:00:00","2026-08-17 00:00:00","CRM System Outreach","-","PRIORITY - Active Student Upgrade Pitch","0"
"355","63681587","EGSS-ehabzaky01","ME-EGSS05","MEKSA-EGSS01","围场外","outside pool","4","8",">=4 Classes (Medium)","2026-08-19 00:00:00","2026-08-19 00:00:00","CRM System Outreach","-","PRIORITY - Active Student Upgrade Pitch","0"
"356","63849428","EGSS-ehabzaky01","ME-EGSS05","MEKSA-EGSS01","围场外","outside pool","4","8",">=4 Classes (Medium)","2026-08-19 00:00:00","2026-08-19 00:00:00","CRM System Outreach","-","PRIORITY - Active Student Upgrade Pitch","0"
"360","63595952","EGSS-ehabzaky01","ME-EGSS05","MEKSA-EGSS01","围场外","outside pool","4","11",">=4 Classes (Medium)","2026-08-26 00:00:00","2026-08-26 00:00:00","CRM System Outreach","-","PRIORITY - Active Student Upgrade Pitch","0"
"365","60856169","EGSS-khaledgonam","ME-EGSS05","MEKSA-EGSS01","围场外","outside pool","4","9",">=4 Classes (Medium)","2026-08-27 00:00:00","2026-08-27 00:00:00","CRM System Outreach","-","PRIORITY - Active Student Upgrade Pitch","0"
"366","60587233","EGSS-omarmoneb","ME-EGSS05","MEKSA-EGSS01","围场外","outside pool","4","6",">=4 Classes (Medium)","2026-08-27 00:00:00","2026-08-27 00:00:00","Last 1v1 Payment","20260827","PRIORITY - Active Student Upgrade Pitch","0"
"367","63593084","EGSS-samira01","ME-EGSS05","MEKSA-EGSS01","围场外","outside pool","4","12",">=4 Classes (Medium)","2026-08-27 00:00:00","2026-08-27 00:00:00","CRM System Outreach","20260830","PRIORITY - Active Student Upgrade Pitch","0"
"369","63359684","EGSS-ehabzaky01","ME-EGSS05","MEKSA-EGSS01","围场外","outside pool","4","12",">=4 Classes (Medium)","2026-08-29 00:00:00","2026-08-29 00:00:00","Last 1v1 Payment","20260829","PRIORITY - Active Student Upgrade Pitch","0"
"371","60704014","EGSS-ehabzaky01","ME-EGSS05","MEKSA-EGSS01","围场外","outside pool","4","12",">=4 Classes (Medium)","2026-08-31 00:00:00","2026-08-31 00:00:00","Last 1v1 Payment","20260831","PRIORITY - Active Student Upgrade Pitch","0"
"378","62713091","EGSS-khaledgonam","ME-EGSS05","MEKSA-EGSS01","围场外","outside pool","4","9",">=4 Classes (Medium)","2026-09-23 00:00:00","2026-09-23 00:00:00","Last 1v1 Payment","20260923","PRIORITY - Active Student Upgrade Pitch","0"
"383","59220785","EGSS-abdelrahmannasef","ME-EGSS05","MEKSA-EGSS01","围场外","outside pool","4","11",">=4 Classes (Medium)","2026-09-28 00:00:00","2026-09-28 00:00:00","Last 1v1 Payment","20260928","PRIORITY - Active Student Upgrade Pitch","0"
"386","62917349","EGSS-ibrahimismaiel","ME-EGSS05","MEKSA-EGSS01","围场外","outside pool","4","9",">=4 Classes (Medium)","2026-09-30 00:00:00","2026-09-30 00:00:00","Last 1v1 Payment","20260930","PRIORITY - Active Student Upgrade Pitch","0"
"391","63603950","EGSS-omarmoneb","ME-EGSS05","MEKSA-EGSS01","围场外","outside pool","4","10",">=4 Classes (Medium)","2026-09-30 13:13:07","2026-09-30 13:13:07","SOP Completed Touch","-","PRIORITY - Active Student Upgrade Pitch","0"
"393","63615767","EGSS-ibrahimismaiel","ME-EGSS05","MEKSA-EGSS01","围场外","outside pool","4","0",">=4 Classes (Medium)","2026-09-30 13:31:27","2026-09-30 13:31:27","SOP Completed Touch","-","PRIORITY - Active Student Upgrade Pitch","0"
"394","64050265","EGSS-ehabzaky01","ME-EGSS05","MEKSA-EGSS01","升舱","Upgrade M2","4","8",">=4 Classes (Medium)","2026-09-30 16:21:50","2026-09-30 16:21:50","SOP Completed Touch","-","PRIORITY - Active Student Upgrade Pitch","0"
"395","63306885","EGSS-samira01","ME-EGSS05","MEKSA-EGSS01","到期","Exp Non-0","4","12",">=4 Classes (Medium)","2026-10-01 14:17:01","2026-10-01 14:17:01","SOP Completed Touch","-","PRIORITY - Active Student Upgrade Pitch","0"
"398","62818022","EGSS-khaledgonam","ME-EGSS05","MEKSA-EGSS01","围场外","outside pool","4","14",">=4 Classes (Medium)","2026-10-01 15:53:39","2026-10-01 15:53:39","SOP Completed Touch","-","PRIORITY - Active Student Upgrade Pitch","0"
"404","60465073","EGSS-abdelrahmannasef","ME-EGSS05","MEKSA-EGSS01","升舱","Upgrade M2","4","10",">=4 Classes (Medium)","2026-10-03 11:10:41","2026-10-03 11:10:41","SOP Task Assigned","-","PRIORITY - Active Student Upgrade Pitch","0"
"406","61828339","EGSS-abdelrahmannasef","ME-EGSS05","MEKSA-EGSS01","升舱","Upgrade M2","4","11",">=4 Classes (Medium)","2026-10-03 11:13:54","2026-10-03 11:13:54","SOP Task Assigned","-","PRIORITY - Active Student Upgrade Pitch","0"
"407","62992051","EGSS-ehabzaky01","ME-EGSS05","MEKSA-EGSS01","升舱","Upgrade M2","4","11",">=4 Classes (Medium)","2026-10-03 11:15:39","2026-10-03 11:15:39","SOP Task Assigned","-","PRIORITY - Active Student Upgrade Pitch","0"
"410","63963409","EGSS-abdelrahmannasef","ME-EGSS05","MEKSA-EGSS01","升舱","Upgrade M2","4","8",">=4 Classes (Medium)","2026-10-03 11:20:59","2026-10-03 11:20:59","SOP Task Assigned","-","PRIORITY - Active Student Upgrade Pitch","0"
"411","63978979","EGSS-abdelrahmannasef","ME-EGSS05","MEKSA-EGSS01","升舱","Upgrade M2","4","8",">=4 Classes (Medium)","2026-10-03 11:21:45","2026-10-03 11:21:45","SOP Task Assigned","-","PRIORITY - Active Student Upgrade Pitch","0"
"419","64152118","EGSS-omarmoneb","ME-EGSS05","MEKSA-EGSS01","升舱","Upgrade M2","4","11",">=4 Classes (Medium)","2026-10-03 11:31:13","2026-10-03 11:31:13","SOP Task Assigned","-","PRIORITY - Active Student Upgrade Pitch","0"
"420","64026066","EGSS-abdelrahmannasef","ME-EGSS05","MEKSA-EGSS01","围场外","outside pool","4","2",">=4 Classes (Medium)","2026-10-03 11:34:49","2026-10-03 11:34:49","SOP Task Assigned","-","PRIORITY - Active Student Upgrade Pitch","0"
"422","59601952","EGSS-khaledgonam","ME-EGSS05","MEKSA-EGSS01","围场外","outside pool","4","10",">=4 Classes (Medium)","2026-10-03 12:29:10","2026-10-03 12:29:10","SOP Completed Touch","-","PRIORITY - Active Student Upgrade Pitch","0"
"427","63888130","EGSS-omarmoneb","ME-EGSS05","MEKSA-EGSS01","升舱","Upgrade M2","4","11",">=4 Classes (Medium)","2026-10-03 14:11:32","2026-10-03 14:11:32","SOP Completed Touch","-","PRIORITY - Active Student Upgrade Pitch","0"
"429","64181065","EGSS-samira01","ME-EGSS05","MEKSA-EGSS01","围场外","outside pool","4","11",">=4 Classes (Medium)","2026-10-03 14:47:05","2026-10-03 14:47:05","SOP Completed Touch","-","PRIORITY - Active Student Upgrade Pitch","0"
"434","63202685","EGSS-ibrahimismaiel","ME-EGSS05","MEKSA-EGSS01","围场外","outside pool","4","9",">=4 Classes (Medium)","2026-10-03 15:32:29","2026-10-03 15:32:29","SOP Completed Touch","20260830","PRIORITY - Active Student Upgrade Pitch","0"
"436","58565770","EGSS-ibrahimismaiel","ME-EGSS05","MEKSA-EGSS01","围场外","outside pool","4","0",">=4 Classes (Medium)","2026-10-03 18:54:47","2026-10-03 18:54:47","SOP Completed Touch","-","PRIORITY - Active Student Upgrade Pitch","0"
"440","64328741","EGSS-abdelrahmannasef","ME-EGSS05","MEKSA-EGSS01","围场外","outside pool","4","12",">=4 Classes (Medium)","2026-10-04 15:58:10","2026-10-04 15:58:10","SOP Completed Touch","-","PRIORITY - Active Student Upgrade Pitch","0"
"443","61723596","EGSS-ehabzaky01","ME-EGSS05","MEKSA-EGSS01","期间","period","4","11",">=4 Classes (Medium)","2026-10-05 10:08:54","2026-10-05 10:08:54","SOP Task Assigned","-","PRIORITY - Active Student Upgrade Pitch","0"
"451","63670643","EGSS-abdelrahmannasef","ME-EGSS05","MEKSA-EGSS01","到期","Exp Non-0","4","12",">=4 Classes (Medium)","2026-10-05 18:16:31","2026-10-05 18:16:31","SOP Completed Touch","-","PRIORITY - Active Student Upgrade Pitch","0"
"454","58623855","EGSS-ehabzaky01","ME-EGSS05","MEKSA-EGSS01","围场外","outside pool","4","12",">=4 Classes (Medium)","2026-10-06 11:04:34","2026-10-06 11:04:34","SOP Task Assigned","-","PRIORITY - Active Student Upgrade Pitch","0"
"456","63498189","EGSS-samira01","ME-EGSS05","MEKSA-EGSS01","到期","Exp Non-0","4","11",">=4 Classes (Medium)","2026-10-06 11:08:33","2026-10-06 11:08:33","SOP Task Assigned","-","PRIORITY - Active Student Upgrade Pitch","0"
"467","63708632","EGSS-khaledgonam","ME-EGSS05","MEKSA-EGSS01","围场外","outside pool","4","11",">=4 Classes (Medium)","2026-10-06 15:19:10","2026-10-06 15:19:10","SOP Completed Touch","-","PRIORITY - Active Student Upgrade Pitch","0"
"479","64186667","EGSS-ehabzaky01","ME-EGSS05","MEKSA-EGSS01","围场外","outside pool","4","11",">=4 Classes (Medium)","2026-10-07 11:18:54","2026-10-07 11:18:54","SOP Task Assigned","-","PRIORITY - Active Student Upgrade Pitch","0"
"480","64275695","EGSS-ehabzaky01","ME-EGSS05","MEKSA-EGSS01","围场外","outside pool","4","11",">=4 Classes (Medium)","2026-10-07 11:19:16","2026-10-07 11:19:16","SOP Task Assigned","-","PRIORITY - Active Student Upgrade Pitch","0"
"481","62963730","EGSS-ibrahimismaiel","ME-EGSS05","MEKSA-EGSS01","围场外","outside pool","4","13",">=4 Classes (Medium)","2026-10-07 11:24:18","2026-10-07 11:24:18","SOP Task Assigned","-","PRIORITY - Active Student Upgrade Pitch","0"
"484","64269720","EGSS-ehabzaky01","ME-EGSS05","MEKSA-EGSS01","围场外","outside pool","4","12",">=4 Classes (Medium)","2026-10-07 13:12:28","2026-10-07 13:12:28","SOP Completed Touch","-","PRIORITY - Active Student Upgrade Pitch","0"
"494","64409920","EGSS-ibrahimismaiel","ME-EGSS05","MEKSA-EGSS01","围场外","outside pool","4","11",">=4 Classes (Medium)","2026-10-07 15:37:33","2026-10-07 15:37:33","SOP Completed Touch","-","PRIORITY - Active Student Upgrade Pitch","0"
"495","63875175","EGSS-ehabzaky01","ME-EGSS05","MEKSA-EGSS01","围场外","outside pool","4","8",">=4 Classes (Medium)","2026-10-07 16:05:56","2026-10-07 16:05:56","SOP Completed Touch","-","PRIORITY - Active Student Upgrade Pitch","0"
"504","59884302","EGSS-samira01","ME-EGSS05","MEKSA-EGSS01","到期","Exp Non-0","4","11",">=4 Classes (Medium)","2026-10-07 17:55:59","2026-10-07 17:55:59","SOP Completed Touch","-","PRIORITY - Active Student Upgrade Pitch","0"
"510","63236874","EGSS-omarmoneb","ME-EGSS05","MEKSA-EGSS01","到期","Exp Non-0","3","6","1-3 Classes (Low)","1970-01-01 00:00:00","No Connection Recorded","No Recorded Connection","-","STANDARD - Re-engagement & Habit Building","0"
"522","62800589","EGSS-omarmoneb","ME-EGSS05","MEKSA-EGSS01","到期","Exp Non-0","3","8","1-3 Classes (Low)","1970-01-01 00:00:00","No Connection Recorded","No Recorded Connection","-","STANDARD - Re-engagement & Habit Building","0"
"524","62561488","EGSS-samira01","ME-EGSS05","MEKSA-EGSS01","到期","Exp Non-0","3","9","1-3 Classes (Low)","1970-01-01 00:00:00","No Connection Recorded","No Recorded Connection","-","STANDARD - Re-engagement & Habit Building","0"
"533","61605442","EGSS-khaledgonam","ME-EGSS05","MEKSA-EGSS01","围场外","outside pool","3","11","1-3 Classes (Low)","1970-01-01 00:00:00","No Connection Recorded","No Recorded Connection","-","STANDARD - Re-engagement & Habit Building","0"
"535","59067152","EGSS-abdelrahmannasef","ME-EGSS05","MEKSA-EGSS01","到期","Exp Non-0","3","9","1-3 Classes (Low)","1970-01-01 00:00:00","No Connection Recorded","No Recorded Connection","-","STANDARD - Re-engagement & Habit Building","0"
"539","59014087","EGSS-abdelrahmannasef","ME-EGSS05","MEKSA-EGSS01","到期","Exp Non-0","3","9","1-3 Classes (Low)","1970-01-01 00:00:00","No Connection Recorded","No Recorded Connection","-","STANDARD - Re-engagement & Habit Building","0"
"540","62691250","EGSS-samira01","ME-EGSS05","MEKSA-EGSS01","首单到期","FOE Non-0","3","6","1-3 Classes (Low)","1970-01-01 00:00:00","No Connection Recorded","No Recorded Connection","-","STANDARD - Re-engagement & Habit Building","0"
"542","58856237","EGSS-abdelrahmannasef","ME-EGSS05","MEKSA-EGSS01","围场外","outside pool","3","4","1-3 Classes (Low)","1970-01-01 00:00:00","No Connection Recorded","No Recorded Connection","-","STANDARD - Re-engagement & Habit Building","0"
"543","63134462","EGSS-omarmoneb","ME-EGSS05","MEKSA-EGSS01","期间","period","3","0","1-3 Classes (Low)","1970-01-01 00:00:00","No Connection Recorded","No Recorded Connection","-","STANDARD - Re-engagement & Habit Building","0"
"545","63306723","EGSS-omarmoneb","ME-EGSS05","MEKSA-EGSS01","到期","Exp Non-0","3","9","1-3 Classes (Low)","1970-01-01 00:00:00","No Connection Recorded","No Recorded Connection","-","STANDARD - Re-engagement & Habit Building","0"
"546","62106312","EGSS-abdelrahmannasef","ME-EGSS05","MEKSA-EGSS01","到期","Exp Non-0","3","9","1-3 Classes (Low)","1970-01-01 00:00:00","No Connection Recorded","No Recorded Connection","-","STANDARD - Re-engagement & Habit Building","0"
"550","62315160","EGSS-abdelrahmannasef","ME-EGSS05","MEKSA-EGSS01","到期","Exp Non-0","3","11","1-3 Classes (Low)","1970-01-01 00:00:00","No Connection Recorded","No Recorded Connection","-","STANDARD - Re-engagement & Habit Building","0"
"551","62106060","EGSS-abdelrahmannasef","ME-EGSS05","MEKSA-EGSS01","到期","Exp Non-0","3","9","1-3 Classes (Low)","1970-01-01 00:00:00","No Connection Recorded","No Recorded Connection","-","STANDARD - Re-engagement & Habit Building","0"
"553","62051786","EGSS-abdelrahmannasef","ME-EGSS05","MEKSA-EGSS01","到期","Exp Non-0","3","6","1-3 Classes (Low)","1970-01-01 00:00:00","No Connection Recorded","No Recorded Connection","-","STANDARD - Re-engagement & Habit Building","0"
"556","62091252","EGSS-abdelrahmannasef","ME-EGSS05","MEKSA-EGSS01","围场外","outside pool","3","9","1-3 Classes (Low)","1970-01-01 00:00:00","No Connection Recorded","No Recorded Connection","-","STANDARD - Re-engagement & Habit Building","0"
"560","62717961","EGSS-abdelrahmannasef","ME-EGSS05","MEKSA-EGSS01","围场外","outside pool","3","9","1-3 Classes (Low)","1970-01-01 00:00:00","No Connection Recorded","No Recorded Connection","-","STANDARD - Re-engagement & Habit Building","0"
"561","62499838","EGSS-abdelrahmannasef","ME-EGSS05","MEKSA-EGSS01","围场外","outside pool","3","9","1-3 Classes (Low)","1970-01-01 00:00:00","No Connection Recorded","No Recorded Connection","-","STANDARD - Re-engagement & Habit Building","0"
"570","63386291","EGSS-omarmoneb","ME-EGSS05","MEKSA-EGSS01","围场外","outside pool","3","0","1-3 Classes (Low)","1970-01-01 00:00:00","No Connection Recorded","No Recorded Connection","-","STANDARD - Re-engagement & Habit Building","0"
"572","60666469","EGSS-khaledgonam","ME-EGSS05","MEKSA-EGSS01","到期","Exp Non-0","3","9","1-3 Classes (Low)","1970-01-01 00:00:00","No Connection Recorded","No Recorded Connection","-","STANDARD - Re-engagement & Habit Building","0"
"574","61230031","EGSS-abdelrahmannasef","ME-EGSS05","MEKSA-EGSS01","到期","Exp Non-0","3","8","1-3 Classes (Low)","1970-01-01 00:00:00","No Connection Recorded","No Recorded Connection","-","STANDARD - Re-engagement & Habit Building","0"
"575","61068377","EGSS-abdelrahmannasef","ME-EGSS05","MEKSA-EGSS01","围场外","outside pool","3","0","1-3 Classes (Low)","1970-01-01 00:00:00","No Connection Recorded","No Recorded Connection","-","STANDARD - Re-engagement & Habit Building","0"
"590","63078505","EGSS-samira01","ME-EGSS05","MEKSA-EGSS01","到期","Exp Non-0","3","9","1-3 Classes (Low)","1970-01-01 00:00:00","No Connection Recorded","No Recorded Connection","-","STANDARD - Re-engagement & Habit Building","0"
"591","62554546","EGSS-samira01","ME-EGSS05","MEKSA-EGSS01","到期","Exp Non-0","3","8","1-3 Classes (Low)","1970-01-01 00:00:00","No Connection Recorded","No Recorded Connection","-","STANDARD - Re-engagement & Habit Building","0"
"593","62400935","EGSS-omarmoneb","ME-EGSS05","MEKSA-EGSS01","围场外","outside pool","3","10","1-3 Classes (Low)","1970-01-01 00:00:00","No Connection Recorded","No Recorded Connection","-","STANDARD - Re-engagement & Habit Building","0"
"597","62325162","EGSS-omarmoneb","ME-EGSS05","MEKSA-EGSS01","到期","Exp Non-0","3","9","1-3 Classes (Low)","1970-01-01 00:00:00","No Connection Recorded","No Recorded Connection","-","STANDARD - Re-engagement & Habit Building","0"
"601","62787242","EGSS-samira01","ME-EGSS05","MEKSA-EGSS01","到期","Exp Non-0","3","6","1-3 Classes (Low)","1970-01-01 00:00:00","No Connection Recorded","No Recorded Connection","-","STANDARD - Re-engagement & Habit Building","0"
"603","63155746","EGSS-samira01","ME-EGSS05","MEKSA-EGSS01","围场外","outside pool","3","6","1-3 Classes (Low)","1970-01-01 00:00:00","No Connection Recorded","No Recorded Connection","-","STANDARD - Re-engagement & Habit Building","0"
"604","63156753","EGSS-samira01","ME-EGSS05","MEKSA-EGSS01","围场外","outside pool","3","6","1-3 Classes (Low)","1970-01-01 00:00:00","No Connection Recorded","No Recorded Connection","-","STANDARD - Re-engagement & Habit Building","0"
"608","62396042","EGSS-samira01","ME-EGSS05","MEKSA-EGSS01","首单到期","FOE Non-0","3","9","1-3 Classes (Low)","1970-01-01 00:00:00","No Connection Recorded","No Recorded Connection","-","STANDARD - Re-engagement & Habit Building","0"
"609","63519744","EGSS-khaledgonam","ME-EGSS05","MEKSA-EGSS01","围场外","outside pool","3","9","1-3 Classes (Low)","1970-01-01 00:00:00","No Connection Recorded","No Recorded Connection","-","STANDARD - Re-engagement & Habit Building","0"
"618","60620865","EGSS-omarmoneb","ME-EGSS05","MEKSA-EGSS01","围场外","outside pool","3","9","1-3 Classes (Low)","1970-01-01 00:00:00","No Connection Recorded","No Recorded Connection","-","STANDARD - Re-engagement & Habit Building","0"
"620","62774304","EGSS-samira01","ME-EGSS05","MEKSA-EGSS01","围场外","outside pool","3","6","1-3 Classes (Low)","1970-01-01 00:00:00","No Connection Recorded","No Recorded Connection","-","STANDARD - Re-engagement & Habit Building","0"
"624","58217347","EGSS-omarmoneb","ME-EGSS05","MEKSA-EGSS01","到期","Exp Non-0","3","6","1-3 Classes (Low)","1970-01-01 00:00:00","No Connection Recorded","No Recorded Connection","-","STANDARD - Re-engagement & Habit Building","0"
"629","58345323","EGSS-omarmoneb","ME-EGSS05","MEKSA-EGSS01","到期","Exp Non-0","3","10","1-3 Classes (Low)","1970-01-01 00:00:00","No Connection Recorded","No Recorded Connection","-","STANDARD - Re-engagement & Habit Building","0"
"630","62445853","EGSS-samira01","ME-EGSS05","MEKSA-EGSS01","到期","Exp Non-0","3","10","1-3 Classes (Low)","1970-01-01 00:00:00","No Connection Recorded","No Recorded Connection","-","STANDARD - Re-engagement & Habit Building","0"
"632","58694392","EGSS-omarmoneb","ME-EGSS05","MEKSA-EGSS01","围场外","outside pool","3","11","1-3 Classes (Low)","1970-01-01 00:00:00","No Connection Recorded","No Recorded Connection","-","STANDARD - Re-engagement & Habit Building","0"
"633","62432586","EGSS-samira01","ME-EGSS05","MEKSA-EGSS01","首单到期","FOE Non-0","3","11","1-3 Classes (Low)","1970-01-01 00:00:00","No Connection Recorded","No Recorded Connection","-","STANDARD - Re-engagement & Habit Building","0"
"635","62514236","EGSS-omarmoneb","ME-EGSS05","MEKSA-EGSS01","首单到期","FOE Non-0","3","15","1-3 Classes (Low)","1970-01-01 00:00:00","No Connection Recorded","No Recorded Connection","-","STANDARD - Re-engagement & Habit Building","0"
"644","62932132","EGSS-khaledgonam","ME-EGSS05","MEKSA-EGSS01","到期","Exp Non-0","3","8","1-3 Classes (Low)","1970-01-01 00:00:00","No Connection Recorded","No Recorded Connection","-","STANDARD - Re-engagement & Habit Building","0"
"645","62919526","EGSS-khaledgonam","ME-EGSS05","MEKSA-EGSS01","到期","Exp Non-0","3","9","1-3 Classes (Low)","1970-01-01 00:00:00","No Connection Recorded","No Recorded Connection","-","STANDARD - Re-engagement & Habit Building","0"
"646","62919610","EGSS-khaledgonam","ME-EGSS05","MEKSA-EGSS01","到期","Exp Non-0","3","9","1-3 Classes (Low)","1970-01-01 00:00:00","No Connection Recorded","No Recorded Connection","-","STANDARD - Re-engagement & Habit Building","0"
"648","62787299","EGSS-khaledgonam","ME-EGSS05","MEKSA-EGSS01","围场外","outside pool","3","8","1-3 Classes (Low)","1970-01-01 00:00:00","No Connection Recorded","No Recorded Connection","-","STANDARD - Re-engagement & Habit Building","0"
"649","61769453","EGSS-samira01","ME-EGSS05","MEKSA-EGSS01","到期","Exp Non-0","3","9","1-3 Classes (Low)","1970-01-01 00:00:00","No Connection Recorded","No Recorded Connection","-","STANDARD - Re-engagement & Habit Building","0"
"655","62814948","EGSS-khaledgonam","ME-EGSS05","MEKSA-EGSS01","到期","Exp Non-0","3","9","1-3 Classes (Low)","1970-01-01 00:00:00","No Connection Recorded","No Recorded Connection","-","STANDARD - Re-engagement & Habit Building","0"
"659","63415415","EGSS-samira01","ME-EGSS05","MEKSA-EGSS01","围场外","outside pool","3","6","1-3 Classes (Low)","1970-01-01 00:00:00","No Connection Recorded","No Recorded Connection","-","STANDARD - Re-engagement & Habit Building","0"
"662","63324438","EGSS-khaledgonam","ME-EGSS05","MEKSA-EGSS01","到期","Exp Non-0","3","9","1-3 Classes (Low)","1970-01-01 00:00:00","No Connection Recorded","No Recorded Connection","-","STANDARD - Re-engagement & Habit Building","0"
"664","63157748","EGSS-samira01","ME-EGSS05","MEKSA-EGSS01","到期","Exp Non-0","3","9","1-3 Classes (Low)","1970-01-01 00:00:00","No Connection Recorded","No Recorded Connection","-","STANDARD - Re-engagement & Habit Building","0"
"674","63061002","EGSS-khaledgonam","ME-EGSS05","MEKSA-EGSS01","到期","Exp Non-0","3","7","1-3 Classes (Low)","1970-01-01 00:00:00","No Connection Recorded","No Recorded Connection","-","STANDARD - Re-engagement & Habit Building","0"
"675","62173127","EGSS-samira01","ME-EGSS05","MEKSA-EGSS01","到期","Exp Non-0","3","9","1-3 Classes (Low)","1970-01-01 00:00:00","No Connection Recorded","No Recorded Connection","-","STANDARD - Re-engagement & Habit Building","0"
"681","62811329","EGSS-samira01","ME-EGSS05","MEKSA-EGSS01","围场外","outside pool","3","9","1-3 Classes (Low)","1970-01-01 00:00:00","No Connection Recorded","No Recorded Connection","-","STANDARD - Re-engagement & Habit Building","0"
"682","63015016","EGSS-ehabzaky01","ME-EGSS05","MEKSA-EGSS01","到期","Exp Non-0","3","11","1-3 Classes (Low)","1970-01-01 00:00:00","No Connection Recorded","No Recorded Connection","-","STANDARD - Re-engagement & Habit Building","0"
"690","62705078","EGSS-ibrahimismaiel","ME-EGSS05","MEKSA-EGSS01","到期","Exp Non-0","3","11","1-3 Classes (Low)","1970-01-01 00:00:00","No Connection Recorded","No Recorded Connection","-","STANDARD - Re-engagement & Habit Building","0"
"692","62964211","EGSS-ehabzaky01","ME-EGSS05","MEKSA-EGSS01","围场外","outside pool","3","6","1-3 Classes (Low)","1970-01-01 00:00:00","No Connection Recorded","No Recorded Connection","-","STANDARD - Re-engagement & Habit Building","0"
"693","63332476","EGSS-ehabzaky01","ME-EGSS05","MEKSA-EGSS01","到期","Exp Non-0","3","9","1-3 Classes (Low)","1970-01-01 00:00:00","No Connection Recorded","No Recorded Connection","-","STANDARD - Re-engagement & Habit Building","0"
"697","63397885","EGSS-ehabzaky01","ME-EGSS05","MEKSA-EGSS01","围场外","outside pool","3","6","1-3 Classes (Low)","1970-01-01 00:00:00","No Connection Recorded","No Recorded Connection","-","STANDARD - Re-engagement & Habit Building","0"
"701","63106766","EGSS-ehabzaky01","ME-EGSS05","MEKSA-EGSS01","围场外","outside pool","3","7","1-3 Classes (Low)","1970-01-01 00:00:00","No Connection Recorded","No Recorded Connection","-","STANDARD - Re-engagement & Habit Building","0"
"703","63146293","EGSS-ehabzaky01","ME-EGSS05","MEKSA-EGSS01","到期","Exp Non-0","3","6","1-3 Classes (Low)","1970-01-01 00:00:00","No Connection Recorded","No Recorded Connection","-","STANDARD - Re-engagement & Habit Building","0"
"720","62728815","EGSS-ibrahimismaiel","ME-EGSS05","MEKSA-EGSS01","围场外","outside pool","3","2","1-3 Classes (Low)","1970-01-01 00:00:00","No Connection Recorded","No Recorded Connection","-","STANDARD - Re-engagement & Habit Building","0"
"724","62149546","EGSS-ehabzaky01","ME-EGSS05","MEKSA-EGSS01","到期","Exp Non-0","3","9","1-3 Classes (Low)","1970-01-01 00:00:00","No Connection Recorded","No Recorded Connection","-","STANDARD - Re-engagement & Habit Building","0"
"725","62825678","EGSS-ibrahimismaiel","ME-EGSS05","MEKSA-EGSS01","到期","Exp Non-0","3","9","1-3 Classes (Low)","1970-01-01 00:00:00","No Connection Recorded","No Recorded Connection","-","STANDARD - Re-engagement & Habit Building","0"
"739","59627941","EGSS-ibrahimismaiel","ME-EGSS05","MEKSA-EGSS01","围场外","outside pool","3","2","1-3 Classes (Low)","1970-01-01 00:00:00","No Connection Recorded","No Recorded Connection","-","STANDARD - Re-engagement & Habit Building","0"
"741","58704783","EGSS-ibrahimismaiel","ME-EGSS05","MEKSA-EGSS01","围场外","outside pool","3","9","1-3 Classes (Low)","1970-01-01 00:00:00","No Connection Recorded","No Recorded Connection","-","STANDARD - Re-engagement & Habit Building","0"
"743","58852059","EGSS-ibrahimismaiel","ME-EGSS05","MEKSA-EGSS01","围场外","outside pool","3","11","1-3 Classes (Low)","1970-01-01 00:00:00","No Connection Recorded","No Recorded Connection","-","STANDARD - Re-engagement & Habit Building","0"
"750","64232141","EGSS-ehabzaky01","ME-EGSS05","MEKSA-EGSS01","围场外","outside pool","3","9","1-3 Classes (Low)","1970-01-01 00:00:00","No Connection Recorded","No Recorded Connection","-","STANDARD - Re-engagement & Habit Building","0"
"752","63605612","EGSS-ehabzaky01","ME-EGSS05","MEKSA-EGSS01","围场外","outside pool","3","9","1-3 Classes (Low)","1970-01-01 00:00:00","No Connection Recorded","CRM System Outreach","-","STANDARD - Re-engagement & Habit Building","0"
"753","62345795","EGSS-ibrahimismaiel","ME-EGSS05","MEKSA-EGSS01","围场外","outside pool","3","7","1-3 Classes (Low)","1970-01-01 00:00:00","No Connection Recorded","No Recorded Connection","-","STANDARD - Re-engagement & Habit Building","0"
"755","63688784","EGSS-ehabzaky01","ME-EGSS05","MEKSA-EGSS01","围场外","outside pool","3","11","1-3 Classes (Low)","1970-01-01 00:00:00","No Connection Recorded","CRM System Outreach","-","STANDARD - Re-engagement & Habit Building","0"
"758","62426149","EGSS-ibrahimismaiel","ME-EGSS05","MEKSA-EGSS01","到期","Exp Non-0","3","7","1-3 Classes (Low)","1970-01-01 00:00:00","No Connection Recorded","No Recorded Connection","-","STANDARD - Re-engagement & Habit Building","0"
"763","59246309","EGSS-samira01","ME-EGSS05","MEKSA-EGSS01","首单到期","FOE Non-0","3","9","1-3 Classes (Low)","1970-01-01 00:00:00","No Connection Recorded","No Recorded Connection","-","STANDARD - Re-engagement & Habit Building","0"
"772","59197931","EGSS-samira01","ME-EGSS05","MEKSA-EGSS01","到期","Exp Non-0","3","11","1-3 Classes (Low)","1970-01-01 00:00:00","No Connection Recorded","No Recorded Connection","-","STANDARD - Re-engagement & Habit Building","0"
"773","63878585","EGSS-abdelrahmannasef","ME-EGSS05","MEKSA-EGSS01","围场外","outside pool","3","7","1-3 Classes (Low)","1970-01-01 00:00:00","No Connection Recorded","CRM System Outreach","-","STANDARD - Re-engagement & Habit Building","0"
"774","63878394","EGSS-abdelrahmannasef","ME-EGSS05","MEKSA-EGSS01","围场外","outside pool","3","6","1-3 Classes (Low)","1970-01-01 00:00:00","No Connection Recorded","CRM System Outreach","-","STANDARD - Re-engagement & Habit Building","0"
"777","64436131","EGSS-ibrahimismaiel","ME-EGSS05","MEKSA-EGSS01","围场外","outside pool","3","0","1-3 Classes (Low)","1970-01-01 00:00:00","No Connection Recorded","No Recorded Connection","-","STANDARD - Re-engagement & Habit Building","0"
"778","63756546","EGSS-abdelrahmannasef","ME-EGSS05","MEKSA-EGSS01","围场外","outside pool","3","4","1-3 Classes (Low)","1970-01-01 00:00:00","No Connection Recorded","CRM System Outreach","-","STANDARD - Re-engagement & Habit Building","0"
"781","63692985","EGSS-abdelrahmannasef","ME-EGSS05","MEKSA-EGSS01","围场外","outside pool","3","11","1-3 Classes (Low)","1970-01-01 00:00:00","No Connection Recorded","No Recorded Connection","-","STANDARD - Re-engagement & Habit Building","0"
"783","63722545","EGSS-abdelrahmannasef","ME-EGSS05","MEKSA-EGSS01","围场外","outside pool","3","7","1-3 Classes (Low)","1970-01-01 00:00:00","No Connection Recorded","CRM System Outreach","-","STANDARD - Re-engagement & Habit Building","0"
"792","64116568","EGSS-abdelrahmannasef","ME-EGSS05","MEKSA-EGSS01","围场外","outside pool","3","8","1-3 Classes (Low)","1970-01-01 00:00:00","No Connection Recorded","No Recorded Connection","-","STANDARD - Re-engagement & Habit Building","0"
"793","64190241","EGSS-ibrahimismaiel","ME-EGSS05","MEKSA-EGSS01","围场外","outside pool","3","12","1-3 Classes (Low)","1970-01-01 00:00:00","No Connection Recorded","No Recorded Connection","-","STANDARD - Re-engagement & Habit Building","0"
"796","63019221","EGSS-abdelrahmannasef","ME-EGSS05","MEKSA-EGSS01","围场外","outside pool","3","9","1-3 Classes (Low)","1970-01-01 00:00:00","No Connection Recorded","No Recorded Connection","-","STANDARD - Re-engagement & Habit Building","0"
"798","63024861","EGSS-abdelrahmannasef","ME-EGSS05","MEKSA-EGSS01","围场外","outside pool","3","9","1-3 Classes (Low)","1970-01-01 00:00:00","No Connection Recorded","No Recorded Connection","-","STANDARD - Re-engagement & Habit Building","0"
"799","63095173","EGSS-abdelrahmannasef","ME-EGSS05","MEKSA-EGSS01","期间","period","3","6","1-3 Classes (Low)","1970-01-01 00:00:00","No Connection Recorded","No Recorded Connection","-","STANDARD - Re-engagement & Habit Building","0"
"801","62994079","EGSS-abdelrahmannasef","ME-EGSS05","MEKSA-EGSS01","围场外","outside pool","3","5","1-3 Classes (Low)","1970-01-01 00:00:00","No Connection Recorded","No Recorded Connection","-","STANDARD - Re-engagement & Habit Building","0"
"802","62902294","EGSS-abdelrahmannasef","ME-EGSS05","MEKSA-EGSS01","到期","Exp Non-0","3","6","1-3 Classes (Low)","1970-01-01 00:00:00","No Connection Recorded","No Recorded Connection","-","STANDARD - Re-engagement & Habit Building","0"
"806","62938067","EGSS-abdelrahmannasef","ME-EGSS05","MEKSA-EGSS01","到期","Exp Non-0","3","9","1-3 Classes (Low)","1970-01-01 00:00:00","No Connection Recorded","No Recorded Connection","-","STANDARD - Re-engagement & Habit Building","0"
"807","63532125","EGSS-abdelrahmannasef","ME-EGSS05","MEKSA-EGSS01","围场外","outside pool","3","6","1-3 Classes (Low)","1970-01-01 00:00:00","No Connection Recorded","No Recorded Connection","-","STANDARD - Re-engagement & Habit Building","0"
"809","63570455","EGSS-abdelrahmannasef","ME-EGSS05","MEKSA-EGSS01","围场外","outside pool","3","10","1-3 Classes (Low)","1970-01-01 00:00:00","No Connection Recorded","No Recorded Connection","-","STANDARD - Re-engagement & Habit Building","0"
"814","63123080","EGSS-abdelrahmannasef","ME-EGSS05","MEKSA-EGSS01","围场外","outside pool","3","8","1-3 Classes (Low)","1970-01-01 00:00:00","No Connection Recorded","No Recorded Connection","-","STANDARD - Re-engagement & Habit Building","0"
"815","58793010","EGSS-khaledgonam","ME-EGSS05","MEKSA-EGSS01","围场外","outside pool","3","10","1-3 Classes (Low)","1970-01-01 00:00:00","No Connection Recorded","No Recorded Connection","-","STANDARD - Re-engagement & Habit Building","0"
"817","63241405","EGSS-abdelrahmannasef","ME-EGSS05","MEKSA-EGSS01","期间","period","3","6","1-3 Classes (Low)","1970-01-01 00:00:00","No Connection Recorded","No Recorded Connection","-","STANDARD - Re-engagement & Habit Building","0"
"818","63639867","EGSS-ibrahimismaiel","ME-EGSS05","MEKSA-EGSS01","围场外","outside pool","3","0","1-3 Classes (Low)","1970-01-01 00:00:00","No Connection Recorded","CRM System Outreach","-","STANDARD - Re-engagement & Habit Building","0"
"822","60826937","EGSS-ehabzaky01","ME-EGSS05","MEKSA-EGSS01","到期","Exp Non-0","3","6","1-3 Classes (Low)","1970-01-01 00:00:00","No Connection Recorded","No Recorded Connection","-","STANDARD - Re-engagement & Habit Building","0"
"825","63464090","EGSS-ibrahimismaiel","ME-EGSS05","MEKSA-EGSS01","围场外","outside pool","3","7","1-3 Classes (Low)","1970-01-01 00:00:00","No Connection Recorded","No Recorded Connection","-","STANDARD - Re-engagement & Habit Building","0"
"827","63445740","EGSS-ibrahimismaiel","ME-EGSS05","MEKSA-EGSS01","围场外","outside pool","3","9","1-3 Classes (Low)","1970-01-01 00:00:00","No Connection Recorded","No Recorded Connection","-","STANDARD - Re-engagement & Habit Building","0"
"841","63201607","EGSS-ibrahimismaiel","ME-EGSS05","MEKSA-EGSS01","围场外","outside pool","3","9","1-3 Classes (Low)","1970-01-01 00:00:00","No Connection Recorded","No Recorded Connection","-","STANDARD - Re-engagement & Habit Building","0"
"850","59275619","EGSS-ehabzaky01","ME-EGSS05","MEKSA-EGSS01","到期","Exp Non-0","3","6","1-3 Classes (Low)","1970-01-01 00:00:00","No Connection Recorded","No Recorded Connection","-","STANDARD - Re-engagement & Habit Building","0"
"851","63531421","EGSS-ibrahimismaiel","ME-EGSS05","MEKSA-EGSS01","围场外","outside pool","3","9","1-3 Classes (Low)","1970-01-01 00:00:00","No Connection Recorded","No Recorded Connection","-","STANDARD - Re-engagement & Habit Building","0"
"858","60538073","EGSS-ehabzaky01","ME-EGSS05","MEKSA-EGSS01","到期","Exp Non-0","3","7","1-3 Classes (Low)","1970-01-01 00:00:00","No Connection Recorded","No Recorded Connection","-","STANDARD - Re-engagement & Habit Building","0"
"864","59465262","EGSS-khaledgonam","ME-EGSS05","MEKSA-EGSS01","围场外","outside pool","3","6","1-3 Classes (Low)","2025-02-18 00:00:00","2025-02-18 00:00:00","Last 1v1 Payment","20250218","STANDARD - Re-engagement & Habit Building","0"
"866","59160784","EGSS-khaledgonam","ME-EGSS05","MEKSA-EGSS01","到期","Exp Non-0","3","9","1-3 Classes (Low)","2025-03-29 00:00:00","2025-03-29 00:00:00","Last 1v1 Payment","20250329","STANDARD - Re-engagement & Habit Building","0"
"871","60233309","EGSS-omarmoneb","ME-EGSS05","MEKSA-EGSS01","围场外","outside pool","3","11","1-3 Classes (Low)","2025-06-19 00:00:00","2025-06-19 00:00:00","Last 1v1 Payment","20250619","STANDARD - Re-engagement & Habit Building","0"
"879","60867909","EGSS-samira01","ME-EGSS05","MEKSA-EGSS01","到期","Exp Non-0","3","11","1-3 Classes (Low)","2025-09-18 00:00:00","2025-09-18 00:00:00","Last 1v1 Payment","20250918","STANDARD - Re-engagement & Habit Building","0"
"881","60177706","EGSS-khaledgonam","ME-EGSS05","MEKSA-EGSS01","到期","Exp Non-0","3","9","1-3 Classes (Low)","2025-09-28 00:00:00","2025-09-28 00:00:00","Last 1v1 Payment","20250928","STANDARD - Re-engagement & Habit Building","0"
"885","59755379","EGSS-khaledgonam","ME-EGSS05","MEKSA-EGSS01","到期","Exp Non-0","3","0","1-3 Classes (Low)","2025-09-30 00:00:00","2025-09-30 00:00:00","Last 1v1 Payment","20250930","STANDARD - Re-engagement & Habit Building","0"
"896","59753562","EGSS-khaledgonam","ME-EGSS05","MEKSA-EGSS01","围场外","outside pool","3","8","1-3 Classes (Low)","2025-11-08 00:00:00","2025-11-08 00:00:00","Last 1v1 Payment","20251108","STANDARD - Re-engagement & Habit Building","0"
"899","61124276","EGSS-ehabzaky01","ME-EGSS05","MEKSA-EGSS01","围场外","outside pool","3","9","1-3 Classes (Low)","2025-11-15 00:00:00","2025-11-15 00:00:00","Last 1v1 Payment","20251115","STANDARD - Re-engagement & Habit Building","0"
"901","61196303","EGSS-ibrahimismaiel","ME-EGSS05","MEKSA-EGSS01","围场外","outside pool","3","9","1-3 Classes (Low)","2025-11-18 00:00:00","2025-11-18 00:00:00","Last 1v1 Payment","20251118","STANDARD - Re-engagement & Habit Building","0"
"902","61196727","EGSS-ibrahimismaiel","ME-EGSS05","MEKSA-EGSS01","到期","Exp Non-0","3","9","1-3 Classes (Low)","2025-11-18 00:00:00","2025-11-18 00:00:00","Last 1v1 Payment","20251118","STANDARD - Re-engagement & Habit Building","0"
"903","61196292","EGSS-ibrahimismaiel","ME-EGSS05","MEKSA-EGSS01","围场外","outside pool","3","9","1-3 Classes (Low)","2025-11-18 00:00:00","2025-11-18 00:00:00","Last 1v1 Payment","20251118","STANDARD - Re-engagement & Habit Building","0"
"910","60841677","EGSS-khaledgonam","ME-EGSS05","MEKSA-EGSS01","围场外","outside pool","3","0","1-3 Classes (Low)","2025-11-27 00:00:00","2025-11-27 00:00:00","Last 1v1 Payment","20251127","STANDARD - Re-engagement & Habit Building","0"
"912","60181028","EGSS-ibrahimismaiel","ME-EGSS05","MEKSA-EGSS01","围场外","outside pool","3","8","1-3 Classes (Low)","2025-11-29 00:00:00","2025-11-29 00:00:00","Last 1v1 Payment","20251129","STANDARD - Re-engagement & Habit Building","0"
"915","58778498","EGSS-ehabzaky01","ME-EGSS05","MEKSA-EGSS01","到期","Exp Non-0","3","6","1-3 Classes (Low)","2025-12-01 00:00:00","2025-12-01 00:00:00","Last 1v1 Payment","20251201","STANDARD - Re-engagement & Habit Building","0"
"916","61063091","EGSS-ehabzaky01","ME-EGSS05","MEKSA-EGSS01","到期","Exp Non-0","3","6","1-3 Classes (Low)","2025-12-01 00:00:00","2025-12-01 00:00:00","Last 1v1 Payment","20251201","STANDARD - Re-engagement & Habit Building","0"
"918","61425516","EGSS-ibrahimismaiel","ME-EGSS05","MEKSA-EGSS01","围场外","outside pool","3","11","1-3 Classes (Low)","2025-12-09 00:00:00","2025-12-09 00:00:00","Last 1v1 Payment","20251209","STANDARD - Re-engagement & Habit Building","0"
"919","61386398","EGSS-ibrahimismaiel","ME-EGSS05","MEKSA-EGSS01","围场外","outside pool","3","11","1-3 Classes (Low)","2025-12-09 00:00:00","2025-12-09 00:00:00","Last 1v1 Payment","20251209","STANDARD - Re-engagement & Habit Building","0"
"921","58732462","EGSS-samira01","ME-EGSS05","MEKSA-EGSS01","围场外","outside pool","3","11","1-3 Classes (Low)","2025-12-15 00:00:00","2025-12-15 00:00:00","Last 1v1 Payment","20251215","STANDARD - Re-engagement & Habit Building","0"
"922","61565197","EGSS-omarmoneb","ME-EGSS05","MEKSA-EGSS01","围场外","outside pool","3","2","1-3 Classes (Low)","2025-12-15 00:00:00","2025-12-15 00:00:00","Last 1v1 Payment","20251215","STANDARD - Re-engagement & Habit Building","0"
"929","61070820","EGSS-samira01","ME-EGSS05","MEKSA-EGSS01","到期","Exp Non-0","3","9","1-3 Classes (Low)","2025-12-25 00:00:00","2025-12-25 00:00:00","Last 1v1 Payment","20251225","STANDARD - Re-engagement & Habit Building","0"
"930","61431869","EGSS-ibrahimismaiel","ME-EGSS05","MEKSA-EGSS01","围场外","outside pool","3","6","1-3 Classes (Low)","2025-12-25 00:00:00","2025-12-25 00:00:00","Last 1v1 Payment","20251225","STANDARD - Re-engagement & Habit Building","0"
"931","60757009","EGSS-samira01","ME-EGSS05","MEKSA-EGSS01","围场外","outside pool","3","6","1-3 Classes (Low)","2025-12-27 00:00:00","2025-12-27 00:00:00","Last 1v1 Payment","20251227","STANDARD - Re-engagement & Habit Building","0"
"932","60757003","EGSS-samira01","ME-EGSS05","MEKSA-EGSS01","围场外","outside pool","3","6","1-3 Classes (Low)","2025-12-27 00:00:00","2025-12-27 00:00:00","Last 1v1 Payment","20251227","STANDARD - Re-engagement & Habit Building","0"
"933","60756640","EGSS-samira01","ME-EGSS05","MEKSA-EGSS01","围场外","outside pool","3","6","1-3 Classes (Low)","2025-12-27 00:00:00","2025-12-27 00:00:00","Last 1v1 Payment","20251227","STANDARD - Re-engagement & Habit Building","0"
"934","59153035","EGSS-abdelrahmannasef","ME-EGSS05","MEKSA-EGSS01","围场外","outside pool","3","6","1-3 Classes (Low)","2025-12-28 00:00:00","2025-12-28 00:00:00","Last 1v1 Payment","20251228","STANDARD - Re-engagement & Habit Building","0"
"935","61635530","EGSS-khaledgonam","ME-EGSS05","MEKSA-EGSS01","围场外","outside pool","3","9","1-3 Classes (Low)","2025-12-28 00:00:00","2025-12-28 00:00:00","Last 1v1 Payment","20251228","STANDARD - Re-engagement & Habit Building","0"
"941","60687367","EGSS-samira01","ME-EGSS05","MEKSA-EGSS01","围场外","outside pool","3","9","1-3 Classes (Low)","2026-01-01 00:00:00","2026-01-01 00:00:00","Last 1v1 Payment","20260101","STANDARD - Re-engagement & Habit Building","0"
"943","59053550","EGSS-khaledgonam","ME-EGSS05","MEKSA-EGSS01","围场外","outside pool","3","9","1-3 Classes (Low)","2026-01-08 00:00:00","2026-01-08 00:00:00","Last 1v1 Payment","20260108","STANDARD - Re-engagement & Habit Building","0"
"945","61415682","EGSS-abdelrahmannasef","ME-EGSS05","MEKSA-EGSS01","围场外","outside pool","3","10","1-3 Classes (Low)","2026-01-10 00:00:00","2026-01-10 00:00:00","Last 1v1 Payment","20260110","STANDARD - Re-engagement & Habit Building","0"
"946","59894144","EGSS-ehabzaky01","ME-EGSS05","MEKSA-EGSS01","围场外","outside pool","3","8","1-3 Classes (Low)","2026-01-11 00:00:00","2026-01-11 00:00:00","Last 1v1 Payment","20260111","STANDARD - Re-engagement & Habit Building","0"
"948","59566870","EGSS-abdelrahmannasef","ME-EGSS05","MEKSA-EGSS01","围场外","outside pool","3","10","1-3 Classes (Low)","2026-01-15 00:00:00","2026-01-15 00:00:00","Last 1v1 Payment","20260115","STANDARD - Re-engagement & Habit Building","0"
"952","58680945","EGSS-abdelrahmannasef","ME-EGSS05","MEKSA-EGSS01","到期","Exp Non-0","3","9","1-3 Classes (Low)","2026-01-27 00:00:00","2026-01-27 00:00:00","Last 1v1 Payment","20260127","STANDARD - Re-engagement & Habit Building","0"
"956","60189470","EGSS-ibrahimismaiel","ME-EGSS05","MEKSA-EGSS01","到期","Exp Non-0","3","0","1-3 Classes (Low)","2026-01-28 00:00:00","2026-01-28 00:00:00","Last 1v1 Payment","20260128","STANDARD - Re-engagement & Habit Building","0"
"972","61476731","EGSS-ibrahimismaiel","ME-EGSS05","MEKSA-EGSS01","围场外","outside pool","3","9","1-3 Classes (Low)","2026-02-14 00:00:00","2026-02-14 00:00:00","Last 1v1 Payment","20260214","STANDARD - Re-engagement & Habit Building","0"
"979","61488860","EGSS-abdelrahmannasef","ME-EGSS05","MEKSA-EGSS01","到期","Exp Non-0","3","9","1-3 Classes (Low)","2026-02-28 00:00:00","2026-02-28 00:00:00","Last 1v1 Payment","20260228","STANDARD - Re-engagement & Habit Building","0"
"983","60345381","EGSS-abdelrahmannasef","ME-EGSS05","MEKSA-EGSS01","到期","Exp Non-0","3","9","1-3 Classes (Low)","2026-03-03 00:00:00","2026-03-03 00:00:00","Last 1v1 Payment","20260303","STANDARD - Re-engagement & Habit Building","0"
"986","62367866","EGSS-khaledgonam","ME-EGSS05","MEKSA-EGSS01","围场外","outside pool","3","12","1-3 Classes (Low)","2026-03-03 00:00:00","2026-03-03 00:00:00","Last 1v1 Payment","20260303","STANDARD - Re-engagement & Habit Building","0"
"987","62313175","EGSS-ibrahimismaiel","ME-EGSS05","MEKSA-EGSS01","到期","Exp Non-0","3","8","1-3 Classes (Low)","2026-03-04 00:00:00","2026-03-04 00:00:00","Last 1v1 Payment","20260304","STANDARD - Re-engagement & Habit Building","0"
"989","59789863","EGSS-abdelrahmannasef","ME-EGSS05","MEKSA-EGSS01","期间","period","3","8","1-3 Classes (Low)","2026-03-04 00:00:00","2026-03-04 00:00:00","Last 1v1 Payment","20260304","STANDARD - Re-engagement & Habit Building","0"
"992","62296453","EGSS-omarmoneb","ME-EGSS05","MEKSA-EGSS01","围场外","outside pool","3","9","1-3 Classes (Low)","2026-03-08 00:00:00","2026-03-08 00:00:00","Last 1v1 Payment","20260308","STANDARD - Re-engagement & Habit Building","0"
"994","60148234","EGSS-khaledgonam","ME-EGSS05","MEKSA-EGSS01","到期","Exp Non-0","3","14","1-3 Classes (Low)","2026-03-11 00:00:00","2026-03-11 00:00:00","Last 1v1 Payment","20260311","STANDARD - Re-engagement & Habit Building","0"
"996","62392400","EGSS-khaledgonam","ME-EGSS05","MEKSA-EGSS01","围场外","outside pool","3","9","1-3 Classes (Low)","2026-03-17 00:00:00","2026-03-17 00:00:00","Last 1v1 Payment","20260317","STANDARD - Re-engagement & Habit Building","0"
"998","60231454","EGSS-ehabzaky01","ME-EGSS05","MEKSA-EGSS01","围场外","outside pool","3","8","1-3 Classes (Low)","2026-03-19 00:00:00","2026-03-19 00:00:00","Last 1v1 Payment","20260319","STANDARD - Re-engagement & Habit Building","0"
"999","61178064","EGSS-abdelrahmannasef","ME-EGSS05","MEKSA-EGSS01","围场外","outside pool","3","7","1-3 Classes (Low)","2026-03-24 00:00:00","2026-03-24 00:00:00","Last 1v1 Payment","20260324","STANDARD - Re-engagement & Habit Building","0"
"1000","61178058","EGSS-abdelrahmannasef","ME-EGSS05","MEKSA-EGSS01","到期","Exp Non-0","3","6","1-3 Classes (Low)","2026-03-24 00:00:00","2026-03-24 00:00:00","Last 1v1 Payment","20260324","STANDARD - Re-engagement & Habit Building","0"
"1001","61160051","EGSS-abdelrahmannasef","ME-EGSS05","MEKSA-EGSS01","围场外","outside pool","3","6","1-3 Classes (Low)","2026-03-24 00:00:00","2026-03-24 00:00:00","Last 1v1 Payment","20260324","STANDARD - Re-engagement & Habit Building","0"
"1015","59272115","EGSS-ehabzaky01","ME-EGSS05","MEKSA-EGSS01","到期","Exp Non-0","3","6","1-3 Classes (Low)","2026-03-29 00:00:00","2026-03-29 00:00:00","Last 1v1 Payment","20260329","STANDARD - Re-engagement & Habit Building","0"
"1016","59001564","EGSS-ehabzaky01","ME-EGSS05","MEKSA-EGSS01","到期","Exp Non-0","3","7","1-3 Classes (Low)","2026-03-29 00:00:00","2026-03-29 00:00:00","Last 1v1 Payment","20260329","STANDARD - Re-engagement & Habit Building","0"
"1029","61246535","EGSS-khaledgonam","ME-EGSS05","MEKSA-EGSS01","期间","period","3","8","1-3 Classes (Low)","2026-04-13 00:00:00","2026-04-13 00:00:00","Last 1v1 Payment","20260413","STANDARD - Re-engagement & Habit Building","0"
"1048","61922132","EGSS-ehabzaky01","ME-EGSS05","MEKSA-EGSS01","到期","Exp Non-0","3","6","1-3 Classes (Low)","2026-04-30 00:00:00","2026-04-30 00:00:00","Last 1v1 Payment","20260430","STANDARD - Re-engagement & Habit Building","0"
"1049","60841323","EGSS-abdelrahmannasef","ME-EGSS05","MEKSA-EGSS01","围场外","outside pool","3","11","1-3 Classes (Low)","2026-04-30 00:00:00","2026-04-30 00:00:00","Last 1v1 Payment","20260430","STANDARD - Re-engagement & Habit Building","0"
"1052","59073784","EGSS-ibrahimismaiel","ME-EGSS05","MEKSA-EGSS01","围场外","outside pool","3","7","1-3 Classes (Low)","2026-05-05 00:00:00","2026-05-05 00:00:00","Last 1v1 Payment","20260505","STANDARD - Re-engagement & Habit Building","0"
"1054","62688540","EGSS-samira01","ME-EGSS05","MEKSA-EGSS01","围场外","outside pool","3","9","1-3 Classes (Low)","2026-05-05 00:00:00","2026-05-05 00:00:00","Last 1v1 Payment","20260505","STANDARD - Re-engagement & Habit Building","0"
"1055","59074088","EGSS-ibrahimismaiel","ME-EGSS05","MEKSA-EGSS01","围场外","outside pool","3","7","1-3 Classes (Low)","2026-05-05 00:00:00","2026-05-05 00:00:00","Last 1v1 Payment","20260505","STANDARD - Re-engagement & Habit Building","0"
"1058","62248178","EGSS-khaledgonam","ME-EGSS05","MEKSA-EGSS01","到期","Exp Non-0","3","6","1-3 Classes (Low)","2026-05-10 00:00:00","2026-05-10 00:00:00","Last 1v1 Payment","20260510","STANDARD - Re-engagement & Habit Building","0"
"1059","62248281","EGSS-khaledgonam","ME-EGSS05","MEKSA-EGSS01","到期","Exp Non-0","3","6","1-3 Classes (Low)","2026-05-10 00:00:00","2026-05-10 00:00:00","Last 1v1 Payment","20260510","STANDARD - Re-engagement & Habit Building","0"
"1063","62527872","EGSS-omarmoneb","ME-EGSS05","MEKSA-EGSS01","期间","period","3","10","1-3 Classes (Low)","2026-05-10 00:00:00","2026-05-10 00:00:00","Last 1v1 Payment","20260510","STANDARD - Re-engagement & Habit Building","0"
"1064","62248433","EGSS-khaledgonam","ME-EGSS05","MEKSA-EGSS01","围场外","outside pool","3","6","1-3 Classes (Low)","2026-05-10 00:00:00","2026-05-10 00:00:00","Last 1v1 Payment","20260510","STANDARD - Re-engagement & Habit Building","0"
"1065","61566261","EGSS-abdelrahmannasef","ME-EGSS05","MEKSA-EGSS01","期间","period","3","11","1-3 Classes (Low)","2026-05-11 00:00:00","2026-05-11 00:00:00","Last 1v1 Payment","20260511","STANDARD - Re-engagement & Habit Building","0"
"1067","61940772","EGSS-ibrahimismaiel","ME-EGSS05","MEKSA-EGSS01","期间","period","3","8","1-3 Classes (Low)","2026-05-11 00:00:00","2026-05-11 00:00:00","Last 1v1 Payment","20260511","STANDARD - Re-engagement & Habit Building","0"
"1089","58575677","EGSS-khaledgonam","ME-EGSS05","MEKSA-EGSS01","围场外","outside pool","3","4","1-3 Classes (Low)","2026-05-21 00:00:00","2026-05-21 00:00:00","Last 1v1 Payment","20260521","STANDARD - Re-engagement & Habit Building","0"
"1098","62683013","EGSS-ehabzaky01","ME-EGSS05","MEKSA-EGSS01","围场外","outside pool","3","11","1-3 Classes (Low)","2026-05-24 00:00:00","2026-05-24 00:00:00","Last 1v1 Payment","20260524","STANDARD - Re-engagement & Habit Building","0"
"1103","62402323","EGSS-samira01","ME-EGSS05","MEKSA-EGSS01","围场外","outside pool","3","9","1-3 Classes (Low)","2026-05-25 00:00:00","2026-05-25 00:00:00","Last 1v1 Payment","20260525","STANDARD - Re-engagement & Habit Building","0"
"1112","62801070","EGSS-ibrahimismaiel","ME-EGSS05","MEKSA-EGSS01","围场外","outside pool","3","9","1-3 Classes (Low)","2026-06-04 00:00:00","2026-06-04 00:00:00","Last 1v1 Payment","20260604","STANDARD - Re-engagement & Habit Building","0"
"1113","62865488","EGSS-samira01","ME-EGSS05","MEKSA-EGSS01","围场外","outside pool","3","9","1-3 Classes (Low)","2026-06-04 00:00:00","2026-06-04 00:00:00","Last 1v1 Payment","20260604","STANDARD - Re-engagement & Habit Building","0"
"1114","58548089","EGSS-ibrahimismaiel","ME-EGSS05","MEKSA-EGSS01","围场外","outside pool","3","9","1-3 Classes (Low)","2026-06-04 00:00:00","2026-06-04 00:00:00","Last 1v1 Payment","20260604","STANDARD - Re-engagement & Habit Building","0"
"1117","58199771","EGSS-samira01","ME-EGSS05","MEKSA-EGSS01","围场外","outside pool","3","9","1-3 Classes (Low)","2026-06-04 00:00:00","2026-06-04 00:00:00","Last 1v1 Payment","20260604","STANDARD - Re-engagement & Habit Building","0"
"1118","62972589","EGSS-ehabzaky01","ME-EGSS05","MEKSA-EGSS01","围场外","outside pool","3","6","1-3 Classes (Low)","2026-06-07 00:00:00","2026-06-07 00:00:00","Last 1v1 Payment","20260607","STANDARD - Re-engagement & Habit Building","0"
"1120","62726563","EGSS-ehabzaky01","ME-EGSS05","MEKSA-EGSS01","围场外","outside pool","3","6","1-3 Classes (Low)","2026-06-08 00:00:00","2026-06-08 00:00:00","Last 1v1 Payment","20260608","STANDARD - Re-engagement & Habit Building","0"
"1125","62839343","EGSS-samira01","ME-EGSS05","MEKSA-EGSS01","围场外","outside pool","3","6","1-3 Classes (Low)","2026-06-10 00:00:00","2026-06-10 00:00:00","Last 1v1 Payment","20260610","STANDARD - Re-engagement & Habit Building","0"
"1127","62837160","EGSS-samira01","ME-EGSS05","MEKSA-EGSS01","围场外","outside pool","3","5","1-3 Classes (Low)","2026-06-10 00:00:00","2026-06-10 00:00:00","Last 1v1 Payment","20260610","STANDARD - Re-engagement & Habit Building","0"
"1128","58311958","EGSS-ibrahimismaiel","ME-EGSS05","MEKSA-EGSS01","围场外","outside pool","3","0","1-3 Classes (Low)","2026-06-12 00:00:00","2026-06-12 00:00:00","Last 1v1 Payment","20260612","STANDARD - Re-engagement & Habit Building","0"
"1133","58457572","EGSS-samira01","ME-EGSS05","MEKSA-EGSS01","围场外","outside pool","3","4","1-3 Classes (Low)","2026-06-15 00:00:00","2026-06-15 00:00:00","Last 1v1 Payment","20260615","STANDARD - Re-engagement & Habit Building","0"
"1138","62870595","EGSS-ehabzaky01","ME-EGSS05","MEKSA-EGSS01","围场外","outside pool","3","0","1-3 Classes (Low)","2026-06-16 00:00:00","2026-06-16 00:00:00","Last 1v1 Payment","20260616","STANDARD - Re-engagement & Habit Building","0"
"1141","58802520","EGSS-khaledgonam","ME-EGSS05","MEKSA-EGSS01","围场外","outside pool","3","6","1-3 Classes (Low)","2026-06-17 00:00:00","2026-06-17 00:00:00","Last 1v1 Payment","20260617","STANDARD - Re-engagement & Habit Building","0"
"1143","61767553","EGSS-samira01","ME-EGSS05","MEKSA-EGSS01","期间","period","3","9","1-3 Classes (Low)","2026-06-22 00:00:00","2026-06-22 00:00:00","Last 1v1 Payment","20260622","STANDARD - Re-engagement & Habit Building","0"
"1144","61773236","EGSS-samira01","ME-EGSS05","MEKSA-EGSS01","期间","period","3","10","1-3 Classes (Low)","2026-06-22 00:00:00","2026-06-22 00:00:00","Last 1v1 Payment","20260622","STANDARD - Re-engagement & Habit Building","0"
"1148","62530527","EGSS-omarmoneb","ME-EGSS05","MEKSA-EGSS01","到期","Exp Non-0","3","9","1-3 Classes (Low)","2026-06-23 00:00:00","2026-06-23 00:00:00","Last 1v1 Payment","20260623","STANDARD - Re-engagement & Habit Building","0"
"1149","62968140","EGSS-ehabzaky01","ME-EGSS05","MEKSA-EGSS01","围场外","outside pool","3","8","1-3 Classes (Low)","2026-06-25 00:00:00","2026-06-25 00:00:00","Last 1v1 Payment","20260625","STANDARD - Re-engagement & Habit Building","0"
"1150","63003676","EGSS-khaledgonam","ME-EGSS05","MEKSA-EGSS01","围场外","outside pool","3","8","1-3 Classes (Low)","2026-06-25 00:00:00","2026-06-25 00:00:00","Last 1v1 Payment","20260625","STANDARD - Re-engagement & Habit Building","0"
"1157","61674458","EGSS-abdelrahmannasef","ME-EGSS05","MEKSA-EGSS01","期间","period","3","12","1-3 Classes (Low)","2026-06-28 00:00:00","2026-06-28 00:00:00","Last 1v1 Payment","20260628","STANDARD - Re-engagement & Habit Building","0"
"1158","62849409","EGSS-samira01","ME-EGSS05","MEKSA-EGSS01","围场外","outside pool","3","12","1-3 Classes (Low)","2026-06-28 00:00:00","2026-06-28 00:00:00","Last 1v1 Payment","20260628","STANDARD - Re-engagement & Habit Building","0"
"1159","60208509","EGSS-ibrahimismaiel","ME-EGSS05","MEKSA-EGSS01","围场外","outside pool","3","9","1-3 Classes (Low)","2026-06-28 00:00:00","2026-06-28 00:00:00","Last 1v1 Payment","20260628","STANDARD - Re-engagement & Habit Building","0"
"1160","60482145","EGSS-omarmoneb","ME-EGSS05","MEKSA-EGSS01","围场外","outside pool","3","9","1-3 Classes (Low)","2026-06-29 00:00:00","2026-06-29 00:00:00","Last 1v1 Payment","20260629","STANDARD - Re-engagement & Habit Building","0"
"1161","60705129","EGSS-omarmoneb","ME-EGSS05","MEKSA-EGSS01","围场外","outside pool","3","9","1-3 Classes (Low)","2026-06-29 00:00:00","2026-06-29 00:00:00","Last 1v1 Payment","20260629","STANDARD - Re-engagement & Habit Building","0"
"1165","63046356","EGSS-khaledgonam","ME-EGSS05","MEKSA-EGSS01","围场外","outside pool","3","9","1-3 Classes (Low)","2026-06-30 00:00:00","2026-06-30 00:00:00","Last 1v1 Payment","20260630","STANDARD - Re-engagement & Habit Building","0"
"1176","63317050","EGSS-khaledgonam","ME-EGSS05","MEKSA-EGSS01","围场外","outside pool","3","11","1-3 Classes (Low)","2026-07-07 00:00:00","2026-07-07 00:00:00","Last 1v1 Payment","20260707","STANDARD - Re-engagement & Habit Building","0"
"1179","63315515","EGSS-khaledgonam","ME-EGSS05","MEKSA-EGSS01","围场外","outside pool","3","9","1-3 Classes (Low)","2026-07-09 00:00:00","2026-07-09 00:00:00","Last 1v1 Payment","20260709","STANDARD - Re-engagement & Habit Building","0"
"1186","63172027","EGSS-samira01","ME-EGSS05","MEKSA-EGSS01","围场外","outside pool","3","9","1-3 Classes (Low)","2026-07-12 00:00:00","2026-07-12 00:00:00","Last 1v1 Payment","20260712","STANDARD - Re-engagement & Habit Building","0"
"1201","60386842","EGSS-ehabzaky01","ME-EGSS05","MEKSA-EGSS01","围场外","outside pool","3","11","1-3 Classes (Low)","2026-07-20 00:00:00","2026-07-20 00:00:00","Last 1v1 Payment","20260720","STANDARD - Re-engagement & Habit Building","0"
"1203","63742785","EGSS-omarmoneb","ME-EGSS05","MEKSA-EGSS01","围场外","outside pool","3","6","1-3 Classes (Low)","2026-07-21 00:00:00","2026-07-21 00:00:00","CRM System Outreach","-","STANDARD - Re-engagement & Habit Building","0"
"1214","63603976","EGSS-khaledgonam","ME-EGSS05","MEKSA-EGSS01","围场外","outside pool","3","7","1-3 Classes (Low)","2026-07-25 00:00:00","2026-07-25 00:00:00","CRM System Outreach","-","STANDARD - Re-engagement & Habit Building","0"
"1216","62475389","EGSS-khaledgonam","ME-EGSS05","MEKSA-EGSS01","围场外","outside pool","3","9","1-3 Classes (Low)","2026-07-26 00:00:00","2026-07-26 00:00:00","Last 1v1 Payment","20260726","STANDARD - Re-engagement & Habit Building","0"
"1217","63713707","EGSS-ehabzaky01","ME-EGSS05","MEKSA-EGSS01","围场外","outside pool","3","8","1-3 Classes (Low)","2026-07-26 00:00:00","2026-07-26 00:00:00","CRM System Outreach","-","STANDARD - Re-engagement & Habit Building","0"
"1224","62569844","EGSS-samira01","ME-EGSS05","MEKSA-EGSS01","围场外","outside pool","3","11","1-3 Classes (Low)","2026-07-28 00:00:00","2026-07-28 00:00:00","Last 1v1 Payment","20260728","STANDARD - Re-engagement & Habit Building","0"
"1229","60847078","EGSS-abdelrahmannasef","ME-EGSS05","MEKSA-EGSS01","围场外","outside pool","3","9","1-3 Classes (Low)","2026-07-28 00:00:00","2026-07-28 00:00:00","Last 1v1 Payment","20260728","STANDARD - Re-engagement & Habit Building","0"
"1230","60920256","EGSS-ehabzaky01","ME-EGSS05","MEKSA-EGSS01","围场外","outside pool","3","9","1-3 Classes (Low)","2026-07-28 00:00:00","2026-07-28 00:00:00","CRM System Outreach","-","STANDARD - Re-engagement & Habit Building","0"
"1234","62789946","EGSS-omarmoneb","ME-EGSS05","MEKSA-EGSS01","围场外","outside pool","3","6","1-3 Classes (Low)","2026-07-29 00:00:00","2026-07-29 00:00:00","Last 1v1 Payment","20260729","STANDARD - Re-engagement & Habit Building","0"
"1237","62430466","EGSS-ehabzaky01","ME-EGSS05","MEKSA-EGSS01","围场外","outside pool","3","9","1-3 Classes (Low)","2026-07-30 00:00:00","2026-07-30 00:00:00","Last 1v1 Payment","20260730","STANDARD - Re-engagement & Habit Building","0"
"1240","62142587","EGSS-ehabzaky01","ME-EGSS05","MEKSA-EGSS01","围场外","outside pool","3","6","1-3 Classes (Low)","2026-07-30 00:00:00","2026-07-30 00:00:00","Last 1v1 Payment","20260730","STANDARD - Re-engagement & Habit Building","0"
"1255","60860252","EGSS-omarmoneb","ME-EGSS05","MEKSA-EGSS01","围场外","outside pool","3","6","1-3 Classes (Low)","2026-08-04 00:00:00","2026-08-04 00:00:00","Last 1v1 Payment","20260804","STANDARD - Re-engagement & Habit Building","0"
"1259","62178177","EGSS-abdelrahmannasef","ME-EGSS05","MEKSA-EGSS01","围场外","outside pool","3","6","1-3 Classes (Low)","2026-08-05 00:00:00","2026-08-05 00:00:00","Last 1v1 Payment","20260805","STANDARD - Re-engagement & Habit Building","0"
"1264","58579344","EGSS-khaledgonam","ME-EGSS05","MEKSA-EGSS01","围场外","outside pool","3","11","1-3 Classes (Low)","2026-08-06 00:00:00","2026-08-06 00:00:00","Last 1v1 Payment","20260806","STANDARD - Re-engagement & Habit Building","0"
"1266","61851052","EGSS-khaledgonam","ME-EGSS05","MEKSA-EGSS01","围场外","outside pool","3","5","1-3 Classes (Low)","2026-08-06 00:00:00","2026-08-06 00:00:00","Last 1v1 Payment","20260806","STANDARD - Re-engagement & Habit Building","0"
"1272","63568743","EGSS-ibrahimismaiel","ME-EGSS05","MEKSA-EGSS01","围场外","outside pool","3","11","1-3 Classes (Low)","2026-08-08 00:00:00","2026-08-08 00:00:00","CRM System Outreach","-","STANDARD - Re-engagement & Habit Building","0"
"1274","63399017","EGSS-abdelrahmannasef","ME-EGSS05","MEKSA-EGSS01","围场外","outside pool","3","8","1-3 Classes (Low)","2026-08-09 00:00:00","2026-08-09 00:00:00","Last 1v1 Payment","20260809","STANDARD - Re-engagement & Habit Building","0"
"1286","63165923","EGSS-khaledgonam","ME-EGSS05","MEKSA-EGSS01","围场外","outside pool","3","6","1-3 Classes (Low)","2026-08-11 00:00:00","2026-08-11 00:00:00","CRM System Outreach","-","STANDARD - Re-engagement & Habit Building","0"
"1287","63732129","EGSS-abdelrahmannasef","ME-EGSS05","MEKSA-EGSS01","围场外","outside pool","3","11","1-3 Classes (Low)","2026-08-11 00:00:00","2026-08-11 00:00:00","CRM System Outreach","-","STANDARD - Re-engagement & Habit Building","0"
"1298","62932732","EGSS-samira01","ME-EGSS05","MEKSA-EGSS01","围场外","outside pool","3","11","1-3 Classes (Low)","2026-08-15 00:00:00","2026-08-15 00:00:00","Last 1v1 Payment","20260815","STANDARD - Re-engagement & Habit Building","0"
"1302","63470055","EGSS-khaledgonam","ME-EGSS05","MEKSA-EGSS01","围场外","outside pool","3","10","1-3 Classes (Low)","2026-08-16 00:00:00","2026-08-16 00:00:00","CRM System Outreach","-","STANDARD - Re-engagement & Habit Building","0"
"1303","59013984","EGSS-ehabzaky01","ME-EGSS05","MEKSA-EGSS01","围场外","outside pool","3","6","1-3 Classes (Low)","2026-08-16 00:00:00","2026-08-16 00:00:00","CRM System Outreach","-","STANDARD - Re-engagement & Habit Building","0"
"1305","59137683","EGSS-ibrahimismaiel","ME-EGSS05","MEKSA-EGSS01","围场外","outside pool","3","1","1-3 Classes (Low)","2026-08-17 00:00:00","2026-08-17 00:00:00","CRM System Outreach","-","STANDARD - Re-engagement & Habit Building","0"
"1308","60587852","EGSS-ibrahimismaiel","ME-EGSS05","MEKSA-EGSS01","围场外","outside pool","3","11","1-3 Classes (Low)","2026-08-17 00:00:00","2026-08-17 00:00:00","Last 1v1 Payment","20260817","STANDARD - Re-engagement & Habit Building","0"
"1313","62230879","EGSS-ehabzaky01","ME-EGSS05","MEKSA-EGSS01","围场外","outside pool","3","15","1-3 Classes (Low)","2026-08-20 00:00:00","2026-08-20 00:00:00","Last 1v1 Payment","20260820","STANDARD - Re-engagement & Habit Building","0"
"1315","63652858","EGSS-ehabzaky01","ME-EGSS05","MEKSA-EGSS01","围场外","outside pool","3","8","1-3 Classes (Low)","2026-08-20 00:00:00","2026-08-20 00:00:00","CRM System Outreach","20260917","STANDARD - Re-engagement & Habit Building","0"
"1316","62369437","EGSS-ibrahimismaiel","ME-EGSS05","MEKSA-EGSS01","围场外","outside pool","3","0","1-3 Classes (Low)","2026-08-20 00:00:00","2026-08-20 00:00:00","CRM System Outreach","-","STANDARD - Re-engagement & Habit Building","0"
"1322","63406771","EGSS-ibrahimismaiel","ME-EGSS05","MEKSA-EGSS01","围场外","outside pool","3","11","1-3 Classes (Low)","2026-08-23 00:00:00","2026-08-23 00:00:00","Last 1v1 Payment","20260823","STANDARD - Re-engagement & Habit Building","0"
"1330","59138108","EGSS-ibrahimismaiel","ME-EGSS05","MEKSA-EGSS01","围场外","outside pool","3","9","1-3 Classes (Low)","2026-08-25 00:00:00","2026-08-25 00:00:00","CRM System Outreach","-","STANDARD - Re-engagement & Habit Building","0"
"1335","63657841","EGSS-abdelrahmannasef","ME-EGSS05","MEKSA-EGSS01","围场外","outside pool","3","11","1-3 Classes (Low)","2026-08-26 00:00:00","2026-08-26 00:00:00","CRM System Outreach","-","STANDARD - Re-engagement & Habit Building","0"
"1340","63490270","EGSS-khaledgonam","ME-EGSS05","MEKSA-EGSS01","围场外","outside pool","3","12","1-3 Classes (Low)","2026-08-27 00:00:00","2026-08-27 00:00:00","Last 1v1 Payment","20260827","STANDARD - Re-engagement & Habit Building","0"
"1341","62668526","EGSS-samira01","ME-EGSS05","MEKSA-EGSS01","围场外","outside pool","3","9","1-3 Classes (Low)","2026-08-27 00:00:00","2026-08-27 00:00:00","Last 1v1 Payment","20260827","STANDARD - Re-engagement & Habit Building","0"
"1342","61030273","EGSS-omarmoneb","ME-EGSS05","MEKSA-EGSS01","围场外","outside pool","3","9","1-3 Classes (Low)","2026-08-27 00:00:00","2026-08-27 00:00:00","Last 1v1 Payment","20260827","STANDARD - Re-engagement & Habit Building","0"
"1344","58156938","EGSS-samira01","ME-EGSS05","MEKSA-EGSS01","到期","Exp Non-0","3","9","1-3 Classes (Low)","2026-08-27 00:00:00","2026-08-27 00:00:00","CRM System Outreach","-","STANDARD - Re-engagement & Habit Building","0"
"1347","60988805","EGSS-ehabzaky01","ME-EGSS05","MEKSA-EGSS01","围场外","outside pool","3","9","1-3 Classes (Low)","2026-08-27 00:00:00","2026-08-27 00:00:00","Last 1v1 Payment","20260827","STANDARD - Re-engagement & Habit Building","0"
"1350","63530101","EGSS-ehabzaky01","ME-EGSS05","MEKSA-EGSS01","围场外","outside pool","3","9","1-3 Classes (Low)","2026-08-27 00:00:00","2026-08-27 00:00:00","Last 1v1 Payment","20260827","STANDARD - Re-engagement & Habit Building","0"
"1352","61337114","EGSS-samira01","ME-EGSS05","MEKSA-EGSS01","期间","period","3","9","1-3 Classes (Low)","2026-08-28 00:00:00","2026-08-28 00:00:00","Last 1v1 Payment","20260828","STANDARD - Re-engagement & Habit Building","0"
"1355","61211038","EGSS-khaledgonam","ME-EGSS05","MEKSA-EGSS01","围场外","outside pool","3","9","1-3 Classes (Low)","2026-08-29 00:00:00","2026-08-29 00:00:00","Last 1v1 Payment","20260829","STANDARD - Re-engagement & Habit Building","0"
"1375","62872871","EGSS-omarmoneb","ME-EGSS05","MEKSA-EGSS01","围场外","outside pool","3","9","1-3 Classes (Low)","2026-09-06 00:00:00","2026-09-06 00:00:00","Last 1v1 Payment","20260906","STANDARD - Re-engagement & Habit Building","0"
"1376","62602153","EGSS-samira01","ME-EGSS05","MEKSA-EGSS01","围场外","outside pool","3","8","1-3 Classes (Low)","2026-09-07 00:00:00","2026-09-07 00:00:00","Last 1v1 Payment","20260907","STANDARD - Re-engagement & Habit Building","0"
"1379","62609387","EGSS-samira01","ME-EGSS05","MEKSA-EGSS01","围场外","outside pool","3","9","1-3 Classes (Low)","2026-09-07 00:00:00","2026-09-07 00:00:00","Last 1v1 Payment","20260907","STANDARD - Re-engagement & Habit Building","0"
"1384","60852065","EGSS-khaledgonam","ME-EGSS05","MEKSA-EGSS01","围场外","outside pool","3","0","1-3 Classes (Low)","2026-09-13 00:00:00","2026-09-13 00:00:00","Last 1v1 Payment","20260913","STANDARD - Re-engagement & Habit Building","0"
"1385","62637668","EGSS-ibrahimismaiel","ME-EGSS05","MEKSA-EGSS01","围场外","outside pool","3","9","1-3 Classes (Low)","2026-09-13 00:00:00","2026-09-13 00:00:00","Last 1v1 Payment","20260913","STANDARD - Re-engagement & Habit Building","0"
"1386","62496305","EGSS-omarmoneb","ME-EGSS05","MEKSA-EGSS01","围场外","outside pool","3","9","1-3 Classes (Low)","2026-09-13 00:00:00","2026-09-13 00:00:00","Last 1v1 Payment","20260913","STANDARD - Re-engagement & Habit Building","0"
"1388","62376407","EGSS-abdelrahmannasef","ME-EGSS05","MEKSA-EGSS01","围场外","outside pool","3","6","1-3 Classes (Low)","2026-09-14 00:00:00","2026-09-14 00:00:00","Last 1v1 Payment","20260914","STANDARD - Re-engagement & Habit Building","0"
"1389","61097084","EGSS-omarmoneb","ME-EGSS05","MEKSA-EGSS01","围场外","outside pool","3","14","1-3 Classes (Low)","2026-09-15 00:00:00","2026-09-15 00:00:00","Last 1v1 Payment","20260915","STANDARD - Re-engagement & Habit Building","0"
"1393","62399447","EGSS-samira01","ME-EGSS05","MEKSA-EGSS01","围场外","outside pool","3","9","1-3 Classes (Low)","2026-09-16 00:00:00","2026-09-16 00:00:00","Last 1v1 Payment","20260916","STANDARD - Re-engagement & Habit Building","0"
"1394","63423360","EGSS-omarmoneb","ME-EGSS05","MEKSA-EGSS01","围场外","outside pool","3","9","1-3 Classes (Low)","2026-09-16 00:00:00","2026-09-16 00:00:00","Last 1v1 Payment","20260916","STANDARD - Re-engagement & Habit Building","0"
"1395","60433632","EGSS-khaledgonam","ME-EGSS05","MEKSA-EGSS01","围场外","outside pool","3","8","1-3 Classes (Low)","2026-09-16 00:00:00","2026-09-16 00:00:00","Last 1v1 Payment","20260916","STANDARD - Re-engagement & Habit Building","0"
"1400","64395735","EGSS-khaledgonam","ME-EGSS05","MEKSA-EGSS01","围场外","outside pool","3","9","1-3 Classes (Low)","2026-09-20 00:00:00","2026-09-20 00:00:00","Last 1v1 Payment","20260920","STANDARD - Re-engagement & Habit Building","0"
"1401","61966428","EGSS-khaledgonam","ME-EGSS05","MEKSA-EGSS01","围场外","outside pool","3","8","1-3 Classes (Low)","2026-09-20 00:00:00","2026-09-20 00:00:00","Last 1v1 Payment","20260920","STANDARD - Re-engagement & Habit Building","0"
"1404","64157238","EGSS-khaledgonam","ME-EGSS05","MEKSA-EGSS01","围场外","outside pool","3","9","1-3 Classes (Low)","2026-09-21 00:00:00","2026-09-21 00:00:00","Last 1v1 Payment","20260921","STANDARD - Re-engagement & Habit Building","0"
"1409","62265791","EGSS-ibrahimismaiel","ME-EGSS05","MEKSA-EGSS01","围场外","outside pool","3","9","1-3 Classes (Low)","2026-09-23 00:00:00","2026-09-23 00:00:00","Last 1v1 Payment","20260923","STANDARD - Re-engagement & Habit Building","0"
"1412","62266845","EGSS-abdelrahmannasef","ME-EGSS05","MEKSA-EGSS01","围场外","outside pool","3","9","1-3 Classes (Low)","2026-09-24 00:00:00","2026-09-24 00:00:00","Last 1v1 Payment","20260924","STANDARD - Re-engagement & Habit Building","0"
"1414","63155646","EGSS-ibrahimismaiel","ME-EGSS05","MEKSA-EGSS01","围场外","outside pool","3","7","1-3 Classes (Low)","2026-09-26 00:00:00","2026-09-26 00:00:00","Last 1v1 Payment","20260926","STANDARD - Re-engagement & Habit Building","0"
"1416","62808028","EGSS-ibrahimismaiel","ME-EGSS05","MEKSA-EGSS01","围场外","outside pool","3","8","1-3 Classes (Low)","2026-09-27 00:00:00","2026-09-27 00:00:00","Last 1v1 Payment","20260927","STANDARD - Re-engagement & Habit Building","0"
"1420","60728788","EGSS-abdelrahmannasef","ME-EGSS05","MEKSA-EGSS01","围场外","outside pool","3","9","1-3 Classes (Low)","2026-09-28 00:00:00","2026-09-28 00:00:00","Last 1v1 Payment","20260928","STANDARD - Re-engagement & Habit Building","0"
"1425","58835674","EGSS-ibrahimismaiel","ME-EGSS05","MEKSA-EGSS01","围场外","outside pool","3","0","1-3 Classes (Low)","2026-09-29 13:26:59","2026-09-29 13:26:59","SOP Completed Touch","-","STANDARD - Re-engagement & Habit Building","0"
"1433","64457029","EGSS-omarmoneb","ME-EGSS05","MEKSA-EGSS01","围场外","outside pool","3","10","1-3 Classes (Low)","2026-09-29 20:03:12","2026-09-29 20:03:12","SOP Completed Touch","-","STANDARD - Re-engagement & Habit Building","0"
"1436","59724446","EGSS-samira01","ME-EGSS05","MEKSA-EGSS01","围场外","outside pool","3","9","1-3 Classes (Low)","2026-09-30 00:00:00","2026-09-30 00:00:00","Last 1v1 Payment","20260930","STANDARD - Re-engagement & Habit Building","0"
"1437","64454588","EGSS-omarmoneb","ME-EGSS05","MEKSA-EGSS01","围场外","outside pool","3","9","1-3 Classes (Low)","2026-09-30 12:12:59","2026-09-30 12:12:59","SOP Completed Touch","-","STANDARD - Re-engagement & Habit Building","0"
"1440","64479331","EGSS-samira01","ME-EGSS05","MEKSA-EGSS01","围场外","outside pool","3","9","1-3 Classes (Low)","2026-09-30 12:50:35","2026-09-30 12:50:35","SOP Completed Touch","-","STANDARD - Re-engagement & Habit Building","0"
"1441","64180740","EGSS-samira01","ME-EGSS05","MEKSA-EGSS01","升舱","Upgrade M2","3","9","1-3 Classes (Low)","2026-09-30 12:53:51","2026-09-30 12:53:51","SOP Completed Touch","-","STANDARD - Re-engagement & Habit Building","0"
"1442","58033801","EGSS-omarmoneb","ME-EGSS05","MEKSA-EGSS01","围场外","outside pool","3","8","1-3 Classes (Low)","2026-09-30 13:01:37","2026-09-30 13:01:37","SOP Completed Touch","-","STANDARD - Re-engagement & Habit Building","0"
"1444","64289180","EGSS-omarmoneb","ME-EGSS05","MEKSA-EGSS01","围场外","outside pool","3","6","1-3 Classes (Low)","2026-09-30 13:16:28","2026-09-30 13:16:28","SOP Completed Touch","-","STANDARD - Re-engagement & Habit Building","0"
"1447","63858009","EGSS-omarmoneb","ME-EGSS05","MEKSA-EGSS01","围场外","outside pool","3","9","1-3 Classes (Low)","2026-09-30 14:29:31","2026-09-30 14:29:31","SOP Completed Touch","-","STANDARD - Re-engagement & Habit Building","0"
"1456","63605613","EGSS-ehabzaky01","ME-EGSS05","MEKSA-EGSS01","围场外","outside pool","3","9","1-3 Classes (Low)","2026-10-01 14:37:18","2026-10-01 14:37:18","SOP Completed Touch","-","STANDARD - Re-engagement & Habit Building","0"
"1461","61800168","EGSS-ibrahimismaiel","ME-EGSS05","MEKSA-EGSS01","围场外","outside pool","3","11","1-3 Classes (Low)","2026-10-01 16:27:28","2026-10-01 16:27:28","SOP Completed Touch","20260117","STANDARD - Re-engagement & Habit Building","0"
"1462","64497058","EGSS-ibrahimismaiel","ME-EGSS05","MEKSA-EGSS01","围场外","outside pool","3","0","1-3 Classes (Low)","2026-10-01 16:33:08","2026-10-01 16:33:08","SOP Completed Touch","-","STANDARD - Re-engagement & Habit Building","0"
"1476","62235446","EGSS-abdelrahmannasef","ME-EGSS05","MEKSA-EGSS01","升舱","Upgrade M2","3","9","1-3 Classes (Low)","2026-10-03 11:14:37","2026-10-03 11:14:37","SOP Task Assigned","-","STANDARD - Re-engagement & Habit Building","0"
"1493","63987971","EGSS-ehabzaky01","ME-EGSS05","MEKSA-EGSS01","升舱","Upgrade M2","3","8","1-3 Classes (Low)","2026-10-03 11:22:19","2026-10-03 11:22:19","SOP Task Assigned","-","STANDARD - Re-engagement & Habit Building","0"
"1501","64059932","EGSS-samira01","ME-EGSS05","MEKSA-EGSS01","升舱","Upgrade M2","3","7","1-3 Classes (Low)","2026-10-03 11:25:47","2026-10-03 11:25:47","SOP Task Assigned","-","STANDARD - Re-engagement & Habit Building","0"
"1511","64181054","EGSS-abdelrahmannasef","ME-EGSS05","MEKSA-EGSS01","升舱","Upgrade M2","3","6","1-3 Classes (Low)","2026-10-03 11:33:11","2026-10-03 11:33:11","SOP Task Assigned","-","STANDARD - Re-engagement & Habit Building","0"
"1526","62717361","EGSS-abdelrahmannasef","ME-EGSS05","MEKSA-EGSS01","围场外","outside pool","3","9","1-3 Classes (Low)","2026-10-03 12:55:52","2026-10-03 12:55:52","SOP Completed Touch","-","STANDARD - Re-engagement & Habit Building","0"
"1542","63848499","EGSS-omarmoneb","ME-EGSS05","MEKSA-EGSS01","围场外","outside pool","3","9","1-3 Classes (Low)","2026-10-03 15:33:04","2026-10-03 15:33:04","SOP Completed Touch","-","STANDARD - Re-engagement & Habit Building","0"
"1543","63394549","EGSS-omarmoneb","ME-EGSS05","MEKSA-EGSS01","围场外","outside pool","3","0","1-3 Classes (Low)","2026-10-03 15:38:34","2026-10-03 15:38:34","SOP Completed Touch","-","STANDARD - Re-engagement & Habit Building","0"
"1545","60678355","EGSS-ibrahimismaiel","ME-EGSS05","MEKSA-EGSS01","到期","Exp Non-0","3","12","1-3 Classes (Low)","2026-10-03 16:05:59","2026-10-03 16:05:59","SOP Completed Touch","-","STANDARD - Re-engagement & Habit Building","0"
"1546","63522137","EGSS-ibrahimismaiel","ME-EGSS05","MEKSA-EGSS01","到期","Exp Non-0","3","6","1-3 Classes (Low)","2026-10-03 16:09:07","2026-10-03 16:09:07","SOP Completed Touch","-","STANDARD - Re-engagement & Habit Building","0"
"1550","64057350","EGSS-ibrahimismaiel","ME-EGSS05","MEKSA-EGSS01","升舱","Upgrade M2","3","6","1-3 Classes (Low)","2026-10-03 17:43:01","2026-10-03 17:43:01","SOP Completed Touch","-","STANDARD - Re-engagement & Habit Building","0"
"1551","62916400","EGSS-ibrahimismaiel","ME-EGSS05","MEKSA-EGSS01","升舱","Upgrade M2","3","0","1-3 Classes (Low)","2026-10-03 18:18:21","2026-10-03 18:18:21","SOP Completed Touch","-","STANDARD - Re-engagement & Habit Building","0"
"1552","63969673","EGSS-ibrahimismaiel","ME-EGSS05","MEKSA-EGSS01","升舱","Upgrade M2","3","0","1-3 Classes (Low)","2026-10-03 18:36:02","2026-10-03 18:36:02","SOP Completed Touch","-","STANDARD - Re-engagement & Habit Building","0"
"1553","64103704","EGSS-ibrahimismaiel","ME-EGSS05","MEKSA-EGSS01","升舱","Upgrade M2","3","9","1-3 Classes (Low)","2026-10-03 18:50:39","2026-10-03 18:50:39","SOP Completed Touch","-","STANDARD - Re-engagement & Habit Building","0"
"1555","64042581","EGSS-abdelrahmannasef","ME-EGSS05","MEKSA-EGSS01","围场外","outside pool","3","3","1-3 Classes (Low)","2026-10-04 11:08:49","2026-10-04 11:08:49","SOP Task Assigned","-","STANDARD - Re-engagement & Habit Building","0"
"1561","64211749","EGSS-ibrahimismaiel","ME-EGSS05","MEKSA-EGSS01","围场外","outside pool","3","11","1-3 Classes (Low)","2026-10-04 12:45:17","2026-10-04 12:45:17","SOP Completed Touch","-","STANDARD - Re-engagement & Habit Building","0"
"1568","64180925","EGSS-samira01","ME-EGSS05","MEKSA-EGSS01","升舱","Upgrade M2","3","9","1-3 Classes (Low)","2026-10-04 15:22:51","2026-10-04 15:22:51","SOP Completed Touch","-","STANDARD - Re-engagement & Habit Building","0"
"1578","64087697","EGSS-abdelrahmannasef","ME-EGSS05","MEKSA-EGSS01","升舱","Upgrade M2","3","10","1-3 Classes (Low)","2026-10-05 11:08:58","2026-10-05 11:08:58","SOP Task Assigned","-","STANDARD - Re-engagement & Habit Building","0"
"1579","64087293","EGSS-abdelrahmannasef","ME-EGSS05","MEKSA-EGSS01","升舱","Upgrade M2","3","10","1-3 Classes (Low)","2026-10-05 11:09:00","2026-10-05 11:09:00","SOP Task Assigned","-","STANDARD - Re-engagement & Habit Building","0"
"1588","60361741","EGSS-ibrahimismaiel","ME-EGSS05","MEKSA-EGSS01","期间","period","3","6","1-3 Classes (Low)","2026-10-05 14:14:02","2026-10-05 14:14:02","SOP Completed Touch","20260517","STANDARD - Re-engagement & Habit Building","0"
"1589","63500520","EGSS-ehabzaky01","ME-EGSS05","MEKSA-EGSS01","到期","Exp Non-0","3","9","1-3 Classes (Low)","2026-10-05 14:14:48","2026-10-05 14:14:48","SOP Completed Touch","-","STANDARD - Re-engagement & Habit Building","0"
"1593","58519254","EGSS-ehabzaky01","ME-EGSS05","MEKSA-EGSS01","围场外","outside pool","3","8","1-3 Classes (Low)","2026-10-05 15:20:20","2026-10-05 15:20:20","SOP Completed Touch","-","STANDARD - Re-engagement & Habit Building","0"
"1594","64248043","EGSS-ehabzaky01","ME-EGSS05","MEKSA-EGSS01","围场外","outside pool","3","6","1-3 Classes (Low)","2026-10-05 15:21:09","2026-10-05 15:21:09","SOP Completed Touch","-","STANDARD - Re-engagement & Habit Building","0"
"1600","63980408","EGSS-abdelrahmannasef","ME-EGSS05","MEKSA-EGSS01","升舱","Upgrade M2","3","7","1-3 Classes (Low)","2026-10-05 18:16:46","2026-10-05 18:16:46","SOP Completed Touch","-","STANDARD - Re-engagement & Habit Building","0"
"1602","63119378","EGSS-abdelrahmannasef","ME-EGSS05","MEKSA-EGSS01","到期","Exp Non-0","3","9","1-3 Classes (Low)","2026-10-06 00:00:00","2026-10-06 00:00:00","Last 1v1 Payment","20261006","STANDARD - Re-engagement & Habit Building","0"
"1611","63584000","EGSS-samira01","ME-EGSS05","MEKSA-EGSS01","围场外","outside pool","3","9","1-3 Classes (Low)","2026-10-06 11:09:26","2026-10-06 11:09:26","SOP Task Assigned","-","STANDARD - Re-engagement & Habit Building","0"
"1620","64088026","EGSS-samira01","ME-EGSS05","MEKSA-EGSS01","围场外","outside pool","3","9","1-3 Classes (Low)","2026-10-06 11:15:17","2026-10-06 11:15:17","SOP Task Assigned","-","STANDARD - Re-engagement & Habit Building","0"
"1623","63306007","EGSS-omarmoneb","ME-EGSS05","MEKSA-EGSS01","到期","Exp Non-0","3","9","1-3 Classes (Low)","2026-10-06 12:03:48","2026-10-06 12:03:48","SOP Completed Touch","-","STANDARD - Re-engagement & Habit Building","0"
"1626","63655005","EGSS-ehabzaky01","ME-EGSS05","MEKSA-EGSS01","围场外","outside pool","3","13","1-3 Classes (Low)","2026-10-06 12:26:39","2026-10-06 12:26:39","SOP Completed Touch","-","STANDARD - Re-engagement & Habit Building","0"
"1627","63682352","EGSS-ehabzaky01","ME-EGSS05","MEKSA-EGSS01","围场外","outside pool","3","6","1-3 Classes (Low)","2026-10-06 12:27:01","2026-10-06 12:27:01","SOP Completed Touch","-","STANDARD - Re-engagement & Habit Building","0"
"1637","63616146","EGSS-ibrahimismaiel","ME-EGSS05","MEKSA-EGSS01","围场外","outside pool","3","0","1-3 Classes (Low)","2026-10-06 14:17:31","2026-10-06 14:17:31","SOP Completed Touch","-","STANDARD - Re-engagement & Habit Building","0"
"1639","63561500","EGSS-khaledgonam","ME-EGSS05","MEKSA-EGSS01","围场外","outside pool","3","1","1-3 Classes (Low)","2026-10-06 14:36:47","2026-10-06 14:36:47","SOP Completed Touch","-","STANDARD - Re-engagement & Habit Building","0"
"1640","60650356","EGSS-khaledgonam","ME-EGSS05","MEKSA-EGSS01","围场外","outside pool","3","11","1-3 Classes (Low)","2026-10-06 14:37:11","2026-10-06 14:37:11","SOP Completed Touch","-","STANDARD - Re-engagement & Habit Building","0"
"1641","62970389","EGSS-abdelrahmannasef","ME-EGSS05","MEKSA-EGSS01","围场外","outside pool","3","11","1-3 Classes (Low)","2026-10-06 15:05:24","2026-10-06 15:05:24","SOP Completed Touch","20260926","STANDARD - Re-engagement & Habit Building","0"
"1642","63919923","EGSS-abdelrahmannasef","ME-EGSS05","MEKSA-EGSS01","升舱","Upgrade M2","3","8","1-3 Classes (Low)","2026-10-06 16:21:17","2026-10-06 16:21:17","SOP Completed Touch","-","STANDARD - Re-engagement & Habit Building","0"
"1650","58114465","EGSS-abdelrahmannasef","ME-EGSS05","MEKSA-EGSS01","期间","period","3","19","1-3 Classes (Low)","2026-10-06 18:58:43","2026-10-06 18:58:43","SOP Completed Touch","20260223","STANDARD - Re-engagement & Habit Building","0"
"1668","59821445","EGSS-abdelrahmannasef","ME-EGSS05","MEKSA-EGSS01","到期","Exp Non-0","3","9","1-3 Classes (Low)","2026-10-07 11:09:16","2026-10-07 11:09:16","SOP Task Assigned","-","STANDARD - Re-engagement & Habit Building","0"
"1675","63700187","EGSS-abdelrahmannasef","ME-EGSS05","MEKSA-EGSS01","到期","Exp Non-0","3","9","1-3 Classes (Low)","2026-10-07 11:15:34","2026-10-07 11:15:34","SOP Task Assigned","-","STANDARD - Re-engagement & Habit Building","0"
"1676","64158186","EGSS-abdelrahmannasef","ME-EGSS05","MEKSA-EGSS01","升舱","Upgrade M2","3","12","1-3 Classes (Low)","2026-10-07 11:18:23","2026-10-07 11:18:23","SOP Task Assigned","-","STANDARD - Re-engagement & Habit Building","0"
"1680","64157453","EGSS-omarmoneb","ME-EGSS05","MEKSA-EGSS01","围场外","outside pool","3","0","1-3 Classes (Low)","2026-10-07 11:25:02","2026-10-07 11:25:02","SOP Task Assigned","-","STANDARD - Re-engagement & Habit Building","0"
"1683","63207123","EGSS-ehabzaky01","ME-EGSS05","MEKSA-EGSS01","围场外","outside pool","3","8","1-3 Classes (Low)","2026-10-07 12:59:35","2026-10-07 12:59:35","SOP Completed Touch","-","STANDARD - Re-engagement & Habit Building","0"
"1684","64342600","EGSS-ehabzaky01","ME-EGSS05","MEKSA-EGSS01","围场外","outside pool","3","8","1-3 Classes (Low)","2026-10-07 13:00:09","2026-10-07 13:00:09","SOP Completed Touch","-","STANDARD - Re-engagement & Habit Building","0"
"1685","60718623","EGSS-khaledgonam","ME-EGSS05","MEKSA-EGSS01","围场外","outside pool","3","8","1-3 Classes (Low)","2026-10-07 13:05:08","2026-10-07 13:05:08","SOP Completed Touch","20260624","STANDARD - Re-engagement & Habit Building","0"
"1690","63719982","EGSS-abdelrahmannasef","ME-EGSS05","MEKSA-EGSS01","围场外","outside pool","3","7","1-3 Classes (Low)","2026-10-07 13:38:22","2026-10-07 13:38:22","SOP Completed Touch","-","STANDARD - Re-engagement & Habit Building","0"
"1697","63857926","EGSS-omarmoneb","ME-EGSS05","MEKSA-EGSS01","围场外","outside pool","3","9","1-3 Classes (Low)","2026-10-07 14:42:16","2026-10-07 14:42:16","SOP Completed Touch","-","STANDARD - Re-engagement & Habit Building","0"
"1698","63604147","EGSS-omarmoneb","ME-EGSS05","MEKSA-EGSS01","围场外","outside pool","3","6","1-3 Classes (Low)","2026-10-07 14:44:47","2026-10-07 14:44:47","SOP Completed Touch","-","STANDARD - Re-engagement & Habit Building","0"
"1699","63639042","EGSS-omarmoneb","ME-EGSS05","MEKSA-EGSS01","围场外","outside pool","3","0","1-3 Classes (Low)","2026-10-07 14:44:54","2026-10-07 14:44:54","SOP Completed Touch","-","STANDARD - Re-engagement & Habit Building","0"
"1700","63673148","EGSS-omarmoneb","ME-EGSS05","MEKSA-EGSS01","围场外","outside pool","3","1","1-3 Classes (Low)","2026-10-07 14:45:04","2026-10-07 14:45:04","SOP Completed Touch","-","STANDARD - Re-engagement & Habit Building","0"
"1703","64232138","EGSS-ehabzaky01","ME-EGSS05","MEKSA-EGSS01","围场外","outside pool","3","9","1-3 Classes (Low)","2026-10-07 15:26:47","2026-10-07 15:26:47","SOP Completed Touch","-","STANDARD - Re-engagement & Habit Building","0"
"1704","64313711","EGSS-ibrahimismaiel","ME-EGSS05","MEKSA-EGSS01","围场外","outside pool","3","6","1-3 Classes (Low)","2026-10-07 15:33:29","2026-10-07 15:33:29","SOP Completed Touch","-","STANDARD - Re-engagement & Habit Building","0"
"1707","63601904","EGSS-ibrahimismaiel","ME-EGSS05","MEKSA-EGSS01","围场外","outside pool","3","9","1-3 Classes (Low)","2026-10-07 15:48:45","2026-10-07 15:48:45","SOP Completed Touch","-","STANDARD - Re-engagement & Habit Building","0"
"1708","63580262","EGSS-ibrahimismaiel","ME-EGSS05","MEKSA-EGSS01","到期","Exp Non-0","3","1","1-3 Classes (Low)","2026-10-07 16:01:43","2026-10-07 16:01:43","SOP Completed Touch","-","STANDARD - Re-engagement & Habit Building","0"
"1711","61639721","EGSS-samira01","ME-EGSS05","MEKSA-EGSS01","期间","period","3","12","1-3 Classes (Low)","2026-10-07 16:49:44","2026-10-07 16:49:44","SOP Completed Touch","-","STANDARD - Re-engagement & Habit Building","0"
"1721","62028537","EGSS-khaledgonam","ME-EGSS05","MEKSA-EGSS01","到期","Exp Non-0","2","7","1-3 Classes (Low)","1970-01-01 00:00:00","No Connection Recorded","No Recorded Connection","-","STANDARD - Re-engagement & Habit Building","0"
"1727","62146040","EGSS-khaledgonam","ME-EGSS05","MEKSA-EGSS01","期间","period","2","11","1-3 Classes (Low)","1970-01-01 00:00:00","No Connection Recorded","No Recorded Connection","-","STANDARD - Re-engagement & Habit Building","0"
"1732","62926535","EGSS-ibrahimismaiel","ME-EGSS05","MEKSA-EGSS01","围场外","outside pool","2","0","1-3 Classes (Low)","1970-01-01 00:00:00","No Connection Recorded","No Recorded Connection","-","STANDARD - Re-engagement & Habit Building","0"
"1734","62217854","EGSS-khaledgonam","ME-EGSS05","MEKSA-EGSS01","到期","Exp Non-0","2","7","1-3 Classes (Low)","1970-01-01 00:00:00","No Connection Recorded","No Recorded Connection","-","STANDARD - Re-engagement & Habit Building","0"
"1756","63531695","EGSS-ibrahimismaiel","ME-EGSS05","MEKSA-EGSS01","围场外","outside pool","2","6","1-3 Classes (Low)","1970-01-01 00:00:00","No Connection Recorded","No Recorded Connection","-","STANDARD - Re-engagement & Habit Building","0"
"1767","60741498","EGSS-samira01","ME-EGSS05","MEKSA-EGSS01","围场外","outside pool","2","9","1-3 Classes (Low)","1970-01-01 00:00:00","No Connection Recorded","No Recorded Connection","-","STANDARD - Re-engagement & Habit Building","0"
"1769","62455620","EGSS-khaledgonam","ME-EGSS05","MEKSA-EGSS01","到期","Exp Non-0","2","7","1-3 Classes (Low)","1970-01-01 00:00:00","No Connection Recorded","No Recorded Connection","-","STANDARD - Re-engagement & Habit Building","0"
"1771","62788773","EGSS-khaledgonam","ME-EGSS05","MEKSA-EGSS01","围场外","outside pool","2","8","1-3 Classes (Low)","1970-01-01 00:00:00","No Connection Recorded","No Recorded Connection","-","STANDARD - Re-engagement & Habit Building","0"
"1775","63016704","EGSS-omarmoneb","ME-EGSS05","MEKSA-EGSS01","围场外","outside pool","2","10","1-3 Classes (Low)","1970-01-01 00:00:00","No Connection Recorded","No Recorded Connection","-","STANDARD - Re-engagement & Habit Building","0"
"1776","62918477","EGSS-khaledgonam","ME-EGSS05","MEKSA-EGSS01","到期","Exp Non-0","2","9","1-3 Classes (Low)","1970-01-01 00:00:00","No Connection Recorded","No Recorded Connection","-","STANDARD - Re-engagement & Habit Building","0"
"1787","62896723","EGSS-ibrahimismaiel","ME-EGSS05","MEKSA-EGSS01","到期","Exp Non-0","2","6","1-3 Classes (Low)","1970-01-01 00:00:00","No Connection Recorded","No Recorded Connection","-","STANDARD - Re-engagement & Habit Building","0"
"1788","63177979","EGSS-omarmoneb","ME-EGSS05","MEKSA-EGSS01","期间","period","2","8","1-3 Classes (Low)","1970-01-01 00:00:00","No Connection Recorded","No Recorded Connection","-","STANDARD - Re-engagement & Habit Building","0"
"1792","62354088","EGSS-khaledgonam","ME-EGSS05","MEKSA-EGSS01","围场外","outside pool","2","8","1-3 Classes (Low)","1970-01-01 00:00:00","No Connection Recorded","No Recorded Connection","-","STANDARD - Re-engagement & Habit Building","0"
"1796","62432456","EGSS-khaledgonam","ME-EGSS05","MEKSA-EGSS01","到期","Exp Non-0","2","9","1-3 Classes (Low)","1970-01-01 00:00:00","No Connection Recorded","No Recorded Connection","-","STANDARD - Re-engagement & Habit Building","0"
"1797","60324916","EGSS-ehabzaky01","ME-EGSS05","MEKSA-EGSS01","围场外","outside pool","2","7","1-3 Classes (Low)","1970-01-01 00:00:00","No Connection Recorded","No Recorded Connection","-","STANDARD - Re-engagement & Habit Building","0"
"1798","62762259","EGSS-ibrahimismaiel","ME-EGSS05","MEKSA-EGSS01","围场外","outside pool","2","8","1-3 Classes (Low)","1970-01-01 00:00:00","No Connection Recorded","No Recorded Connection","-","STANDARD - Re-engagement & Habit Building","0"
"1803","63400008","EGSS-omarmoneb","ME-EGSS05","MEKSA-EGSS01","围场外","outside pool","2","7","1-3 Classes (Low)","1970-01-01 00:00:00","No Connection Recorded","No Recorded Connection","-","STANDARD - Re-engagement & Habit Building","0"
"1806","59171545","EGSS-khaledgonam","ME-EGSS05","MEKSA-EGSS01","围场外","outside pool","2","6","1-3 Classes (Low)","1970-01-01 00:00:00","No Connection Recorded","No Recorded Connection","-","STANDARD - Re-engagement & Habit Building","0"
"1808","63203406","EGSS-abdelrahmannasef","ME-EGSS05","MEKSA-EGSS01","期间","period","2","10","1-3 Classes (Low)","1970-01-01 00:00:00","No Connection Recorded","No Recorded Connection","-","STANDARD - Re-engagement & Habit Building","0"
"1812","59264819","EGSS-khaledgonam","ME-EGSS05","MEKSA-EGSS01","首单到期","FOE Non-0","2","11","1-3 Classes (Low)","1970-01-01 00:00:00","No Connection Recorded","No Recorded Connection","-","STANDARD - Re-engagement & Habit Building","0"
"1813","59267062","EGSS-khaledgonam","ME-EGSS05","MEKSA-EGSS01","到期","Exp Non-0","2","6","1-3 Classes (Low)","1970-01-01 00:00:00","No Connection Recorded","No Recorded Connection","-","STANDARD - Re-engagement & Habit Building","0"
"1817","61472439","EGSS-abdelrahmannasef","ME-EGSS05","MEKSA-EGSS01","到期","Exp Non-0","2","2","1-3 Classes (Low)","1970-01-01 00:00:00","No Connection Recorded","No Recorded Connection","-","STANDARD - Re-engagement & Habit Building","0"
"1818","63531953","EGSS-abdelrahmannasef","ME-EGSS05","MEKSA-EGSS01","围场外","outside pool","2","6","1-3 Classes (Low)","1970-01-01 00:00:00","No Connection Recorded","No Recorded Connection","-","STANDARD - Re-engagement & Habit Building","0"
"1825","64248204","EGSS-omarmoneb","ME-EGSS05","MEKSA-EGSS01","围场外","outside pool","2","9","1-3 Classes (Low)","1970-01-01 00:00:00","No Connection Recorded","No Recorded Connection","-","STANDARD - Re-engagement & Habit Building","0"
"1832","60152691","EGSS-khaledgonam","ME-EGSS05","MEKSA-EGSS01","到期","Exp Non-0","2","0","1-3 Classes (Low)","1970-01-01 00:00:00","No Connection Recorded","No Recorded Connection","-","STANDARD - Re-engagement & Habit Building","0"
"1834","58317070","EGSS-samira01","ME-EGSS05","MEKSA-EGSS01","到期","Exp Non-0","2","7","1-3 Classes (Low)","1970-01-01 00:00:00","No Connection Recorded","No Recorded Connection","-","STANDARD - Re-engagement & Habit Building","0"
"1839","62387328","EGSS-abdelrahmannasef","ME-EGSS05","MEKSA-EGSS01","到期","Exp Non-0","2","7","1-3 Classes (Low)","1970-01-01 00:00:00","No Connection Recorded","No Recorded Connection","-","STANDARD - Re-engagement & Habit Building","0"
"1840","64342964","EGSS-omarmoneb","ME-EGSS05","MEKSA-EGSS01","围场外","outside pool","2","9","1-3 Classes (Low)","1970-01-01 00:00:00","No Connection Recorded","No Recorded Connection","-","STANDARD - Re-engagement & Habit Building","0"
"1841","58717084","EGSS-samira01","ME-EGSS05","MEKSA-EGSS01","围场外","outside pool","2","5","1-3 Classes (Low)","1970-01-01 00:00:00","No Connection Recorded","No Recorded Connection","-","STANDARD - Re-engagement & Habit Building","0"
"1843","57956052","EGSS-samira01","ME-EGSS05","MEKSA-EGSS01","首单到期","FOE Non-0","2","6","1-3 Classes (Low)","1970-01-01 00:00:00","No Connection Recorded","No Recorded Connection","-","STANDARD - Re-engagement & Habit Building","0"
"1844","62456456","EGSS-abdelrahmannasef","ME-EGSS05","MEKSA-EGSS01","首单到期","FOE Non-0","2","7","1-3 Classes (Low)","1970-01-01 00:00:00","No Connection Recorded","No Recorded Connection","-","STANDARD - Re-engagement & Habit Building","0"
"1849","61463281","EGSS-khaledgonam","ME-EGSS05","MEKSA-EGSS01","到期","Exp Non-0","2","6","1-3 Classes (Low)","1970-01-01 00:00:00","No Connection Recorded","No Recorded Connection","-","STANDARD - Re-engagement & Habit Building","0"
"1852","64079488","EGSS-ibrahimismaiel","ME-EGSS05","MEKSA-EGSS01","围场外","outside pool","2","9","1-3 Classes (Low)","1970-01-01 00:00:00","No Connection Recorded","No Recorded Connection","-","STANDARD - Re-engagement & Habit Building","0"
"1858","64254151","EGSS-abdelrahmannasef","ME-EGSS05","MEKSA-EGSS01","围场外","outside pool","2","7","1-3 Classes (Low)","1970-01-01 00:00:00","No Connection Recorded","No Recorded Connection","-","STANDARD - Re-engagement & Habit Building","0"
"1863","63508248","EGSS-omarmoneb","ME-EGSS05","MEKSA-EGSS01","围场外","outside pool","2","0","1-3 Classes (Low)","1970-01-01 00:00:00","No Connection Recorded","No Recorded Connection","-","STANDARD - Re-engagement & Habit Building","0"
"1871","58355751","EGSS-khaledgonam","ME-EGSS05","MEKSA-EGSS01","围场外","outside pool","2","9","1-3 Classes (Low)","1970-01-01 00:00:00","No Connection Recorded","No Recorded Connection","-","STANDARD - Re-engagement & Habit Building","0"
"1874","61241416","EGSS-khaledgonam","ME-EGSS05","MEKSA-EGSS01","围场外","outside pool","2","10","1-3 Classes (Low)","1970-01-01 00:00:00","No Connection Recorded","No Recorded Connection","-","STANDARD - Re-engagement & Habit Building","0"
"1876","61326920","EGSS-abdelrahmannasef","ME-EGSS05","MEKSA-EGSS01","围场外","outside pool","2","11","1-3 Classes (Low)","1970-01-01 00:00:00","No Connection Recorded","No Recorded Connection","-","STANDARD - Re-engagement & Habit Building","0"
"1879","63722199","EGSS-abdelrahmannasef","ME-EGSS05","MEKSA-EGSS01","围场外","outside pool","2","6","1-3 Classes (Low)","1970-01-01 00:00:00","No Connection Recorded","CRM System Outreach","-","STANDARD - Re-engagement & Habit Building","0"
"1880","64238521","EGSS-ibrahimismaiel","ME-EGSS05","MEKSA-EGSS01","围场外","outside pool","2","0","1-3 Classes (Low)","1970-01-01 00:00:00","No Connection Recorded","No Recorded Connection","-","STANDARD - Re-engagement & Habit Building","0"
"1881","64373988","EGSS-ibrahimismaiel","ME-EGSS05","MEKSA-EGSS01","围场外","outside pool","2","6","1-3 Classes (Low)","1970-01-01 00:00:00","No Connection Recorded","No Recorded Connection","-","STANDARD - Re-engagement & Habit Building","0"
"1882","63866511","EGSS-abdelrahmannasef","ME-EGSS05","MEKSA-EGSS01","围场外","outside pool","2","3","1-3 Classes (Low)","1970-01-01 00:00:00","No Connection Recorded","CRM System Outreach","-","STANDARD - Re-engagement & Habit Building","0"
"1885","61288863","EGSS-abdelrahmannasef","ME-EGSS05","MEKSA-EGSS01","围场外","outside pool","2","8","1-3 Classes (Low)","1970-01-01 00:00:00","No Connection Recorded","No Recorded Connection","-","STANDARD - Re-engagement & Habit Building","0"
"1893","59109688","EGSS-omarmoneb","ME-EGSS05","MEKSA-EGSS01","围场外","outside pool","2","9","1-3 Classes (Low)","1970-01-01 00:00:00","No Connection Recorded","No Recorded Connection","-","STANDARD - Re-engagement & Habit Building","0"
"1896","62213843","EGSS-omarmoneb","ME-EGSS05","MEKSA-EGSS01","围场外","outside pool","2","3","1-3 Classes (Low)","1970-01-01 00:00:00","No Connection Recorded","No Recorded Connection","-","STANDARD - Re-engagement & Habit Building","0"
"1897","59003788","EGSS-ibrahimismaiel","ME-EGSS05","MEKSA-EGSS01","围场外","outside pool","2","0","1-3 Classes (Low)","1970-01-01 00:00:00","No Connection Recorded","No Recorded Connection","-","STANDARD - Re-engagement & Habit Building","0"
"1898","58954665","EGSS-ibrahimismaiel","ME-EGSS05","MEKSA-EGSS01","围场外","outside pool","2","7","1-3 Classes (Low)","1970-01-01 00:00:00","No Connection Recorded","No Recorded Connection","-","STANDARD - Re-engagement & Habit Building","0"
"1907","62902953","EGSS-ehabzaky01","ME-EGSS05","MEKSA-EGSS01","到期","Exp Non-0","2","9","1-3 Classes (Low)","1970-01-01 00:00:00","No Connection Recorded","No Recorded Connection","-","STANDARD - Re-engagement & Habit Building","0"
"1908","62952900","EGSS-ehabzaky01","ME-EGSS05","MEKSA-EGSS01","到期","Exp Non-0","2","4","1-3 Classes (Low)","1970-01-01 00:00:00","No Connection Recorded","No Recorded Connection","-","STANDARD - Re-engagement & Habit Building","0"
"1914","63156303","EGSS-samira01","ME-EGSS05","MEKSA-EGSS01","期间","period","2","0","1-3 Classes (Low)","1970-01-01 00:00:00","No Connection Recorded","No Recorded Connection","-","STANDARD - Re-engagement & Habit Building","0"
"1916","59730624","EGSS-ibrahimismaiel","ME-EGSS05","MEKSA-EGSS01","围场外","outside pool","2","9","1-3 Classes (Low)","1970-01-01 00:00:00","No Connection Recorded","No Recorded Connection","-","STANDARD - Re-engagement & Habit Building","0"
"1917","62325334","EGSS-samira01","ME-EGSS05","MEKSA-EGSS01","到期","Exp Non-0","2","11","1-3 Classes (Low)","1970-01-01 00:00:00","No Connection Recorded","No Recorded Connection","-","STANDARD - Re-engagement & Habit Building","0"
"1918","63248142","EGSS-samira01","ME-EGSS05","MEKSA-EGSS01","围场外","outside pool","2","8","1-3 Classes (Low)","1970-01-01 00:00:00","No Connection Recorded","No Recorded Connection","-","STANDARD - Re-engagement & Habit Building","0"
"1923","62878887","EGSS-samira01","ME-EGSS05","MEKSA-EGSS01","期间","period","2","7","1-3 Classes (Low)","1970-01-01 00:00:00","No Connection Recorded","No Recorded Connection","-","STANDARD - Re-engagement & Habit Building","0"
"1925","62441255","EGSS-samira01","ME-EGSS05","MEKSA-EGSS01","到期","Exp Non-0","2","11","1-3 Classes (Low)","1970-01-01 00:00:00","No Connection Recorded","No Recorded Connection","-","STANDARD - Re-engagement & Habit Building","0"
"1927","64438092","EGSS-khaledgonam","ME-EGSS05","MEKSA-EGSS01","围场外","outside pool","2","0","1-3 Classes (Low)","1970-01-01 00:00:00","No Connection Recorded","No Recorded Connection","-","STANDARD - Re-engagement & Habit Building","0"
"1930","63060603","EGSS-samira01","ME-EGSS05","MEKSA-EGSS01","到期","Exp Non-0","2","4","1-3 Classes (Low)","1970-01-01 00:00:00","No Connection Recorded","No Recorded Connection","-","STANDARD - Re-engagement & Habit Building","0"
"1933","60696469","EGSS-omarmoneb","ME-EGSS05","MEKSA-EGSS01","到期","Exp Non-0","2","10","1-3 Classes (Low)","1970-01-01 00:00:00","No Connection Recorded","No Recorded Connection","-","STANDARD - Re-engagement & Habit Building","0"
"1936","62788589","EGSS-samira01","ME-EGSS05","MEKSA-EGSS01","围场外","outside pool","2","7","1-3 Classes (Low)","1970-01-01 00:00:00","No Connection Recorded","No Recorded Connection","-","STANDARD - Re-engagement & Habit Building","0"
"1938","63988100","EGSS-ehabzaky01","ME-EGSS05","MEKSA-EGSS01","围场外","outside pool","2","9","1-3 Classes (Low)","1970-01-01 00:00:00","No Connection Recorded","No Recorded Connection","-","STANDARD - Re-engagement & Habit Building","0"
"1942","63425527","EGSS-ehabzaky01","ME-EGSS05","MEKSA-EGSS01","围场外","outside pool","2","6","1-3 Classes (Low)","1970-01-01 00:00:00","No Connection Recorded","No Recorded Connection","-","STANDARD - Re-engagement & Habit Building","0"
"1944","63618791","EGSS-ehabzaky01","ME-EGSS05","MEKSA-EGSS01","到期","Exp Non-0","2","7","1-3 Classes (Low)","1970-01-01 00:00:00","No Connection Recorded","CRM System Outreach","-","STANDARD - Re-engagement & Habit Building","0"
"1945","62703812","EGSS-samira01","ME-EGSS05","MEKSA-EGSS01","围场外","outside pool","2","6","1-3 Classes (Low)","1970-01-01 00:00:00","No Connection Recorded","No Recorded Connection","-","STANDARD - Re-engagement & Habit Building","0"
"1948","61118513","EGSS-omarmoneb","ME-EGSS05","MEKSA-EGSS01","首单到期","FOE Non-0","2","11","1-3 Classes (Low)","1970-01-01 00:00:00","No Connection Recorded","No Recorded Connection","-","STANDARD - Re-engagement & Habit Building","0"
"1950","63849164","EGSS-ehabzaky01","ME-EGSS05","MEKSA-EGSS01","围场外","outside pool","2","1","1-3 Classes (Low)","1970-01-01 00:00:00","No Connection Recorded","CRM System Outreach","-","STANDARD - Re-engagement & Habit Building","0"
"1951","61283879","EGSS-omarmoneb","ME-EGSS05","MEKSA-EGSS01","期间","period","2","15","1-3 Classes (Low)","1970-01-01 00:00:00","No Connection Recorded","No Recorded Connection","-","STANDARD - Re-engagement & Habit Building","0"
"1956","62535162","EGSS-samira01","ME-EGSS05","MEKSA-EGSS01","首单到期","FOE Non-0","2","7","1-3 Classes (Low)","1970-01-01 00:00:00","No Connection Recorded","No Recorded Connection","-","STANDARD - Re-engagement & Habit Building","0"
"1957","62535247","EGSS-samira01","ME-EGSS05","MEKSA-EGSS01","首单到期","FOE Non-0","2","6","1-3 Classes (Low)","1970-01-01 00:00:00","No Connection Recorded","No Recorded Connection","-","STANDARD - Re-engagement & Habit Building","0"
"1961","63065117","EGSS-ehabzaky01","ME-EGSS05","MEKSA-EGSS01","期间","period","2","9","1-3 Classes (Low)","1970-01-01 00:00:00","No Connection Recorded","No Recorded Connection","-","STANDARD - Re-engagement & Habit Building","0"
"1962","64431542","EGSS-ehabzaky01","ME-EGSS05","MEKSA-EGSS01","围场外","outside pool","2","8","1-3 Classes (Low)","1970-01-01 00:00:00","No Connection Recorded","No Recorded Connection","-","STANDARD - Re-engagement & Habit Building","0"
"1967","63388295","EGSS-ehabzaky01","ME-EGSS05","MEKSA-EGSS01","到期","Exp Non-0","2","9","1-3 Classes (Low)","1970-01-01 00:00:00","No Connection Recorded","No Recorded Connection","-","STANDARD - Re-engagement & Habit Building","0"
"1971","62824824","EGSS-samira01","ME-EGSS05","MEKSA-EGSS01","到期","Exp Non-0","2","10","1-3 Classes (Low)","1970-01-01 00:00:00","No Connection Recorded","No Recorded Connection","-","STANDARD - Re-engagement & Habit Building","0"
"1972","62535514","EGSS-samira01","ME-EGSS05","MEKSA-EGSS01","首单到期","FOE Non-0","2","7","1-3 Classes (Low)","1970-01-01 00:00:00","No Connection Recorded","No Recorded Connection","-","STANDARD - Re-engagement & Habit Building","0"
"1973","61549827","EGSS-omarmoneb","ME-EGSS05","MEKSA-EGSS01","到期","Exp Non-0","2","7","1-3 Classes (Low)","1970-01-01 00:00:00","No Connection Recorded","No Recorded Connection","-","STANDARD - Re-engagement & Habit Building","0"
"1974","64208915","EGSS-ehabzaky01","ME-EGSS05","MEKSA-EGSS01","围场外","outside pool","2","10","1-3 Classes (Low)","1970-01-01 00:00:00","No Connection Recorded","No Recorded Connection","-","STANDARD - Re-engagement & Habit Building","0"
"1976","63324423","EGSS-khaledgonam","ME-EGSS05","MEKSA-EGSS01","围场外","outside pool","2","6","1-3 Classes (Low)","1970-01-01 00:00:00","No Connection Recorded","No Recorded Connection","-","STANDARD - Re-engagement & Habit Building","0"
"1984","61541619","EGSS-ibrahimismaiel","ME-EGSS05","MEKSA-EGSS01","围场外","outside pool","2","7","1-3 Classes (Low)","1970-01-01 00:00:00","No Connection Recorded","No Recorded Connection","-","STANDARD - Re-engagement & Habit Building","0"
"1989","63395811","EGSS-khaledgonam","ME-EGSS05","MEKSA-EGSS01","围场外","outside pool","2","0","1-3 Classes (Low)","1970-01-01 00:00:00","No Connection Recorded","No Recorded Connection","-","STANDARD - Re-engagement & Habit Building","0"
"1991","63349836","EGSS-khaledgonam","ME-EGSS05","MEKSA-EGSS01","围场外","outside pool","2","5","1-3 Classes (Low)","1970-01-01 00:00:00","No Connection Recorded","No Recorded Connection","-","STANDARD - Re-engagement & Habit Building","0"
"1994","62695926","EGSS-omarmoneb","ME-EGSS05","MEKSA-EGSS01","到期","Exp Non-0","2","6","1-3 Classes (Low)","1970-01-01 00:00:00","No Connection Recorded","No Recorded Connection","-","STANDARD - Re-engagement & Habit Building","0"
"1996","63257314","EGSS-khaledgonam","ME-EGSS05","MEKSA-EGSS01","期间","period","2","6","1-3 Classes (Low)","1970-01-01 00:00:00","No Connection Recorded","No Recorded Connection","-","STANDARD - Re-engagement & Habit Building","0"
"1999","61089599","EGSS-samira01","ME-EGSS05","MEKSA-EGSS01","围场外","outside pool","2","14","1-3 Classes (Low)","1970-01-01 00:00:00","No Connection Recorded","No Recorded Connection","-","STANDARD - Re-engagement & Habit Building","0"
"2004","58293308","EGSS-abdelrahmannasef","ME-EGSS05","MEKSA-EGSS01","到期","Exp Non-0","2","7","1-3 Classes (Low)","1970-01-01 00:00:00","No Connection Recorded","No Recorded Connection","-","STANDARD - Re-engagement & Habit Building","0"
"2017","60696126","EGSS-ibrahimismaiel","ME-EGSS05","MEKSA-EGSS01","到期","Exp Non-0","2","7","1-3 Classes (Low)","1970-01-01 00:00:00","No Connection Recorded","No Recorded Connection","-","STANDARD - Re-engagement & Habit Building","0"
"2018","61447559","EGSS-ibrahimismaiel","ME-EGSS05","MEKSA-EGSS01","围场外","outside pool","2","6","1-3 Classes (Low)","1970-01-01 00:00:00","No Connection Recorded","No Recorded Connection","-","STANDARD - Re-engagement & Habit Building","0"
"2020","63424046","EGSS-samira01","ME-EGSS05","MEKSA-EGSS01","围场外","outside pool","2","7","1-3 Classes (Low)","1970-01-01 00:00:00","No Connection Recorded","No Recorded Connection","-","STANDARD - Re-engagement & Habit Building","0"
"2022","62173150","EGSS-samira01","ME-EGSS05","MEKSA-EGSS01","到期","Exp Non-0","2","9","1-3 Classes (Low)","1970-01-01 00:00:00","No Connection Recorded","No Recorded Connection","-","STANDARD - Re-engagement & Habit Building","0"
"2023","63454440","EGSS-khaledgonam","ME-EGSS05","MEKSA-EGSS01","围场外","outside pool","2","9","1-3 Classes (Low)","1970-01-01 00:00:00","No Connection Recorded","No Recorded Connection","-","STANDARD - Re-engagement & Habit Building","0"
"2027","62296377","EGSS-ehabzaky01","ME-EGSS05","MEKSA-EGSS01","到期","Exp Non-0","2","9","1-3 Classes (Low)","1970-01-01 00:00:00","No Connection Recorded","No Recorded Connection","-","STANDARD - Re-engagement & Habit Building","0"
"2030","63636740","EGSS-khaledgonam","ME-EGSS05","MEKSA-EGSS01","围场外","outside pool","2","7","1-3 Classes (Low)","1970-01-01 00:00:00","No Connection Recorded","CRM System Outreach","20260826","STANDARD - Re-engagement & Habit Building","0"
"2033","62313671","EGSS-samira01","ME-EGSS05","MEKSA-EGSS01","围场外","outside pool","2","6","1-3 Classes (Low)","1970-01-01 00:00:00","No Connection Recorded","No Recorded Connection","-","STANDARD - Re-engagement & Habit Building","0"
"2038","63452831","EGSS-khaledgonam","ME-EGSS05","MEKSA-EGSS01","围场外","outside pool","2","9","1-3 Classes (Low)","1970-01-01 00:00:00","No Connection Recorded","No Recorded Connection","-","STANDARD - Re-engagement & Habit Building","0"
"2039","63427860","EGSS-khaledgonam","ME-EGSS05","MEKSA-EGSS01","围场外","outside pool","2","9","1-3 Classes (Low)","1970-01-01 00:00:00","No Connection Recorded","No Recorded Connection","-","STANDARD - Re-engagement & Habit Building","0"
"2044","59615647","EGSS-samira01","ME-EGSS05","MEKSA-EGSS01","围场外","outside pool","2","9","1-3 Classes (Low)","2025-04-23 00:00:00","2025-04-23 00:00:00","Last 1v1 Payment","20250423","STANDARD - Re-engagement & Habit Building","0"
"2045","59809548","EGSS-khaledgonam","ME-EGSS05","MEKSA-EGSS01","到期","Exp Non-0","2","8","1-3 Classes (Low)","2025-04-28 00:00:00","2025-04-28 00:00:00","Last 1v1 Payment","20250428","STANDARD - Re-engagement & Habit Building","0"
"2046","59193892","EGSS-ehabzaky01","ME-EGSS05","MEKSA-EGSS01","围场外","outside pool","2","9","1-3 Classes (Low)","2025-06-02 00:00:00","2025-06-02 00:00:00","Last 1v1 Payment","20250602","STANDARD - Re-engagement & Habit Building","0"
"2048","58537407","EGSS-ibrahimismaiel","ME-EGSS05","MEKSA-EGSS01","围场外","outside pool","2","0","1-3 Classes (Low)","2025-06-28 00:00:00","2025-06-28 00:00:00","Last 1v1 Payment","20250628","STANDARD - Re-engagement & Habit Building","0"
"2050","60106196","EGSS-khaledgonam","ME-EGSS05","MEKSA-EGSS01","到期","Exp Non-0","2","0","1-3 Classes (Low)","2025-06-29 00:00:00","2025-06-29 00:00:00","Last 1v1 Payment","20250629","STANDARD - Re-engagement & Habit Building","0"
"2059","60530856","EGSS-samira01","ME-EGSS05","MEKSA-EGSS01","围场外","outside pool","2","9","1-3 Classes (Low)","2025-08-29 00:00:00","2025-08-29 00:00:00","Last 1v1 Payment","20250829","STANDARD - Re-engagement & Habit Building","0"
"2063","59594751","EGSS-khaledgonam","ME-EGSS05","MEKSA-EGSS01","到期","Exp Non-0","2","0","1-3 Classes (Low)","2025-09-28 00:00:00","2025-09-28 00:00:00","Last 1v1 Payment","20250928","STANDARD - Re-engagement & Habit Building","0"
"2070","60724248","EGSS-samira01","ME-EGSS05","MEKSA-EGSS01","到期","Exp Non-0","2","10","1-3 Classes (Low)","2025-10-16 00:00:00","2025-10-16 00:00:00","Last 1v1 Payment","20251016","STANDARD - Re-engagement & Habit Building","0"
"2071","60650674","EGSS-samira01","ME-EGSS05","MEKSA-EGSS01","围场外","outside pool","2","7","1-3 Classes (Low)","2025-10-16 00:00:00","2025-10-16 00:00:00","Last 1v1 Payment","20251016","STANDARD - Re-engagement & Habit Building","0"
"2080","61354270","EGSS-samira01","ME-EGSS05","MEKSA-EGSS01","到期","Exp Non-0","2","10","1-3 Classes (Low)","2025-11-08 00:00:00","2025-11-08 00:00:00","Last 1v1 Payment","20251108","STANDARD - Re-engagement & Habit Building","0"
"2083","61185845","EGSS-ehabzaky01","ME-EGSS05","MEKSA-EGSS01","围场外","outside pool","2","9","1-3 Classes (Low)","2025-11-15 00:00:00","2025-11-15 00:00:00","Last 1v1 Payment","20251115","STANDARD - Re-engagement & Habit Building","0"
"2086","61342786","EGSS-khaledgonam","ME-EGSS05","MEKSA-EGSS01","围场外","outside pool","2","11","1-3 Classes (Low)","2025-11-16 00:00:00","2025-11-16 00:00:00","Last 1v1 Payment","20251116","STANDARD - Re-engagement & Habit Building","0"
"2088","60943596","EGSS-khaledgonam","ME-EGSS05","MEKSA-EGSS01","围场外","outside pool","2","9","1-3 Classes (Low)","2025-11-25 00:00:00","2025-11-25 00:00:00","Last 1v1 Payment","20251125","STANDARD - Re-engagement & Habit Building","0"
"2094","60372546","EGSS-samira01","ME-EGSS05","MEKSA-EGSS01","到期","Exp Non-0","2","11","1-3 Classes (Low)","2025-11-27 00:00:00","2025-11-27 00:00:00","Last 1v1 Payment","20251127","STANDARD - Re-engagement & Habit Building","0"
"2096","61210551","EGSS-ehabzaky01","ME-EGSS05","MEKSA-EGSS01","围场外","outside pool","2","9","1-3 Classes (Low)","2025-11-28 00:00:00","2025-11-28 00:00:00","Last 1v1 Payment","20251128","STANDARD - Re-engagement & Habit Building","0"
"2101","60328137","EGSS-abdelrahmannasef","ME-EGSS05","MEKSA-EGSS01","围场外","outside pool","2","9","1-3 Classes (Low)","2025-12-02 00:00:00","2025-12-02 00:00:00","Last 1v1 Payment","20251202","STANDARD - Re-engagement & Habit Building","0"
"2112","61898761","EGSS-ehabzaky01","ME-EGSS05","MEKSA-EGSS01","围场外","outside pool","2","9","1-3 Classes (Low)","2026-01-11 00:00:00","2026-01-11 00:00:00","Last 1v1 Payment","20260111","STANDARD - Re-engagement & Habit Building","0"
"2115","59750382","EGSS-khaledgonam","ME-EGSS05","MEKSA-EGSS01","到期","Exp Non-0","2","9","1-3 Classes (Low)","2026-01-21 00:00:00","2026-01-21 00:00:00","Last 1v1 Payment","20260121","STANDARD - Re-engagement & Habit Building","0"
"2117","61810048","EGSS-ibrahimismaiel","ME-EGSS05","MEKSA-EGSS01","围场外","outside pool","2","7","1-3 Classes (Low)","2026-01-21 00:00:00","2026-01-21 00:00:00","Last 1v1 Payment","20260121","STANDARD - Re-engagement & Habit Building","0"
"2126","61822218","EGSS-ehabzaky01","ME-EGSS05","MEKSA-EGSS01","期间","period","2","7","1-3 Classes (Low)","2026-01-28 00:00:00","2026-01-28 00:00:00","Last 1v1 Payment","20260128","STANDARD - Re-engagement & Habit Building","0"
"2136","61942587","EGSS-khaledgonam","ME-EGSS05","MEKSA-EGSS01","到期","Exp Non-0","2","9","1-3 Classes (Low)","2026-02-15 00:00:00","2026-02-15 00:00:00","Last 1v1 Payment","20260215","STANDARD - Re-engagement & Habit Building","0"
"2138","59269204","EGSS-abdelrahmannasef","ME-EGSS05","MEKSA-EGSS01","围场外","outside pool","2","8","1-3 Classes (Low)","2026-02-17 00:00:00","2026-02-17 00:00:00","Last 1v1 Payment","20260217","STANDARD - Re-engagement & Habit Building","0"
"2141","60143682","EGSS-khaledgonam","ME-EGSS05","MEKSA-EGSS01","围场外","outside pool","2","9","1-3 Classes (Low)","2026-02-26 00:00:00","2026-02-26 00:00:00","Last 1v1 Payment","20260226","STANDARD - Re-engagement & Habit Building","0"
"2142","60660292","EGSS-samira01","ME-EGSS05","MEKSA-EGSS01","围场外","outside pool","2","9","1-3 Classes (Low)","2026-02-27 00:00:00","2026-02-27 00:00:00","Last 1v1 Payment","20260227","STANDARD - Re-engagement & Habit Building","0"
"2144","60775068","EGSS-samira01","ME-EGSS05","MEKSA-EGSS01","围场外","outside pool","2","9","1-3 Classes (Low)","2026-03-01 00:00:00","2026-03-01 00:00:00","Last 1v1 Payment","20260301","STANDARD - Re-engagement & Habit Building","0"
"2150","59897787","EGSS-omarmoneb","ME-EGSS05","MEKSA-EGSS01","围场外","outside pool","2","0","1-3 Classes (Low)","2026-03-04 00:00:00","2026-03-04 00:00:00","Last 1v1 Payment","20260304","STANDARD - Re-engagement & Habit Building","0"
"2155","62272345","EGSS-ibrahimismaiel","ME-EGSS05","MEKSA-EGSS01","围场外","outside pool","2","6","1-3 Classes (Low)","2026-03-09 00:00:00","2026-03-09 00:00:00","Last 1v1 Payment","20260309","STANDARD - Re-engagement & Habit Building","0"
"2156","62272080","EGSS-ibrahimismaiel","ME-EGSS05","MEKSA-EGSS01","围场外","outside pool","2","6","1-3 Classes (Low)","2026-03-09 00:00:00","2026-03-09 00:00:00","Last 1v1 Payment","20260309","STANDARD - Re-engagement & Habit Building","0"
"2168","60017177","EGSS-ibrahimismaiel","ME-EGSS05","MEKSA-EGSS01","围场外","outside pool","2","9","1-3 Classes (Low)","2026-03-27 00:00:00","2026-03-27 00:00:00","Last 1v1 Payment","20260327","STANDARD - Re-engagement & Habit Building","0"
"2170","62167166","EGSS-ibrahimismaiel","ME-EGSS05","MEKSA-EGSS01","围场外","outside pool","2","12","1-3 Classes (Low)","2026-03-28 00:00:00","2026-03-28 00:00:00","Last 1v1 Payment","20260328","STANDARD - Re-engagement & Habit Building","0"
"2173","59002291","EGSS-ehabzaky01","ME-EGSS05","MEKSA-EGSS01","到期","Exp Non-0","2","7","1-3 Classes (Low)","2026-03-29 00:00:00","2026-03-29 00:00:00","Last 1v1 Payment","20260329","STANDARD - Re-engagement & Habit Building","0"
"2174","59234924","EGSS-ehabzaky01","ME-EGSS05","MEKSA-EGSS01","到期","Exp Non-0","2","7","1-3 Classes (Low)","2026-03-29 00:00:00","2026-03-29 00:00:00","Last 1v1 Payment","20260329","STANDARD - Re-engagement & Habit Building","0"
"2178","58973482","EGSS-khaledgonam","ME-EGSS05","MEKSA-EGSS01","围场外","outside pool","2","9","1-3 Classes (Low)","2026-03-29 00:00:00","2026-03-29 00:00:00","Last 1v1 Payment","20260329","STANDARD - Re-engagement & Habit Building","0"
"2179","61227536","EGSS-samira01","ME-EGSS05","MEKSA-EGSS01","围场外","outside pool","2","9","1-3 Classes (Low)","2026-03-29 00:00:00","2026-03-29 00:00:00","Last 1v1 Payment","20260329","STANDARD - Re-engagement & Habit Building","0"
"2180","60427829","EGSS-khaledgonam","ME-EGSS05","MEKSA-EGSS01","围场外","outside pool","2","0","1-3 Classes (Low)","2026-03-30 00:00:00","2026-03-30 00:00:00","Last 1v1 Payment","20260330","STANDARD - Re-engagement & Habit Building","0"
"2188","58748317","EGSS-ibrahimismaiel","ME-EGSS05","MEKSA-EGSS01","围场外","outside pool","2","10","1-3 Classes (Low)","2026-04-07 00:00:00","2026-04-07 00:00:00","Last 1v1 Payment","20260407","STANDARD - Re-engagement & Habit Building","0"
"2190","58736276","EGSS-ibrahimismaiel","ME-EGSS05","MEKSA-EGSS01","围场外","outside pool","2","8","1-3 Classes (Low)","2026-04-07 00:00:00","2026-04-07 00:00:00","Last 1v1 Payment","20260407","STANDARD - Re-engagement & Habit Building","0"
"2194","59695639","EGSS-khaledgonam","ME-EGSS05","MEKSA-EGSS01","期间","period","2","9","1-3 Classes (Low)","2026-04-13 00:00:00","2026-04-13 00:00:00","Last 1v1 Payment","20260413","STANDARD - Re-engagement & Habit Building","0"
"2197","62449261","EGSS-khaledgonam","ME-EGSS05","MEKSA-EGSS01","围场外","outside pool","2","7","1-3 Classes (Low)","2026-04-20 00:00:00","2026-04-20 00:00:00","Last 1v1 Payment","20260420","STANDARD - Re-engagement & Habit Building","0"
"2198","62291271","EGSS-abdelrahmannasef","ME-EGSS05","MEKSA-EGSS01","围场外","outside pool","2","9","1-3 Classes (Low)","2026-04-22 00:00:00","2026-04-22 00:00:00","Last 1v1 Payment","20260422","STANDARD - Re-engagement & Habit Building","0"
"2200","60353164","EGSS-ibrahimismaiel","ME-EGSS05","MEKSA-EGSS01","围场外","outside pool","2","7","1-3 Classes (Low)","2026-04-25 00:00:00","2026-04-25 00:00:00","Last 1v1 Payment","20260425","STANDARD - Re-engagement & Habit Building","0"
"2201","62582214","EGSS-ibrahimismaiel","ME-EGSS05","MEKSA-EGSS01","期间","period","2","9","1-3 Classes (Low)","2026-04-25 00:00:00","2026-04-25 00:00:00","Last 1v1 Payment","20260425","STANDARD - Re-engagement & Habit Building","0"
"2202","61284605","EGSS-omarmoneb","ME-EGSS05","MEKSA-EGSS01","期间","period","2","9","1-3 Classes (Low)","2026-04-27 00:00:00","2026-04-27 00:00:00","Last 1v1 Payment","20260427","STANDARD - Re-engagement & Habit Building","0"
"2203","60388275","EGSS-omarmoneb","ME-EGSS05","MEKSA-EGSS01","到期","Exp Non-0","2","6","1-3 Classes (Low)","2026-04-27 00:00:00","2026-04-27 00:00:00","Last 1v1 Payment","20260427","STANDARD - Re-engagement & Habit Building","0"
"2208","58866417","EGSS-khaledgonam","ME-EGSS05","MEKSA-EGSS01","围场外","outside pool","2","7","1-3 Classes (Low)","2026-04-28 00:00:00","2026-04-28 00:00:00","Last 1v1 Payment","20260428","STANDARD - Re-engagement & Habit Building","0"
"2211","61952715","EGSS-khaledgonam","ME-EGSS05","MEKSA-EGSS01","期间","period","2","9","1-3 Classes (Low)","2026-04-29 00:00:00","2026-04-29 00:00:00","Last 1v1 Payment","20260429","STANDARD - Re-engagement & Habit Building","0"
"2213","61450150","EGSS-abdelrahmannasef","ME-EGSS05","MEKSA-EGSS01","到期","Exp Non-0","2","9","1-3 Classes (Low)","2026-04-30 00:00:00","2026-04-30 00:00:00","Last 1v1 Payment","20260430","STANDARD - Re-engagement & Habit Building","0"
"2218","62720104","EGSS-samira01","ME-EGSS05","MEKSA-EGSS01","围场外","outside pool","2","9","1-3 Classes (Low)","2026-05-10 00:00:00","2026-05-10 00:00:00","Last 1v1 Payment","20260510","STANDARD - Re-engagement & Habit Building","0"
"2220","61942736","EGSS-ibrahimismaiel","ME-EGSS05","MEKSA-EGSS01","期间","period","2","9","1-3 Classes (Low)","2026-05-11 00:00:00","2026-05-11 00:00:00","Last 1v1 Payment","20260511","STANDARD - Re-engagement & Habit Building","0"
"2221","62697773","EGSS-ehabzaky01","ME-EGSS05","MEKSA-EGSS01","围场外","outside pool","2","9","1-3 Classes (Low)","2026-05-11 00:00:00","2026-05-11 00:00:00","Last 1v1 Payment","20260511","STANDARD - Re-engagement & Habit Building","0"
"2223","62809936","EGSS-samira01","ME-EGSS05","MEKSA-EGSS01","围场外","outside pool","2","7","1-3 Classes (Low)","2026-05-12 00:00:00","2026-05-12 00:00:00","Last 1v1 Payment","20260512","STANDARD - Re-engagement & Habit Building","0"
"2225","58672965","EGSS-abdelrahmannasef","ME-EGSS05","MEKSA-EGSS01","围场外","outside pool","2","8","1-3 Classes (Low)","2026-05-12 00:00:00","2026-05-12 00:00:00","Last 1v1 Payment","20260512","STANDARD - Re-engagement & Habit Building","0"
"2231","62180832","EGSS-omarmoneb","ME-EGSS05","MEKSA-EGSS01","围场外","outside pool","2","12","1-3 Classes (Low)","2026-05-18 00:00:00","2026-05-18 00:00:00","Last 1v1 Payment","20260518","STANDARD - Re-engagement & Habit Building","0"
"2238","62382120","EGSS-omarmoneb","ME-EGSS05","MEKSA-EGSS01","期间","period","2","6","1-3 Classes (Low)","2026-05-20 00:00:00","2026-05-20 00:00:00","Last 1v1 Payment","20260520","STANDARD - Re-engagement & Habit Building","0"
"2239","62073807","EGSS-khaledgonam","ME-EGSS05","MEKSA-EGSS01","围场外","outside pool","2","8","1-3 Classes (Low)","2026-05-21 00:00:00","2026-05-21 00:00:00","Last 1v1 Payment","20260521","STANDARD - Re-engagement & Habit Building","0"
"2241","61127430","EGSS-omarmoneb","ME-EGSS05","MEKSA-EGSS01","围场外","outside pool","2","7","1-3 Classes (Low)","2026-05-22 00:00:00","2026-05-22 00:00:00","Last 1v1 Payment","20260522","STANDARD - Re-engagement & Habit Building","0"
"2242","61620447","EGSS-samira01","ME-EGSS05","MEKSA-EGSS01","围场外","outside pool","2","5","1-3 Classes (Low)","2026-05-23 00:00:00","2026-05-23 00:00:00","Last 1v1 Payment","20260523","STANDARD - Re-engagement & Habit Building","0"
"2248","60184122","EGSS-khaledgonam","ME-EGSS05","MEKSA-EGSS01","围场外","outside pool","2","9","1-3 Classes (Low)","2026-05-24 00:00:00","2026-05-24 00:00:00","Last 1v1 Payment","20260524","STANDARD - Re-engagement & Habit Building","0"
"2251","62375258","EGSS-samira01","ME-EGSS05","MEKSA-EGSS01","围场外","outside pool","2","9","1-3 Classes (Low)","2026-05-25 00:00:00","2026-05-25 00:00:00","Last 1v1 Payment","20260525","STANDARD - Re-engagement & Habit Building","0"
"2252","61413839","EGSS-abdelrahmannasef","ME-EGSS05","MEKSA-EGSS01","围场外","outside pool","2","12","1-3 Classes (Low)","2026-05-25 00:00:00","2026-05-25 00:00:00","Last 1v1 Payment","20260525","STANDARD - Re-engagement & Habit Building","0"
"2255","62629793","EGSS-omarmoneb","ME-EGSS05","MEKSA-EGSS01","围场外","outside pool","2","0","1-3 Classes (Low)","2026-05-26 00:00:00","2026-05-26 00:00:00","Last 1v1 Payment","20260526","STANDARD - Re-engagement & Habit Building","0"
"2257","58578534","EGSS-khaledgonam","ME-EGSS05","MEKSA-EGSS01","围场外","outside pool","2","4","1-3 Classes (Low)","2026-05-30 00:00:00","2026-05-30 00:00:00","Last 1v1 Payment","20260530","STANDARD - Re-engagement & Habit Building","0"
"2262","62263419","EGSS-abdelrahmannasef","ME-EGSS05","MEKSA-EGSS01","围场外","outside pool","2","6","1-3 Classes (Low)","2026-06-06 00:00:00","2026-06-06 00:00:00","Last 1v1 Payment","20260606","STANDARD - Re-engagement & Habit Building","0"
"2263","62263353","EGSS-abdelrahmannasef","ME-EGSS05","MEKSA-EGSS01","围场外","outside pool","2","7","1-3 Classes (Low)","2026-06-06 00:00:00","2026-06-06 00:00:00","Last 1v1 Payment","20260606","STANDARD - Re-engagement & Habit Building","0"
"2264","59033210","EGSS-abdelrahmannasef","ME-EGSS05","MEKSA-EGSS01","围场外","outside pool","2","6","1-3 Classes (Low)","2026-06-06 00:00:00","2026-06-06 00:00:00","Last 1v1 Payment","20260606","STANDARD - Re-engagement & Habit Building","0"
"2265","60534042","EGSS-khaledgonam","ME-EGSS05","MEKSA-EGSS01","围场外","outside pool","2","9","1-3 Classes (Low)","2026-06-06 00:00:00","2026-06-06 00:00:00","Last 1v1 Payment","20260606","STANDARD - Re-engagement & Habit Building","0"
"2266","62975844","EGSS-ehabzaky01","ME-EGSS05","MEKSA-EGSS01","围场外","outside pool","2","6","1-3 Classes (Low)","2026-06-07 00:00:00","2026-06-07 00:00:00","Last 1v1 Payment","20260607","STANDARD - Re-engagement & Habit Building","0"
"2269","62792151","EGSS-samira01","ME-EGSS05","MEKSA-EGSS01","围场外","outside pool","2","7","1-3 Classes (Low)","2026-06-08 00:00:00","2026-06-08 00:00:00","Last 1v1 Payment","20260608","STANDARD - Re-engagement & Habit Building","0"
"2274","60523183","EGSS-omarmoneb","ME-EGSS05","MEKSA-EGSS01","围场外","outside pool","2","7","1-3 Classes (Low)","2026-06-09 00:00:00","2026-06-09 00:00:00","Last 1v1 Payment","20260609","STANDARD - Re-engagement & Habit Building","0"
"2275","60539865","EGSS-omarmoneb","ME-EGSS05","MEKSA-EGSS01","围场外","outside pool","2","7","1-3 Classes (Low)","2026-06-09 00:00:00","2026-06-09 00:00:00","Last 1v1 Payment","20260609","STANDARD - Re-engagement & Habit Building","0"
"2282","62130375","EGSS-ehabzaky01","ME-EGSS05","MEKSA-EGSS01","围场外","outside pool","2","6","1-3 Classes (Low)","2026-06-17 00:00:00","2026-06-17 00:00:00","Last 1v1 Payment","20260617","STANDARD - Re-engagement & Habit Building","0"
"2287","60119197","EGSS-ibrahimismaiel","ME-EGSS05","MEKSA-EGSS01","围场外","outside pool","2","12","1-3 Classes (Low)","2026-06-22 00:00:00","2026-06-22 00:00:00","Last 1v1 Payment","20260622","STANDARD - Re-engagement & Habit Building","0"
"2291","60718432","EGSS-khaledgonam","ME-EGSS05","MEKSA-EGSS01","围场外","outside pool","2","4","1-3 Classes (Low)","2026-06-24 00:00:00","2026-06-24 00:00:00","Last 1v1 Payment","20260624","STANDARD - Re-engagement & Habit Building","0"
"2292","60714252","EGSS-khaledgonam","ME-EGSS05","MEKSA-EGSS01","围场外","outside pool","2","8","1-3 Classes (Low)","2026-06-24 00:00:00","2026-06-24 00:00:00","Last 1v1 Payment","20260624","STANDARD - Re-engagement & Habit Building","0"
"2296","58777971","EGSS-abdelrahmannasef","ME-EGSS05","MEKSA-EGSS01","围场外","outside pool","2","9","1-3 Classes (Low)","2026-06-27 00:00:00","2026-06-27 00:00:00","Last 1v1 Payment","20260627","STANDARD - Re-engagement & Habit Building","0"
"2297","60209771","EGSS-ibrahimismaiel","ME-EGSS05","MEKSA-EGSS01","围场外","outside pool","2","9","1-3 Classes (Low)","2026-06-28 00:00:00","2026-06-28 00:00:00","Last 1v1 Payment","20260628","STANDARD - Re-engagement & Habit Building","0"
"2302","58855318","EGSS-abdelrahmannasef","ME-EGSS05","MEKSA-EGSS01","围场外","outside pool","2","7","1-3 Classes (Low)","2026-06-29 00:00:00","2026-06-29 00:00:00","Last 1v1 Payment","20260629","STANDARD - Re-engagement & Habit Building","0"
"2308","60793991","EGSS-samira01","ME-EGSS05","MEKSA-EGSS01","围场外","outside pool","2","8","1-3 Classes (Low)","2026-06-30 00:00:00","2026-06-30 00:00:00","Last 1v1 Payment","20260630","STANDARD - Re-engagement & Habit Building","0"
"2312","62505624","EGSS-abdelrahmannasef","ME-EGSS05","MEKSA-EGSS01","围场外","outside pool","2","0","1-3 Classes (Low)","2026-07-01 00:00:00","2026-07-01 00:00:00","Last 1v1 Payment","20260701","STANDARD - Re-engagement & Habit Building","0"
"2313","62499896","EGSS-abdelrahmannasef","ME-EGSS05","MEKSA-EGSS01","期间","period","2","0","1-3 Classes (Low)","2026-07-01 00:00:00","2026-07-01 00:00:00","Last 1v1 Payment","20260701","STANDARD - Re-engagement & Habit Building","0"
"2315","62311194","EGSS-samira01","ME-EGSS05","MEKSA-EGSS01","围场外","outside pool","2","7","1-3 Classes (Low)","2026-07-05 00:00:00","2026-07-05 00:00:00","Last 1v1 Payment","20260705","STANDARD - Re-engagement & Habit Building","0"
"2318","62514168","EGSS-ibrahimismaiel","ME-EGSS05","MEKSA-EGSS01","围场外","outside pool","2","7","1-3 Classes (Low)","2026-07-06 00:00:00","2026-07-06 00:00:00","Last 1v1 Payment","20260706","STANDARD - Re-engagement & Habit Building","0"
"2323","62173645","EGSS-ibrahimismaiel","ME-EGSS05","MEKSA-EGSS01","围场外","outside pool","2","7","1-3 Classes (Low)","2026-07-11 00:00:00","2026-07-11 00:00:00","Last 1v1 Payment","20260711","STANDARD - Re-engagement & Habit Building","0"
"2327","63617525","EGSS-abdelrahmannasef","ME-EGSS05","MEKSA-EGSS01","围场外","outside pool","2","8","1-3 Classes (Low)","2026-07-14 00:00:00","2026-07-14 00:00:00","CRM System Outreach","-","STANDARD - Re-engagement & Habit Building","0"
"2330","61637923","EGSS-abdelrahmannasef","ME-EGSS05","MEKSA-EGSS01","围场外","outside pool","2","0","1-3 Classes (Low)","2026-07-16 00:00:00","2026-07-16 00:00:00","CRM System Outreach","-","STANDARD - Re-engagement & Habit Building","0"
"2332","63765882","EGSS-ehabzaky01","ME-EGSS05","MEKSA-EGSS01","围场外","outside pool","2","7","1-3 Classes (Low)","2026-07-19 00:00:00","2026-07-19 00:00:00","CRM System Outreach","-","STANDARD - Re-engagement & Habit Building","0"
"2336","63732442","EGSS-omarmoneb","ME-EGSS05","MEKSA-EGSS01","围场外","outside pool","2","12","1-3 Classes (Low)","2026-07-22 00:00:00","2026-07-22 00:00:00","CRM System Outreach","-","STANDARD - Re-engagement & Habit Building","0"
"2337","61952970","EGSS-ehabzaky01","ME-EGSS05","MEKSA-EGSS01","围场外","outside pool","2","6","1-3 Classes (Low)","2026-07-22 00:00:00","2026-07-22 00:00:00","CRM System Outreach","-","STANDARD - Re-engagement & Habit Building","0"
"2341","62275678","EGSS-abdelrahmannasef","ME-EGSS05","MEKSA-EGSS01","围场外","outside pool","2","9","1-3 Classes (Low)","2026-07-23 00:00:00","2026-07-23 00:00:00","Last 1v1 Payment","20260723","STANDARD - Re-engagement & Habit Building","0"
"2342","61211706","EGSS-ibrahimismaiel","ME-EGSS05","MEKSA-EGSS01","围场外","outside pool","2","13","1-3 Classes (Low)","2026-07-26 00:00:00","2026-07-26 00:00:00","CRM System Outreach","-","STANDARD - Re-engagement & Habit Building","0"
"2343","63846020","EGSS-khaledgonam","ME-EGSS05","MEKSA-EGSS01","围场外","outside pool","2","12","1-3 Classes (Low)","2026-07-27 00:00:00","2026-07-27 00:00:00","CRM System Outreach","-","STANDARD - Re-engagement & Habit Building","0"
"2346","63799176","EGSS-abdelrahmannasef","ME-EGSS05","MEKSA-EGSS01","围场外","outside pool","2","8","1-3 Classes (Low)","2026-07-27 00:00:00","2026-07-27 00:00:00","CRM System Outreach","-","STANDARD - Re-engagement & Habit Building","0"
"2350","63844917","EGSS-omarmoneb","ME-EGSS05","MEKSA-EGSS01","围场外","outside pool","2","8","1-3 Classes (Low)","2026-07-28 00:00:00","2026-07-28 00:00:00","CRM System Outreach","-","STANDARD - Re-engagement & Habit Building","0"
"2351","61195775","EGSS-omarmoneb","ME-EGSS05","MEKSA-EGSS01","围场外","outside pool","2","6","1-3 Classes (Low)","2026-07-28 00:00:00","2026-07-28 00:00:00","Last 1v1 Payment","20260728","STANDARD - Re-engagement & Habit Building","0"
"2366","61978094","EGSS-ehabzaky01","ME-EGSS05","MEKSA-EGSS01","围场外","outside pool","2","9","1-3 Classes (Low)","2026-08-02 00:00:00","2026-08-02 00:00:00","Last 1v1 Payment","20260802","STANDARD - Re-engagement & Habit Building","0"
"2367","63003778","EGSS-abdelrahmannasef","ME-EGSS05","MEKSA-EGSS01","围场外","outside pool","2","7","1-3 Classes (Low)","2026-08-02 00:00:00","2026-08-02 00:00:00","CRM System Outreach","-","STANDARD - Re-engagement & Habit Building","0"
"2370","63832457","EGSS-samira01","ME-EGSS05","MEKSA-EGSS01","围场外","outside pool","2","11","1-3 Classes (Low)","2026-08-04 00:00:00","2026-08-04 00:00:00","CRM System Outreach","20260928","STANDARD - Re-engagement & Habit Building","0"
"2372","63608038","EGSS-abdelrahmannasef","ME-EGSS05","MEKSA-EGSS01","围场外","outside pool","2","0","1-3 Classes (Low)","2026-08-04 00:00:00","2026-08-04 00:00:00","CRM System Outreach","-","STANDARD - Re-engagement & Habit Building","0"
"2378","61147183","EGSS-khaledgonam","ME-EGSS05","MEKSA-EGSS01","围场外","outside pool","2","9","1-3 Classes (Low)","2026-08-05 00:00:00","2026-08-05 00:00:00","Last 1v1 Payment","20260805","STANDARD - Re-engagement & Habit Building","0"
"2379","60370104","EGSS-khaledgonam","ME-EGSS05","MEKSA-EGSS01","围场外","outside pool","2","8","1-3 Classes (Low)","2026-08-06 00:00:00","2026-08-06 00:00:00","Last 1v1 Payment","20260806","STANDARD - Re-engagement & Habit Building","0"
"2381","63688695","EGSS-ehabzaky01","ME-EGSS05","MEKSA-EGSS01","围场外","outside pool","2","9","1-3 Classes (Low)","2026-08-06 00:00:00","2026-08-06 00:00:00","CRM System Outreach","-","STANDARD - Re-engagement & Habit Building","0"
"2382","60369668","EGSS-khaledgonam","ME-EGSS05","MEKSA-EGSS01","围场外","outside pool","2","9","1-3 Classes (Low)","2026-08-06 00:00:00","2026-08-06 00:00:00","Last 1v1 Payment","20260806","STANDARD - Re-engagement & Habit Building","0"
"2383","62724066","EGSS-ibrahimismaiel","ME-EGSS05","MEKSA-EGSS01","到期","Exp Non-0","2","4","1-3 Classes (Low)","2026-08-07 00:00:00","2026-08-07 00:00:00","CRM System Outreach","-","STANDARD - Re-engagement & Habit Building","0"
"2385","63682602","EGSS-ibrahimismaiel","ME-EGSS05","MEKSA-EGSS01","围场外","outside pool","2","5","1-3 Classes (Low)","2026-08-08 00:00:00","2026-08-08 00:00:00","CRM System Outreach","-","STANDARD - Re-engagement & Habit Building","0"
"2389","63596243","EGSS-ehabzaky01","ME-EGSS05","MEKSA-EGSS01","围场外","outside pool","2","6","1-3 Classes (Low)","2026-08-09 00:00:00","2026-08-09 00:00:00","CRM System Outreach","-","STANDARD - Re-engagement & Habit Building","0"
"2394","60195445","EGSS-ehabzaky01","ME-EGSS05","MEKSA-EGSS01","围场外","outside pool","2","7","1-3 Classes (Low)","2026-08-10 00:00:00","2026-08-10 00:00:00","Last 1v1 Payment","20260810","STANDARD - Re-engagement & Habit Building","0"
"2401","63671406","EGSS-ehabzaky01","ME-EGSS05","MEKSA-EGSS01","围场外","outside pool","2","6","1-3 Classes (Low)","2026-08-13 00:00:00","2026-08-13 00:00:00","CRM System Outreach","-","STANDARD - Re-engagement & Habit Building","0"
"2402","63661803","EGSS-ibrahimismaiel","ME-EGSS05","MEKSA-EGSS01","围场外","outside pool","2","8","1-3 Classes (Low)","2026-08-13 00:00:00","2026-08-13 00:00:00","CRM System Outreach","-","STANDARD - Re-engagement & Habit Building","0"
"2403","58383464","EGSS-ehabzaky01","ME-EGSS05","MEKSA-EGSS01","围场外","outside pool","2","11","1-3 Classes (Low)","2026-08-13 00:00:00","2026-08-13 00:00:00","CRM System Outreach","20260924","STANDARD - Re-engagement & Habit Building","0"
"2404","60468913","EGSS-abdelrahmannasef","ME-EGSS05","MEKSA-EGSS01","围场外","outside pool","2","6","1-3 Classes (Low)","2026-08-13 00:00:00","2026-08-13 00:00:00","CRM System Outreach","20260909","STANDARD - Re-engagement & Habit Building","0"
"2406","60709453","EGSS-abdelrahmannasef","ME-EGSS05","MEKSA-EGSS01","围场外","outside pool","2","5","1-3 Classes (Low)","2026-08-15 00:00:00","2026-08-15 00:00:00","CRM System Outreach","-","STANDARD - Re-engagement & Habit Building","0"
"2411","63475670","EGSS-ibrahimismaiel","ME-EGSS05","MEKSA-EGSS01","围场外","outside pool","2","6","1-3 Classes (Low)","2026-08-15 00:00:00","2026-08-15 00:00:00","Last 1v1 Payment","20260815","STANDARD - Re-engagement & Habit Building","0"
"2414","61027834","EGSS-abdelrahmannasef","ME-EGSS05","MEKSA-EGSS01","围场外","outside pool","2","7","1-3 Classes (Low)","2026-08-16 00:00:00","2026-08-16 00:00:00","CRM System Outreach","-","STANDARD - Re-engagement & Habit Building","0"
"2418","60171652","EGSS-omarmoneb","ME-EGSS05","MEKSA-EGSS01","围场外","outside pool","2","7","1-3 Classes (Low)","2026-08-17 00:00:00","2026-08-17 00:00:00","Last 1v1 Payment","20260817","STANDARD - Re-engagement & Habit Building","0"
"2419","59364585","EGSS-samira01","ME-EGSS05","MEKSA-EGSS01","围场外","outside pool","2","8","1-3 Classes (Low)","2026-08-17 00:00:00","2026-08-17 00:00:00","Last 1v1 Payment","20260817","STANDARD - Re-engagement & Habit Building","0"
"2423","61220263","EGSS-ibrahimismaiel","ME-EGSS05","MEKSA-EGSS01","围场外","outside pool","2","0","1-3 Classes (Low)","2026-08-18 00:00:00","2026-08-18 00:00:00","Last 1v1 Payment","20260818","STANDARD - Re-engagement & Habit Building","0"
"2425","63640942","EGSS-omarmoneb","ME-EGSS05","MEKSA-EGSS01","围场外","outside pool","2","4","1-3 Classes (Low)","2026-08-19 00:00:00","2026-08-19 00:00:00","CRM System Outreach","-","STANDARD - Re-engagement & Habit Building","0"
"2437","60478898","EGSS-khaledgonam","ME-EGSS05","MEKSA-EGSS01","围场外","outside pool","2","6","1-3 Classes (Low)","2026-08-23 00:00:00","2026-08-23 00:00:00","CRM System Outreach","20260922","STANDARD - Re-engagement & Habit Building","0"
"2439","61657961","EGSS-ibrahimismaiel","ME-EGSS05","MEKSA-EGSS01","围场外","outside pool","2","7","1-3 Classes (Low)","2026-08-24 00:00:00","2026-08-24 00:00:00","Last 1v1 Payment","20260824","STANDARD - Re-engagement & Habit Building","0"
"2440","59442652","EGSS-khaledgonam","ME-EGSS05","MEKSA-EGSS01","围场外","outside pool","2","6","1-3 Classes (Low)","2026-08-24 00:00:00","2026-08-24 00:00:00","CRM System Outreach","-","STANDARD - Re-engagement & Habit Building","0"
"2442","61662982","EGSS-ibrahimismaiel","ME-EGSS05","MEKSA-EGSS01","围场外","outside pool","2","7","1-3 Classes (Low)","2026-08-24 00:00:00","2026-08-24 00:00:00","Last 1v1 Payment","20260824","STANDARD - Re-engagement & Habit Building","0"
"2443","62402533","EGSS-omarmoneb","ME-EGSS05","MEKSA-EGSS01","围场外","outside pool","2","2","1-3 Classes (Low)","2026-08-24 00:00:00","2026-08-24 00:00:00","Last 1v1 Payment","20260824","STANDARD - Re-engagement & Habit Building","0"
"2445","58712129","EGSS-omarmoneb","ME-EGSS05","MEKSA-EGSS01","围场外","outside pool","2","8","1-3 Classes (Low)","2026-08-26 00:00:00","2026-08-26 00:00:00","Last 1v1 Payment","20260826","STANDARD - Re-engagement & Habit Building","0"
"2448","58825732","EGSS-omarmoneb","ME-EGSS05","MEKSA-EGSS01","围场外","outside pool","2","9","1-3 Classes (Low)","2026-08-27 00:00:00","2026-08-27 00:00:00","Last 1v1 Payment","20260827","STANDARD - Re-engagement & Habit Building","0"
"2454","61290918","EGSS-omarmoneb","ME-EGSS05","MEKSA-EGSS01","围场外","outside pool","2","8","1-3 Classes (Low)","2026-08-29 00:00:00","2026-08-29 00:00:00","Last 1v1 Payment","20260829","STANDARD - Re-engagement & Habit Building","0"
"2456","63212081","EGSS-ibrahimismaiel","ME-EGSS05","MEKSA-EGSS01","围场外","outside pool","2","7","1-3 Classes (Low)","2026-08-30 00:00:00","2026-08-30 00:00:00","Last 1v1 Payment","20260830","STANDARD - Re-engagement & Habit Building","0"
"2457","59359739","EGSS-ehabzaky01","ME-EGSS05","MEKSA-EGSS01","围场外","outside pool","2","7","1-3 Classes (Low)","2026-08-31 00:00:00","2026-08-31 00:00:00","Last 1v1 Payment","20260831","STANDARD - Re-engagement & Habit Building","0"
"2460","60135372","EGSS-abdelrahmannasef","ME-EGSS05","MEKSA-EGSS01","围场外","outside pool","2","0","1-3 Classes (Low)","2026-09-01 00:00:00","2026-09-01 00:00:00","Last 1v1 Payment","20260901","STANDARD - Re-engagement & Habit Building","0"
"2461","62064619","EGSS-ehabzaky01","ME-EGSS05","MEKSA-EGSS01","围场外","outside pool","2","9","1-3 Classes (Low)","2026-09-02 00:00:00","2026-09-02 00:00:00","Last 1v1 Payment","20260902","STANDARD - Re-engagement & Habit Building","0"
"2463","59239307","EGSS-omarmoneb","ME-EGSS05","MEKSA-EGSS01","围场外","outside pool","2","9","1-3 Classes (Low)","2026-09-05 00:00:00","2026-09-05 00:00:00","Last 1v1 Payment","20260905","STANDARD - Re-engagement & Habit Building","0"
"2465","62609385","EGSS-samira01","ME-EGSS05","MEKSA-EGSS01","围场外","outside pool","2","0","1-3 Classes (Low)","2026-09-07 00:00:00","2026-09-07 00:00:00","Last 1v1 Payment","20260907","STANDARD - Re-engagement & Habit Building","0"
"2468","59679375","EGSS-ibrahimismaiel","ME-EGSS05","MEKSA-EGSS01","围场外","outside pool","2","6","1-3 Classes (Low)","2026-09-07 00:00:00","2026-09-07 00:00:00","Last 1v1 Payment","20260907","STANDARD - Re-engagement & Habit Building","0"
"2473","59912819","EGSS-samira01","ME-EGSS05","MEKSA-EGSS01","围场外","outside pool","2","8","1-3 Classes (Low)","2026-09-17 00:00:00","2026-09-17 00:00:00","Last 1v1 Payment","20260917","STANDARD - Re-engagement & Habit Building","0"
"2474","62613547","EGSS-ibrahimismaiel","ME-EGSS05","MEKSA-EGSS01","围场外","outside pool","2","7","1-3 Classes (Low)","2026-09-17 00:00:00","2026-09-17 00:00:00","Last 1v1 Payment","20260917","STANDARD - Re-engagement & Habit Building","0"
"2476","61210487","EGSS-ehabzaky01","ME-EGSS05","MEKSA-EGSS01","围场外","outside pool","2","9","1-3 Classes (Low)","2026-09-20 00:00:00","2026-09-20 00:00:00","Last 1v1 Payment","20260920","STANDARD - Re-engagement & Habit Building","0"
"2479","62171229","EGSS-ibrahimismaiel","ME-EGSS05","MEKSA-EGSS01","围场外","outside pool","2","9","1-3 Classes (Low)","2026-09-23 00:00:00","2026-09-23 00:00:00","Last 1v1 Payment","20260923","STANDARD - Re-engagement & Habit Building","0"
"2480","63607314","EGSS-ehabzaky01","ME-EGSS05","MEKSA-EGSS01","围场外","outside pool","2","7","1-3 Classes (Low)","2026-09-23 14:24:58","2026-09-23 14:24:58","SOP Completed Touch","-","STANDARD - Re-engagement & Habit Building","0"
"2482","62687645","EGSS-ibrahimismaiel","ME-EGSS05","MEKSA-EGSS01","围场外","outside pool","2","9","1-3 Classes (Low)","2026-09-24 00:00:00","2026-09-24 00:00:00","Last 1v1 Payment","20260924","STANDARD - Re-engagement & Habit Building","0"
"2483","61621009","EGSS-ibrahimismaiel","ME-EGSS05","MEKSA-EGSS01","围场外","outside pool","2","9","1-3 Classes (Low)","2026-09-27 00:00:00","2026-09-27 00:00:00","Last 1v1 Payment","20260927","STANDARD - Re-engagement & Habit Building","0"
"2485","62507015","EGSS-ehabzaky01","ME-EGSS05","MEKSA-EGSS01","围场外","outside pool","2","3","1-3 Classes (Low)","2026-09-27 00:00:00","2026-09-27 00:00:00","Last 1v1 Payment","20260927","STANDARD - Re-engagement & Habit Building","0"
"2486","62498634","EGSS-ehabzaky01","ME-EGSS05","MEKSA-EGSS01","围场外","outside pool","2","6","1-3 Classes (Low)","2026-09-27 00:00:00","2026-09-27 00:00:00","Last 1v1 Payment","20260927","STANDARD - Re-engagement & Habit Building","0"
"2488","59625650","EGSS-omarmoneb","ME-EGSS05","MEKSA-EGSS01","围场外","outside pool","2","7","1-3 Classes (Low)","2026-09-29 00:00:00","2026-09-29 00:00:00","Last 1v1 Payment","20260929","STANDARD - Re-engagement & Habit Building","0"
"2493","64161248","EGSS-samira01","ME-EGSS05","MEKSA-EGSS01","升舱","Upgrade M2","2","12","1-3 Classes (Low)","2026-09-29 13:29:51","2026-09-29 13:29:51","SOP Completed Touch","-","STANDARD - Re-engagement & Habit Building","0"
"2508","64475695","EGSS-samira01","ME-EGSS05","MEKSA-EGSS01","围场外","outside pool","2","7","1-3 Classes (Low)","2026-09-30 12:43:44","2026-09-30 12:43:44","SOP Completed Touch","-","STANDARD - Re-engagement & Habit Building","0"
"2511","64460754","EGSS-ibrahimismaiel","ME-EGSS05","MEKSA-EGSS01","围场外","outside pool","2","1","1-3 Classes (Low)","2026-09-30 13:23:48","2026-09-30 13:23:48","SOP Completed Touch","-","STANDARD - Re-engagement & Habit Building","0"
"2514","64244901","EGSS-ehabzaky01","ME-EGSS05","MEKSA-EGSS01","围场外","outside pool","2","9","1-3 Classes (Low)","2026-09-30 16:21:00","2026-09-30 16:21:00","SOP Completed Touch","-","STANDARD - Re-engagement & Habit Building","0"
"2544","61017228","EGSS-omarmoneb","ME-EGSS05","MEKSA-EGSS01","升舱","Upgrade M2","2","8","1-3 Classes (Low)","2026-10-03 11:12:00","2026-10-03 11:12:00","SOP Task Assigned","-","STANDARD - Re-engagement & Habit Building","0"
"2555","63929009","EGSS-samira01","ME-EGSS05","MEKSA-EGSS01","升舱","Upgrade M2","2","12","1-3 Classes (Low)","2026-10-03 11:19:30","2026-10-03 11:19:30","SOP Task Assigned","-","STANDARD - Re-engagement & Habit Building","0"
"2557","63996264","EGSS-ehabzaky01","ME-EGSS05","MEKSA-EGSS01","升舱","Upgrade M2","2","7","1-3 Classes (Low)","2026-10-03 11:22:45","2026-10-03 11:22:45","SOP Task Assigned","-","STANDARD - Re-engagement & Habit Building","0"
"2582","58347739","EGSS-khaledgonam","ME-EGSS05","MEKSA-EGSS01","围场外","outside pool","2","13","1-3 Classes (Low)","2026-10-03 12:28:18","2026-10-03 12:28:18","SOP Completed Touch","-","STANDARD - Re-engagement & Habit Building","0"
"2583","63442433","EGSS-khaledgonam","ME-EGSS05","MEKSA-EGSS01","围场外","outside pool","2","3","1-3 Classes (Low)","2026-10-03 12:31:13","2026-10-03 12:31:13","SOP Completed Touch","-","STANDARD - Re-engagement & Habit Building","0"
"2584","63562384","EGSS-khaledgonam","ME-EGSS05","MEKSA-EGSS01","围场外","outside pool","2","15","1-3 Classes (Low)","2026-10-03 12:32:14","2026-10-03 12:32:14","SOP Completed Touch","-","STANDARD - Re-engagement & Habit Building","0"
"2591","64254797","EGSS-omarmoneb","ME-EGSS05","MEKSA-EGSS01","围场外","outside pool","2","7","1-3 Classes (Low)","2026-10-03 15:35:11","2026-10-03 15:35:11","SOP Completed Touch","-","STANDARD - Re-engagement & Habit Building","0"
"2593","63830991","EGSS-ibrahimismaiel","ME-EGSS05","MEKSA-EGSS01","围场外","outside pool","2","7","1-3 Classes (Low)","2026-10-03 15:44:40","2026-10-03 15:44:40","SOP Completed Touch","20260917","STANDARD - Re-engagement & Habit Building","0"
"2599","63897958","EGSS-khaledgonam","ME-EGSS05","MEKSA-EGSS01","升舱","Upgrade M2","2","1","1-3 Classes (Low)","2026-10-03 17:54:11","2026-10-03 17:54:11","SOP Completed Touch","-","STANDARD - Re-engagement & Habit Building","0"
"2600","64166734","EGSS-ibrahimismaiel","ME-EGSS05","MEKSA-EGSS01","升舱","Upgrade M2","2","7","1-3 Classes (Low)","2026-10-03 18:53:53","2026-10-03 18:53:53","SOP Completed Touch","-","STANDARD - Re-engagement & Habit Building","0"
"2603","63466885","EGSS-omarmoneb","ME-EGSS05","MEKSA-EGSS01","围场外","outside pool","2","9","1-3 Classes (Low)","2026-10-04 11:08:21","2026-10-04 11:08:21","SOP Task Assigned","-","STANDARD - Re-engagement & Habit Building","0"
"2608","63756449","EGSS-abdelrahmannasef","ME-EGSS05","MEKSA-EGSS01","围场外","outside pool","2","8","1-3 Classes (Low)","2026-10-04 15:37:29","2026-10-04 15:37:29","SOP Completed Touch","-","STANDARD - Re-engagement & Habit Building","0"
"2620","63155967","EGSS-ehabzaky01","ME-EGSS05","MEKSA-EGSS01","围场外","outside pool","2","9","1-3 Classes (Low)","2026-10-05 14:14:18","2026-10-05 14:14:18","SOP Completed Touch","-","STANDARD - Re-engagement & Habit Building","0"
"2622","64123114","EGSS-ehabzaky01","ME-EGSS05","MEKSA-EGSS01","围场外","outside pool","2","7","1-3 Classes (Low)","2026-10-05 15:12:59","2026-10-05 15:12:59","SOP Completed Touch","-","STANDARD - Re-engagement & Habit Building","0"
"2633","59783285","EGSS-khaledgonam","ME-EGSS05","MEKSA-EGSS01","期间","period","2","7","1-3 Classes (Low)","2026-10-06 10:07:51","2026-10-06 10:07:51","SOP Task Assigned","-","STANDARD - Re-engagement & Habit Building","0"
"2636","63174166","EGSS-ehabzaky01","ME-EGSS05","MEKSA-EGSS01","到期","Exp Non-0","2","9","1-3 Classes (Low)","2026-10-06 11:07:23","2026-10-06 11:07:23","SOP Task Assigned","-","STANDARD - Re-engagement & Habit Building","0"
"2642","63708853","EGSS-omarmoneb","ME-EGSS05","MEKSA-EGSS01","围场外","outside pool","2","6","1-3 Classes (Low)","2026-10-06 12:03:12","2026-10-06 12:03:12","SOP Completed Touch","-","STANDARD - Re-engagement & Habit Building","0"
"2644","64236386","EGSS-ehabzaky01","ME-EGSS05","MEKSA-EGSS01","围场外","outside pool","2","7","1-3 Classes (Low)","2026-10-06 12:27:39","2026-10-06 12:27:39","SOP Completed Touch","-","STANDARD - Re-engagement & Habit Building","0"
"2645","60994191","EGSS-omarmoneb","ME-EGSS05","MEKSA-EGSS01","期间","period","2","7","1-3 Classes (Low)","2026-10-06 12:47:16","2026-10-06 12:47:16","SOP Completed Touch","20260708","STANDARD - Re-engagement & Habit Building","0"
"2659","61007375","EGSS-omarmoneb","ME-EGSS05","MEKSA-EGSS01","期间","period","2","9","1-3 Classes (Low)","2026-10-06 15:44:30","2026-10-06 15:44:30","SOP Completed Touch","20251129","STANDARD - Re-engagement & Habit Building","0"
"2676","61012273","EGSS-abdelrahmannasef","ME-EGSS05","MEKSA-EGSS01","期间","period","2","6","1-3 Classes (Low)","2026-10-07 10:44:23","2026-10-07 10:44:23","SOP Task Assigned","-","STANDARD - Re-engagement & Habit Building","0"
"2680","63260372","EGSS-ehabzaky01","ME-EGSS05","MEKSA-EGSS01","期间","period","2","6","1-3 Classes (Low)","2026-10-07 11:12:35","2026-10-07 11:12:35","SOP Task Assigned","-","STANDARD - Re-engagement & Habit Building","0"
"2686","63257138","EGSS-khaledgonam","ME-EGSS05","MEKSA-EGSS01","期间","period","2","6","1-3 Classes (Low)","2026-10-07 12:59:55","2026-10-07 12:59:55","SOP Completed Touch","-","STANDARD - Re-engagement & Habit Building","0"
"2689","58483208","EGSS-abdelrahmannasef","ME-EGSS05","MEKSA-EGSS01","围场外","outside pool","2","10","1-3 Classes (Low)","2026-10-07 13:37:18","2026-10-07 13:37:18","SOP Completed Touch","-","STANDARD - Re-engagement & Habit Building","0"
"2690","61654765","EGSS-samira01","ME-EGSS05","MEKSA-EGSS01","围场外","outside pool","2","25","1-3 Classes (Low)","2026-10-07 13:38:55","2026-10-07 13:38:55","SOP Completed Touch","20260227","STANDARD - Re-engagement & Habit Building","0"
"2695","63673173","EGSS-omarmoneb","ME-EGSS05","MEKSA-EGSS01","围场外","outside pool","2","0","1-3 Classes (Low)","2026-10-07 14:45:11","2026-10-07 14:45:11","SOP Completed Touch","-","STANDARD - Re-engagement & Habit Building","0"
"2696","61527899","EGSS-ehabzaky01","ME-EGSS05","MEKSA-EGSS01","期间","period","2","9","1-3 Classes (Low)","2026-10-07 15:13:53","2026-10-07 15:13:53","SOP Completed Touch","20260113","STANDARD - Re-engagement & Habit Building","0"
"2697","64349780","EGSS-samira01","ME-EGSS05","MEKSA-EGSS01","围场外","outside pool","2","3","1-3 Classes (Low)","2026-10-07 15:24:45","2026-10-07 15:24:45","SOP Completed Touch","-","STANDARD - Re-engagement & Habit Building","0"
"2700","61065778","EGSS-omarmoneb","ME-EGSS05","MEKSA-EGSS01","期间","period","2","10","1-3 Classes (Low)","2026-10-07 15:40:48","2026-10-07 15:40:48","SOP Completed Touch","20251019","STANDARD - Re-engagement & Habit Building","0"
"2701","62609267","EGSS-ibrahimismaiel","ME-EGSS05","MEKSA-EGSS01","围场外","outside pool","2","7","1-3 Classes (Low)","2026-10-07 15:42:24","2026-10-07 15:42:24","SOP Completed Touch","20260815","STANDARD - Re-engagement & Habit Building","0"
"2702","63466033","EGSS-ibrahimismaiel","ME-EGSS05","MEKSA-EGSS01","到期","Exp Non-0","2","11","1-3 Classes (Low)","2026-10-07 15:47:46","2026-10-07 15:47:46","SOP Completed Touch","-","STANDARD - Re-engagement & Habit Building","0"
"2713","63395838","EGSS-ibrahimismaiel","ME-EGSS05","MEKSA-EGSS01","围场外","outside pool","1","7","1-3 Classes (Low)","1970-01-01 00:00:00","No Connection Recorded","No Recorded Connection","-","STANDARD - Re-engagement & Habit Building","0"
"2714","63507740","EGSS-ibrahimismaiel","ME-EGSS05","MEKSA-EGSS01","围场外","outside pool","1","0","1-3 Classes (Low)","1970-01-01 00:00:00","No Connection Recorded","No Recorded Connection","-","STANDARD - Re-engagement & Habit Building","0"
"2719","62971892","EGSS-ibrahimismaiel","ME-EGSS05","MEKSA-EGSS01","围场外","outside pool","1","6","1-3 Classes (Low)","1970-01-01 00:00:00","No Connection Recorded","No Recorded Connection","-","STANDARD - Re-engagement & Habit Building","0"
"2720","62896689","EGSS-ibrahimismaiel","ME-EGSS05","MEKSA-EGSS01","围场外","outside pool","1","7","1-3 Classes (Low)","1970-01-01 00:00:00","No Connection Recorded","No Recorded Connection","-","STANDARD - Re-engagement & Habit Building","0"
"2722","63050319","EGSS-ibrahimismaiel","ME-EGSS05","MEKSA-EGSS01","到期","Exp Non-0","1","2","1-3 Classes (Low)","1970-01-01 00:00:00","No Connection Recorded","No Recorded Connection","-","STANDARD - Re-engagement & Habit Building","0"
"2724","58972096","EGSS-khaledgonam","ME-EGSS05","MEKSA-EGSS01","到期","Exp Non-0","1","6","1-3 Classes (Low)","1970-01-01 00:00:00","No Connection Recorded","No Recorded Connection","-","STANDARD - Re-engagement & Habit Building","0"
"2729","59758773","EGSS-khaledgonam","ME-EGSS05","MEKSA-EGSS01","围场外","outside pool","1","0","1-3 Classes (Low)","1970-01-01 00:00:00","No Connection Recorded","No Recorded Connection","-","STANDARD - Re-engagement & Habit Building","0"
"2731","63827128","EGSS-ibrahimismaiel","ME-EGSS05","MEKSA-EGSS01","围场外","outside pool","1","0","1-3 Classes (Low)","1970-01-01 00:00:00","No Connection Recorded","CRM System Outreach","-","STANDARD - Re-engagement & Habit Building","0"
"2736","64180385","EGSS-ibrahimismaiel","ME-EGSS05","MEKSA-EGSS01","围场外","outside pool","1","0","1-3 Classes (Low)","1970-01-01 00:00:00","No Connection Recorded","No Recorded Connection","-","STANDARD - Re-engagement & Habit Building","0"
"2737","59252331","EGSS-ibrahimismaiel","ME-EGSS05","MEKSA-EGSS01","到期","Exp Non-0","1","7","1-3 Classes (Low)","1970-01-01 00:00:00","No Connection Recorded","No Recorded Connection","-","STANDARD - Re-engagement & Habit Building","0"
"2738","58963811","EGSS-ibrahimismaiel","ME-EGSS05","MEKSA-EGSS01","围场外","outside pool","1","9","1-3 Classes (Low)","1970-01-01 00:00:00","No Connection Recorded","No Recorded Connection","-","STANDARD - Re-engagement & Habit Building","0"
"2742","59447319","EGSS-ibrahimismaiel","ME-EGSS05","MEKSA-EGSS01","围场外","outside pool","1","6","1-3 Classes (Low)","1970-01-01 00:00:00","No Connection Recorded","No Recorded Connection","-","STANDARD - Re-engagement & Habit Building","0"
"2743","63490766","EGSS-ehabzaky01","ME-EGSS05","MEKSA-EGSS01","围场外","outside pool","1","8","1-3 Classes (Low)","1970-01-01 00:00:00","No Connection Recorded","No Recorded Connection","-","STANDARD - Re-engagement & Habit Building","0"
"2744","63481231","EGSS-ehabzaky01","ME-EGSS05","MEKSA-EGSS01","围场外","outside pool","1","11","1-3 Classes (Low)","1970-01-01 00:00:00","No Connection Recorded","No Recorded Connection","-","STANDARD - Re-engagement & Habit Building","0"
"2746","58171805","EGSS-ibrahimismaiel","ME-EGSS05","MEKSA-EGSS01","围场外","outside pool","1","7","1-3 Classes (Low)","1970-01-01 00:00:00","No Connection Recorded","No Recorded Connection","-","STANDARD - Re-engagement & Habit Building","0"
"2747","64291010","EGSS-ehabzaky01","ME-EGSS05","MEKSA-EGSS01","围场外","outside pool","1","0","1-3 Classes (Low)","1970-01-01 00:00:00","No Connection Recorded","No Recorded Connection","-","STANDARD - Re-engagement & Habit Building","0"
"2748","63681943","EGSS-ehabzaky01","ME-EGSS05","MEKSA-EGSS01","围场外","outside pool","1","6","1-3 Classes (Low)","1970-01-01 00:00:00","No Connection Recorded","CRM System Outreach","-","STANDARD - Re-engagement & Habit Building","0"
"2751","62705349","EGSS-ibrahimismaiel","ME-EGSS05","MEKSA-EGSS01","围场外","outside pool","1","0","1-3 Classes (Low)","1970-01-01 00:00:00","No Connection Recorded","No Recorded Connection","-","STANDARD - Re-engagement & Habit Building","0"
"2757","61674923","EGSS-ibrahimismaiel","ME-EGSS05","MEKSA-EGSS01","首单到期","FOE Non-0","1","0","1-3 Classes (Low)","1970-01-01 00:00:00","No Connection Recorded","No Recorded Connection","-","STANDARD - Re-engagement & Habit Building","0"
"2759","62137173","EGSS-ibrahimismaiel","ME-EGSS05","MEKSA-EGSS01","到期","Exp Non-0","1","6","1-3 Classes (Low)","1970-01-01 00:00:00","No Connection Recorded","No Recorded Connection","-","STANDARD - Re-engagement & Habit Building","0"
"2760","62134700","EGSS-ibrahimismaiel","ME-EGSS05","MEKSA-EGSS01","到期","Exp Non-0","1","6","1-3 Classes (Low)","1970-01-01 00:00:00","No Connection Recorded","No Recorded Connection","-","STANDARD - Re-engagement & Habit Building","0"
"2762","62377343","EGSS-omarmoneb","ME-EGSS05","MEKSA-EGSS01","到期","Exp Non-0","1","9","1-3 Classes (Low)","1970-01-01 00:00:00","No Connection Recorded","No Recorded Connection","-","STANDARD - Re-engagement & Habit Building","0"
"2764","62239833","EGSS-omarmoneb","ME-EGSS05","MEKSA-EGSS01","到期","Exp Non-0","1","7","1-3 Classes (Low)","1970-01-01 00:00:00","No Connection Recorded","No Recorded Connection","-","STANDARD - Re-engagement & Habit Building","0"
"2766","62502927","EGSS-omarmoneb","ME-EGSS05","MEKSA-EGSS01","期间","period","1","6","1-3 Classes (Low)","1970-01-01 00:00:00","No Connection Recorded","No Recorded Connection","-","STANDARD - Re-engagement & Habit Building","0"
"2767","62378221","EGSS-omarmoneb","ME-EGSS05","MEKSA-EGSS01","到期","Exp Non-0","1","9","1-3 Classes (Low)","1970-01-01 00:00:00","No Connection Recorded","No Recorded Connection","-","STANDARD - Re-engagement & Habit Building","0"
"2769","61655862","EGSS-omarmoneb","ME-EGSS05","MEKSA-EGSS01","首单到期","FOE Non-0","1","11","1-3 Classes (Low)","1970-01-01 00:00:00","No Connection Recorded","No Recorded Connection","-","STANDARD - Re-engagement & Habit Building","0"
"2770","61281337","EGSS-omarmoneb","ME-EGSS05","MEKSA-EGSS01","到期","Exp Non-0","1","0","1-3 Classes (Low)","1970-01-01 00:00:00","No Connection Recorded","No Recorded Connection","-","STANDARD - Re-engagement & Habit Building","0"
"2771","62213638","EGSS-omarmoneb","ME-EGSS05","MEKSA-EGSS01","围场外","outside pool","1","0","1-3 Classes (Low)","1970-01-01 00:00:00","No Connection Recorded","No Recorded Connection","-","STANDARD - Re-engagement & Habit Building","0"
"2772","62211578","EGSS-omarmoneb","ME-EGSS05","MEKSA-EGSS01","围场外","outside pool","1","7","1-3 Classes (Low)","1970-01-01 00:00:00","No Connection Recorded","No Recorded Connection","-","STANDARD - Re-engagement & Habit Building","0"
"2777","63489672","EGSS-omarmoneb","ME-EGSS05","MEKSA-EGSS01","到期","Exp Non-0","1","9","1-3 Classes (Low)","1970-01-01 00:00:00","No Connection Recorded","No Recorded Connection","-","STANDARD - Re-engagement & Habit Building","0"
"2782","62926302","EGSS-omarmoneb","ME-EGSS05","MEKSA-EGSS01","到期","Exp Non-0","1","7","1-3 Classes (Low)","1970-01-01 00:00:00","No Connection Recorded","No Recorded Connection","-","STANDARD - Re-engagement & Habit Building","0"
"2784","63094744","EGSS-omarmoneb","ME-EGSS05","MEKSA-EGSS01","期间","period","1","6","1-3 Classes (Low)","1970-01-01 00:00:00","No Connection Recorded","No Recorded Connection","-","STANDARD - Re-engagement & Habit Building","0"
"2785","63094497","EGSS-omarmoneb","ME-EGSS05","MEKSA-EGSS01","期间","period","1","6","1-3 Classes (Low)","1970-01-01 00:00:00","No Connection Recorded","No Recorded Connection","-","STANDARD - Re-engagement & Habit Building","0"
"2786","63050503","EGSS-omarmoneb","ME-EGSS05","MEKSA-EGSS01","到期","Exp Non-0","1","0","1-3 Classes (Low)","1970-01-01 00:00:00","No Connection Recorded","No Recorded Connection","-","STANDARD - Re-engagement & Habit Building","0"
"2789","62423258","EGSS-khaledgonam","ME-EGSS05","MEKSA-EGSS01","围场外","outside pool","1","0","1-3 Classes (Low)","1970-01-01 00:00:00","No Connection Recorded","No Recorded Connection","-","STANDARD - Re-engagement & Habit Building","0"
"2790","62423069","EGSS-khaledgonam","ME-EGSS05","MEKSA-EGSS01","围场外","outside pool","1","0","1-3 Classes (Low)","1970-01-01 00:00:00","No Connection Recorded","No Recorded Connection","-","STANDARD - Re-engagement & Habit Building","0"
"2792","62802422","EGSS-khaledgonam","ME-EGSS05","MEKSA-EGSS01","到期","Exp Non-0","1","6","1-3 Classes (Low)","1970-01-01 00:00:00","No Connection Recorded","No Recorded Connection","-","STANDARD - Re-engagement & Habit Building","0"
"2795","61225330","EGSS-khaledgonam","ME-EGSS05","MEKSA-EGSS01","到期","Exp Non-0","1","5","1-3 Classes (Low)","1970-01-01 00:00:00","No Connection Recorded","No Recorded Connection","-","STANDARD - Re-engagement & Habit Building","0"
"2797","62339566","EGSS-khaledgonam","ME-EGSS05","MEKSA-EGSS01","到期","Exp Non-0","1","8","1-3 Classes (Low)","1970-01-01 00:00:00","No Connection Recorded","No Recorded Connection","-","STANDARD - Re-engagement & Habit Building","0"
"2799","62005793","EGSS-khaledgonam","ME-EGSS05","MEKSA-EGSS01","到期","Exp Non-0","1","2","1-3 Classes (Low)","1970-01-01 00:00:00","No Connection Recorded","No Recorded Connection","-","STANDARD - Re-engagement & Habit Building","0"
"2800","63161681","EGSS-khaledgonam","ME-EGSS05","MEKSA-EGSS01","到期","Exp Non-0","1","10","1-3 Classes (Low)","1970-01-01 00:00:00","No Connection Recorded","No Recorded Connection","-","STANDARD - Re-engagement & Habit Building","0"
"2803","58732233","EGSS-omarmoneb","ME-EGSS05","MEKSA-EGSS01","围场外","outside pool","1","7","1-3 Classes (Low)","1970-01-01 00:00:00","No Connection Recorded","No Recorded Connection","-","STANDARD - Re-engagement & Habit Building","0"
"2808","63357957","EGSS-khaledgonam","ME-EGSS05","MEKSA-EGSS01","围场外","outside pool","1","0","1-3 Classes (Low)","1970-01-01 00:00:00","No Connection Recorded","No Recorded Connection","-","STANDARD - Re-engagement & Habit Building","0"
"2809","63195069","EGSS-khaledgonam","ME-EGSS05","MEKSA-EGSS01","期间","period","1","9","1-3 Classes (Low)","1970-01-01 00:00:00","No Connection Recorded","No Recorded Connection","-","STANDARD - Re-engagement & Habit Building","0"
"2871","61386574","EGSS-ehabzaky01","ME-EGSS05","MEKSA-EGSS01","围场外","outside pool","1","7","1-3 Classes (Low)","1970-01-01 00:00:00","No Connection Recorded","No Recorded Connection","-","STANDARD - Re-engagement & Habit Building","0"
"2878","62959730","EGSS-ehabzaky01","ME-EGSS05","MEKSA-EGSS01","围场外","outside pool","1","8","1-3 Classes (Low)","1970-01-01 00:00:00","No Connection Recorded","No Recorded Connection","-","STANDARD - Re-engagement & Habit Building","0"
"2879","62886118","EGSS-ehabzaky01","ME-EGSS05","MEKSA-EGSS01","到期","Exp Non-0","1","9","1-3 Classes (Low)","1970-01-01 00:00:00","No Connection Recorded","No Recorded Connection","-","STANDARD - Re-engagement & Habit Building","0"
"2880","62818188","EGSS-ehabzaky01","ME-EGSS05","MEKSA-EGSS01","到期","Exp Non-0","1","6","1-3 Classes (Low)","1970-01-01 00:00:00","No Connection Recorded","No Recorded Connection","-","STANDARD - Re-engagement & Habit Building","0"
"2882","63073284","EGSS-ehabzaky01","ME-EGSS05","MEKSA-EGSS01","到期","Exp Non-0","1","11","1-3 Classes (Low)","1970-01-01 00:00:00","No Connection Recorded","No Recorded Connection","-","STANDARD - Re-engagement & Habit Building","0"
"2883","62968031","EGSS-ehabzaky01","ME-EGSS05","MEKSA-EGSS01","围场外","outside pool","1","6","1-3 Classes (Low)","1970-01-01 00:00:00","No Connection Recorded","No Recorded Connection","-","STANDARD - Re-engagement & Habit Building","0"
"2887","62802950","EGSS-ehabzaky01","ME-EGSS05","MEKSA-EGSS01","围场外","outside pool","1","7","1-3 Classes (Low)","1970-01-01 00:00:00","No Connection Recorded","No Recorded Connection","-","STANDARD - Re-engagement & Habit Building","0"
"2892","60850738","EGSS-abdelrahmannasef","ME-EGSS05","MEKSA-EGSS01","首单到期","FOE Non-0","1","6","1-3 Classes (Low)","1970-01-01 00:00:00","No Connection Recorded","No Recorded Connection","-","STANDARD - Re-engagement & Habit Building","0"
"2893","59345785","EGSS-abdelrahmannasef","ME-EGSS05","MEKSA-EGSS01","到期","Exp Non-0","1","8","1-3 Classes (Low)","1970-01-01 00:00:00","No Connection Recorded","No Recorded Connection","-","STANDARD - Re-engagement & Habit Building","0"
"2894","62453515","EGSS-abdelrahmannasef","ME-EGSS05","MEKSA-EGSS01","围场外","outside pool","1","0","1-3 Classes (Low)","1970-01-01 00:00:00","No Connection Recorded","No Recorded Connection","-","STANDARD - Re-engagement & Habit Building","0"
"2895","62387859","EGSS-abdelrahmannasef","ME-EGSS05","MEKSA-EGSS01","围场外","outside pool","1","7","1-3 Classes (Low)","1970-01-01 00:00:00","No Connection Recorded","No Recorded Connection","-","STANDARD - Re-engagement & Habit Building","0"
"2900","58709356","EGSS-abdelrahmannasef","ME-EGSS05","MEKSA-EGSS01","围场外","outside pool","1","7","1-3 Classes (Low)","1970-01-01 00:00:00","No Connection Recorded","No Recorded Connection","-","STANDARD - Re-engagement & Habit Building","0"
"2903","63202438","EGSS-abdelrahmannasef","ME-EGSS05","MEKSA-EGSS01","围场外","outside pool","1","9","1-3 Classes (Low)","1970-01-01 00:00:00","No Connection Recorded","No Recorded Connection","-","STANDARD - Re-engagement & Habit Building","0"
"2904","58802535","EGSS-ehabzaky01","ME-EGSS05","MEKSA-EGSS01","围场外","outside pool","1","10","1-3 Classes (Low)","1970-01-01 00:00:00","No Connection Recorded","No Recorded Connection","-","STANDARD - Re-engagement & Habit Building","0"
"2905","58790313","EGSS-ehabzaky01","ME-EGSS05","MEKSA-EGSS01","围场外","outside pool","1","0","1-3 Classes (Low)","1970-01-01 00:00:00","No Connection Recorded","No Recorded Connection","-","STANDARD - Re-engagement & Habit Building","0"
"2906","58569691","EGSS-ehabzaky01","ME-EGSS05","MEKSA-EGSS01","围场外","outside pool","1","9","1-3 Classes (Low)","1970-01-01 00:00:00","No Connection Recorded","No Recorded Connection","-","STANDARD - Re-engagement & Habit Building","0"
"2908","58905948","EGSS-ehabzaky01","ME-EGSS05","MEKSA-EGSS01","到期","Exp Non-0","1","6","1-3 Classes (Low)","1970-01-01 00:00:00","No Connection Recorded","No Recorded Connection","-","STANDARD - Re-engagement & Habit Building","0"
"2910","63466318","EGSS-abdelrahmannasef","ME-EGSS05","MEKSA-EGSS01","围场外","outside pool","1","4","1-3 Classes (Low)","1970-01-01 00:00:00","No Connection Recorded","No Recorded Connection","-","STANDARD - Re-engagement & Habit Building","0"
"2914","63510327","EGSS-abdelrahmannasef","ME-EGSS05","MEKSA-EGSS01","到期","Exp Non-0","1","9","1-3 Classes (Low)","1970-01-01 00:00:00","No Connection Recorded","No Recorded Connection","-","STANDARD - Re-engagement & Habit Building","0"
"2915","63508592","EGSS-abdelrahmannasef","ME-EGSS05","MEKSA-EGSS01","到期","Exp Non-0","1","9","1-3 Classes (Low)","1970-01-01 00:00:00","No Connection Recorded","No Recorded Connection","-","STANDARD - Re-engagement & Habit Building","0"
"2918","58814728","EGSS-samira01","ME-EGSS05","MEKSA-EGSS01","围场外","outside pool","1","0","1-3 Classes (Low)","1970-01-01 00:00:00","No Connection Recorded","No Recorded Connection","-","STANDARD - Re-engagement & Habit Building","0"
"2921","62073061","EGSS-samira01","ME-EGSS05","MEKSA-EGSS01","到期","Exp Non-0","1","4","1-3 Classes (Low)","1970-01-01 00:00:00","No Connection Recorded","No Recorded Connection","-","STANDARD - Re-engagement & Habit Building","0"
"2923","62432782","EGSS-samira01","ME-EGSS05","MEKSA-EGSS01","到期","Exp Non-0","1","9","1-3 Classes (Low)","1970-01-01 00:00:00","No Connection Recorded","No Recorded Connection","-","STANDARD - Re-engagement & Habit Building","0"
"2924","62668060","EGSS-samira01","ME-EGSS05","MEKSA-EGSS01","围场外","outside pool","1","0","1-3 Classes (Low)","1970-01-01 00:00:00","No Connection Recorded","No Recorded Connection","-","STANDARD - Re-engagement & Habit Building","0"
"2925","62660169","EGSS-samira01","ME-EGSS05","MEKSA-EGSS01","围场外","outside pool","1","7","1-3 Classes (Low)","1970-01-01 00:00:00","No Connection Recorded","No Recorded Connection","-","STANDARD - Re-engagement & Habit Building","0"
"2926","62617449","EGSS-samira01","ME-EGSS05","MEKSA-EGSS01","首单到期","FOE Non-0","1","8","1-3 Classes (Low)","1970-01-01 00:00:00","No Connection Recorded","No Recorded Connection","-","STANDARD - Re-engagement & Habit Building","0"
"2928","60612303","EGSS-samira01","ME-EGSS05","MEKSA-EGSS01","围场外","outside pool","1","8","1-3 Classes (Low)","1970-01-01 00:00:00","No Connection Recorded","No Recorded Connection","-","STANDARD - Re-engagement & Habit Building","0"
"2930","62786997","EGSS-samira01","ME-EGSS05","MEKSA-EGSS01","围场外","outside pool","1","7","1-3 Classes (Low)","1970-01-01 00:00:00","No Connection Recorded","No Recorded Connection","-","STANDARD - Re-engagement & Habit Building","0"
"2934","62786978","EGSS-samira01","ME-EGSS05","MEKSA-EGSS01","围场外","outside pool","1","7","1-3 Classes (Low)","1970-01-01 00:00:00","No Connection Recorded","No Recorded Connection","-","STANDARD - Re-engagement & Habit Building","0"
"2938","59352874","EGSS-khaledgonam","ME-EGSS05","MEKSA-EGSS01","围场外","outside pool","1","0","1-3 Classes (Low)","2025-01-28 00:00:00","2025-01-28 00:00:00","Last 1v1 Payment","20250128","STANDARD - Re-engagement & Habit Building","0"
"2941","58925465","EGSS-khaledgonam","ME-EGSS05","MEKSA-EGSS01","围场外","outside pool","1","8","1-3 Classes (Low)","2025-04-30 00:00:00","2025-04-30 00:00:00","Last 1v1 Payment","20250430","STANDARD - Re-engagement & Habit Building","0"
"2944","58557704","EGSS-ehabzaky01","ME-EGSS05","MEKSA-EGSS01","围场外","outside pool","1","8","1-3 Classes (Low)","2025-05-27 00:00:00","2025-05-27 00:00:00","Last 1v1 Payment","20250527","STANDARD - Re-engagement & Habit Building","0"
"2947","60241173","EGSS-khaledgonam","ME-EGSS05","MEKSA-EGSS01","围场外","outside pool","1","4","1-3 Classes (Low)","2025-07-20 00:00:00","2025-07-20 00:00:00","Last 1v1 Payment","20250720","STANDARD - Re-engagement & Habit Building","0"
"2949","59374429","EGSS-khaledgonam","ME-EGSS05","MEKSA-EGSS01","围场外","outside pool","1","10","1-3 Classes (Low)","2025-07-27 00:00:00","2025-07-27 00:00:00","Last 1v1 Payment","20250727","STANDARD - Re-engagement & Habit Building","0"
"2954","60662489","EGSS-samira01","ME-EGSS05","MEKSA-EGSS01","围场外","outside pool","1","9","1-3 Classes (Low)","2025-09-17 00:00:00","2025-09-17 00:00:00","Last 1v1 Payment","20250917","STANDARD - Re-engagement & Habit Building","0"
"2959","58097486","EGSS-ehabzaky01","ME-EGSS05","MEKSA-EGSS01","围场外","outside pool","1","7","1-3 Classes (Low)","2025-09-30 00:00:00","2025-09-30 00:00:00","Last 1v1 Payment","20250930","STANDARD - Re-engagement & Habit Building","0"
"2964","61412097","EGSS-samira01","ME-EGSS05","MEKSA-EGSS01","围场外","outside pool","1","8","1-3 Classes (Low)","2025-11-08 00:00:00","2025-11-08 00:00:00","Last 1v1 Payment","20251108","STANDARD - Re-engagement & Habit Building","0"
"2967","60737352","EGSS-ehabzaky01","ME-EGSS05","MEKSA-EGSS01","围场外","outside pool","1","6","1-3 Classes (Low)","2025-11-17 00:00:00","2025-11-17 00:00:00","Last 1v1 Payment","20251117","STANDARD - Re-engagement & Habit Building","0"
"2969","61354080","EGSS-samira01","ME-EGSS05","MEKSA-EGSS01","围场外","outside pool","1","8","1-3 Classes (Low)","2025-11-27 00:00:00","2025-11-27 00:00:00","Last 1v1 Payment","20251127","STANDARD - Re-engagement & Habit Building","0"
"2972","59443246","EGSS-ibrahimismaiel","ME-EGSS05","MEKSA-EGSS01","围场外","outside pool","1","8","1-3 Classes (Low)","2025-11-29 00:00:00","2025-11-29 00:00:00","Last 1v1 Payment","20251129","STANDARD - Re-engagement & Habit Building","0"
"2978","61511084","EGSS-khaledgonam","ME-EGSS05","MEKSA-EGSS01","围场外","outside pool","1","8","1-3 Classes (Low)","2025-12-24 00:00:00","2025-12-24 00:00:00","Last 1v1 Payment","20251224","STANDARD - Re-engagement & Habit Building","0"
"2979","60709868","EGSS-ehabzaky01","ME-EGSS05","MEKSA-EGSS01","到期","Exp Non-0","1","0","1-3 Classes (Low)","2025-12-25 00:00:00","2025-12-25 00:00:00","Last 1v1 Payment","20251225","STANDARD - Re-engagement & Habit Building","0"
"2985","61723879","EGSS-omarmoneb","ME-EGSS05","MEKSA-EGSS01","围场外","outside pool","1","10","1-3 Classes (Low)","2026-01-11 00:00:00","2026-01-11 00:00:00","Last 1v1 Payment","20260111","STANDARD - Re-engagement & Habit Building","0"
"2988","60139648","EGSS-khaledgonam","ME-EGSS05","MEKSA-EGSS01","围场外","outside pool","1","6","1-3 Classes (Low)","2026-01-16 00:00:00","2026-01-16 00:00:00","Last 1v1 Payment","20260116","STANDARD - Re-engagement & Habit Building","0"
"2989","58355926","EGSS-ibrahimismaiel","ME-EGSS05","MEKSA-EGSS01","到期","Exp Non-0","1","10","1-3 Classes (Low)","2026-01-17 00:00:00","2026-01-17 00:00:00","Last 1v1 Payment","20260117","STANDARD - Re-engagement & Habit Building","0"
"2993","61627632","EGSS-samira01","ME-EGSS05","MEKSA-EGSS01","围场外","outside pool","1","6","1-3 Classes (Low)","2026-01-28 00:00:00","2026-01-28 00:00:00","Last 1v1 Payment","20260128","STANDARD - Re-engagement & Habit Building","0"
"2997","59359310","EGSS-khaledgonam","ME-EGSS05","MEKSA-EGSS01","围场外","outside pool","1","8","1-3 Classes (Low)","2026-02-05 00:00:00","2026-02-05 00:00:00","Last 1v1 Payment","20260205","STANDARD - Re-engagement & Habit Building","0"
"3000","61464697","EGSS-ibrahimismaiel","ME-EGSS05","MEKSA-EGSS01","到期","Exp Non-0","1","8","1-3 Classes (Low)","2026-02-14 00:00:00","2026-02-14 00:00:00","Last 1v1 Payment","20260214","STANDARD - Re-engagement & Habit Building","0"
"3003","61720706","EGSS-omarmoneb","ME-EGSS05","MEKSA-EGSS01","期间","period","1","9","1-3 Classes (Low)","2026-02-28 00:00:00","2026-02-28 00:00:00","Last 1v1 Payment","20260228","STANDARD - Re-engagement & Habit Building","0"
"3005","62202503","EGSS-omarmoneb","ME-EGSS05","MEKSA-EGSS01","围场外","outside pool","1","7","1-3 Classes (Low)","2026-03-02 00:00:00","2026-03-02 00:00:00","Last 1v1 Payment","20260302","STANDARD - Re-engagement & Habit Building","0"
"3007","60985574","EGSS-khaledgonam","ME-EGSS05","MEKSA-EGSS01","期间","period","1","0","1-3 Classes (Low)","2026-03-03 00:00:00","2026-03-03 00:00:00","Last 1v1 Payment","20260303","STANDARD - Re-engagement & Habit Building","0"
"3010","62367509","EGSS-ibrahimismaiel","ME-EGSS05","MEKSA-EGSS01","围场外","outside pool","1","9","1-3 Classes (Low)","2026-03-05 00:00:00","2026-03-05 00:00:00","Last 1v1 Payment","20260305","STANDARD - Re-engagement & Habit Building","0"
"3011","61593728","EGSS-khaledgonam","ME-EGSS05","MEKSA-EGSS01","围场外","outside pool","1","12","1-3 Classes (Low)","2026-03-06 00:00:00","2026-03-06 00:00:00","Last 1v1 Payment","20260306","STANDARD - Re-engagement & Habit Building","0"
"3021","58871139","EGSS-ehabzaky01","ME-EGSS05","MEKSA-EGSS01","围场外","outside pool","1","7","1-3 Classes (Low)","2026-03-28 00:00:00","2026-03-28 00:00:00","Last 1v1 Payment","20260328","STANDARD - Re-engagement & Habit Building","0"
"3023","59606629","EGSS-ibrahimismaiel","ME-EGSS05","MEKSA-EGSS01","围场外","outside pool","1","9","1-3 Classes (Low)","2026-03-29 00:00:00","2026-03-29 00:00:00","Last 1v1 Payment","20260329","STANDARD - Re-engagement & Habit Building","0"
"3025","60602952","EGSS-ehabzaky01","ME-EGSS05","MEKSA-EGSS01","围场外","outside pool","1","0","1-3 Classes (Low)","2026-03-30 00:00:00","2026-03-30 00:00:00","Last 1v1 Payment","20260330","STANDARD - Re-engagement & Habit Building","0"
"3032","61785131","EGSS-ehabzaky01","ME-EGSS05","MEKSA-EGSS01","到期","Exp Non-0","1","7","1-3 Classes (Low)","2026-03-31 00:00:00","2026-03-31 00:00:00","Last 1v1 Payment","20260331","STANDARD - Re-engagement & Habit Building","0"
"3033","59761751","EGSS-omarmoneb","ME-EGSS05","MEKSA-EGSS01","围场外","outside pool","1","6","1-3 Classes (Low)","2026-03-31 00:00:00","2026-03-31 00:00:00","Last 1v1 Payment","20260331","STANDARD - Re-engagement & Habit Building","0"
"3034","61282556","EGSS-ehabzaky01","ME-EGSS05","MEKSA-EGSS01","到期","Exp Non-0","1","2","1-3 Classes (Low)","2026-04-04 00:00:00","2026-04-04 00:00:00","Last 1v1 Payment","20260404","STANDARD - Re-engagement & Habit Building","0"
"3036","58862251","EGSS-omarmoneb","ME-EGSS05","MEKSA-EGSS01","到期","Exp Non-0","1","8","1-3 Classes (Low)","2026-04-06 00:00:00","2026-04-06 00:00:00","Last 1v1 Payment","20260406","STANDARD - Re-engagement & Habit Building","0"
"3038","62565499","EGSS-ehabzaky01","ME-EGSS05","MEKSA-EGSS01","围场外","outside pool","1","7","1-3 Classes (Low)","2026-04-16 00:00:00","2026-04-16 00:00:00","Last 1v1 Payment","20260416","STANDARD - Re-engagement & Habit Building","0"
"3042","62589932","EGSS-ehabzaky01","ME-EGSS05","MEKSA-EGSS01","围场外","outside pool","1","7","1-3 Classes (Low)","2026-04-16 00:00:00","2026-04-16 00:00:00","Last 1v1 Payment","20260416","STANDARD - Re-engagement & Habit Building","0"
"3048","60445910","EGSS-ibrahimismaiel","ME-EGSS05","MEKSA-EGSS01","围场外","outside pool","1","7","1-3 Classes (Low)","2026-04-25 00:00:00","2026-04-25 00:00:00","Last 1v1 Payment","20260425","STANDARD - Re-engagement & Habit Building","0"
"3052","60202617","EGSS-ehabzaky01","ME-EGSS05","MEKSA-EGSS01","围场外","outside pool","1","7","1-3 Classes (Low)","2026-04-27 00:00:00","2026-04-27 00:00:00","Last 1v1 Payment","20260427","STANDARD - Re-engagement & Habit Building","0"
"3056","62566994","EGSS-khaledgonam","ME-EGSS05","MEKSA-EGSS01","围场外","outside pool","1","7","1-3 Classes (Low)","2026-04-29 00:00:00","2026-04-29 00:00:00","Last 1v1 Payment","20260429","STANDARD - Re-engagement & Habit Building","0"
"3066","62630577","EGSS-khaledgonam","ME-EGSS05","MEKSA-EGSS01","围场外","outside pool","1","11","1-3 Classes (Low)","2026-05-12 00:00:00","2026-05-12 00:00:00","Last 1v1 Payment","20260512","STANDARD - Re-engagement & Habit Building","0"
"3067","62630490","EGSS-khaledgonam","ME-EGSS05","MEKSA-EGSS01","围场外","outside pool","1","11","1-3 Classes (Low)","2026-05-12 00:00:00","2026-05-12 00:00:00","Last 1v1 Payment","20260512","STANDARD - Re-engagement & Habit Building","0"
"3071","62728531","EGSS-ehabzaky01","ME-EGSS05","MEKSA-EGSS01","围场外","outside pool","1","12","1-3 Classes (Low)","2026-05-20 00:00:00","2026-05-20 00:00:00","Last 1v1 Payment","20260520","STANDARD - Re-engagement & Habit Building","0"
"3074","62684074","EGSS-samira01","ME-EGSS05","MEKSA-EGSS01","围场外","outside pool","1","9","1-3 Classes (Low)","2026-05-24 00:00:00","2026-05-24 00:00:00","Last 1v1 Payment","20260524","STANDARD - Re-engagement & Habit Building","0"
"3076","59619652","EGSS-omarmoneb","ME-EGSS05","MEKSA-EGSS01","围场外","outside pool","1","6","1-3 Classes (Low)","2026-05-24 00:00:00","2026-05-24 00:00:00","Last 1v1 Payment","20260524","STANDARD - Re-engagement & Habit Building","0"
"3078","62801800","EGSS-abdelrahmannasef","ME-EGSS05","MEKSA-EGSS01","到期","Exp Non-0","1","11","1-3 Classes (Low)","2026-05-25 00:00:00","2026-05-25 00:00:00","Last 1v1 Payment","20260525","STANDARD - Re-engagement & Habit Building","0"
"3079","60915663","EGSS-khaledgonam","ME-EGSS05","MEKSA-EGSS01","围场外","outside pool","1","8","1-3 Classes (Low)","2026-05-25 00:00:00","2026-05-25 00:00:00","Last 1v1 Payment","20260525","STANDARD - Re-engagement & Habit Building","0"
"3081","62627418","EGSS-omarmoneb","ME-EGSS05","MEKSA-EGSS01","围场外","outside pool","1","0","1-3 Classes (Low)","2026-05-26 00:00:00","2026-05-26 00:00:00","Last 1v1 Payment","20260526","STANDARD - Re-engagement & Habit Building","0"
"3082","62795565","EGSS-ehabzaky01","ME-EGSS05","MEKSA-EGSS01","围场外","outside pool","1","8","1-3 Classes (Low)","2026-05-31 00:00:00","2026-05-31 00:00:00","Last 1v1 Payment","20260531","STANDARD - Re-engagement & Habit Building","0"
"3087","58307217","EGSS-khaledgonam","ME-EGSS05","MEKSA-EGSS01","围场外","outside pool","1","1","1-3 Classes (Low)","2026-06-07 00:00:00","2026-06-07 00:00:00","Last 1v1 Payment","20260607","STANDARD - Re-engagement & Habit Building","0"
"3088","60868504","EGSS-khaledgonam","ME-EGSS05","MEKSA-EGSS01","围场外","outside pool","1","8","1-3 Classes (Low)","2026-06-08 00:00:00","2026-06-08 00:00:00","Last 1v1 Payment","20260608","STANDARD - Re-engagement & Habit Building","0"
"3092","62403414","EGSS-ibrahimismaiel","ME-EGSS05","MEKSA-EGSS01","围场外","outside pool","1","11","1-3 Classes (Low)","2026-06-14 00:00:00","2026-06-14 00:00:00","Last 1v1 Payment","20260614","STANDARD - Re-engagement & Habit Building","0"
"3099","62235256","EGSS-omarmoneb","ME-EGSS05","MEKSA-EGSS01","围场外","outside pool","1","8","1-3 Classes (Low)","2026-06-29 00:00:00","2026-06-29 00:00:00","Last 1v1 Payment","20260629","STANDARD - Re-engagement & Habit Building","0"
"3100","60789080","EGSS-khaledgonam","ME-EGSS05","MEKSA-EGSS01","围场外","outside pool","1","8","1-3 Classes (Low)","2026-06-29 00:00:00","2026-06-29 00:00:00","Last 1v1 Payment","20260629","STANDARD - Re-engagement & Habit Building","0"
"3102","60307536","EGSS-khaledgonam","ME-EGSS05","MEKSA-EGSS01","围场外","outside pool","1","0","1-3 Classes (Low)","2026-06-30 00:00:00","2026-06-30 00:00:00","Last 1v1 Payment","20260630","STANDARD - Re-engagement & Habit Building","0"
"3103","58986389","EGSS-ehabzaky01","ME-EGSS05","MEKSA-EGSS01","围场外","outside pool","1","0","1-3 Classes (Low)","2026-07-01 00:00:00","2026-07-01 00:00:00","Last 1v1 Payment","20260701","STANDARD - Re-engagement & Habit Building","0"
"3111","60635885","EGSS-omarmoneb","ME-EGSS05","MEKSA-EGSS01","围场外","outside pool","1","5","1-3 Classes (Low)","2026-07-14 00:00:00","2026-07-14 00:00:00","CRM System Outreach","-","STANDARD - Re-engagement & Habit Building","0"
"3112","62774043","EGSS-ehabzaky01","ME-EGSS05","MEKSA-EGSS01","围场外","outside pool","1","7","1-3 Classes (Low)","2026-07-14 00:00:00","2026-07-14 00:00:00","Last 1v1 Payment","20260714","STANDARD - Re-engagement & Habit Building","0"
"3113","63731475","EGSS-abdelrahmannasef","ME-EGSS05","MEKSA-EGSS01","围场外","outside pool","1","0","1-3 Classes (Low)","2026-07-18 00:00:00","2026-07-18 00:00:00","CRM System Outreach","-","STANDARD - Re-engagement & Habit Building","0"
"3123","60607450","EGSS-khaledgonam","ME-EGSS05","MEKSA-EGSS01","围场外","outside pool","1","3","1-3 Classes (Low)","2026-07-25 00:00:00","2026-07-25 00:00:00","CRM System Outreach","-","STANDARD - Re-engagement & Habit Building","0"
"3126","62906569","EGSS-abdelrahmannasef","ME-EGSS05","MEKSA-EGSS01","围场外","outside pool","1","8","1-3 Classes (Low)","2026-07-27 00:00:00","2026-07-27 00:00:00","Last 1v1 Payment","20260727","STANDARD - Re-engagement & Habit Building","0"
"3127","62919573","EGSS-abdelrahmannasef","ME-EGSS05","MEKSA-EGSS01","围场外","outside pool","1","9","1-3 Classes (Low)","2026-07-27 00:00:00","2026-07-27 00:00:00","Last 1v1 Payment","20260727","STANDARD - Re-engagement & Habit Building","0"
"3135","58559228","EGSS-khaledgonam","ME-EGSS05","MEKSA-EGSS01","围场外","outside pool","1","2","1-3 Classes (Low)","2026-08-02 00:00:00","2026-08-02 00:00:00","CRM System Outreach","-","STANDARD - Re-engagement & Habit Building","0"
"3137","63404615","EGSS-samira01","ME-EGSS05","MEKSA-EGSS01","围场外","outside pool","1","14","1-3 Classes (Low)","2026-08-02 00:00:00","2026-08-02 00:00:00","Last 1v1 Payment","20260802","STANDARD - Re-engagement & Habit Building","0"
"3147","63758878","EGSS-ehabzaky01","ME-EGSS05","MEKSA-EGSS01","围场外","outside pool","1","8","1-3 Classes (Low)","2026-08-09 00:00:00","2026-08-09 00:00:00","CRM System Outreach","-","STANDARD - Re-engagement & Habit Building","0"
"3148","60444707","EGSS-ehabzaky01","ME-EGSS05","MEKSA-EGSS01","围场外","outside pool","1","8","1-3 Classes (Low)","2026-08-12 00:00:00","2026-08-12 00:00:00","Last 1v1 Payment","20260812","STANDARD - Re-engagement & Habit Building","0"
"3150","63812631","EGSS-khaledgonam","ME-EGSS05","MEKSA-EGSS01","围场外","outside pool","1","6","1-3 Classes (Low)","2026-08-13 00:00:00","2026-08-13 00:00:00","CRM System Outreach","-","STANDARD - Re-engagement & Habit Building","0"
"3151","59031891","EGSS-ibrahimismaiel","ME-EGSS05","MEKSA-EGSS01","围场外","outside pool","1","0","1-3 Classes (Low)","2026-08-13 00:00:00","2026-08-13 00:00:00","CRM System Outreach","-","STANDARD - Re-engagement & Habit Building","0"
"3152","63635991","EGSS-samira01","ME-EGSS05","MEKSA-EGSS01","围场外","outside pool","1","7","1-3 Classes (Low)","2026-08-13 00:00:00","2026-08-13 00:00:00","CRM System Outreach","-","STANDARD - Re-engagement & Habit Building","0"
"3153","62272582","EGSS-ibrahimismaiel","ME-EGSS05","MEKSA-EGSS01","围场外","outside pool","1","6","1-3 Classes (Low)","2026-08-15 00:00:00","2026-08-15 00:00:00","CRM System Outreach","-","STANDARD - Re-engagement & Habit Building","0"
"3154","63613989","EGSS-khaledgonam","ME-EGSS05","MEKSA-EGSS01","围场外","outside pool","1","9","1-3 Classes (Low)","2026-08-16 00:00:00","2026-08-16 00:00:00","CRM System Outreach","-","STANDARD - Re-engagement & Habit Building","0"
"3155","58742815","EGSS-ehabzaky01","ME-EGSS05","MEKSA-EGSS01","围场外","outside pool","1","7","1-3 Classes (Low)","2026-08-17 00:00:00","2026-08-17 00:00:00","CRM System Outreach","-","STANDARD - Re-engagement & Habit Building","0"
"3159","63652616","EGSS-ibrahimismaiel","ME-EGSS05","MEKSA-EGSS01","围场外","outside pool","1","0","1-3 Classes (Low)","2026-08-18 00:00:00","2026-08-18 00:00:00","CRM System Outreach","-","STANDARD - Re-engagement & Habit Building","0"
"3160","61207161","EGSS-ibrahimismaiel","ME-EGSS05","MEKSA-EGSS01","围场外","outside pool","1","0","1-3 Classes (Low)","2026-08-18 00:00:00","2026-08-18 00:00:00","Last 1v1 Payment","20260818","STANDARD - Re-engagement & Habit Building","0"
"3162","60131952","EGSS-ehabzaky01","ME-EGSS05","MEKSA-EGSS01","围场外","outside pool","1","0","1-3 Classes (Low)","2026-08-19 00:00:00","2026-08-19 00:00:00","CRM System Outreach","-","STANDARD - Re-engagement & Habit Building","0"
"3167","63830353","EGSS-ibrahimismaiel","ME-EGSS05","MEKSA-EGSS01","围场外","outside pool","1","8","1-3 Classes (Low)","2026-08-22 00:00:00","2026-08-22 00:00:00","CRM System Outreach","-","STANDARD - Re-engagement & Habit Building","0"
"3170","59690462","EGSS-ibrahimismaiel","ME-EGSS05","MEKSA-EGSS01","围场外","outside pool","1","9","1-3 Classes (Low)","2026-08-23 00:00:00","2026-08-23 00:00:00","Last 1v1 Payment","20260823","STANDARD - Re-engagement & Habit Building","0"
"3172","61086267","EGSS-ehabzaky01","ME-EGSS05","MEKSA-EGSS01","围场外","outside pool","1","0","1-3 Classes (Low)","2026-08-27 00:00:00","2026-08-27 00:00:00","Last 1v1 Payment","20260827","STANDARD - Re-engagement & Habit Building","0"
"3173","63712455","EGSS-ehabzaky01","ME-EGSS05","MEKSA-EGSS01","围场外","outside pool","1","7","1-3 Classes (Low)","2026-08-28 00:00:00","2026-08-28 00:00:00","CRM System Outreach","-","STANDARD - Re-engagement & Habit Building","0"
"3174","60425992","EGSS-samira01","ME-EGSS05","MEKSA-EGSS01","围场外","outside pool","1","0","1-3 Classes (Low)","2026-08-28 00:00:00","2026-08-28 00:00:00","Last 1v1 Payment","20260828","STANDARD - Re-engagement & Habit Building","0"
"3177","61638634","EGSS-ibrahimismaiel","ME-EGSS05","MEKSA-EGSS01","围场外","outside pool","1","7","1-3 Classes (Low)","2026-09-01 00:00:00","2026-09-01 00:00:00","Last 1v1 Payment","20260901","STANDARD - Re-engagement & Habit Building","0"
"3183","62283849","EGSS-khaledgonam","ME-EGSS05","MEKSA-EGSS01","围场外","outside pool","1","4","1-3 Classes (Low)","2026-09-08 00:00:00","2026-09-08 00:00:00","Last 1v1 Payment","20260908","STANDARD - Re-engagement & Habit Building","0"
"3184","61715215","EGSS-abdelrahmannasef","ME-EGSS05","MEKSA-EGSS01","围场外","outside pool","1","9","1-3 Classes (Low)","2026-09-15 00:00:00","2026-09-15 00:00:00","Last 1v1 Payment","20260915","STANDARD - Re-engagement & Habit Building","0"
"3185","60105228","EGSS-abdelrahmannasef","ME-EGSS05","MEKSA-EGSS01","围场外","outside pool","1","7","1-3 Classes (Low)","2026-09-15 00:00:00","2026-09-15 00:00:00","Last 1v1 Payment","20260915","STANDARD - Re-engagement & Habit Building","0"
"3190","63546067","EGSS-omarmoneb","ME-EGSS05","MEKSA-EGSS01","围场外","outside pool","1","9","1-3 Classes (Low)","2026-09-27 00:00:00","2026-09-27 00:00:00","Last 1v1 Payment","20260927","STANDARD - Re-engagement & Habit Building","0"
"3197","59470001","EGSS-samira01","ME-EGSS05","MEKSA-EGSS01","围场外","outside pool","1","8","1-3 Classes (Low)","2026-09-29 12:55:58","2026-09-29 12:55:58","SOP Completed Touch","-","STANDARD - Re-engagement & Habit Building","0"
"3198","63379640","EGSS-ibrahimismaiel","ME-EGSS05","MEKSA-EGSS01","围场外","outside pool","1","1","1-3 Classes (Low)","2026-09-29 13:36:16","2026-09-29 13:36:16","SOP Completed Touch","20260805","STANDARD - Re-engagement & Habit Building","0"
"3201","58938872","EGSS-ehabzaky01","ME-EGSS05","MEKSA-EGSS01","围场外","outside pool","1","6","1-3 Classes (Low)","2026-09-29 16:34:40","2026-09-29 16:34:40","SOP Completed Touch","-","STANDARD - Re-engagement & Habit Building","0"
"3204","64123333","EGSS-omarmoneb","ME-EGSS05","MEKSA-EGSS01","升舱","Upgrade M2","1","0","1-3 Classes (Low)","2026-09-30 13:16:48","2026-09-30 13:16:48","SOP Completed Touch","-","STANDARD - Re-engagement & Habit Building","0"
"3208","62272810","EGSS-ibrahimismaiel","ME-EGSS05","MEKSA-EGSS01","围场外","outside pool","1","11","1-3 Classes (Low)","2026-09-30 13:31:13","2026-09-30 13:31:13","SOP Completed Touch","20260309","STANDARD - Re-engagement & Habit Building","0"
"3210","63436162","EGSS-ehabzaky01","ME-EGSS05","MEKSA-EGSS01","到期","Exp Non-0","1","8","1-3 Classes (Low)","2026-09-30 16:22:06","2026-09-30 16:22:06","SOP Completed Touch","-","STANDARD - Re-engagement & Habit Building","0"
"3212","58348113","EGSS-abdelrahmannasef","ME-EGSS05","MEKSA-EGSS01","围场外","outside pool","1","11","1-3 Classes (Low)","2026-10-01 13:20:08","2026-10-01 13:20:08","SOP Completed Touch","20260222","STANDARD - Re-engagement & Habit Building","0"
"3213","58777029","EGSS-samira01","ME-EGSS05","MEKSA-EGSS01","围场外","outside pool","1","9","1-3 Classes (Low)","2026-10-01 14:15:49","2026-10-01 14:15:49","SOP Completed Touch","-","STANDARD - Re-engagement & Habit Building","0"
"3214","64247864","EGSS-ehabzaky01","ME-EGSS05","MEKSA-EGSS01","围场外","outside pool","1","6","1-3 Classes (Low)","2026-10-01 14:36:37","2026-10-01 14:36:37","SOP Completed Touch","-","STANDARD - Re-engagement & Habit Building","0"
"3215","63651375","EGSS-ehabzaky01","ME-EGSS05","MEKSA-EGSS01","围场外","outside pool","1","6","1-3 Classes (Low)","2026-10-01 14:37:01","2026-10-01 14:37:01","SOP Completed Touch","-","STANDARD - Re-engagement & Habit Building","0"
"3218","62096189","EGSS-omarmoneb","ME-EGSS05","MEKSA-EGSS01","到期","Exp Non-0","1","9","1-3 Classes (Low)","2026-10-03 00:00:00","2026-10-03 00:00:00","Last 1v1 Payment","20261003","STANDARD - Re-engagement & Habit Building","0"
"3222","63600990","EGSS-ehabzaky01","ME-EGSS05","MEKSA-EGSS01","升舱","Upgrade M2","1","7","1-3 Classes (Low)","2026-10-03 11:16:42","2026-10-03 11:16:42","SOP Task Assigned","-","STANDARD - Re-engagement & Habit Building","0"
"3224","63989894","EGSS-abdelrahmannasef","ME-EGSS05","MEKSA-EGSS01","升舱","Upgrade M2","1","5","1-3 Classes (Low)","2026-10-03 11:22:24","2026-10-03 11:22:24","SOP Task Assigned","-","STANDARD - Re-engagement & Habit Building","0"
"3227","64144285","EGSS-ehabzaky01","ME-EGSS05","MEKSA-EGSS01","升舱","Upgrade M2","1","7","1-3 Classes (Low)","2026-10-03 11:30:47","2026-10-03 11:30:47","SOP Task Assigned","-","STANDARD - Re-engagement & Habit Building","0"
"3236","63126398","EGSS-omarmoneb","ME-EGSS05","MEKSA-EGSS01","围场外","outside pool","1","9","1-3 Classes (Low)","2026-10-03 15:38:28","2026-10-03 15:38:28","SOP Completed Touch","20260731","STANDARD - Re-engagement & Habit Building","0"
"3237","62874196","EGSS-ibrahimismaiel","ME-EGSS05","MEKSA-EGSS01","围场外","outside pool","1","0","1-3 Classes (Low)","2026-10-03 16:07:24","2026-10-03 16:07:24","SOP Completed Touch","-","STANDARD - Re-engagement & Habit Building","0"
"3238","63679524","EGSS-ibrahimismaiel","ME-EGSS05","MEKSA-EGSS01","升舱","Upgrade M2","1","0","1-3 Classes (Low)","2026-10-03 18:22:21","2026-10-03 18:22:21","SOP Completed Touch","-","STANDARD - Re-engagement & Habit Building","0"
"3239","64052295","EGSS-ibrahimismaiel","ME-EGSS05","MEKSA-EGSS01","升舱","Upgrade M2","1","9","1-3 Classes (Low)","2026-10-03 18:42:43","2026-10-03 18:42:43","SOP Completed Touch","-","STANDARD - Re-engagement & Habit Building","0"
"3246","59490351","EGSS-khaledgonam","ME-EGSS05","MEKSA-EGSS01","到期","Exp Non-0","1","2","1-3 Classes (Low)","2026-10-05 10:06:09","2026-10-05 10:06:09","SOP Task Assigned","-","STANDARD - Re-engagement & Habit Building","0"
"3248","63559893","EGSS-ibrahimismaiel","ME-EGSS05","MEKSA-EGSS01","围场外","outside pool","1","15","1-3 Classes (Low)","2026-10-05 14:00:51","2026-10-05 14:00:51","SOP Completed Touch","-","STANDARD - Re-engagement & Habit Building","0"
"3250","64255653","EGSS-ehabzaky01","ME-EGSS05","MEKSA-EGSS01","围场外","outside pool","1","7","1-3 Classes (Low)","2026-10-05 15:14:09","2026-10-05 15:14:09","SOP Completed Touch","-","STANDARD - Re-engagement & Habit Building","0"
"3253","61079330","EGSS-ehabzaky01","ME-EGSS05","MEKSA-EGSS01","围场外","outside pool","1","6","1-3 Classes (Low)","2026-10-06 11:06:07","2026-10-06 11:06:07","SOP Task Assigned","-","STANDARD - Re-engagement & Habit Building","0"
"3257","64113463","EGSS-khaledgonam","ME-EGSS05","MEKSA-EGSS01","围场外","outside pool","1","1","1-3 Classes (Low)","2026-10-06 11:15:24","2026-10-06 11:15:24","SOP Task Assigned","-","STANDARD - Re-engagement & Habit Building","0"
"3260","64476288","EGSS-ehabzaky01","ME-EGSS05","MEKSA-EGSS01","围场外","outside pool","1","10","1-3 Classes (Low)","2026-10-06 13:15:50","2026-10-06 13:15:50","SOP Completed Touch","-","STANDARD - Re-engagement & Habit Building","0"
"3267","59202463","EGSS-abdelrahmannasef","ME-EGSS05","MEKSA-EGSS01","围场外","outside pool","1","0","1-3 Classes (Low)","2026-10-06 18:59:05","2026-10-06 18:59:05","SOP Completed Touch","-","STANDARD - Re-engagement & Habit Building","0"
"3273","63446598","EGSS-abdelrahmannasef","ME-EGSS05","MEKSA-EGSS01","到期","Exp Non-0","1","11","1-3 Classes (Low)","2026-10-07 11:21:51","2026-10-07 11:21:51","SOP Task Assigned","-","STANDARD - Re-engagement & Habit Building","0"
"3275","64115210","EGSS-khaledgonam","ME-EGSS05","MEKSA-EGSS01","围场外","outside pool","1","0","1-3 Classes (Low)","2026-10-07 11:24:57","2026-10-07 11:24:57","SOP Task Assigned","-","STANDARD - Re-engagement & Habit Building","0"
"3281","64182044","EGSS-abdelrahmannasef","ME-EGSS05","MEKSA-EGSS01","围场外","outside pool","1","7","1-3 Classes (Low)","2026-10-07 13:54:11","2026-10-07 13:54:11","SOP Task Assigned","-","STANDARD - Re-engagement & Habit Building","0"
"3286","63388108","EGSS-omarmoneb","ME-EGSS05","MEKSA-EGSS01","围场外","outside pool","1","8","1-3 Classes (Low)","2026-10-07 14:44:35","2026-10-07 14:44:35","SOP Completed Touch","-","STANDARD - Re-engagement & Habit Building","0"
"3291","60551502","EGSS-samira01","ME-EGSS05","MEKSA-EGSS01","围场外","outside pool","1","7","1-3 Classes (Low)","2026-10-07 16:54:00","2026-10-07 16:54:00","SOP Completed Touch","20251031","STANDARD - Re-engagement & Habit Building","0"
"3293","60744451","EGSS-samira01","ME-EGSS05","MEKSA-EGSS01","围场外","outside pool","1","8","1-3 Classes (Low)","2026-10-07 17:04:07","2026-10-07 17:04:07","SOP Completed Touch","20250918","STANDARD - Re-engagement & Habit Building","0"
"3297","62317224","EGSS-samira01","ME-EGSS05","MEKSA-EGSS01","首单到期","FOE 0-cr","0","0","0 Classes (Dormant)","1970-01-01 00:00:00","No Connection Recorded","No Recorded Connection","-","REACTIVATION - Dormant Student Win-Back","0"
"3301","62394825","EGSS-samira01","ME-EGSS05","MEKSA-EGSS01","到期","Exp 0-cr","0","0","0 Classes (Dormant)","1970-01-01 00:00:00","No Connection Recorded","No Recorded Connection","-","REACTIVATION - Dormant Student Win-Back","0"
"3303","62506516","EGSS-samira01","ME-EGSS05","MEKSA-EGSS01","首单到期","FOE 0-cr","0","0","0 Classes (Dormant)","1970-01-01 00:00:00","No Connection Recorded","No Recorded Connection","-","REACTIVATION - Dormant Student Win-Back","0"
"3306","62317581","EGSS-samira01","ME-EGSS05","MEKSA-EGSS01","首单到期","FOE Non-0","0","0","0 Classes (Dormant)","1970-01-01 00:00:00","No Connection Recorded","No Recorded Connection","-","REACTIVATION - Dormant Student Win-Back","0"
"3317","63155371","EGSS-samira01","ME-EGSS05","MEKSA-EGSS01","到期","Exp Non-0","0","0","0 Classes (Dormant)","1970-01-01 00:00:00","No Connection Recorded","No Recorded Connection","-","REACTIVATION - Dormant Student Win-Back","0"
"3326","62596323","EGSS-ehabzaky01","ME-EGSS05","MEKSA-EGSS01","首单到期","FOE 0-cr","0","0","0 Classes (Dormant)","1970-01-01 00:00:00","No Connection Recorded","No Recorded Connection","-","REACTIVATION - Dormant Student Win-Back","0"
"3327","61420307","EGSS-ehabzaky01","ME-EGSS05","MEKSA-EGSS01","到期","Exp Non-0","0","0","0 Classes (Dormant)","1970-01-01 00:00:00","No Connection Recorded","No Recorded Connection","-","REACTIVATION - Dormant Student Win-Back","0"
"3329","61510224","EGSS-ehabzaky01","ME-EGSS05","MEKSA-EGSS01","首单到期","FOE 0-cr","0","0","0 Classes (Dormant)","1970-01-01 00:00:00","No Connection Recorded","No Recorded Connection","-","REACTIVATION - Dormant Student Win-Back","0"
"3333","61511078","EGSS-ehabzaky01","ME-EGSS05","MEKSA-EGSS01","首单到期","FOE 0-cr","0","0","0 Classes (Dormant)","1970-01-01 00:00:00","No Connection Recorded","No Recorded Connection","-","REACTIVATION - Dormant Student Win-Back","0"
"3336","62596261","EGSS-ehabzaky01","ME-EGSS05","MEKSA-EGSS01","首单到期","FOE Non-0","0","0","0 Classes (Dormant)","1970-01-01 00:00:00","No Connection Recorded","No Recorded Connection","-","REACTIVATION - Dormant Student Win-Back","0"
"3342","62159752","EGSS-ehabzaky01","ME-EGSS05","MEKSA-EGSS01","首单到期","FOE 0-cr","0","0","0 Classes (Dormant)","1970-01-01 00:00:00","No Connection Recorded","No Recorded Connection","-","REACTIVATION - Dormant Student Win-Back","0"
"3343","61923081","EGSS-ehabzaky01","ME-EGSS05","MEKSA-EGSS01","到期","Exp Non-0","0","0","0 Classes (Dormant)","1970-01-01 00:00:00","No Connection Recorded","No Recorded Connection","-","REACTIVATION - Dormant Student Win-Back","0"
"3348","61847031","EGSS-ehabzaky01","ME-EGSS05","MEKSA-EGSS01","首单到期","FOE 0-cr","0","0","0 Classes (Dormant)","1970-01-01 00:00:00","No Connection Recorded","No Recorded Connection","-","REACTIVATION - Dormant Student Win-Back","0"
"3351","62336716","EGSS-ehabzaky01","ME-EGSS05","MEKSA-EGSS01","围场外","outside pool","0","0","0 Classes (Dormant)","1970-01-01 00:00:00","No Connection Recorded","No Recorded Connection","-","REACTIVATION - Dormant Student Win-Back","0"
"3352","62338703","EGSS-samira01","ME-EGSS05","MEKSA-EGSS01","到期","Exp Non-0","0","0","0 Classes (Dormant)","1970-01-01 00:00:00","No Connection Recorded","No Recorded Connection","-","REACTIVATION - Dormant Student Win-Back","0"
"3353","61923410","EGSS-ehabzaky01","ME-EGSS05","MEKSA-EGSS01","围场外","outside pool","0","0","0 Classes (Dormant)","1970-01-01 00:00:00","No Connection Recorded","No Recorded Connection","-","REACTIVATION - Dormant Student Win-Back","0"
"3354","61952608","EGSS-ehabzaky01","ME-EGSS05","MEKSA-EGSS01","首单到期","FOE 0-cr","0","0","0 Classes (Dormant)","1970-01-01 00:00:00","No Connection Recorded","No Recorded Connection","-","REACTIVATION - Dormant Student Win-Back","0"
"3357","62327179","EGSS-samira01","ME-EGSS05","MEKSA-EGSS01","围场外","outside pool","0","0","0 Classes (Dormant)","1970-01-01 00:00:00","No Connection Recorded","No Recorded Connection","-","REACTIVATION - Dormant Student Win-Back","0"
"3360","62148689","EGSS-ehabzaky01","ME-EGSS05","MEKSA-EGSS01","首单到期","FOE Non-0","0","0","0 Classes (Dormant)","1970-01-01 00:00:00","No Connection Recorded","No Recorded Connection","-","REACTIVATION - Dormant Student Win-Back","0"
"3362","63224023","EGSS-samira01","ME-EGSS05","MEKSA-EGSS01","到期","Exp Non-0","0","11","0 Classes (Dormant)","1970-01-01 00:00:00","No Connection Recorded","No Recorded Connection","-","REACTIVATION - Dormant Student Win-Back","0"
"3364","61793039","EGSS-ehabzaky01","ME-EGSS05","MEKSA-EGSS01","首单到期","FOE Non-0","0","0","0 Classes (Dormant)","1970-01-01 00:00:00","No Connection Recorded","No Recorded Connection","-","REACTIVATION - Dormant Student Win-Back","0"
"3367","62522595","EGSS-ehabzaky01","ME-EGSS05","MEKSA-EGSS01","围场外","outside pool","0","0","0 Classes (Dormant)","1970-01-01 00:00:00","No Connection Recorded","No Recorded Connection","-","REACTIVATION - Dormant Student Win-Back","0"
"3369","62388029","EGSS-samira01","ME-EGSS05","MEKSA-EGSS01","围场外","outside pool","0","0","0 Classes (Dormant)","1970-01-01 00:00:00","No Connection Recorded","No Recorded Connection","-","REACTIVATION - Dormant Student Win-Back","0"
"3376","61839865","EGSS-ehabzaky01","ME-EGSS05","MEKSA-EGSS01","到期","Exp Non-0","0","2","0 Classes (Dormant)","1970-01-01 00:00:00","No Connection Recorded","No Recorded Connection","-","REACTIVATION - Dormant Student Win-Back","0"
"3377","62343185","EGSS-ehabzaky01","ME-EGSS05","MEKSA-EGSS01","首单到期","FOE 0-cr","0","0","0 Classes (Dormant)","1970-01-01 00:00:00","No Connection Recorded","No Recorded Connection","-","REACTIVATION - Dormant Student Win-Back","0"
"3383","62439947","EGSS-ehabzaky01","ME-EGSS05","MEKSA-EGSS01","期间","period","0","8","0 Classes (Dormant)","1970-01-01 00:00:00","No Connection Recorded","No Recorded Connection","-","REACTIVATION - Dormant Student Win-Back","0"
"3389","61021050","EGSS-samira01","ME-EGSS05","MEKSA-EGSS01","首单到期","FOE 0-cr","0","0","0 Classes (Dormant)","1970-01-01 00:00:00","No Connection Recorded","No Recorded Connection","-","REACTIVATION - Dormant Student Win-Back","0"
"3390","61019591","EGSS-samira01","ME-EGSS05","MEKSA-EGSS01","首单到期","FOE 0-cr","0","0","0 Classes (Dormant)","1970-01-01 00:00:00","No Connection Recorded","No Recorded Connection","-","REACTIVATION - Dormant Student Win-Back","0"
"3396","62871744","EGSS-samira01","ME-EGSS05","MEKSA-EGSS01","首单到期","FOE Non-0","0","0","0 Classes (Dormant)","1970-01-01 00:00:00","No Connection Recorded","No Recorded Connection","-","REACTIVATION - Dormant Student Win-Back","0"
"3397","62865556","EGSS-samira01","ME-EGSS05","MEKSA-EGSS01","到期","Exp Non-0","0","0","0 Classes (Dormant)","1970-01-01 00:00:00","No Connection Recorded","No Recorded Connection","-","REACTIVATION - Dormant Student Win-Back","0"
"3398","62432536","EGSS-samira01","ME-EGSS05","MEKSA-EGSS01","到期","Exp Non-0","0","9","0 Classes (Dormant)","1970-01-01 00:00:00","No Connection Recorded","No Recorded Connection","-","REACTIVATION - Dormant Student Win-Back","0"
"3406","62962211","EGSS-samira01","ME-EGSS05","MEKSA-EGSS01","到期","Exp 0-cr","0","0","0 Classes (Dormant)","1970-01-01 00:00:00","No Connection Recorded","No Recorded Connection","-","REACTIVATION - Dormant Student Win-Back","0"
"3412","63236216","EGSS-ehabzaky01","ME-EGSS05","MEKSA-EGSS01","围场外","outside pool","0","0","0 Classes (Dormant)","1970-01-01 00:00:00","No Connection Recorded","No Recorded Connection","-","REACTIVATION - Dormant Student Win-Back","0"
"3423","62505997","EGSS-samira01","ME-EGSS05","MEKSA-EGSS01","首单到期","FOE 0-cr","0","0","0 Classes (Dormant)","1970-01-01 00:00:00","No Connection Recorded","No Recorded Connection","-","REACTIVATION - Dormant Student Win-Back","0"
"3439","60978984","EGSS-samira01","ME-EGSS05","MEKSA-EGSS01","首单到期","FOE 0-cr","0","0","0 Classes (Dormant)","1970-01-01 00:00:00","No Connection Recorded","No Recorded Connection","-","REACTIVATION - Dormant Student Win-Back","0"
"3441","62962305","EGSS-samira01","ME-EGSS05","MEKSA-EGSS01","到期","Exp Non-0","0","0","0 Classes (Dormant)","1970-01-01 00:00:00","No Connection Recorded","No Recorded Connection","-","REACTIVATION - Dormant Student Win-Back","0"
"3456","62396463","EGSS-samira01","ME-EGSS05","MEKSA-EGSS01","首单到期","FOE 0-cr","0","0","0 Classes (Dormant)","1970-01-01 00:00:00","No Connection Recorded","No Recorded Connection","-","REACTIVATION - Dormant Student Win-Back","0"
"3463","61052542","EGSS-samira01","ME-EGSS05","MEKSA-EGSS01","首单到期","FOE 0-cr","0","0","0 Classes (Dormant)","1970-01-01 00:00:00","No Connection Recorded","No Recorded Connection","-","REACTIVATION - Dormant Student Win-Back","0"
"3467","62403384","EGSS-samira01","ME-EGSS05","MEKSA-EGSS01","首单到期","FOE 0-cr","0","0","0 Classes (Dormant)","1970-01-01 00:00:00","No Connection Recorded","No Recorded Connection","-","REACTIVATION - Dormant Student Win-Back","0"
"3470","62968132","EGSS-ehabzaky01","ME-EGSS05","MEKSA-EGSS01","到期","Exp 0-cr","0","0","0 Classes (Dormant)","1970-01-01 00:00:00","No Connection Recorded","No Recorded Connection","-","REACTIVATION - Dormant Student Win-Back","0"
"3474","62910769","EGSS-ehabzaky01","ME-EGSS05","MEKSA-EGSS01","到期","Exp Non-0","0","0","0 Classes (Dormant)","1970-01-01 00:00:00","No Connection Recorded","No Recorded Connection","-","REACTIVATION - Dormant Student Win-Back","0"
"3479","63038082","EGSS-ehabzaky01","ME-EGSS05","MEKSA-EGSS01","到期","Exp Non-0","0","0","0 Classes (Dormant)","1970-01-01 00:00:00","No Connection Recorded","No Recorded Connection","-","REACTIVATION - Dormant Student Win-Back","0"
"3491","62903014","EGSS-ehabzaky01","ME-EGSS05","MEKSA-EGSS01","到期","Exp Non-0","0","0","0 Classes (Dormant)","1970-01-01 00:00:00","No Connection Recorded","No Recorded Connection","-","REACTIVATION - Dormant Student Win-Back","0"
"3492","61052395","EGSS-samira01","ME-EGSS05","MEKSA-EGSS01","首单到期","FOE 0-cr","0","0","0 Classes (Dormant)","1970-01-01 00:00:00","No Connection Recorded","No Recorded Connection","-","REACTIVATION - Dormant Student Win-Back","0"
"3496","62554820","EGSS-abdelrahmannasef","ME-EGSS05","MEKSA-EGSS01","围场外","outside pool","0","0","0 Classes (Dormant)","1970-01-01 00:00:00","No Connection Recorded","No Recorded Connection","-","REACTIVATION - Dormant Student Win-Back","0"
"3499","62546162","EGSS-abdelrahmannasef","ME-EGSS05","MEKSA-EGSS01","首单到期","FOE 0-cr","0","0","0 Classes (Dormant)","1970-01-01 00:00:00","No Connection Recorded","No Recorded Connection","-","REACTIVATION - Dormant Student Win-Back","0"
"3500","62549721","EGSS-abdelrahmannasef","ME-EGSS05","MEKSA-EGSS01","围场外","outside pool","0","0","0 Classes (Dormant)","1970-01-01 00:00:00","No Connection Recorded","No Recorded Connection","-","REACTIVATION - Dormant Student Win-Back","0"
"3501","62787895","EGSS-abdelrahmannasef","ME-EGSS05","MEKSA-EGSS01","首单到期","FOE Non-0","0","0","0 Classes (Dormant)","1970-01-01 00:00:00","No Connection Recorded","No Recorded Connection","-","REACTIVATION - Dormant Student Win-Back","0"
"3504","62961211","EGSS-abdelrahmannasef","ME-EGSS05","MEKSA-EGSS01","到期","Exp 0-cr","0","0","0 Classes (Dormant)","1970-01-01 00:00:00","No Connection Recorded","No Recorded Connection","-","REACTIVATION - Dormant Student Win-Back","0"
"3509","62827906","EGSS-samira01","ME-EGSS05","MEKSA-EGSS01","到期","Exp 0-cr","0","0","0 Classes (Dormant)","1970-01-01 00:00:00","No Connection Recorded","No Recorded Connection","-","REACTIVATION - Dormant Student Win-Back","0"
"3511","58908469","EGSS-abdelrahmannasef","ME-EGSS05","MEKSA-EGSS01","首单到期","FOE Non-0","0","0","0 Classes (Dormant)","1970-01-01 00:00:00","No Connection Recorded","No Recorded Connection","-","REACTIVATION - Dormant Student Win-Back","0"
"3512","62463055","EGSS-abdelrahmannasef","ME-EGSS05","MEKSA-EGSS01","到期","Exp Non-0","0","0","0 Classes (Dormant)","1970-01-01 00:00:00","No Connection Recorded","No Recorded Connection","-","REACTIVATION - Dormant Student Win-Back","0"
"3518","58453990","EGSS-abdelrahmannasef","ME-EGSS05","MEKSA-EGSS01","首单到期","FOE 0-cr","0","0","0 Classes (Dormant)","1970-01-01 00:00:00","No Connection Recorded","No Recorded Connection","-","REACTIVATION - Dormant Student Win-Back","0"
"3519","62499657","EGSS-abdelrahmannasef","ME-EGSS05","MEKSA-EGSS01","首单到期","FOE Non-0","0","0","0 Classes (Dormant)","1970-01-01 00:00:00","No Connection Recorded","No Recorded Connection","-","REACTIVATION - Dormant Student Win-Back","0"
"3522","63205477","EGSS-abdelrahmannasef","ME-EGSS05","MEKSA-EGSS01","到期","Exp Non-0","0","0","0 Classes (Dormant)","1970-01-01 00:00:00","No Connection Recorded","No Recorded Connection","-","REACTIVATION - Dormant Student Win-Back","0"
"3525","61773065","EGSS-samira01","ME-EGSS05","MEKSA-EGSS01","首单到期","FOE 0-cr","0","0","0 Classes (Dormant)","1970-01-01 00:00:00","No Connection Recorded","No Recorded Connection","-","REACTIVATION - Dormant Student Win-Back","0"
"3528","61755465","EGSS-samira01","ME-EGSS05","MEKSA-EGSS01","到期","Exp 0-cr","0","0","0 Classes (Dormant)","1970-01-01 00:00:00","No Connection Recorded","No Recorded Connection","-","REACTIVATION - Dormant Student Win-Back","0"
"3531","63325725","EGSS-abdelrahmannasef","ME-EGSS05","MEKSA-EGSS01","围场外","outside pool","0","0","0 Classes (Dormant)","1970-01-01 00:00:00","No Connection Recorded","No Recorded Connection","-","REACTIVATION - Dormant Student Win-Back","0"
"3534","62541452","EGSS-samira01","ME-EGSS05","MEKSA-EGSS01","首单到期","FOE 0-cr","0","0","0 Classes (Dormant)","1970-01-01 00:00:00","No Connection Recorded","No Recorded Connection","-","REACTIVATION - Dormant Student Win-Back","0"
"3542","63164484","EGSS-abdelrahmannasef","ME-EGSS05","MEKSA-EGSS01","到期","Exp Non-0","0","6","0 Classes (Dormant)","1970-01-01 00:00:00","No Connection Recorded","No Recorded Connection","-","REACTIVATION - Dormant Student Win-Back","0"
"3545","63111860","EGSS-abdelrahmannasef","ME-EGSS05","MEKSA-EGSS01","到期","Exp Non-0","0","9","0 Classes (Dormant)","1970-01-01 00:00:00","No Connection Recorded","No Recorded Connection","-","REACTIVATION - Dormant Student Win-Back","0"
"3546","63161445","EGSS-abdelrahmannasef","ME-EGSS05","MEKSA-EGSS01","到期","Exp Non-0","0","6","0 Classes (Dormant)","1970-01-01 00:00:00","No Connection Recorded","No Recorded Connection","-","REACTIVATION - Dormant Student Win-Back","0"
"3548","61821368","EGSS-samira01","ME-EGSS05","MEKSA-EGSS01","到期","Exp 0-cr","0","0","0 Classes (Dormant)","1970-01-01 00:00:00","No Connection Recorded","No Recorded Connection","-","REACTIVATION - Dormant Student Win-Back","0"
"3549","61060913","EGSS-abdelrahmannasef","ME-EGSS05","MEKSA-EGSS01","到期","Exp Non-0","0","0","0 Classes (Dormant)","1970-01-01 00:00:00","No Connection Recorded","No Recorded Connection","-","REACTIVATION - Dormant Student Win-Back","0"
"3550","61127882","EGSS-abdelrahmannasef","ME-EGSS05","MEKSA-EGSS01","首单到期","FOE Non-0","0","0","0 Classes (Dormant)","1970-01-01 00:00:00","No Connection Recorded","No Recorded Connection","-","REACTIVATION - Dormant Student Win-Back","0"
"3551","61137809","EGSS-abdelrahmannasef","ME-EGSS05","MEKSA-EGSS01","首单到期","FOE 0-cr","0","0","0 Classes (Dormant)","1970-01-01 00:00:00","No Connection Recorded","No Recorded Connection","-","REACTIVATION - Dormant Student Win-Back","0"
"3552","60911097","EGSS-abdelrahmannasef","ME-EGSS05","MEKSA-EGSS01","到期","Exp Non-0","0","0","0 Classes (Dormant)","1970-01-01 00:00:00","No Connection Recorded","No Recorded Connection","-","REACTIVATION - Dormant Student Win-Back","0"
"3553","60917706","EGSS-abdelrahmannasef","ME-EGSS05","MEKSA-EGSS01","到期","Exp 0-cr","0","0","0 Classes (Dormant)","1970-01-01 00:00:00","No Connection Recorded","No Recorded Connection","-","REACTIVATION - Dormant Student Win-Back","0"
"3556","61395351","EGSS-abdelrahmannasef","ME-EGSS05","MEKSA-EGSS01","到期","Exp 0-cr","0","0","0 Classes (Dormant)","1970-01-01 00:00:00","No Connection Recorded","No Recorded Connection","-","REACTIVATION - Dormant Student Win-Back","0"
"3557","61601902","EGSS-abdelrahmannasef","ME-EGSS05","MEKSA-EGSS01","首单到期","FOE Non-0","0","0","0 Classes (Dormant)","1970-01-01 00:00:00","No Connection Recorded","No Recorded Connection","-","REACTIVATION - Dormant Student Win-Back","0"
"3559","61199529","EGSS-abdelrahmannasef","ME-EGSS05","MEKSA-EGSS01","首单到期","FOE Non-0","0","0","0 Classes (Dormant)","1970-01-01 00:00:00","No Connection Recorded","No Recorded Connection","-","REACTIVATION - Dormant Student Win-Back","0"
"3561","60160880","EGSS-abdelrahmannasef","ME-EGSS05","MEKSA-EGSS01","到期","Exp Non-0","0","0","0 Classes (Dormant)","1970-01-01 00:00:00","No Connection Recorded","No Recorded Connection","-","REACTIVATION - Dormant Student Win-Back","0"
"3562","60710495","EGSS-abdelrahmannasef","ME-EGSS05","MEKSA-EGSS01","到期","Exp Non-0","0","0","0 Classes (Dormant)","1970-01-01 00:00:00","No Connection Recorded","No Recorded Connection","-","REACTIVATION - Dormant Student Win-Back","0"
"3571","61893080","EGSS-samira01","ME-EGSS05","MEKSA-EGSS01","围场外","outside pool","0","0","0 Classes (Dormant)","1970-01-01 00:00:00","No Connection Recorded","No Recorded Connection","-","REACTIVATION - Dormant Student Win-Back","0"
"3573","60792943","EGSS-abdelrahmannasef","ME-EGSS05","MEKSA-EGSS01","首单到期","FOE Non-0","0","0","0 Classes (Dormant)","1970-01-01 00:00:00","No Connection Recorded","No Recorded Connection","-","REACTIVATION - Dormant Student Win-Back","0"
"3575","61659614","EGSS-abdelrahmannasef","ME-EGSS05","MEKSA-EGSS01","到期","Exp 0-cr","0","0","0 Classes (Dormant)","1970-01-01 00:00:00","No Connection Recorded","No Recorded Connection","-","REACTIVATION - Dormant Student Win-Back","0"
"3577","62338972","EGSS-abdelrahmannasef","ME-EGSS05","MEKSA-EGSS01","到期","Exp 0-cr","0","0","0 Classes (Dormant)","1970-01-01 00:00:00","No Connection Recorded","No Recorded Connection","-","REACTIVATION - Dormant Student Win-Back","0"
"3578","61828313","EGSS-samira01","ME-EGSS05","MEKSA-EGSS01","首单到期","FOE 0-cr","0","0","0 Classes (Dormant)","1970-01-01 00:00:00","No Connection Recorded","No Recorded Connection","-","REACTIVATION - Dormant Student Win-Back","0"
"3579","62280223","EGSS-abdelrahmannasef","ME-EGSS05","MEKSA-EGSS01","首单到期","FOE 0-cr","0","0","0 Classes (Dormant)","1970-01-01 00:00:00","No Connection Recorded","No Recorded Connection","-","REACTIVATION - Dormant Student Win-Back","0"
"3581","62290266","EGSS-abdelrahmannasef","ME-EGSS05","MEKSA-EGSS01","首单到期","FOE 0-cr","0","0","0 Classes (Dormant)","1970-01-01 00:00:00","No Connection Recorded","No Recorded Connection","-","REACTIVATION - Dormant Student Win-Back","0"
"3582","62400824","EGSS-abdelrahmannasef","ME-EGSS05","MEKSA-EGSS01","首单到期","FOE 0-cr","0","0","0 Classes (Dormant)","1970-01-01 00:00:00","No Connection Recorded","No Recorded Connection","-","REACTIVATION - Dormant Student Win-Back","0"
"3583","62440410","EGSS-abdelrahmannasef","ME-EGSS05","MEKSA-EGSS01","首单到期","FOE 0-cr","0","0","0 Classes (Dormant)","1970-01-01 00:00:00","No Connection Recorded","No Recorded Connection","-","REACTIVATION - Dormant Student Win-Back","0"
"3586","62422388","EGSS-abdelrahmannasef","ME-EGSS05","MEKSA-EGSS01","首单到期","FOE 0-cr","0","0","0 Classes (Dormant)","1970-01-01 00:00:00","No Connection Recorded","No Recorded Connection","-","REACTIVATION - Dormant Student Win-Back","0"
"3587","62422679","EGSS-abdelrahmannasef","ME-EGSS05","MEKSA-EGSS01","围场外","outside pool","0","0","0 Classes (Dormant)","1970-01-01 00:00:00","No Connection Recorded","No Recorded Connection","-","REACTIVATION - Dormant Student Win-Back","0"
"3588","61959581","EGSS-samira01","ME-EGSS05","MEKSA-EGSS01","首单到期","FOE 0-cr","0","0","0 Classes (Dormant)","1970-01-01 00:00:00","No Connection Recorded","No Recorded Connection","-","REACTIVATION - Dormant Student Win-Back","0"
"3590","61745778","EGSS-abdelrahmannasef","ME-EGSS05","MEKSA-EGSS01","首单到期","FOE Non-0","0","8","0 Classes (Dormant)","1970-01-01 00:00:00","No Connection Recorded","No Recorded Connection","-","REACTIVATION - Dormant Student Win-Back","0"
"3591","61967583","EGSS-abdelrahmannasef","ME-EGSS05","MEKSA-EGSS01","到期","Exp Non-0","0","0","0 Classes (Dormant)","1970-01-01 00:00:00","No Connection Recorded","No Recorded Connection","-","REACTIVATION - Dormant Student Win-Back","0"
"3592","61706939","EGSS-abdelrahmannasef","ME-EGSS05","MEKSA-EGSS01","首单到期","FOE 0-cr","0","0","0 Classes (Dormant)","1970-01-01 00:00:00","No Connection Recorded","No Recorded Connection","-","REACTIVATION - Dormant Student Win-Back","0"
"3595","61976078","EGSS-abdelrahmannasef","ME-EGSS05","MEKSA-EGSS01","到期","Exp Non-0","0","0","0 Classes (Dormant)","1970-01-01 00:00:00","No Connection Recorded","No Recorded Connection","-","REACTIVATION - Dormant Student Win-Back","0"
"3596","62241245","EGSS-abdelrahmannasef","ME-EGSS05","MEKSA-EGSS01","首单到期","FOE Non-0","0","0","0 Classes (Dormant)","1970-01-01 00:00:00","No Connection Recorded","No Recorded Connection","-","REACTIVATION - Dormant Student Win-Back","0"
"3597","62258060","EGSS-abdelrahmannasef","ME-EGSS05","MEKSA-EGSS01","围场外","outside pool","0","0","0 Classes (Dormant)","1970-01-01 00:00:00","No Connection Recorded","No Recorded Connection","-","REACTIVATION - Dormant Student Win-Back","0"
"3599","62064876","EGSS-abdelrahmannasef","ME-EGSS05","MEKSA-EGSS01","到期","Exp 0-cr","0","0","0 Classes (Dormant)","1970-01-01 00:00:00","No Connection Recorded","No Recorded Connection","-","REACTIVATION - Dormant Student Win-Back","0"
"3600","61842021","EGSS-samira01","ME-EGSS05","MEKSA-EGSS01","首单到期","FOE 0-cr","0","0","0 Classes (Dormant)","1970-01-01 00:00:00","No Connection Recorded","No Recorded Connection","-","REACTIVATION - Dormant Student Win-Back","0"
"3601","62240684","EGSS-abdelrahmannasef","ME-EGSS05","MEKSA-EGSS01","首单到期","FOE Non-0","0","0","0 Classes (Dormant)","1970-01-01 00:00:00","No Connection Recorded","No Recorded Connection","-","REACTIVATION - Dormant Student Win-Back","0"
"3604","60215793","EGSS-ehabzaky01","ME-EGSS05","MEKSA-EGSS01","首单到期","FOE Non-0","0","0","0 Classes (Dormant)","1970-01-01 00:00:00","No Connection Recorded","No Recorded Connection","-","REACTIVATION - Dormant Student Win-Back","0"
"3608","61412618","EGSS-samira01","ME-EGSS05","MEKSA-EGSS01","到期","Exp 0-cr","0","0","0 Classes (Dormant)","1970-01-01 00:00:00","No Connection Recorded","No Recorded Connection","-","REACTIVATION - Dormant Student Win-Back","0"
"3610","62256213","EGSS-samira01","ME-EGSS05","MEKSA-EGSS01","到期","Exp 0-cr","0","0","0 Classes (Dormant)","1970-01-01 00:00:00","No Connection Recorded","No Recorded Connection","-","REACTIVATION - Dormant Student Win-Back","0"
"3615","60671311","EGSS-ehabzaky01","ME-EGSS05","MEKSA-EGSS01","到期","Exp 0-cr","0","0","0 Classes (Dormant)","1970-01-01 00:00:00","No Connection Recorded","No Recorded Connection","-","REACTIVATION - Dormant Student Win-Back","0"
"3617","59448817","EGSS-ehabzaky01","ME-EGSS05","MEKSA-EGSS01","首单到期","FOE Non-0","0","0","0 Classes (Dormant)","1970-01-01 00:00:00","No Connection Recorded","No Recorded Connection","-","REACTIVATION - Dormant Student Win-Back","0"
"3620","59282939","EGSS-ehabzaky01","ME-EGSS05","MEKSA-EGSS01","首单到期","FOE 0-cr","0","0","0 Classes (Dormant)","1970-01-01 00:00:00","No Connection Recorded","No Recorded Connection","-","REACTIVATION - Dormant Student Win-Back","0"
"3621","61501321","EGSS-samira01","ME-EGSS05","MEKSA-EGSS01","首单到期","FOE Non-0","0","0","0 Classes (Dormant)","1970-01-01 00:00:00","No Connection Recorded","No Recorded Connection","-","REACTIVATION - Dormant Student Win-Back","0"
"3625","59699364","EGSS-ehabzaky01","ME-EGSS05","MEKSA-EGSS01","到期","Exp 0-cr","0","0","0 Classes (Dormant)","1970-01-01 00:00:00","No Connection Recorded","No Recorded Connection","-","REACTIVATION - Dormant Student Win-Back","0"
"3627","62254758","EGSS-samira01","ME-EGSS05","MEKSA-EGSS01","到期","Exp 0-cr","0","0","0 Classes (Dormant)","1970-01-01 00:00:00","No Connection Recorded","No Recorded Connection","-","REACTIVATION - Dormant Student Win-Back","0"
"3631","62265886","EGSS-samira01","ME-EGSS05","MEKSA-EGSS01","到期","Exp Non-0","0","0","0 Classes (Dormant)","1970-01-01 00:00:00","No Connection Recorded","No Recorded Connection","-","REACTIVATION - Dormant Student Win-Back","0"
"3634","61166034","EGSS-ehabzaky01","ME-EGSS05","MEKSA-EGSS01","到期","Exp 0-cr","0","0","0 Classes (Dormant)","1970-01-01 00:00:00","No Connection Recorded","No Recorded Connection","-","REACTIVATION - Dormant Student Win-Back","0"
"3635","61197624","EGSS-ehabzaky01","ME-EGSS05","MEKSA-EGSS01","围场外","outside pool","0","0","0 Classes (Dormant)","1970-01-01 00:00:00","No Connection Recorded","No Recorded Connection","-","REACTIVATION - Dormant Student Win-Back","0"
"3639","61420227","EGSS-ehabzaky01","ME-EGSS05","MEKSA-EGSS01","到期","Exp Non-0","0","0","0 Classes (Dormant)","1970-01-01 00:00:00","No Connection Recorded","No Recorded Connection","-","REACTIVATION - Dormant Student Win-Back","0"
"3652","61082254","EGSS-ehabzaky01","ME-EGSS05","MEKSA-EGSS01","首单到期","FOE 0-cr","0","0","0 Classes (Dormant)","1970-01-01 00:00:00","No Connection Recorded","No Recorded Connection","-","REACTIVATION - Dormant Student Win-Back","0"
"3657","64149857","EGSS-abdelrahmannasef","ME-EGSS05","MEKSA-EGSS01","围场外","outside pool","0","0","0 Classes (Dormant)","1970-01-01 00:00:00","No Connection Recorded","No Recorded Connection","-","REACTIVATION - Dormant Student Win-Back","0"
"3660","62540030","EGSS-samira01","ME-EGSS05","MEKSA-EGSS01","首单到期","FOE Non-0","0","0","0 Classes (Dormant)","1970-01-01 00:00:00","No Connection Recorded","No Recorded Connection","-","REACTIVATION - Dormant Student Win-Back","0"
"3664","62094645","EGSS-samira01","ME-EGSS05","MEKSA-EGSS01","首单到期","FOE Non-0","0","0","0 Classes (Dormant)","1970-01-01 00:00:00","No Connection Recorded","No Recorded Connection","-","REACTIVATION - Dormant Student Win-Back","0"
"3673","61747952","EGSS-samira01","ME-EGSS05","MEKSA-EGSS01","首单到期","FOE Non-0","0","0","0 Classes (Dormant)","1970-01-01 00:00:00","No Connection Recorded","No Recorded Connection","-","REACTIVATION - Dormant Student Win-Back","0"
"3674","63488481","EGSS-abdelrahmannasef","ME-EGSS05","MEKSA-EGSS01","到期","Exp Non-0","0","9","0 Classes (Dormant)","1970-01-01 00:00:00","No Connection Recorded","No Recorded Connection","-","REACTIVATION - Dormant Student Win-Back","0"
"3680","63562022","EGSS-abdelrahmannasef","ME-EGSS05","MEKSA-EGSS01","围场外","outside pool","0","8","0 Classes (Dormant)","1970-01-01 00:00:00","No Connection Recorded","No Recorded Connection","-","REACTIVATION - Dormant Student Win-Back","0"
"3681","61662534","EGSS-samira01","ME-EGSS05","MEKSA-EGSS01","首单到期","FOE 0-cr","0","0","0 Classes (Dormant)","1970-01-01 00:00:00","No Connection Recorded","No Recorded Connection","-","REACTIVATION - Dormant Student Win-Back","0"
"3695","61512675","EGSS-samira01","ME-EGSS05","MEKSA-EGSS01","首单到期","FOE 0-cr","0","0","0 Classes (Dormant)","1970-01-01 00:00:00","No Connection Recorded","No Recorded Connection","-","REACTIVATION - Dormant Student Win-Back","0"
"3698","61628567","EGSS-samira01","ME-EGSS05","MEKSA-EGSS01","到期","Exp Non-0","0","0","0 Classes (Dormant)","1970-01-01 00:00:00","No Connection Recorded","No Recorded Connection","-","REACTIVATION - Dormant Student Win-Back","0"
"3700","58335651","EGSS-ehabzaky01","ME-EGSS05","MEKSA-EGSS01","围场外","outside pool","0","0","0 Classes (Dormant)","1970-01-01 00:00:00","No Connection Recorded","No Recorded Connection","-","REACTIVATION - Dormant Student Win-Back","0"
"3701","58551111","EGSS-ehabzaky01","ME-EGSS05","MEKSA-EGSS01","到期","Exp 0-cr","0","0","0 Classes (Dormant)","1970-01-01 00:00:00","No Connection Recorded","No Recorded Connection","-","REACTIVATION - Dormant Student Win-Back","0"
"3706","61620177","EGSS-samira01","ME-EGSS05","MEKSA-EGSS01","首单到期","FOE Non-0","0","0","0 Classes (Dormant)","1970-01-01 00:00:00","No Connection Recorded","No Recorded Connection","-","REACTIVATION - Dormant Student Win-Back","0"
"3709","62544533","EGSS-samira01","ME-EGSS05","MEKSA-EGSS01","围场外","outside pool","0","0","0 Classes (Dormant)","1970-01-01 00:00:00","No Connection Recorded","No Recorded Connection","-","REACTIVATION - Dormant Student Win-Back","0"
"3717","63490509","EGSS-khaledgonam","ME-EGSS05","MEKSA-EGSS01","围场外","outside pool","0","0","0 Classes (Dormant)","1970-01-01 00:00:00","No Connection Recorded","No Recorded Connection","-","REACTIVATION - Dormant Student Win-Back","0"
"3728","63145355","EGSS-khaledgonam","ME-EGSS05","MEKSA-EGSS01","到期","Exp Non-0","0","13","0 Classes (Dormant)","1970-01-01 00:00:00","No Connection Recorded","No Recorded Connection","-","REACTIVATION - Dormant Student Win-Back","0"
"3729","63121807","EGSS-khaledgonam","ME-EGSS05","MEKSA-EGSS01","到期","Exp 0-cr","0","0","0 Classes (Dormant)","1970-01-01 00:00:00","No Connection Recorded","No Recorded Connection","-","REACTIVATION - Dormant Student Win-Back","0"
"3733","63113452","EGSS-khaledgonam","ME-EGSS05","MEKSA-EGSS01","到期","Exp 0-cr","0","0","0 Classes (Dormant)","1970-01-01 00:00:00","No Connection Recorded","No Recorded Connection","-","REACTIVATION - Dormant Student Win-Back","0"
"3735","63121743","EGSS-khaledgonam","ME-EGSS05","MEKSA-EGSS01","到期","Exp 0-cr","0","0","0 Classes (Dormant)","1970-01-01 00:00:00","No Connection Recorded","No Recorded Connection","-","REACTIVATION - Dormant Student Win-Back","0"
"3737","63489028","EGSS-khaledgonam","ME-EGSS05","MEKSA-EGSS01","围场外","outside pool","0","0","0 Classes (Dormant)","1970-01-01 00:00:00","No Connection Recorded","No Recorded Connection","-","REACTIVATION - Dormant Student Win-Back","0"
"3743","59415103","EGSS-samira01","ME-EGSS05","MEKSA-EGSS01","首单到期","FOE Non-0","0","0","0 Classes (Dormant)","1970-01-01 00:00:00","No Connection Recorded","No Recorded Connection","-","REACTIVATION - Dormant Student Win-Back","0"
"3745","59826117","EGSS-omarmoneb","ME-EGSS05","MEKSA-EGSS01","首单到期","FOE 0-cr","0","0","0 Classes (Dormant)","1970-01-01 00:00:00","No Connection Recorded","No Recorded Connection","-","REACTIVATION - Dormant Student Win-Back","0"
"3746","59822193","EGSS-omarmoneb","ME-EGSS05","MEKSA-EGSS01","首单到期","FOE Non-0","0","0","0 Classes (Dormant)","1970-01-01 00:00:00","No Connection Recorded","No Recorded Connection","-","REACTIVATION - Dormant Student Win-Back","0"
"3752","59800903","EGSS-omarmoneb","ME-EGSS05","MEKSA-EGSS01","到期","Exp 0-cr","0","0","0 Classes (Dormant)","1970-01-01 00:00:00","No Connection Recorded","No Recorded Connection","-","REACTIVATION - Dormant Student Win-Back","0"
"3759","59952313","EGSS-omarmoneb","ME-EGSS05","MEKSA-EGSS01","首单到期","FOE 0-cr","0","0","0 Classes (Dormant)","1970-01-01 00:00:00","No Connection Recorded","No Recorded Connection","-","REACTIVATION - Dormant Student Win-Back","0"
"3760","60517434","EGSS-omarmoneb","ME-EGSS05","MEKSA-EGSS01","首单到期","FOE 0-cr","0","0","0 Classes (Dormant)","1970-01-01 00:00:00","No Connection Recorded","No Recorded Connection","-","REACTIVATION - Dormant Student Win-Back","0"
"3761","60121985","EGSS-omarmoneb","ME-EGSS05","MEKSA-EGSS01","到期","Exp Non-0","0","0","0 Classes (Dormant)","1970-01-01 00:00:00","No Connection Recorded","No Recorded Connection","-","REACTIVATION - Dormant Student Win-Back","0"
"3764","63969297","EGSS-khaledgonam","ME-EGSS05","MEKSA-EGSS01","围场外","outside pool","0","0","0 Classes (Dormant)","1970-01-01 00:00:00","No Connection Recorded","No Recorded Connection","-","REACTIVATION - Dormant Student Win-Back","0"
"3765","58457679","EGSS-omarmoneb","ME-EGSS05","MEKSA-EGSS01","到期","Exp 0-cr","0","0","0 Classes (Dormant)","1970-01-01 00:00:00","No Connection Recorded","No Recorded Connection","-","REACTIVATION - Dormant Student Win-Back","0"
"3776","59019680","EGSS-omarmoneb","ME-EGSS05","MEKSA-EGSS01","围场外","outside pool","0","0","0 Classes (Dormant)","1970-01-01 00:00:00","No Connection Recorded","No Recorded Connection","-","REACTIVATION - Dormant Student Win-Back","0"
"3780","63086572","EGSS-khaledgonam","ME-EGSS05","MEKSA-EGSS01","到期","Exp Non-0","0","11","0 Classes (Dormant)","1970-01-01 00:00:00","No Connection Recorded","No Recorded Connection","-","REACTIVATION - Dormant Student Win-Back","0"
"3781","61273478","EGSS-khaledgonam","ME-EGSS05","MEKSA-EGSS01","到期","Exp Non-0","0","0","0 Classes (Dormant)","1970-01-01 00:00:00","No Connection Recorded","No Recorded Connection","-","REACTIVATION - Dormant Student Win-Back","0"
"3784","61335798","EGSS-khaledgonam","ME-EGSS05","MEKSA-EGSS01","首单到期","FOE 0-cr","0","0","0 Classes (Dormant)","1970-01-01 00:00:00","No Connection Recorded","No Recorded Connection","-","REACTIVATION - Dormant Student Win-Back","0"
"3785","60946363","EGSS-khaledgonam","ME-EGSS05","MEKSA-EGSS01","到期","Exp Non-0","0","0","0 Classes (Dormant)","1970-01-01 00:00:00","No Connection Recorded","No Recorded Connection","-","REACTIVATION - Dormant Student Win-Back","0"
"3787","61219171","EGSS-khaledgonam","ME-EGSS05","MEKSA-EGSS01","首单到期","FOE Non-0","0","0","0 Classes (Dormant)","1970-01-01 00:00:00","No Connection Recorded","No Recorded Connection","-","REACTIVATION - Dormant Student Win-Back","0"
"3789","61404320","EGSS-khaledgonam","ME-EGSS05","MEKSA-EGSS01","首单到期","FOE Non-0","0","0","0 Classes (Dormant)","1970-01-01 00:00:00","No Connection Recorded","No Recorded Connection","-","REACTIVATION - Dormant Student Win-Back","0"
"3790","61701197","EGSS-khaledgonam","ME-EGSS05","MEKSA-EGSS01","首单到期","FOE Non-0","0","2","0 Classes (Dormant)","1970-01-01 00:00:00","No Connection Recorded","No Recorded Connection","-","REACTIVATION - Dormant Student Win-Back","0"
"3791","61684505","EGSS-khaledgonam","ME-EGSS05","MEKSA-EGSS01","到期","Exp Non-0","0","0","0 Classes (Dormant)","1970-01-01 00:00:00","No Connection Recorded","No Recorded Connection","-","REACTIVATION - Dormant Student Win-Back","0"
"3792","61744638","EGSS-khaledgonam","ME-EGSS05","MEKSA-EGSS01","首单到期","FOE Non-0","0","0","0 Classes (Dormant)","1970-01-01 00:00:00","No Connection Recorded","No Recorded Connection","-","REACTIVATION - Dormant Student Win-Back","0"
"3793","61722183","EGSS-khaledgonam","ME-EGSS05","MEKSA-EGSS01","到期","Exp 0-cr","0","0","0 Classes (Dormant)","1970-01-01 00:00:00","No Connection Recorded","No Recorded Connection","-","REACTIVATION - Dormant Student Win-Back","0"
"3795","61420391","EGSS-khaledgonam","ME-EGSS05","MEKSA-EGSS01","首单到期","FOE 0-cr","0","0","0 Classes (Dormant)","1970-01-01 00:00:00","No Connection Recorded","No Recorded Connection","-","REACTIVATION - Dormant Student Win-Back","0"
"3796","58653943","EGSS-samira01","ME-EGSS05","MEKSA-EGSS01","到期","Exp Non-0","0","0","0 Classes (Dormant)","1970-01-01 00:00:00","No Connection Recorded","No Recorded Connection","-","REACTIVATION - Dormant Student Win-Back","0"
"3797","61511082","EGSS-khaledgonam","ME-EGSS05","MEKSA-EGSS01","到期","Exp Non-0","0","0","0 Classes (Dormant)","1970-01-01 00:00:00","No Connection Recorded","No Recorded Connection","-","REACTIVATION - Dormant Student Win-Back","0"
"3804","59495068","EGSS-khaledgonam","ME-EGSS05","MEKSA-EGSS01","到期","Exp Non-0","0","0","0 Classes (Dormant)","1970-01-01 00:00:00","No Connection Recorded","No Recorded Connection","-","REACTIVATION - Dormant Student Win-Back","0"
"3807","60115463","EGSS-khaledgonam","ME-EGSS05","MEKSA-EGSS01","首单到期","FOE Non-0","0","10","0 Classes (Dormant)","1970-01-01 00:00:00","No Connection Recorded","No Recorded Connection","-","REACTIVATION - Dormant Student Win-Back","0"
"3811","62701385","EGSS-samira01","ME-EGSS05","MEKSA-EGSS01","到期","Exp Non-0","0","0","0 Classes (Dormant)","1970-01-01 00:00:00","No Connection Recorded","No Recorded Connection","-","REACTIVATION - Dormant Student Win-Back","0"
"3815","60254781","EGSS-khaledgonam","ME-EGSS05","MEKSA-EGSS01","到期","Exp Non-0","0","0","0 Classes (Dormant)","1970-01-01 00:00:00","No Connection Recorded","No Recorded Connection","-","REACTIVATION - Dormant Student Win-Back","0"
"3816","62501059","EGSS-khaledgonam","ME-EGSS05","MEKSA-EGSS01","首单到期","FOE Non-0","0","0","0 Classes (Dormant)","1970-01-01 00:00:00","No Connection Recorded","No Recorded Connection","-","REACTIVATION - Dormant Student Win-Back","0"
"3817","62491234","EGSS-khaledgonam","ME-EGSS05","MEKSA-EGSS01","首单到期","FOE Non-0","0","0","0 Classes (Dormant)","1970-01-01 00:00:00","No Connection Recorded","No Recorded Connection","-","REACTIVATION - Dormant Student Win-Back","0"
"3819","62503925","EGSS-khaledgonam","ME-EGSS05","MEKSA-EGSS01","首单到期","FOE 0-cr","0","0","0 Classes (Dormant)","1970-01-01 00:00:00","No Connection Recorded","No Recorded Connection","-","REACTIVATION - Dormant Student Win-Back","0"
"3820","62438430","EGSS-khaledgonam","ME-EGSS05","MEKSA-EGSS01","首单到期","FOE 0-cr","0","0","0 Classes (Dormant)","1970-01-01 00:00:00","No Connection Recorded","No Recorded Connection","-","REACTIVATION - Dormant Student Win-Back","0"
"3821","62432942","EGSS-khaledgonam","ME-EGSS05","MEKSA-EGSS01","首单到期","FOE Non-0","0","0","0 Classes (Dormant)","1970-01-01 00:00:00","No Connection Recorded","No Recorded Connection","-","REACTIVATION - Dormant Student Win-Back","0"
"3822","62490847","EGSS-khaledgonam","ME-EGSS05","MEKSA-EGSS01","首单到期","FOE Non-0","0","9","0 Classes (Dormant)","1970-01-01 00:00:00","No Connection Recorded","No Recorded Connection","-","REACTIVATION - Dormant Student Win-Back","0"
"3824","59944975","EGSS-samira01","ME-EGSS05","MEKSA-EGSS01","首单到期","FOE Non-0","0","0","0 Classes (Dormant)","1970-01-01 00:00:00","No Connection Recorded","No Recorded Connection","-","REACTIVATION - Dormant Student Win-Back","0"
"3825","62825962","EGSS-khaledgonam","ME-EGSS05","MEKSA-EGSS01","围场外","outside pool","0","0","0 Classes (Dormant)","1970-01-01 00:00:00","No Connection Recorded","No Recorded Connection","-","REACTIVATION - Dormant Student Win-Back","0"
"3827","63024935","EGSS-khaledgonam","ME-EGSS05","MEKSA-EGSS01","到期","Exp Non-0","0","0","0 Classes (Dormant)","1970-01-01 00:00:00","No Connection Recorded","No Recorded Connection","-","REACTIVATION - Dormant Student Win-Back","0"
"3828","63008633","EGSS-khaledgonam","ME-EGSS05","MEKSA-EGSS01","到期","Exp 0-cr","0","0","0 Classes (Dormant)","1970-01-01 00:00:00","No Connection Recorded","No Recorded Connection","-","REACTIVATION - Dormant Student Win-Back","0"
"3830","62582222","EGSS-khaledgonam","ME-EGSS05","MEKSA-EGSS01","首单到期","FOE Non-0","0","0","0 Classes (Dormant)","1970-01-01 00:00:00","No Connection Recorded","No Recorded Connection","-","REACTIVATION - Dormant Student Win-Back","0"
"3832","62821219","EGSS-khaledgonam","ME-EGSS05","MEKSA-EGSS01","到期","Exp Non-0","0","14","0 Classes (Dormant)","1970-01-01 00:00:00","No Connection Recorded","No Recorded Connection","-","REACTIVATION - Dormant Student Win-Back","0"
"3833","62430317","EGSS-khaledgonam","ME-EGSS05","MEKSA-EGSS01","首单到期","FOE Non-0","0","0","0 Classes (Dormant)","1970-01-01 00:00:00","No Connection Recorded","No Recorded Connection","-","REACTIVATION - Dormant Student Win-Back","0"
"3834","61994672","EGSS-khaledgonam","ME-EGSS05","MEKSA-EGSS01","到期","Exp Non-0","0","0","0 Classes (Dormant)","1970-01-01 00:00:00","No Connection Recorded","No Recorded Connection","-","REACTIVATION - Dormant Student Win-Back","0"
"3835","61925430","EGSS-khaledgonam","ME-EGSS05","MEKSA-EGSS01","到期","Exp 0-cr","0","0","0 Classes (Dormant)","1970-01-01 00:00:00","No Connection Recorded","No Recorded Connection","-","REACTIVATION - Dormant Student Win-Back","0"
"3838","61835068","EGSS-khaledgonam","ME-EGSS05","MEKSA-EGSS01","首单到期","FOE 0-cr","0","0","0 Classes (Dormant)","1970-01-01 00:00:00","No Connection Recorded","No Recorded Connection","-","REACTIVATION - Dormant Student Win-Back","0"
"3839","61768195","EGSS-khaledgonam","ME-EGSS05","MEKSA-EGSS01","首单到期","FOE 0-cr","0","0","0 Classes (Dormant)","1970-01-01 00:00:00","No Connection Recorded","No Recorded Connection","-","REACTIVATION - Dormant Student Win-Back","0"
"3840","61925239","EGSS-khaledgonam","ME-EGSS05","MEKSA-EGSS01","到期","Exp 0-cr","0","0","0 Classes (Dormant)","1970-01-01 00:00:00","No Connection Recorded","No Recorded Connection","-","REACTIVATION - Dormant Student Win-Back","0"
"3841","61904086","EGSS-khaledgonam","ME-EGSS05","MEKSA-EGSS01","围场外","outside pool","0","0","0 Classes (Dormant)","1970-01-01 00:00:00","No Connection Recorded","No Recorded Connection","-","REACTIVATION - Dormant Student Win-Back","0"
"3842","62065610","EGSS-khaledgonam","ME-EGSS05","MEKSA-EGSS01","到期","Exp Non-0","0","0","0 Classes (Dormant)","1970-01-01 00:00:00","No Connection Recorded","No Recorded Connection","-","REACTIVATION - Dormant Student Win-Back","0"
"3843","62328704","EGSS-khaledgonam","ME-EGSS05","MEKSA-EGSS01","首单到期","FOE 0-cr","0","0","0 Classes (Dormant)","1970-01-01 00:00:00","No Connection Recorded","No Recorded Connection","-","REACTIVATION - Dormant Student Win-Back","0"
"3844","62309943","EGSS-khaledgonam","ME-EGSS05","MEKSA-EGSS01","首单到期","FOE 0-cr","0","0","0 Classes (Dormant)","1970-01-01 00:00:00","No Connection Recorded","No Recorded Connection","-","REACTIVATION - Dormant Student Win-Back","0"
"3846","62384854","EGSS-khaledgonam","ME-EGSS05","MEKSA-EGSS01","首单到期","FOE Non-0","0","0","0 Classes (Dormant)","1970-01-01 00:00:00","No Connection Recorded","No Recorded Connection","-","REACTIVATION - Dormant Student Win-Back","0"
"3847","62130585","EGSS-khaledgonam","ME-EGSS05","MEKSA-EGSS01","首单到期","FOE 0-cr","0","0","0 Classes (Dormant)","1970-01-01 00:00:00","No Connection Recorded","No Recorded Connection","-","REACTIVATION - Dormant Student Win-Back","0"
"3848","62123728","EGSS-khaledgonam","ME-EGSS05","MEKSA-EGSS01","首单到期","FOE 0-cr","0","0","0 Classes (Dormant)","1970-01-01 00:00:00","No Connection Recorded","No Recorded Connection","-","REACTIVATION - Dormant Student Win-Back","0"
"3849","62253307","EGSS-khaledgonam","ME-EGSS05","MEKSA-EGSS01","首单到期","FOE 0-cr","0","0","0 Classes (Dormant)","1970-01-01 00:00:00","No Connection Recorded","No Recorded Connection","-","REACTIVATION - Dormant Student Win-Back","0"
"3850","62130853","EGSS-khaledgonam","ME-EGSS05","MEKSA-EGSS01","首单到期","FOE Non-0","0","0","0 Classes (Dormant)","1970-01-01 00:00:00","No Connection Recorded","No Recorded Connection","-","REACTIVATION - Dormant Student Win-Back","0"
"3851","62652890","EGSS-omarmoneb","ME-EGSS05","MEKSA-EGSS01","到期","Exp Non-0","0","0","0 Classes (Dormant)","1970-01-01 00:00:00","No Connection Recorded","No Recorded Connection","-","REACTIVATION - Dormant Student Win-Back","0"
"3854","62659743","EGSS-omarmoneb","ME-EGSS05","MEKSA-EGSS01","围场外","outside pool","0","0","0 Classes (Dormant)","1970-01-01 00:00:00","No Connection Recorded","No Recorded Connection","-","REACTIVATION - Dormant Student Win-Back","0"
"3855","62530025","EGSS-omarmoneb","ME-EGSS05","MEKSA-EGSS01","到期","Exp Non-0","0","12","0 Classes (Dormant)","1970-01-01 00:00:00","No Connection Recorded","No Recorded Connection","-","REACTIVATION - Dormant Student Win-Back","0"
"3857","62556165","EGSS-omarmoneb","ME-EGSS05","MEKSA-EGSS01","首单到期","FOE Non-0","0","0","0 Classes (Dormant)","1970-01-01 00:00:00","No Connection Recorded","No Recorded Connection","-","REACTIVATION - Dormant Student Win-Back","0"
"3859","62687961","EGSS-omarmoneb","ME-EGSS05","MEKSA-EGSS01","围场外","outside pool","0","0","0 Classes (Dormant)","1970-01-01 00:00:00","No Connection Recorded","No Recorded Connection","-","REACTIVATION - Dormant Student Win-Back","0"
"3862","62841165","EGSS-omarmoneb","ME-EGSS05","MEKSA-EGSS01","围场外","outside pool","0","0","0 Classes (Dormant)","1970-01-01 00:00:00","No Connection Recorded","No Recorded Connection","-","REACTIVATION - Dormant Student Win-Back","0"
"3863","62821613","EGSS-omarmoneb","ME-EGSS05","MEKSA-EGSS01","到期","Exp 0-cr","0","0","0 Classes (Dormant)","1970-01-01 00:00:00","No Connection Recorded","No Recorded Connection","-","REACTIVATION - Dormant Student Win-Back","0"
"3865","62690084","EGSS-omarmoneb","ME-EGSS05","MEKSA-EGSS01","到期","Exp Non-0","0","0","0 Classes (Dormant)","1970-01-01 00:00:00","No Connection Recorded","No Recorded Connection","-","REACTIVATION - Dormant Student Win-Back","0"
"3866","62788019","EGSS-omarmoneb","ME-EGSS05","MEKSA-EGSS01","首单到期","FOE 0-cr","0","0","0 Classes (Dormant)","1970-01-01 00:00:00","No Connection Recorded","No Recorded Connection","-","REACTIVATION - Dormant Student Win-Back","0"
"3869","62403101","EGSS-omarmoneb","ME-EGSS05","MEKSA-EGSS01","围场外","outside pool","0","0","0 Classes (Dormant)","1970-01-01 00:00:00","No Connection Recorded","No Recorded Connection","-","REACTIVATION - Dormant Student Win-Back","0"
"3873","62351172","EGSS-omarmoneb","ME-EGSS05","MEKSA-EGSS01","围场外","outside pool","0","0","0 Classes (Dormant)","1970-01-01 00:00:00","No Connection Recorded","No Recorded Connection","-","REACTIVATION - Dormant Student Win-Back","0"
"3875","62367169","EGSS-omarmoneb","ME-EGSS05","MEKSA-EGSS01","首单到期","FOE Non-0","0","0","0 Classes (Dormant)","1970-01-01 00:00:00","No Connection Recorded","No Recorded Connection","-","REACTIVATION - Dormant Student Win-Back","0"
"3878","62465592","EGSS-omarmoneb","ME-EGSS05","MEKSA-EGSS01","首单到期","FOE Non-0","0","0","0 Classes (Dormant)","1970-01-01 00:00:00","No Connection Recorded","No Recorded Connection","-","REACTIVATION - Dormant Student Win-Back","0"
"3879","62448520","EGSS-omarmoneb","ME-EGSS05","MEKSA-EGSS01","首单到期","FOE 0-cr","0","0","0 Classes (Dormant)","1970-01-01 00:00:00","No Connection Recorded","No Recorded Connection","-","REACTIVATION - Dormant Student Win-Back","0"
"3880","62498434","EGSS-omarmoneb","ME-EGSS05","MEKSA-EGSS01","首单到期","FOE 0-cr","0","0","0 Classes (Dormant)","1970-01-01 00:00:00","No Connection Recorded","No Recorded Connection","-","REACTIVATION - Dormant Student Win-Back","0"
"3881","62498285","EGSS-omarmoneb","ME-EGSS05","MEKSA-EGSS01","首单到期","FOE 0-cr","0","0","0 Classes (Dormant)","1970-01-01 00:00:00","No Connection Recorded","No Recorded Connection","-","REACTIVATION - Dormant Student Win-Back","0"
"3885","62448268","EGSS-omarmoneb","ME-EGSS05","MEKSA-EGSS01","首单到期","FOE Non-0","0","0","0 Classes (Dormant)","1970-01-01 00:00:00","No Connection Recorded","No Recorded Connection","-","REACTIVATION - Dormant Student Win-Back","0"
"3893","64008316","EGSS-omarmoneb","ME-EGSS05","MEKSA-EGSS01","围场外","outside pool","0","0","0 Classes (Dormant)","1970-01-01 00:00:00","No Connection Recorded","No Recorded Connection","-","REACTIVATION - Dormant Student Win-Back","0"
"3894","58153999","EGSS-samira01","ME-EGSS05","MEKSA-EGSS01","首单到期","FOE Non-0","0","0","0 Classes (Dormant)","1970-01-01 00:00:00","No Connection Recorded","No Recorded Connection","-","REACTIVATION - Dormant Student Win-Back","0"
"3895","58608485","EGSS-samira01","ME-EGSS05","MEKSA-EGSS01","到期","Exp 0-cr","0","0","0 Classes (Dormant)","1970-01-01 00:00:00","No Connection Recorded","No Recorded Connection","-","REACTIVATION - Dormant Student Win-Back","0"
"3896","58605582","EGSS-samira01","ME-EGSS05","MEKSA-EGSS01","到期","Exp Non-0","0","0","0 Classes (Dormant)","1970-01-01 00:00:00","No Connection Recorded","No Recorded Connection","-","REACTIVATION - Dormant Student Win-Back","0"
"3898","58617882","EGSS-samira01","ME-EGSS05","MEKSA-EGSS01","首单到期","FOE Non-0","0","0","0 Classes (Dormant)","1970-01-01 00:00:00","No Connection Recorded","No Recorded Connection","-","REACTIVATION - Dormant Student Win-Back","0"
"3906","63325811","EGSS-omarmoneb","ME-EGSS05","MEKSA-EGSS01","到期","Exp Non-0","0","15","0 Classes (Dormant)","1970-01-01 00:00:00","No Connection Recorded","No Recorded Connection","-","REACTIVATION - Dormant Student Win-Back","0"
"3908","63024776","EGSS-omarmoneb","ME-EGSS05","MEKSA-EGSS01","围场外","outside pool","0","0","0 Classes (Dormant)","1970-01-01 00:00:00","No Connection Recorded","No Recorded Connection","-","REACTIVATION - Dormant Student Win-Back","0"
"3912","63335001","EGSS-omarmoneb","ME-EGSS05","MEKSA-EGSS01","到期","Exp Non-0","0","7","0 Classes (Dormant)","1970-01-01 00:00:00","No Connection Recorded","No Recorded Connection","-","REACTIVATION - Dormant Student Win-Back","0"
"3916","58778166","EGSS-samira01","ME-EGSS05","MEKSA-EGSS01","围场外","outside pool","0","0","0 Classes (Dormant)","1970-01-01 00:00:00","No Connection Recorded","No Recorded Connection","-","REACTIVATION - Dormant Student Win-Back","0"
"3917","58789375","EGSS-samira01","ME-EGSS05","MEKSA-EGSS01","到期","Exp Non-0","0","14","0 Classes (Dormant)","1970-01-01 00:00:00","No Connection Recorded","No Recorded Connection","-","REACTIVATION - Dormant Student Win-Back","0"
"3921","62346131","EGSS-omarmoneb","ME-EGSS05","MEKSA-EGSS01","围场外","outside pool","0","0","0 Classes (Dormant)","1970-01-01 00:00:00","No Connection Recorded","No Recorded Connection","-","REACTIVATION - Dormant Student Win-Back","0"
"3930","62780515","EGSS-samira01","ME-EGSS05","MEKSA-EGSS01","到期","Exp Non-0","0","9","0 Classes (Dormant)","1970-01-01 00:00:00","No Connection Recorded","No Recorded Connection","-","REACTIVATION - Dormant Student Win-Back","0"
"3931","61235680","EGSS-omarmoneb","ME-EGSS05","MEKSA-EGSS01","首单到期","FOE Non-0","0","0","0 Classes (Dormant)","1970-01-01 00:00:00","No Connection Recorded","No Recorded Connection","-","REACTIVATION - Dormant Student Win-Back","0"
"3942","60987924","EGSS-omarmoneb","ME-EGSS05","MEKSA-EGSS01","首单到期","FOE Non-0","0","0","0 Classes (Dormant)","1970-01-01 00:00:00","No Connection Recorded","No Recorded Connection","-","REACTIVATION - Dormant Student Win-Back","0"
"3945","60540033","EGSS-omarmoneb","ME-EGSS05","MEKSA-EGSS01","围场外","outside pool","0","0","0 Classes (Dormant)","1970-01-01 00:00:00","No Connection Recorded","No Recorded Connection","-","REACTIVATION - Dormant Student Win-Back","0"
"3946","60987485","EGSS-omarmoneb","ME-EGSS05","MEKSA-EGSS01","首单到期","FOE 0-cr","0","0","0 Classes (Dormant)","1970-01-01 00:00:00","No Connection Recorded","No Recorded Connection","-","REACTIVATION - Dormant Student Win-Back","0"
"3947","60966540","EGSS-omarmoneb","ME-EGSS05","MEKSA-EGSS01","首单到期","FOE 0-cr","0","0","0 Classes (Dormant)","1970-01-01 00:00:00","No Connection Recorded","No Recorded Connection","-","REACTIVATION - Dormant Student Win-Back","0"
"3950","61010918","EGSS-omarmoneb","ME-EGSS05","MEKSA-EGSS01","首单到期","FOE 0-cr","0","0","0 Classes (Dormant)","1970-01-01 00:00:00","No Connection Recorded","No Recorded Connection","-","REACTIVATION - Dormant Student Win-Back","0"
"3954","60998792","EGSS-omarmoneb","ME-EGSS05","MEKSA-EGSS01","首单到期","FOE 0-cr","0","0","0 Classes (Dormant)","1970-01-01 00:00:00","No Connection Recorded","No Recorded Connection","-","REACTIVATION - Dormant Student Win-Back","0"
"3955","61001058","EGSS-omarmoneb","ME-EGSS05","MEKSA-EGSS01","围场外","outside pool","0","0","0 Classes (Dormant)","1970-01-01 00:00:00","No Connection Recorded","No Recorded Connection","-","REACTIVATION - Dormant Student Win-Back","0"
"3962","62106560","EGSS-omarmoneb","ME-EGSS05","MEKSA-EGSS01","到期","Exp Non-0","0","9","0 Classes (Dormant)","1970-01-01 00:00:00","No Connection Recorded","No Recorded Connection","-","REACTIVATION - Dormant Student Win-Back","0"
"3963","62779575","EGSS-samira01","ME-EGSS05","MEKSA-EGSS01","首单到期","FOE Non-0","0","6","0 Classes (Dormant)","1970-01-01 00:00:00","No Connection Recorded","No Recorded Connection","-","REACTIVATION - Dormant Student Win-Back","0"
"3966","62315501","EGSS-omarmoneb","ME-EGSS05","MEKSA-EGSS01","首单到期","FOE Non-0","0","0","0 Classes (Dormant)","1970-01-01 00:00:00","No Connection Recorded","No Recorded Connection","-","REACTIVATION - Dormant Student Win-Back","0"
"3968","62327856","EGSS-omarmoneb","ME-EGSS05","MEKSA-EGSS01","到期","Exp Non-0","0","0","0 Classes (Dormant)","1970-01-01 00:00:00","No Connection Recorded","No Recorded Connection","-","REACTIVATION - Dormant Student Win-Back","0"
"3970","62310879","EGSS-omarmoneb","ME-EGSS05","MEKSA-EGSS01","首单到期","FOE 0-cr","0","0","0 Classes (Dormant)","1970-01-01 00:00:00","No Connection Recorded","No Recorded Connection","-","REACTIVATION - Dormant Student Win-Back","0"
"3971","62310412","EGSS-omarmoneb","ME-EGSS05","MEKSA-EGSS01","首单到期","FOE Non-0","0","0","0 Classes (Dormant)","1970-01-01 00:00:00","No Connection Recorded","No Recorded Connection","-","REACTIVATION - Dormant Student Win-Back","0"
"3976","61507435","EGSS-omarmoneb","ME-EGSS05","MEKSA-EGSS01","到期","Exp Non-0","0","0","0 Classes (Dormant)","1970-01-01 00:00:00","No Connection Recorded","No Recorded Connection","-","REACTIVATION - Dormant Student Win-Back","0"
"3977","61662795","EGSS-omarmoneb","ME-EGSS05","MEKSA-EGSS01","到期","Exp 0-cr","0","0","0 Classes (Dormant)","1970-01-01 00:00:00","No Connection Recorded","No Recorded Connection","-","REACTIVATION - Dormant Student Win-Back","0"
"3981","61348741","EGSS-omarmoneb","ME-EGSS05","MEKSA-EGSS01","首单到期","FOE 0-cr","0","0","0 Classes (Dormant)","1970-01-01 00:00:00","No Connection Recorded","No Recorded Connection","-","REACTIVATION - Dormant Student Win-Back","0"
"3983","61718244","EGSS-omarmoneb","ME-EGSS05","MEKSA-EGSS01","首单到期","FOE Non-0","0","0","0 Classes (Dormant)","1970-01-01 00:00:00","No Connection Recorded","No Recorded Connection","-","REACTIVATION - Dormant Student Win-Back","0"
"3984","62043307","EGSS-omarmoneb","ME-EGSS05","MEKSA-EGSS01","首单到期","FOE 0-cr","0","0","0 Classes (Dormant)","1970-01-01 00:00:00","No Connection Recorded","No Recorded Connection","-","REACTIVATION - Dormant Student Win-Back","0"
"3985","61912016","EGSS-omarmoneb","ME-EGSS05","MEKSA-EGSS01","首单到期","FOE 0-cr","0","0","0 Classes (Dormant)","1970-01-01 00:00:00","No Connection Recorded","No Recorded Connection","-","REACTIVATION - Dormant Student Win-Back","0"
"3986","62079062","EGSS-omarmoneb","ME-EGSS05","MEKSA-EGSS01","到期","Exp Non-0","0","0","0 Classes (Dormant)","1970-01-01 00:00:00","No Connection Recorded","No Recorded Connection","-","REACTIVATION - Dormant Student Win-Back","0"
"3987","62072328","EGSS-omarmoneb","ME-EGSS05","MEKSA-EGSS01","围场外","outside pool","0","0","0 Classes (Dormant)","1970-01-01 00:00:00","No Connection Recorded","No Recorded Connection","-","REACTIVATION - Dormant Student Win-Back","0"
"3989","61784793","EGSS-omarmoneb","ME-EGSS05","MEKSA-EGSS01","首单到期","FOE 0-cr","0","0","0 Classes (Dormant)","1970-01-01 00:00:00","No Connection Recorded","No Recorded Connection","-","REACTIVATION - Dormant Student Win-Back","0"
"3994","63390601","EGSS-ibrahimismaiel","ME-EGSS05","MEKSA-EGSS01","围场外","outside pool","0","4","0 Classes (Dormant)","1970-01-01 00:00:00","No Connection Recorded","No Recorded Connection","-","REACTIVATION - Dormant Student Win-Back","0"
"3996","60820941","EGSS-samira01","ME-EGSS05","MEKSA-EGSS01","首单到期","FOE 0-cr","0","0","0 Classes (Dormant)","1970-01-01 00:00:00","No Connection Recorded","No Recorded Connection","-","REACTIVATION - Dormant Student Win-Back","0"
"4011","62683071","EGSS-samira01","ME-EGSS05","MEKSA-EGSS01","到期","Exp Non-0","0","0","0 Classes (Dormant)","1970-01-01 00:00:00","No Connection Recorded","No Recorded Connection","-","REACTIVATION - Dormant Student Win-Back","0"
"4012","63024428","EGSS-ibrahimismaiel","ME-EGSS05","MEKSA-EGSS01","到期","Exp Non-0","0","0","0 Classes (Dormant)","1970-01-01 00:00:00","No Connection Recorded","No Recorded Connection","-","REACTIVATION - Dormant Student Win-Back","0"
"4015","63252630","EGSS-ibrahimismaiel","ME-EGSS05","MEKSA-EGSS01","到期","Exp Non-0","0","0","0 Classes (Dormant)","1970-01-01 00:00:00","No Connection Recorded","No Recorded Connection","-","REACTIVATION - Dormant Student Win-Back","0"
"4032","63719901","EGSS-ibrahimismaiel","ME-EGSS05","MEKSA-EGSS01","围场外","outside pool","0","0","0 Classes (Dormant)","1970-01-01 00:00:00","No Connection Recorded","CRM System Outreach","-","REACTIVATION - Dormant Student Win-Back","0"
"4039","60820942","EGSS-samira01","ME-EGSS05","MEKSA-EGSS01","首单到期","FOE 0-cr","0","0","0 Classes (Dormant)","1970-01-01 00:00:00","No Connection Recorded","No Recorded Connection","-","REACTIVATION - Dormant Student Win-Back","0"
"4042","60517230","EGSS-samira01","ME-EGSS05","MEKSA-EGSS01","首单到期","FOE 0-cr","0","0","0 Classes (Dormant)","1970-01-01 00:00:00","No Connection Recorded","No Recorded Connection","-","REACTIVATION - Dormant Student Win-Back","0"
"4047","63673002","EGSS-ibrahimismaiel","ME-EGSS05","MEKSA-EGSS01","围场外","outside pool","0","0","0 Classes (Dormant)","1970-01-01 00:00:00","No Connection Recorded","CRM System Outreach","-","REACTIVATION - Dormant Student Win-Back","0"
"4056","62309284","EGSS-ibrahimismaiel","ME-EGSS05","MEKSA-EGSS01","到期","Exp Non-0","0","9","0 Classes (Dormant)","1970-01-01 00:00:00","No Connection Recorded","No Recorded Connection","-","REACTIVATION - Dormant Student Win-Back","0"
"4060","62395795","EGSS-ibrahimismaiel","ME-EGSS05","MEKSA-EGSS01","首单到期","FOE 0-cr","0","0","0 Classes (Dormant)","1970-01-01 00:00:00","No Connection Recorded","No Recorded Connection","-","REACTIVATION - Dormant Student Win-Back","0"
"4061","62506795","EGSS-ibrahimismaiel","ME-EGSS05","MEKSA-EGSS01","到期","Exp 0-cr","0","0","0 Classes (Dormant)","1970-01-01 00:00:00","No Connection Recorded","No Recorded Connection","-","REACTIVATION - Dormant Student Win-Back","0"
"4064","62474819","EGSS-ibrahimismaiel","ME-EGSS05","MEKSA-EGSS01","首单到期","FOE Non-0","0","0","0 Classes (Dormant)","1970-01-01 00:00:00","No Connection Recorded","No Recorded Connection","-","REACTIVATION - Dormant Student Win-Back","0"
"4067","62405340","EGSS-ibrahimismaiel","ME-EGSS05","MEKSA-EGSS01","首单到期","FOE Non-0","0","0","0 Classes (Dormant)","1970-01-01 00:00:00","No Connection Recorded","No Recorded Connection","-","REACTIVATION - Dormant Student Win-Back","0"
"4069","61672528","EGSS-ibrahimismaiel","ME-EGSS05","MEKSA-EGSS01","到期","Exp 0-cr","0","0","0 Classes (Dormant)","1970-01-01 00:00:00","No Connection Recorded","No Recorded Connection","-","REACTIVATION - Dormant Student Win-Back","0"
"4077","62015742","EGSS-ibrahimismaiel","ME-EGSS05","MEKSA-EGSS01","围场外","outside pool","0","8","0 Classes (Dormant)","1970-01-01 00:00:00","No Connection Recorded","No Recorded Connection","-","REACTIVATION - Dormant Student Win-Back","0"
"4078","62059135","EGSS-ibrahimismaiel","ME-EGSS05","MEKSA-EGSS01","到期","Exp Non-0","0","0","0 Classes (Dormant)","1970-01-01 00:00:00","No Connection Recorded","No Recorded Connection","-","REACTIVATION - Dormant Student Win-Back","0"
"4079","61959924","EGSS-ibrahimismaiel","ME-EGSS05","MEKSA-EGSS01","首单到期","FOE Non-0","0","0","0 Classes (Dormant)","1970-01-01 00:00:00","No Connection Recorded","No Recorded Connection","-","REACTIVATION - Dormant Student Win-Back","0"
"4080","61940673","EGSS-ibrahimismaiel","ME-EGSS05","MEKSA-EGSS01","到期","Exp Non-0","0","0","0 Classes (Dormant)","1970-01-01 00:00:00","No Connection Recorded","No Recorded Connection","-","REACTIVATION - Dormant Student Win-Back","0"
"4090","62895078","EGSS-ibrahimismaiel","ME-EGSS05","MEKSA-EGSS01","到期","Exp Non-0","0","0","0 Classes (Dormant)","1970-01-01 00:00:00","No Connection Recorded","No Recorded Connection","-","REACTIVATION - Dormant Student Win-Back","0"
"4092","62909377","EGSS-ibrahimismaiel","ME-EGSS05","MEKSA-EGSS01","到期","Exp Non-0","0","27","0 Classes (Dormant)","1970-01-01 00:00:00","No Connection Recorded","No Recorded Connection","-","REACTIVATION - Dormant Student Win-Back","0"
"4093","60765146","EGSS-ibrahimismaiel","ME-EGSS05","MEKSA-EGSS01","首单到期","FOE 0-cr","0","0","0 Classes (Dormant)","1970-01-01 00:00:00","No Connection Recorded","No Recorded Connection","-","REACTIVATION - Dormant Student Win-Back","0"
"4094","60562909","EGSS-samira01","ME-EGSS05","MEKSA-EGSS01","到期","Exp Non-0","0","0","0 Classes (Dormant)","1970-01-01 00:00:00","No Connection Recorded","No Recorded Connection","-","REACTIVATION - Dormant Student Win-Back","0"
"4098","62616354","EGSS-ibrahimismaiel","ME-EGSS05","MEKSA-EGSS01","首单到期","FOE Non-0","0","0","0 Classes (Dormant)","1970-01-01 00:00:00","No Connection Recorded","No Recorded Connection","-","REACTIVATION - Dormant Student Win-Back","0"
"4100","62672256","EGSS-ibrahimismaiel","ME-EGSS05","MEKSA-EGSS01","首单到期","FOE 0-cr","0","0","0 Classes (Dormant)","1970-01-01 00:00:00","No Connection Recorded","No Recorded Connection","-","REACTIVATION - Dormant Student Win-Back","0"
"4101","62514419","EGSS-ibrahimismaiel","ME-EGSS05","MEKSA-EGSS01","首单到期","FOE Non-0","0","0","0 Classes (Dormant)","1970-01-01 00:00:00","No Connection Recorded","No Recorded Connection","-","REACTIVATION - Dormant Student Win-Back","0"
"4109","62780548","EGSS-ibrahimismaiel","ME-EGSS05","MEKSA-EGSS01","围场外","outside pool","0","10","0 Classes (Dormant)","1970-01-01 00:00:00","No Connection Recorded","No Recorded Connection","-","REACTIVATION - Dormant Student Win-Back","0"
"4115","58595547","EGSS-khaledgonam","ME-EGSS05","MEKSA-EGSS01","围场外","outside pool","0","0","0 Classes (Dormant)","1970-01-01 00:00:00","No Connection Recorded","No Recorded Connection","-","REACTIVATION - Dormant Student Win-Back","0"
"4118","59186603","EGSS-khaledgonam","ME-EGSS05","MEKSA-EGSS01","围场外","outside pool","0","0","0 Classes (Dormant)","1970-01-01 00:00:00","No Connection Recorded","No Recorded Connection","-","REACTIVATION - Dormant Student Win-Back","0"
"4122","60928200","EGSS-samira01","ME-EGSS05","MEKSA-EGSS01","围场外","outside pool","0","0","0 Classes (Dormant)","1970-01-01 00:00:00","No Connection Recorded","No Recorded Connection","-","REACTIVATION - Dormant Student Win-Back","0"
"4123","64191206","EGSS-ehabzaky01","ME-EGSS05","MEKSA-EGSS01","围场外","outside pool","0","0","0 Classes (Dormant)","1970-01-01 00:00:00","No Connection Recorded","No Recorded Connection","-","REACTIVATION - Dormant Student Win-Back","0"
"4128","62728395","EGSS-samira01","ME-EGSS05","MEKSA-EGSS01","首单到期","FOE Non-0","0","9","0 Classes (Dormant)","1970-01-01 00:00:00","No Connection Recorded","No Recorded Connection","-","REACTIVATION - Dormant Student Win-Back","0"
"4137","58292333","EGSS-ibrahimismaiel","ME-EGSS05","MEKSA-EGSS01","围场外","outside pool","0","0","0 Classes (Dormant)","1970-01-01 00:00:00","No Connection Recorded","No Recorded Connection","-","REACTIVATION - Dormant Student Win-Back","0"
"4151","60932503","EGSS-samira01","ME-EGSS05","MEKSA-EGSS01","围场外","outside pool","0","0","0 Classes (Dormant)","1970-01-01 00:00:00","No Connection Recorded","No Recorded Connection","-","REACTIVATION - Dormant Student Win-Back","0"
"4153","58740524","EGSS-khaledgonam","ME-EGSS05","MEKSA-EGSS01","围场外","outside pool","0","0","0 Classes (Dormant)","1970-01-01 00:00:00","No Connection Recorded","No Recorded Connection","-","REACTIVATION - Dormant Student Win-Back","0"
"4162","64290907","EGSS-ehabzaky01","ME-EGSS05","MEKSA-EGSS01","围场外","outside pool","0","0","0 Classes (Dormant)","1970-01-01 00:00:00","No Connection Recorded","No Recorded Connection","-","REACTIVATION - Dormant Student Win-Back","0"
"4164","61569373","EGSS-khaledgonam","ME-EGSS05","MEKSA-EGSS01","首单到期","FOE Non-0","0","0","0 Classes (Dormant)","1970-01-01 00:00:00","No Connection Recorded","No Recorded Connection","-","REACTIVATION - Dormant Student Win-Back","0"
"4169","63988309","EGSS-ibrahimismaiel","ME-EGSS05","MEKSA-EGSS01","围场外","outside pool","0","0","0 Classes (Dormant)","1970-01-01 00:00:00","No Connection Recorded","No Recorded Connection","-","REACTIVATION - Dormant Student Win-Back","0"
"4185","60894162","EGSS-samira01","ME-EGSS05","MEKSA-EGSS01","到期","Exp 0-cr","0","0","0 Classes (Dormant)","1970-01-01 00:00:00","No Connection Recorded","No Recorded Connection","-","REACTIVATION - Dormant Student Win-Back","0"
"4192","63995025","EGSS-ibrahimismaiel","ME-EGSS05","MEKSA-EGSS01","围场外","outside pool","0","0","0 Classes (Dormant)","1970-01-01 00:00:00","No Connection Recorded","No Recorded Connection","-","REACTIVATION - Dormant Student Win-Back","0"
"4201","58963032","EGSS-ehabzaky01","ME-EGSS05","MEKSA-EGSS01","围场外","outside pool","0","0","0 Classes (Dormant)","2024-10-25 00:00:00","2024-10-25 00:00:00","Last 1v1 Payment","20241025","REACTIVATION - Dormant Student Win-Back","0"
"4204","59120063","EGSS-abdelrahmannasef","ME-EGSS05","MEKSA-EGSS01","到期","Exp 0-cr","0","0","0 Classes (Dormant)","2024-11-23 00:00:00","2024-11-23 00:00:00","Last 1v1 Payment","20241123","REACTIVATION - Dormant Student Win-Back","0"
"4205","59119508","EGSS-abdelrahmannasef","ME-EGSS05","MEKSA-EGSS01","到期","Exp 0-cr","0","0","0 Classes (Dormant)","2024-11-23 00:00:00","2024-11-23 00:00:00","Last 1v1 Payment","20241123","REACTIVATION - Dormant Student Win-Back","0"
"4216","59372122","EGSS-samira01","ME-EGSS05","MEKSA-EGSS01","到期","Exp Non-0","0","10","0 Classes (Dormant)","2025-01-27 00:00:00","2025-01-27 00:00:00","Last 1v1 Payment","20250127","REACTIVATION - Dormant Student Win-Back","0"
"4222","58594870","EGSS-ehabzaky01","ME-EGSS05","MEKSA-EGSS01","到期","Exp Non-0","0","0","0 Classes (Dormant)","2025-02-27 00:00:00","2025-02-27 00:00:00","Last 1v1 Payment","20250227","REACTIVATION - Dormant Student Win-Back","0"
"4230","58958253","EGSS-ehabzaky01","ME-EGSS05","MEKSA-EGSS01","到期","Exp Non-0","0","0","0 Classes (Dormant)","2025-04-15 00:00:00","2025-04-15 00:00:00","Last 1v1 Payment","20250415","REACTIVATION - Dormant Student Win-Back","0"
"4231","58957875","EGSS-ehabzaky01","ME-EGSS05","MEKSA-EGSS01","到期","Exp 0-cr","0","0","0 Classes (Dormant)","2025-04-15 00:00:00","2025-04-15 00:00:00","Last 1v1 Payment","20250415","REACTIVATION - Dormant Student Win-Back","0"
"4236","59847397","EGSS-ehabzaky01","ME-EGSS05","MEKSA-EGSS01","到期","Exp 0-cr","0","0","0 Classes (Dormant)","2025-04-27 00:00:00","2025-04-27 00:00:00","Last 1v1 Payment","20250427","REACTIVATION - Dormant Student Win-Back","0"
"4237","59255040","EGSS-samira01","ME-EGSS05","MEKSA-EGSS01","围场外","outside pool","0","0","0 Classes (Dormant)","2025-04-27 00:00:00","2025-04-27 00:00:00","Last 1v1 Payment","20250427","REACTIVATION - Dormant Student Win-Back","0"
"4240","59690706","EGSS-ibrahimismaiel","ME-EGSS05","MEKSA-EGSS01","到期","Exp 0-cr","0","0","0 Classes (Dormant)","2025-04-28 00:00:00","2025-04-28 00:00:00","Last 1v1 Payment","20250428","REACTIVATION - Dormant Student Win-Back","0"
"4249","59932656","EGSS-abdelrahmannasef","ME-EGSS05","MEKSA-EGSS01","到期","Exp Non-0","0","0","0 Classes (Dormant)","2025-05-17 00:00:00","2025-05-17 00:00:00","Last 1v1 Payment","20250517","REACTIVATION - Dormant Student Win-Back","0"
"4256","60206320","EGSS-khaledgonam","ME-EGSS05","MEKSA-EGSS01","到期","Exp Non-0","0","0","0 Classes (Dormant)","2025-06-24 00:00:00","2025-06-24 00:00:00","Last 1v1 Payment","20250624","REACTIVATION - Dormant Student Win-Back","0"
"4257","59113476","EGSS-ibrahimismaiel","ME-EGSS05","MEKSA-EGSS01","围场外","outside pool","0","0","0 Classes (Dormant)","2025-06-25 00:00:00","2025-06-25 00:00:00","Last 1v1 Payment","20250625","REACTIVATION - Dormant Student Win-Back","0"
"4258","60140692","EGSS-samira01","ME-EGSS05","MEKSA-EGSS01","到期","Exp 0-cr","0","0","0 Classes (Dormant)","2025-06-27 00:00:00","2025-06-27 00:00:00","Last 1v1 Payment","20250627","REACTIVATION - Dormant Student Win-Back","0"
"4259","60193052","EGSS-khaledgonam","ME-EGSS05","MEKSA-EGSS01","围场外","outside pool","0","7","0 Classes (Dormant)","2025-06-28 00:00:00","2025-06-28 00:00:00","Last 1v1 Payment","20250628","REACTIVATION - Dormant Student Win-Back","0"
"4260","59519466","EGSS-ibrahimismaiel","ME-EGSS05","MEKSA-EGSS01","围场外","outside pool","0","0","0 Classes (Dormant)","2025-06-28 00:00:00","2025-06-28 00:00:00","Last 1v1 Payment","20250628","REACTIVATION - Dormant Student Win-Back","0"
"4263","59864982","EGSS-samira01","ME-EGSS05","MEKSA-EGSS01","到期","Exp 0-cr","0","0","0 Classes (Dormant)","2025-06-29 00:00:00","2025-06-29 00:00:00","Last 1v1 Payment","20250629","REACTIVATION - Dormant Student Win-Back","0"
"4278","60106614","EGSS-ibrahimismaiel","ME-EGSS05","MEKSA-EGSS01","到期","Exp Non-0","0","0","0 Classes (Dormant)","2025-07-31 00:00:00","2025-07-31 00:00:00","Last 1v1 Payment","20250731","REACTIVATION - Dormant Student Win-Back","0"
"4280","60326911","EGSS-khaledgonam","ME-EGSS05","MEKSA-EGSS01","到期","Exp 0-cr","0","0","0 Classes (Dormant)","2025-07-31 00:00:00","2025-07-31 00:00:00","Last 1v1 Payment","20250731","REACTIVATION - Dormant Student Win-Back","0"
"4281","58601487","EGSS-khaledgonam","ME-EGSS05","MEKSA-EGSS01","到期","Exp 0-cr","0","0","0 Classes (Dormant)","2025-08-04 00:00:00","2025-08-04 00:00:00","Last 1v1 Payment","20250804","REACTIVATION - Dormant Student Win-Back","0"
"4282","58940671","EGSS-khaledgonam","ME-EGSS05","MEKSA-EGSS01","到期","Exp 0-cr","0","0","0 Classes (Dormant)","2025-08-04 00:00:00","2025-08-04 00:00:00","Last 1v1 Payment","20250804","REACTIVATION - Dormant Student Win-Back","0"
"4289","58777452","EGSS-khaledgonam","ME-EGSS05","MEKSA-EGSS01","到期","Exp 0-cr","0","0","0 Classes (Dormant)","2025-08-12 00:00:00","2025-08-12 00:00:00","Last 1v1 Payment","20250812","REACTIVATION - Dormant Student Win-Back","0"
"4290","60559355","EGSS-khaledgonam","ME-EGSS05","MEKSA-EGSS01","围场外","outside pool","0","0","0 Classes (Dormant)","2025-08-17 00:00:00","2025-08-17 00:00:00","Last 1v1 Payment","20250817","REACTIVATION - Dormant Student Win-Back","0"
"4291","58745679","EGSS-khaledgonam","ME-EGSS05","MEKSA-EGSS01","围场外","outside pool","0","0","0 Classes (Dormant)","2025-08-18 00:00:00","2025-08-18 00:00:00","Last 1v1 Payment","20250818","REACTIVATION - Dormant Student Win-Back","0"
"4293","60513218","EGSS-samira01","ME-EGSS05","MEKSA-EGSS01","到期","Exp Non-0","0","0","0 Classes (Dormant)","2025-08-20 00:00:00","2025-08-20 00:00:00","Last 1v1 Payment","20250820","REACTIVATION - Dormant Student Win-Back","0"
"4301","58556911","EGSS-khaledgonam","ME-EGSS05","MEKSA-EGSS01","围场外","outside pool","0","0","0 Classes (Dormant)","2025-08-30 00:00:00","2025-08-30 00:00:00","Last 1v1 Payment","20250830","REACTIVATION - Dormant Student Win-Back","0"
"4302","60760610","EGSS-abdelrahmannasef","ME-EGSS05","MEKSA-EGSS01","围场外","outside pool","0","0","0 Classes (Dormant)","2025-08-30 00:00:00","2025-08-30 00:00:00","Last 1v1 Payment","20250830","REACTIVATION - Dormant Student Win-Back","0"
"4304","60622190","EGSS-omarmoneb","ME-EGSS05","MEKSA-EGSS01","到期","Exp 0-cr","0","0","0 Classes (Dormant)","2025-09-03 00:00:00","2025-09-03 00:00:00","Last 1v1 Payment","20250903","REACTIVATION - Dormant Student Win-Back","0"
"4309","60087898","EGSS-ehabzaky01","ME-EGSS05","MEKSA-EGSS01","到期","Exp 0-cr","0","0","0 Classes (Dormant)","2025-09-14 00:00:00","2025-09-14 00:00:00","Last 1v1 Payment","20250914","REACTIVATION - Dormant Student Win-Back","0"
"4312","59818242","EGSS-samira01","ME-EGSS05","MEKSA-EGSS01","到期","Exp 0-cr","0","0","0 Classes (Dormant)","2025-09-15 00:00:00","2025-09-15 00:00:00","Last 1v1 Payment","20250915","REACTIVATION - Dormant Student Win-Back","0"
"4321","60604718","EGSS-ibrahimismaiel","ME-EGSS05","MEKSA-EGSS01","到期","Exp 0-cr","0","0","0 Classes (Dormant)","2025-09-28 00:00:00","2025-09-28 00:00:00","Last 1v1 Payment","20250928","REACTIVATION - Dormant Student Win-Back","0"
"4322","60604761","EGSS-ibrahimismaiel","ME-EGSS05","MEKSA-EGSS01","到期","Exp Non-0","0","12","0 Classes (Dormant)","2025-09-28 00:00:00","2025-09-28 00:00:00","Last 1v1 Payment","20250928","REACTIVATION - Dormant Student Win-Back","0"
"4327","60552763","EGSS-ibrahimismaiel","ME-EGSS05","MEKSA-EGSS01","到期","Exp Non-0","0","0","0 Classes (Dormant)","2025-09-29 00:00:00","2025-09-29 00:00:00","Last 1v1 Payment","20250929","REACTIVATION - Dormant Student Win-Back","0"
"4328","59874680","EGSS-ibrahimismaiel","ME-EGSS05","MEKSA-EGSS01","到期","Exp 0-cr","0","0","0 Classes (Dormant)","2025-09-29 00:00:00","2025-09-29 00:00:00","Last 1v1 Payment","20250929","REACTIVATION - Dormant Student Win-Back","0"
"4329","60712068","EGSS-ehabzaky01","ME-EGSS05","MEKSA-EGSS01","围场外","outside pool","0","0","0 Classes (Dormant)","2025-09-29 00:00:00","2025-09-29 00:00:00","Last 1v1 Payment","20250929","REACTIVATION - Dormant Student Win-Back","0"
"4331","60725018","EGSS-omarmoneb","ME-EGSS05","MEKSA-EGSS01","到期","Exp Non-0","0","0","0 Classes (Dormant)","2025-09-30 00:00:00","2025-09-30 00:00:00","Last 1v1 Payment","20250930","REACTIVATION - Dormant Student Win-Back","0"
"4335","59402945","EGSS-khaledgonam","ME-EGSS05","MEKSA-EGSS01","围场外","outside pool","0","0","0 Classes (Dormant)","2025-09-30 00:00:00","2025-09-30 00:00:00","Last 1v1 Payment","20250930","REACTIVATION - Dormant Student Win-Back","0"
"4336","60672020","EGSS-khaledgonam","ME-EGSS05","MEKSA-EGSS01","到期","Exp Non-0","0","7","0 Classes (Dormant)","2025-09-30 00:00:00","2025-09-30 00:00:00","Last 1v1 Payment","20250930","REACTIVATION - Dormant Student Win-Back","0"
"4339","61019895","EGSS-omarmoneb","ME-EGSS05","MEKSA-EGSS01","围场外","outside pool","0","0","0 Classes (Dormant)","2025-10-06 00:00:00","2025-10-06 00:00:00","Last 1v1 Payment","20251006","REACTIVATION - Dormant Student Win-Back","0"
"4347","61092226","EGSS-khaledgonam","ME-EGSS05","MEKSA-EGSS01","到期","Exp Non-0","0","9","0 Classes (Dormant)","2025-10-11 00:00:00","2025-10-11 00:00:00","Last 1v1 Payment","20251011","REACTIVATION - Dormant Student Win-Back","0"
"4353","60811494","EGSS-samira01","ME-EGSS05","MEKSA-EGSS01","到期","Exp Non-0","0","0","0 Classes (Dormant)","2025-10-15 00:00:00","2025-10-15 00:00:00","Last 1v1 Payment","20251015","REACTIVATION - Dormant Student Win-Back","0"
"4354","60909052","EGSS-khaledgonam","ME-EGSS05","MEKSA-EGSS01","围场外","outside pool","0","0","0 Classes (Dormant)","2025-10-15 00:00:00","2025-10-15 00:00:00","Last 1v1 Payment","20251015","REACTIVATION - Dormant Student Win-Back","0"
"4357","60724424","EGSS-samira01","ME-EGSS05","MEKSA-EGSS01","到期","Exp Non-0","0","0","0 Classes (Dormant)","2025-10-16 00:00:00","2025-10-16 00:00:00","Last 1v1 Payment","20251016","REACTIVATION - Dormant Student Win-Back","0"
"4364","60966877","EGSS-khaledgonam","ME-EGSS05","MEKSA-EGSS01","到期","Exp 0-cr","0","0","0 Classes (Dormant)","2025-10-27 00:00:00","2025-10-27 00:00:00","Last 1v1 Payment","20251027","REACTIVATION - Dormant Student Win-Back","0"
"4366","59303257","EGSS-ibrahimismaiel","ME-EGSS05","MEKSA-EGSS01","围场外","outside pool","0","0","0 Classes (Dormant)","2025-10-27 00:00:00","2025-10-27 00:00:00","Last 1v1 Payment","20251027","REACTIVATION - Dormant Student Win-Back","0"
"4375","61035483","EGSS-khaledgonam","ME-EGSS05","MEKSA-EGSS01","围场外","outside pool","0","0","0 Classes (Dormant)","2025-10-30 00:00:00","2025-10-30 00:00:00","Last 1v1 Payment","20251030","REACTIVATION - Dormant Student Win-Back","0"
"4376","61122278","EGSS-ibrahimismaiel","ME-EGSS05","MEKSA-EGSS01","到期","Exp Non-0","0","0","0 Classes (Dormant)","2025-10-31 00:00:00","2025-10-31 00:00:00","Last 1v1 Payment","20251031","REACTIVATION - Dormant Student Win-Back","0"
"4378","61271617","EGSS-khaledgonam","ME-EGSS05","MEKSA-EGSS01","到期","Exp Non-0","0","0","0 Classes (Dormant)","2025-10-31 00:00:00","2025-10-31 00:00:00","Last 1v1 Payment","20251031","REACTIVATION - Dormant Student Win-Back","0"
"4379","61122649","EGSS-ibrahimismaiel","ME-EGSS05","MEKSA-EGSS01","围场外","outside pool","0","0","0 Classes (Dormant)","2025-10-31 00:00:00","2025-10-31 00:00:00","Last 1v1 Payment","20251031","REACTIVATION - Dormant Student Win-Back","0"
"4382","61169701","EGSS-khaledgonam","ME-EGSS05","MEKSA-EGSS01","围场外","outside pool","0","0","0 Classes (Dormant)","2025-11-03 00:00:00","2025-11-03 00:00:00","Last 1v1 Payment","20251103","REACTIVATION - Dormant Student Win-Back","0"
"4383","61168320","EGSS-khaledgonam","ME-EGSS05","MEKSA-EGSS01","围场外","outside pool","0","0","0 Classes (Dormant)","2025-11-03 00:00:00","2025-11-03 00:00:00","Last 1v1 Payment","20251103","REACTIVATION - Dormant Student Win-Back","0"
"4384","61169631","EGSS-khaledgonam","ME-EGSS05","MEKSA-EGSS01","围场外","outside pool","0","0","0 Classes (Dormant)","2025-11-03 00:00:00","2025-11-03 00:00:00","Last 1v1 Payment","20251103","REACTIVATION - Dormant Student Win-Back","0"
"4391","60678318","EGSS-ehabzaky01","ME-EGSS05","MEKSA-EGSS01","围场外","outside pool","0","0","0 Classes (Dormant)","2025-11-15 00:00:00","2025-11-15 00:00:00","Last 1v1 Payment","20251115","REACTIVATION - Dormant Student Win-Back","0"
"4392","60676559","EGSS-ehabzaky01","ME-EGSS05","MEKSA-EGSS01","到期","Exp Non-0","0","0","0 Classes (Dormant)","2025-11-15 00:00:00","2025-11-15 00:00:00","Last 1v1 Payment","20251115","REACTIVATION - Dormant Student Win-Back","0"
"4393","59894764","EGSS-khaledgonam","ME-EGSS05","MEKSA-EGSS01","到期","Exp Non-0","0","21","0 Classes (Dormant)","2025-11-20 00:00:00","2025-11-20 00:00:00","Last 1v1 Payment","20251120","REACTIVATION - Dormant Student Win-Back","0"
"4394","61030890","EGSS-omarmoneb","ME-EGSS05","MEKSA-EGSS01","到期","Exp Non-0","0","0","0 Classes (Dormant)","2025-11-25 00:00:00","2025-11-25 00:00:00","Last 1v1 Payment","20251125","REACTIVATION - Dormant Student Win-Back","0"
"4396","60405241","EGSS-ibrahimismaiel","ME-EGSS05","MEKSA-EGSS01","到期","Exp Non-0","0","1","0 Classes (Dormant)","2025-11-25 00:00:00","2025-11-25 00:00:00","Last 1v1 Payment","20251125","REACTIVATION - Dormant Student Win-Back","0"
"4397","61206925","EGSS-omarmoneb","ME-EGSS05","MEKSA-EGSS01","到期","Exp Non-0","0","0","0 Classes (Dormant)","2025-11-25 00:00:00","2025-11-25 00:00:00","Last 1v1 Payment","20251125","REACTIVATION - Dormant Student Win-Back","0"
"4414","60852440","EGSS-khaledgonam","ME-EGSS05","MEKSA-EGSS01","到期","Exp Non-0","0","0","0 Classes (Dormant)","2025-11-29 00:00:00","2025-11-29 00:00:00","Last 1v1 Payment","20251129","REACTIVATION - Dormant Student Win-Back","0"
"4427","60737407","EGSS-abdelrahmannasef","ME-EGSS05","MEKSA-EGSS01","围场外","outside pool","0","0","0 Classes (Dormant)","2025-12-07 00:00:00","2025-12-07 00:00:00","Last 1v1 Payment","20251207","REACTIVATION - Dormant Student Win-Back","0"
"4428","61053715","EGSS-abdelrahmannasef","ME-EGSS05","MEKSA-EGSS01","围场外","outside pool","0","0","0 Classes (Dormant)","2025-12-07 00:00:00","2025-12-07 00:00:00","Last 1v1 Payment","20251207","REACTIVATION - Dormant Student Win-Back","0"
"4429","61021464","EGSS-abdelrahmannasef","ME-EGSS05","MEKSA-EGSS01","围场外","outside pool","0","0","0 Classes (Dormant)","2025-12-07 00:00:00","2025-12-07 00:00:00","Last 1v1 Payment","20251207","REACTIVATION - Dormant Student Win-Back","0"
"4431","58823360","EGSS-samira01","ME-EGSS05","MEKSA-EGSS01","到期","Exp 0-cr","0","0","0 Classes (Dormant)","2025-12-10 00:00:00","2025-12-10 00:00:00","Last 1v1 Payment","20251210","REACTIVATION - Dormant Student Win-Back","0"
"4432","60010110","EGSS-ehabzaky01","ME-EGSS05","MEKSA-EGSS01","围场外","outside pool","0","7","0 Classes (Dormant)","2025-12-10 00:00:00","2025-12-10 00:00:00","Last 1v1 Payment","20251210","REACTIVATION - Dormant Student Win-Back","0"
"4437","60808742","EGSS-ehabzaky01","ME-EGSS05","MEKSA-EGSS01","围场外","outside pool","0","0","0 Classes (Dormant)","2025-12-16 00:00:00","2025-12-16 00:00:00","Last 1v1 Payment","20251216","REACTIVATION - Dormant Student Win-Back","0"
"4438","60811351","EGSS-ehabzaky01","ME-EGSS05","MEKSA-EGSS01","围场外","outside pool","0","0","0 Classes (Dormant)","2025-12-16 00:00:00","2025-12-16 00:00:00","Last 1v1 Payment","20251216","REACTIVATION - Dormant Student Win-Back","0"
"4441","58945859","EGSS-samira01","ME-EGSS05","MEKSA-EGSS01","到期","Exp Non-0","0","0","0 Classes (Dormant)","2025-12-18 00:00:00","2025-12-18 00:00:00","Last 1v1 Payment","20251218","REACTIVATION - Dormant Student Win-Back","0"
"4442","58949231","EGSS-samira01","ME-EGSS05","MEKSA-EGSS01","到期","Exp 0-cr","0","0","0 Classes (Dormant)","2025-12-18 00:00:00","2025-12-18 00:00:00","Last 1v1 Payment","20251218","REACTIVATION - Dormant Student Win-Back","0"
"4451","61482785","EGSS-khaledgonam","ME-EGSS05","MEKSA-EGSS01","围场外","outside pool","0","9","0 Classes (Dormant)","2025-12-24 00:00:00","2025-12-24 00:00:00","Last 1v1 Payment","20251224","REACTIVATION - Dormant Student Win-Back","0"
"4453","61437046","EGSS-ibrahimismaiel","ME-EGSS05","MEKSA-EGSS01","围场外","outside pool","0","8","0 Classes (Dormant)","2025-12-25 00:00:00","2025-12-25 00:00:00","Last 1v1 Payment","20251225","REACTIVATION - Dormant Student Win-Back","0"
"4460","58831441","EGSS-samira01","ME-EGSS05","MEKSA-EGSS01","到期","Exp Non-0","0","0","0 Classes (Dormant)","2025-12-28 00:00:00","2025-12-28 00:00:00","Last 1v1 Payment","20251228","REACTIVATION - Dormant Student Win-Back","0"
"4461","60852844","EGSS-khaledgonam","ME-EGSS05","MEKSA-EGSS01","到期","Exp 0-cr","0","0","0 Classes (Dormant)","2025-12-29 00:00:00","2025-12-29 00:00:00","Last 1v1 Payment","20251229","REACTIVATION - Dormant Student Win-Back","0"
"4462","61440303","EGSS-ehabzaky01","ME-EGSS05","MEKSA-EGSS01","围场外","outside pool","0","16","0 Classes (Dormant)","2025-12-29 00:00:00","2025-12-29 00:00:00","Last 1v1 Payment","20251229","REACTIVATION - Dormant Student Win-Back","0"
"4463","60853044","EGSS-khaledgonam","ME-EGSS05","MEKSA-EGSS01","围场外","outside pool","0","0","0 Classes (Dormant)","2025-12-29 00:00:00","2025-12-29 00:00:00","Last 1v1 Payment","20251229","REACTIVATION - Dormant Student Win-Back","0"
"4464","61326200","EGSS-omarmoneb","ME-EGSS05","MEKSA-EGSS01","到期","Exp Non-0","0","0","0 Classes (Dormant)","2025-12-29 00:00:00","2025-12-29 00:00:00","Last 1v1 Payment","20251229","REACTIVATION - Dormant Student Win-Back","0"
"4465","58970938","EGSS-samira01","ME-EGSS05","MEKSA-EGSS01","到期","Exp Non-0","0","0","0 Classes (Dormant)","2025-12-30 00:00:00","2025-12-30 00:00:00","Last 1v1 Payment","20251230","REACTIVATION - Dormant Student Win-Back","0"
"4469","60327199","EGSS-ehabzaky01","ME-EGSS05","MEKSA-EGSS01","围场外","outside pool","0","0","0 Classes (Dormant)","2025-12-31 00:00:00","2025-12-31 00:00:00","Last 1v1 Payment","20251231","REACTIVATION - Dormant Student Win-Back","0"
"4471","60968948","EGSS-samira01","ME-EGSS05","MEKSA-EGSS01","到期","Exp Non-0","0","0","0 Classes (Dormant)","2025-12-31 00:00:00","2025-12-31 00:00:00","Last 1v1 Payment","20251231","REACTIVATION - Dormant Student Win-Back","0"
"4477","59080614","EGSS-khaledgonam","ME-EGSS05","MEKSA-EGSS01","到期","Exp 0-cr","0","0","0 Classes (Dormant)","2026-01-04 00:00:00","2026-01-04 00:00:00","Last 1v1 Payment","20260104","REACTIVATION - Dormant Student Win-Back","0"
"4479","59637130","EGSS-abdelrahmannasef","ME-EGSS05","MEKSA-EGSS01","到期","Exp 0-cr","0","0","0 Classes (Dormant)","2026-01-08 00:00:00","2026-01-08 00:00:00","Last 1v1 Payment","20260108","REACTIVATION - Dormant Student Win-Back","0"
"4484","61087026","EGSS-ibrahimismaiel","ME-EGSS05","MEKSA-EGSS01","围场外","outside pool","0","0","0 Classes (Dormant)","2026-01-13 00:00:00","2026-01-13 00:00:00","Last 1v1 Payment","20260113","REACTIVATION - Dormant Student Win-Back","0"
"4485","61935790","EGSS-ibrahimismaiel","ME-EGSS05","MEKSA-EGSS01","围场外","outside pool","0","0","0 Classes (Dormant)","2026-01-13 00:00:00","2026-01-13 00:00:00","Last 1v1 Payment","20260113","REACTIVATION - Dormant Student Win-Back","0"
"4492","61282040","EGSS-ehabzaky01","ME-EGSS05","MEKSA-EGSS01","到期","Exp 0-cr","0","0","0 Classes (Dormant)","2026-01-19 00:00:00","2026-01-19 00:00:00","Last 1v1 Payment","20260119","REACTIVATION - Dormant Student Win-Back","0"
"4497","61799961","EGSS-ibrahimismaiel","ME-EGSS05","MEKSA-EGSS01","围场外","outside pool","0","0","0 Classes (Dormant)","2026-01-21 00:00:00","2026-01-21 00:00:00","Last 1v1 Payment","20260121","REACTIVATION - Dormant Student Win-Back","0"
"4499","61799688","EGSS-ibrahimismaiel","ME-EGSS05","MEKSA-EGSS01","围场外","outside pool","0","0","0 Classes (Dormant)","2026-01-21 00:00:00","2026-01-21 00:00:00","Last 1v1 Payment","20260121","REACTIVATION - Dormant Student Win-Back","0"
"4502","61944104","EGSS-ibrahimismaiel","ME-EGSS05","MEKSA-EGSS01","围场外","outside pool","0","6","0 Classes (Dormant)","2026-01-25 00:00:00","2026-01-25 00:00:00","Last 1v1 Payment","20260125","REACTIVATION - Dormant Student Win-Back","0"
"4503","61944052","EGSS-ibrahimismaiel","ME-EGSS05","MEKSA-EGSS01","围场外","outside pool","0","7","0 Classes (Dormant)","2026-01-25 00:00:00","2026-01-25 00:00:00","Last 1v1 Payment","20260125","REACTIVATION - Dormant Student Win-Back","0"
"4505","59559209","EGSS-abdelrahmannasef","ME-EGSS05","MEKSA-EGSS01","围场外","outside pool","0","11","0 Classes (Dormant)","2026-01-26 00:00:00","2026-01-26 00:00:00","Last 1v1 Payment","20260126","REACTIVATION - Dormant Student Win-Back","0"
"4514","60908625","EGSS-samira01","ME-EGSS05","MEKSA-EGSS01","到期","Exp Non-0","0","9","0 Classes (Dormant)","2026-01-28 00:00:00","2026-01-28 00:00:00","Last 1v1 Payment","20260128","REACTIVATION - Dormant Student Win-Back","0"
"4515","61874301","EGSS-ibrahimismaiel","ME-EGSS05","MEKSA-EGSS01","到期","Exp Non-0","0","0","0 Classes (Dormant)","2026-01-29 00:00:00","2026-01-29 00:00:00","Last 1v1 Payment","20260129","REACTIVATION - Dormant Student Win-Back","0"
"4519","60021304","EGSS-omarmoneb","ME-EGSS05","MEKSA-EGSS01","到期","Exp Non-0","0","0","0 Classes (Dormant)","2026-01-31 00:00:00","2026-01-31 00:00:00","Last 1v1 Payment","20260131","REACTIVATION - Dormant Student Win-Back","0"
"4522","60605437","EGSS-samira01","ME-EGSS05","MEKSA-EGSS01","到期","Exp Non-0","0","0","0 Classes (Dormant)","2026-02-01 00:00:00","2026-02-01 00:00:00","Last 1v1 Payment","20260201","REACTIVATION - Dormant Student Win-Back","0"
"4524","61272274","EGSS-abdelrahmannasef","ME-EGSS05","MEKSA-EGSS01","围场外","outside pool","0","6","0 Classes (Dormant)","2026-02-02 00:00:00","2026-02-02 00:00:00","Last 1v1 Payment","20260202","REACTIVATION - Dormant Student Win-Back","0"
"4534","61261500","EGSS-samira01","ME-EGSS05","MEKSA-EGSS01","到期","Exp 0-cr","0","0","0 Classes (Dormant)","2026-02-11 00:00:00","2026-02-11 00:00:00","Last 1v1 Payment","20260211","REACTIVATION - Dormant Student Win-Back","0"
"4536","61952513","EGSS-khaledgonam","ME-EGSS05","MEKSA-EGSS01","期间","period","0","8","0 Classes (Dormant)","2026-02-15 00:00:00","2026-02-15 00:00:00","Last 1v1 Payment","20260215","REACTIVATION - Dormant Student Win-Back","0"
"4547","61550547","EGSS-khaledgonam","ME-EGSS05","MEKSA-EGSS01","到期","Exp 0-cr","0","0","0 Classes (Dormant)","2026-02-28 00:00:00","2026-02-28 00:00:00","Last 1v1 Payment","20260228","REACTIVATION - Dormant Student Win-Back","0"
"4549","61211845","EGSS-ibrahimismaiel","ME-EGSS05","MEKSA-EGSS01","到期","Exp Non-0","0","0","0 Classes (Dormant)","2026-03-03 00:00:00","2026-03-03 00:00:00","Last 1v1 Payment","20260303","REACTIVATION - Dormant Student Win-Back","0"
"4550","61212008","EGSS-ibrahimismaiel","ME-EGSS05","MEKSA-EGSS01","到期","Exp Non-0","0","0","0 Classes (Dormant)","2026-03-03 00:00:00","2026-03-03 00:00:00","Last 1v1 Payment","20260303","REACTIVATION - Dormant Student Win-Back","0"
"4557","59573242","EGSS-omarmoneb","ME-EGSS05","MEKSA-EGSS01","到期","Exp 0-cr","0","0","0 Classes (Dormant)","2026-03-09 00:00:00","2026-03-09 00:00:00","Last 1v1 Payment","20260309","REACTIVATION - Dormant Student Win-Back","0"
"4560","61010118","EGSS-ehabzaky01","ME-EGSS05","MEKSA-EGSS01","到期","Exp Non-0","0","0","0 Classes (Dormant)","2026-03-15 00:00:00","2026-03-15 00:00:00","Last 1v1 Payment","20260315","REACTIVATION - Dormant Student Win-Back","0"
"4565","59188442","EGSS-khaledgonam","ME-EGSS05","MEKSA-EGSS01","到期","Exp 0-cr","0","0","0 Classes (Dormant)","2026-03-27 00:00:00","2026-03-27 00:00:00","Last 1v1 Payment","20260327","REACTIVATION - Dormant Student Win-Back","0"
"4566","60305849","EGSS-abdelrahmannasef","ME-EGSS05","MEKSA-EGSS01","到期","Exp Non-0","0","0","0 Classes (Dormant)","2026-03-27 00:00:00","2026-03-27 00:00:00","Last 1v1 Payment","20260327","REACTIVATION - Dormant Student Win-Back","0"
"4567","60022633","EGSS-ibrahimismaiel","ME-EGSS05","MEKSA-EGSS01","到期","Exp Non-0","0","12","0 Classes (Dormant)","2026-03-27 00:00:00","2026-03-27 00:00:00","Last 1v1 Payment","20260327","REACTIVATION - Dormant Student Win-Back","0"
"4568","59500272","EGSS-abdelrahmannasef","ME-EGSS05","MEKSA-EGSS01","到期","Exp Non-0","0","0","0 Classes (Dormant)","2026-03-27 00:00:00","2026-03-27 00:00:00","Last 1v1 Payment","20260327","REACTIVATION - Dormant Student Win-Back","0"
"4569","62045158","EGSS-khaledgonam","ME-EGSS05","MEKSA-EGSS01","到期","Exp Non-0","0","0","0 Classes (Dormant)","2026-03-28 00:00:00","2026-03-28 00:00:00","Last 1v1 Payment","20260328","REACTIVATION - Dormant Student Win-Back","0"
"4571","60194274","EGSS-khaledgonam","ME-EGSS05","MEKSA-EGSS01","到期","Exp Non-0","0","0","0 Classes (Dormant)","2026-03-28 00:00:00","2026-03-28 00:00:00","Last 1v1 Payment","20260328","REACTIVATION - Dormant Student Win-Back","0"
"4576","61472250","EGSS-ibrahimismaiel","ME-EGSS05","MEKSA-EGSS01","围场外","outside pool","0","0","0 Classes (Dormant)","2026-03-30 00:00:00","2026-03-30 00:00:00","Last 1v1 Payment","20260330","REACTIVATION - Dormant Student Win-Back","0"
"4578","61763891","EGSS-ehabzaky01","ME-EGSS05","MEKSA-EGSS01","围场外","outside pool","0","2","0 Classes (Dormant)","2026-03-30 00:00:00","2026-03-30 00:00:00","Last 1v1 Payment","20260330","REACTIVATION - Dormant Student Win-Back","0"
"4581","61452288","EGSS-ibrahimismaiel","ME-EGSS05","MEKSA-EGSS01","围场外","outside pool","0","2","0 Classes (Dormant)","2026-03-30 00:00:00","2026-03-30 00:00:00","Last 1v1 Payment","20260330","REACTIVATION - Dormant Student Win-Back","0"
"4582","61480934","EGSS-ibrahimismaiel","ME-EGSS05","MEKSA-EGSS01","围场外","outside pool","0","3","0 Classes (Dormant)","2026-03-30 00:00:00","2026-03-30 00:00:00","Last 1v1 Payment","20260330","REACTIVATION - Dormant Student Win-Back","0"
"4583","62400700","EGSS-ibrahimismaiel","ME-EGSS05","MEKSA-EGSS01","围场外","outside pool","0","0","0 Classes (Dormant)","2026-03-31 00:00:00","2026-03-31 00:00:00","Last 1v1 Payment","20260331","REACTIVATION - Dormant Student Win-Back","0"
"4586","58623648","EGSS-ibrahimismaiel","ME-EGSS05","MEKSA-EGSS01","围场外","outside pool","0","0","0 Classes (Dormant)","2026-03-31 00:00:00","2026-03-31 00:00:00","Last 1v1 Payment","20260331","REACTIVATION - Dormant Student Win-Back","0"
"4591","62472202","EGSS-khaledgonam","ME-EGSS05","MEKSA-EGSS01","围场外","outside pool","0","6","0 Classes (Dormant)","2026-04-06 00:00:00","2026-04-06 00:00:00","Last 1v1 Payment","20260406","REACTIVATION - Dormant Student Win-Back","0"
"4595","60200699","EGSS-abdelrahmannasef","ME-EGSS05","MEKSA-EGSS01","围场外","outside pool","0","6","0 Classes (Dormant)","2026-04-13 00:00:00","2026-04-13 00:00:00","Last 1v1 Payment","20260413","REACTIVATION - Dormant Student Win-Back","0"
"4596","59911386","EGSS-khaledgonam","ME-EGSS05","MEKSA-EGSS01","围场外","outside pool","0","7","0 Classes (Dormant)","2026-04-14 00:00:00","2026-04-14 00:00:00","Last 1v1 Payment","20260414","REACTIVATION - Dormant Student Win-Back","0"
"4599","61408491","EGSS-ehabzaky01","ME-EGSS05","MEKSA-EGSS01","围场外","outside pool","0","0","0 Classes (Dormant)","2026-04-20 00:00:00","2026-04-20 00:00:00","Last 1v1 Payment","20260420","REACTIVATION - Dormant Student Win-Back","0"
"4602","62583172","EGSS-omarmoneb","ME-EGSS05","MEKSA-EGSS01","围场外","outside pool","0","7","0 Classes (Dormant)","2026-04-26 00:00:00","2026-04-26 00:00:00","Last 1v1 Payment","20260426","REACTIVATION - Dormant Student Win-Back","0"
"4615","60834357","EGSS-ibrahimismaiel","ME-EGSS05","MEKSA-EGSS01","围场外","outside pool","0","0","0 Classes (Dormant)","2026-05-09 00:00:00","2026-05-09 00:00:00","Last 1v1 Payment","20260509","REACTIVATION - Dormant Student Win-Back","0"
"4617","60845684","EGSS-ibrahimismaiel","ME-EGSS05","MEKSA-EGSS01","到期","Exp 0-cr","0","0","0 Classes (Dormant)","2026-05-09 00:00:00","2026-05-09 00:00:00","Last 1v1 Payment","20260509","REACTIVATION - Dormant Student Win-Back","0"
"4629","62712931","EGSS-ehabzaky01","ME-EGSS05","MEKSA-EGSS01","围场外","outside pool","0","0","0 Classes (Dormant)","2026-05-31 00:00:00","2026-05-31 00:00:00","Last 1v1 Payment","20260531","REACTIVATION - Dormant Student Win-Back","0"
"4631","62560895","EGSS-ehabzaky01","ME-EGSS05","MEKSA-EGSS01","围场外","outside pool","0","9","0 Classes (Dormant)","2026-06-04 00:00:00","2026-06-04 00:00:00","Last 1v1 Payment","20260604","REACTIVATION - Dormant Student Win-Back","0"
"4633","58304605","EGSS-khaledgonam","ME-EGSS05","MEKSA-EGSS01","围场外","outside pool","0","1","0 Classes (Dormant)","2026-06-07 00:00:00","2026-06-07 00:00:00","Last 1v1 Payment","20260607","REACTIVATION - Dormant Student Win-Back","0"
"4634","58300787","EGSS-khaledgonam","ME-EGSS05","MEKSA-EGSS01","围场外","outside pool","0","1","0 Classes (Dormant)","2026-06-07 00:00:00","2026-06-07 00:00:00","Last 1v1 Payment","20260607","REACTIVATION - Dormant Student Win-Back","0"
"4637","60536386","EGSS-samira01","ME-EGSS05","MEKSA-EGSS01","到期","Exp 0-cr","0","0","0 Classes (Dormant)","2026-06-15 00:00:00","2026-06-15 00:00:00","Last 1v1 Payment","20260615","REACTIVATION - Dormant Student Win-Back","0"
"4638","62065468","EGSS-ibrahimismaiel","ME-EGSS05","MEKSA-EGSS01","围场外","outside pool","0","0","0 Classes (Dormant)","2026-06-17 00:00:00","2026-06-17 00:00:00","Last 1v1 Payment","20260617","REACTIVATION - Dormant Student Win-Back","0"
"4639","59654030","EGSS-ehabzaky01","ME-EGSS05","MEKSA-EGSS01","围场外","outside pool","0","2","0 Classes (Dormant)","2026-06-22 00:00:00","2026-06-22 00:00:00","Last 1v1 Payment","20260622","REACTIVATION - Dormant Student Win-Back","0"
"4647","62834124","EGSS-ibrahimismaiel","ME-EGSS05","MEKSA-EGSS01","围场外","outside pool","0","0","0 Classes (Dormant)","2026-06-28 00:00:00","2026-06-28 00:00:00","Last 1v1 Payment","20260628","REACTIVATION - Dormant Student Win-Back","0"
"4648","62834129","EGSS-ibrahimismaiel","ME-EGSS05","MEKSA-EGSS01","围场外","outside pool","0","0","0 Classes (Dormant)","2026-06-28 00:00:00","2026-06-28 00:00:00","Last 1v1 Payment","20260628","REACTIVATION - Dormant Student Win-Back","0"
"4650","62528446","EGSS-ehabzaky01","ME-EGSS05","MEKSA-EGSS01","围场外","outside pool","0","7","0 Classes (Dormant)","2026-06-28 00:00:00","2026-06-28 00:00:00","Last 1v1 Payment","20260628","REACTIVATION - Dormant Student Win-Back","0"
"4651","59912253","EGSS-khaledgonam","ME-EGSS05","MEKSA-EGSS01","围场外","outside pool","0","2","0 Classes (Dormant)","2026-06-29 00:00:00","2026-06-29 00:00:00","Last 1v1 Payment","20260629","REACTIVATION - Dormant Student Win-Back","0"
"4654","62940181","EGSS-khaledgonam","ME-EGSS05","MEKSA-EGSS01","围场外","outside pool","0","15","0 Classes (Dormant)","2026-07-01 00:00:00","2026-07-01 00:00:00","Last 1v1 Payment","20260701","REACTIVATION - Dormant Student Win-Back","0"
"4655","60276667","EGSS-khaledgonam","ME-EGSS05","MEKSA-EGSS01","围场外","outside pool","0","8","0 Classes (Dormant)","2026-07-03 00:00:00","2026-07-03 00:00:00","Last 1v1 Payment","20260703","REACTIVATION - Dormant Student Win-Back","0"
"4656","62514355","EGSS-ibrahimismaiel","ME-EGSS05","MEKSA-EGSS01","围场外","outside pool","0","7","0 Classes (Dormant)","2026-07-06 00:00:00","2026-07-06 00:00:00","Last 1v1 Payment","20260706","REACTIVATION - Dormant Student Win-Back","0"
"4658","63616070","EGSS-abdelrahmannasef","ME-EGSS05","MEKSA-EGSS01","围场外","outside pool","0","0","0 Classes (Dormant)","2026-07-11 00:00:00","2026-07-11 00:00:00","CRM System Outreach","-","REACTIVATION - Dormant Student Win-Back","0"
"4663","63616328","EGSS-abdelrahmannasef","ME-EGSS05","MEKSA-EGSS01","围场外","outside pool","0","0","0 Classes (Dormant)","2026-07-13 00:00:00","2026-07-13 00:00:00","CRM System Outreach","-","REACTIVATION - Dormant Student Win-Back","0"
"4664","63682785","EGSS-ibrahimismaiel","ME-EGSS05","MEKSA-EGSS01","围场外","outside pool","0","0","0 Classes (Dormant)","2026-07-13 00:00:00","2026-07-13 00:00:00","CRM System Outreach","-","REACTIVATION - Dormant Student Win-Back","0"
"4666","63066026","EGSS-abdelrahmannasef","ME-EGSS05","MEKSA-EGSS01","围场外","outside pool","0","13","0 Classes (Dormant)","2026-07-14 00:00:00","2026-07-14 00:00:00","Last 1v1 Payment","20260714","REACTIVATION - Dormant Student Win-Back","0"
"4667","63065668","EGSS-abdelrahmannasef","ME-EGSS05","MEKSA-EGSS01","围场外","outside pool","0","9","0 Classes (Dormant)","2026-07-14 00:00:00","2026-07-14 00:00:00","Last 1v1 Payment","20260714","REACTIVATION - Dormant Student Win-Back","0"
"4669","59472042","EGSS-khaledgonam","ME-EGSS05","MEKSA-EGSS01","围场外","outside pool","0","8","0 Classes (Dormant)","2026-07-15 00:00:00","2026-07-15 00:00:00","CRM System Outreach","-","REACTIVATION - Dormant Student Win-Back","0"
"4673","60914297","EGSS-ibrahimismaiel","ME-EGSS05","MEKSA-EGSS01","围场外","outside pool","0","17","0 Classes (Dormant)","2026-07-16 00:00:00","2026-07-16 00:00:00","CRM System Outreach","-","REACTIVATION - Dormant Student Win-Back","0"
"4674","63712696","EGSS-ibrahimismaiel","ME-EGSS05","MEKSA-EGSS01","围场外","outside pool","0","0","0 Classes (Dormant)","2026-07-16 00:00:00","2026-07-16 00:00:00","CRM System Outreach","-","REACTIVATION - Dormant Student Win-Back","0"
"4675","62865141","EGSS-ibrahimismaiel","ME-EGSS05","MEKSA-EGSS01","围场外","outside pool","0","0","0 Classes (Dormant)","2026-07-16 00:00:00","2026-07-16 00:00:00","CRM System Outreach","-","REACTIVATION - Dormant Student Win-Back","0"
"4677","60700894","EGSS-ehabzaky01","ME-EGSS05","MEKSA-EGSS01","围场外","outside pool","0","7","0 Classes (Dormant)","2026-07-19 00:00:00","2026-07-19 00:00:00","Last 1v1 Payment","20260719","REACTIVATION - Dormant Student Win-Back","0"
"4678","59446373","EGSS-ehabzaky01","ME-EGSS05","MEKSA-EGSS01","围场外","outside pool","0","6","0 Classes (Dormant)","2026-07-19 00:00:00","2026-07-19 00:00:00","Last 1v1 Payment","20260719","REACTIVATION - Dormant Student Win-Back","0"
"4680","63609206","EGSS-khaledgonam","ME-EGSS05","MEKSA-EGSS01","到期","Exp Non-0","0","0","0 Classes (Dormant)","2026-07-20 00:00:00","2026-07-20 00:00:00","CRM System Outreach","-","REACTIVATION - Dormant Student Win-Back","0"
"4682","63632861","EGSS-samira01","ME-EGSS05","MEKSA-EGSS01","到期","Exp Non-0","0","12","0 Classes (Dormant)","2026-07-21 00:00:00","2026-07-21 00:00:00","CRM System Outreach","-","REACTIVATION - Dormant Student Win-Back","0"
"4683","63619317","EGSS-ibrahimismaiel","ME-EGSS05","MEKSA-EGSS01","围场外","outside pool","0","0","0 Classes (Dormant)","2026-07-21 00:00:00","2026-07-21 00:00:00","CRM System Outreach","-","REACTIVATION - Dormant Student Win-Back","0"
"4688","60361456","EGSS-khaledgonam","ME-EGSS05","MEKSA-EGSS01","围场外","outside pool","0","11","0 Classes (Dormant)","2026-07-25 00:00:00","2026-07-25 00:00:00","CRM System Outreach","-","REACTIVATION - Dormant Student Win-Back","0"
"4694","62489530","EGSS-abdelrahmannasef","ME-EGSS05","MEKSA-EGSS01","围场外","outside pool","0","9","0 Classes (Dormant)","2026-07-27 00:00:00","2026-07-27 00:00:00","Last 1v1 Payment","20260727","REACTIVATION - Dormant Student Win-Back","0"
"4695","62478921","EGSS-abdelrahmannasef","ME-EGSS05","MEKSA-EGSS01","围场外","outside pool","0","9","0 Classes (Dormant)","2026-07-27 00:00:00","2026-07-27 00:00:00","Last 1v1 Payment","20260727","REACTIVATION - Dormant Student Win-Back","0"
"4697","63606266","EGSS-khaledgonam","ME-EGSS05","MEKSA-EGSS01","围场外","outside pool","0","0","0 Classes (Dormant)","2026-07-27 00:00:00","2026-07-27 00:00:00","CRM System Outreach","-","REACTIVATION - Dormant Student Win-Back","0"
"4699","63850836","EGSS-ibrahimismaiel","ME-EGSS05","MEKSA-EGSS01","围场外","outside pool","0","0","0 Classes (Dormant)","2026-07-29 00:00:00","2026-07-29 00:00:00","CRM System Outreach","20260920","REACTIVATION - Dormant Student Win-Back","0"
"4703","63603329","EGSS-ehabzaky01","ME-EGSS05","MEKSA-EGSS01","围场外","outside pool","0","0","0 Classes (Dormant)","2026-08-02 00:00:00","2026-08-02 00:00:00","CRM System Outreach","-","REACTIVATION - Dormant Student Win-Back","0"
"4705","58367269","EGSS-ibrahimismaiel","ME-EGSS05","MEKSA-EGSS01","围场外","outside pool","0","0","0 Classes (Dormant)","2026-08-04 00:00:00","2026-08-04 00:00:00","CRM System Outreach","-","REACTIVATION - Dormant Student Win-Back","0"
"4710","63712877","EGSS-ibrahimismaiel","ME-EGSS05","MEKSA-EGSS01","围场外","outside pool","0","0","0 Classes (Dormant)","2026-08-06 00:00:00","2026-08-06 00:00:00","CRM System Outreach","-","REACTIVATION - Dormant Student Win-Back","0"
"4723","62833800","EGSS-ibrahimismaiel","ME-EGSS05","MEKSA-EGSS01","围场外","outside pool","0","0","0 Classes (Dormant)","2026-08-13 00:00:00","2026-08-13 00:00:00","Last 1v1 Payment","20260813","REACTIVATION - Dormant Student Win-Back","0"
"4724","58707806","EGSS-ibrahimismaiel","ME-EGSS05","MEKSA-EGSS01","围场外","outside pool","0","0","0 Classes (Dormant)","2026-08-13 00:00:00","2026-08-13 00:00:00","CRM System Outreach","-","REACTIVATION - Dormant Student Win-Back","0"
"4733","63726273","EGSS-ibrahimismaiel","ME-EGSS05","MEKSA-EGSS01","围场外","outside pool","0","0","0 Classes (Dormant)","2026-08-16 00:00:00","2026-08-16 00:00:00","CRM System Outreach","-","REACTIVATION - Dormant Student Win-Back","0"
"4734","63679507","EGSS-abdelrahmannasef","ME-EGSS05","MEKSA-EGSS01","围场外","outside pool","0","1","0 Classes (Dormant)","2026-08-17 00:00:00","2026-08-17 00:00:00","CRM System Outreach","-","REACTIVATION - Dormant Student Win-Back","0"
"4741","63638104","EGSS-ehabzaky01","ME-EGSS05","MEKSA-EGSS01","到期","Exp Non-0","0","2","0 Classes (Dormant)","2026-08-20 00:00:00","2026-08-20 00:00:00","CRM System Outreach","-","REACTIVATION - Dormant Student Win-Back","0"
"4748","63892943","EGSS-ehabzaky01","ME-EGSS05","MEKSA-EGSS01","围场外","outside pool","0","11","0 Classes (Dormant)","2026-08-26 00:00:00","2026-08-26 00:00:00","CRM System Outreach","-","REACTIVATION - Dormant Student Win-Back","0"
"4749","60177401","EGSS-khaledgonam","ME-EGSS05","MEKSA-EGSS01","围场外","outside pool","0","8","0 Classes (Dormant)","2026-08-26 00:00:00","2026-08-26 00:00:00","CRM System Outreach","-","REACTIVATION - Dormant Student Win-Back","0"
"4753","63711578","EGSS-ibrahimismaiel","ME-EGSS05","MEKSA-EGSS01","围场外","outside pool","0","0","0 Classes (Dormant)","2026-08-28 00:00:00","2026-08-28 00:00:00","CRM System Outreach","-","REACTIVATION - Dormant Student Win-Back","0"
"4758","61302385","EGSS-khaledgonam","ME-EGSS05","MEKSA-EGSS01","围场外","outside pool","0","0","0 Classes (Dormant)","2026-09-01 00:00:00","2026-09-01 00:00:00","Last 1v1 Payment","20260901","REACTIVATION - Dormant Student Win-Back","0"
"4759","61302387","EGSS-khaledgonam","ME-EGSS05","MEKSA-EGSS01","围场外","outside pool","0","0","0 Classes (Dormant)","2026-09-01 00:00:00","2026-09-01 00:00:00","Last 1v1 Payment","20260901","REACTIVATION - Dormant Student Win-Back","0"
"4765","60842935","EGSS-khaledgonam","ME-EGSS05","MEKSA-EGSS01","围场外","outside pool","0","0","0 Classes (Dormant)","2026-09-13 00:00:00","2026-09-13 00:00:00","Last 1v1 Payment","20260913","REACTIVATION - Dormant Student Win-Back","0"
"4766","62960075","EGSS-khaledgonam","ME-EGSS05","MEKSA-EGSS01","围场外","outside pool","0","8","0 Classes (Dormant)","2026-09-15 00:00:00","2026-09-15 00:00:00","Last 1v1 Payment","20260915","REACTIVATION - Dormant Student Win-Back","0"
"4767","61003902","EGSS-khaledgonam","ME-EGSS05","MEKSA-EGSS01","围场外","outside pool","0","6","0 Classes (Dormant)","2026-09-15 00:00:00","2026-09-15 00:00:00","Last 1v1 Payment","20260915","REACTIVATION - Dormant Student Win-Back","0"
"4769","59873334","EGSS-ibrahimismaiel","ME-EGSS05","MEKSA-EGSS01","围场外","outside pool","0","8","0 Classes (Dormant)","2026-09-19 00:00:00","2026-09-19 00:00:00","Last 1v1 Payment","20260919","REACTIVATION - Dormant Student Win-Back","0"
"4771","63050765","EGSS-omarmoneb","ME-EGSS05","MEKSA-EGSS01","围场外","outside pool","0","8","0 Classes (Dormant)","2026-09-22 00:00:00","2026-09-22 00:00:00","Last 1v1 Payment","20260922","REACTIVATION - Dormant Student Win-Back","0"
"4775","62794607","EGSS-omarmoneb","ME-EGSS05","MEKSA-EGSS01","围场外","outside pool","0","0","0 Classes (Dormant)","2026-09-27 00:00:00","2026-09-27 00:00:00","Last 1v1 Payment","20260927","REACTIVATION - Dormant Student Win-Back","0"
"4777","58313206","EGSS-samira01","ME-EGSS05","MEKSA-EGSS01","围场外","outside pool","0","0","0 Classes (Dormant)","2026-09-27 00:00:00","2026-09-27 00:00:00","Last 1v1 Payment","20260927","REACTIVATION - Dormant Student Win-Back","0"
"4780","62202285","EGSS-omarmoneb","ME-EGSS05","MEKSA-EGSS01","围场外","outside pool","0","0","0 Classes (Dormant)","2026-09-29 14:01:10","2026-09-29 14:01:10","SOP Completed Touch","-","REACTIVATION - Dormant Student Win-Back","0"
"4784","64476767","EGSS-ehabzaky01","ME-EGSS05","MEKSA-EGSS01","围场外","outside pool","0","0","0 Classes (Dormant)","2026-09-30 13:00:21","2026-09-30 13:00:21","SOP Completed Touch","-","REACTIVATION - Dormant Student Win-Back","0"
"4787","58682342","EGSS-khaledgonam","ME-EGSS05","MEKSA-EGSS01","到期","Exp Non-0","0","3","0 Classes (Dormant)","2026-10-01 16:00:01","2026-10-01 16:00:01","SOP Completed Touch","-","REACTIVATION - Dormant Student Win-Back","0"
"4788","63426050","EGSS-khaledgonam","ME-EGSS05","MEKSA-EGSS01","围场外","outside pool","0","9","0 Classes (Dormant)","2026-10-01 16:12:55","2026-10-01 16:12:55","SOP Completed Touch","-","REACTIVATION - Dormant Student Win-Back","0"
"4789","63638467","EGSS-ibrahimismaiel","ME-EGSS05","MEKSA-EGSS01","围场外","outside pool","0","0","0 Classes (Dormant)","2026-10-01 16:15:41","2026-10-01 16:15:41","SOP Completed Touch","-","REACTIVATION - Dormant Student Win-Back","0"
"4796","63389062","EGSS-ehabzaky01","ME-EGSS05","MEKSA-EGSS01","围场外","outside pool","0","0","0 Classes (Dormant)","2026-10-03 11:34:37","2026-10-03 11:34:37","SOP Task Assigned","-","REACTIVATION - Dormant Student Win-Back","0"
"4799","63273724","EGSS-khaledgonam","ME-EGSS05","MEKSA-EGSS01","围场外","outside pool","0","0","0 Classes (Dormant)","2026-10-03 12:31:33","2026-10-03 12:31:33","SOP Completed Touch","-","REACTIVATION - Dormant Student Win-Back","0"
"4802","64510632","EGSS-abdelrahmannasef","ME-EGSS05","MEKSA-EGSS01","围场外","outside pool","0","0","0 Classes (Dormant)","2026-10-03 13:28:02","2026-10-03 13:28:02","SOP Completed Touch","-","REACTIVATION - Dormant Student Win-Back","0"
"4803","58657392","EGSS-samira01","ME-EGSS05","MEKSA-EGSS01","围场外","outside pool","0","0","0 Classes (Dormant)","2026-10-03 13:28:50","2026-10-03 13:28:50","SOP Completed Touch","20260927","REACTIVATION - Dormant Student Win-Back","0"
"4804","58237522","EGSS-samira01","ME-EGSS05","MEKSA-EGSS01","期间","period","0","0","0 Classes (Dormant)","2026-10-03 13:39:52","2026-10-03 13:39:52","SOP Completed Touch","-","REACTIVATION - Dormant Student Win-Back","0"
"4806","63135227","EGSS-samira01","ME-EGSS05","MEKSA-EGSS01","期间","period","0","0","0 Classes (Dormant)","2026-10-03 14:25:35","2026-10-03 14:25:35","SOP Completed Touch","-","REACTIVATION - Dormant Student Win-Back","0"
"4810","59351053","EGSS-khaledgonam","ME-EGSS05","MEKSA-EGSS01","升舱","Upgrade M2","0","0","0 Classes (Dormant)","2026-10-03 18:16:57","2026-10-03 18:16:57","SOP Completed Touch","-","REACTIVATION - Dormant Student Win-Back","0"
"4811","63244443","EGSS-ibrahimismaiel","ME-EGSS05","MEKSA-EGSS01","升舱","Upgrade M2","0","6","0 Classes (Dormant)","2026-10-03 18:19:46","2026-10-03 18:19:46","SOP Completed Touch","-","REACTIVATION - Dormant Student Win-Back","0"
"4812","57950524","EGSS-ibrahimismaiel","ME-EGSS05","MEKSA-EGSS01","到期","Exp Non-0","0","0","0 Classes (Dormant)","2026-10-03 18:56:03","2026-10-03 18:56:03","SOP Completed Touch","-","REACTIVATION - Dormant Student Win-Back","0"
"4813","63863286","EGSS-ehabzaky01","ME-EGSS05","MEKSA-EGSS01","围场外","outside pool","0","0","0 Classes (Dormant)","2026-10-04 11:08:29","2026-10-04 11:08:29","SOP Task Assigned","-","REACTIVATION - Dormant Student Win-Back","0"
"4818","59763735","EGSS-omarmoneb","ME-EGSS05","MEKSA-EGSS01","到期","Exp Non-0","0","0","0 Classes (Dormant)","2026-10-04 12:33:02","2026-10-04 12:33:02","SOP Completed Touch","20260201","REACTIVATION - Dormant Student Win-Back","0"
"4820","60157699","EGSS-ibrahimismaiel","ME-EGSS05","MEKSA-EGSS01","到期","Exp Non-0","0","0","0 Classes (Dormant)","2026-10-04 12:45:42","2026-10-04 12:45:42","SOP Completed Touch","20251123","REACTIVATION - Dormant Student Win-Back","0"
"4821","59369816","EGSS-ibrahimismaiel","ME-EGSS05","MEKSA-EGSS01","围场外","outside pool","0","7","0 Classes (Dormant)","2026-10-04 12:56:31","2026-10-04 12:56:31","SOP Completed Touch","-","REACTIVATION - Dormant Student Win-Back","0"
"4822","63969199","EGSS-khaledgonam","ME-EGSS05","MEKSA-EGSS01","围场外","outside pool","0","0","0 Classes (Dormant)","2026-10-04 13:13:51","2026-10-04 13:13:51","SOP Completed Touch","-","REACTIVATION - Dormant Student Win-Back","0"
"4827","58913873","EGSS-abdelrahmannasef","ME-EGSS05","MEKSA-EGSS01","到期","Exp Non-0","0","9","0 Classes (Dormant)","2026-10-05 10:05:05","2026-10-05 10:05:05","SOP Task Assigned","-","REACTIVATION - Dormant Student Win-Back","0"
"4828","59841842","EGSS-khaledgonam","ME-EGSS05","MEKSA-EGSS01","围场外","outside pool","0","1","0 Classes (Dormant)","2026-10-05 10:10:58","2026-10-05 10:10:58","SOP Task Assigned","-","REACTIVATION - Dormant Student Win-Back","0"
"4832","62318061","EGSS-ehabzaky01","ME-EGSS05","MEKSA-EGSS01","围场外","outside pool","0","10","0 Classes (Dormant)","2026-10-05 13:39:37","2026-10-05 13:39:37","SOP Completed Touch","-","REACTIVATION - Dormant Student Win-Back","0"
"4834","63447286","EGSS-ehabzaky01","ME-EGSS05","MEKSA-EGSS01","围场外","outside pool","0","0","0 Classes (Dormant)","2026-10-05 13:55:51","2026-10-05 13:55:51","SOP Completed Touch","-","REACTIVATION - Dormant Student Win-Back","0"
"4836","60790453","EGSS-ibrahimismaiel","ME-EGSS05","MEKSA-EGSS01","到期","Exp Non-0","0","0","0 Classes (Dormant)","2026-10-05 14:11:55","2026-10-05 14:11:55","SOP Completed Touch","-","REACTIVATION - Dormant Student Win-Back","0"
"4837","64512937","EGSS-ehabzaky01","ME-EGSS05","MEKSA-EGSS01","围场外","outside pool","0","0","0 Classes (Dormant)","2026-10-05 14:15:57","2026-10-05 14:15:57","SOP Completed Touch","-","REACTIVATION - Dormant Student Win-Back","0"
"4839","63164166","EGSS-ehabzaky01","ME-EGSS05","MEKSA-EGSS01","到期","Exp Non-0","0","9","0 Classes (Dormant)","2026-10-05 15:06:58","2026-10-05 15:06:58","SOP Completed Touch","-","REACTIVATION - Dormant Student Win-Back","0"
"4840","63668395","EGSS-ehabzaky01","ME-EGSS05","MEKSA-EGSS01","围场外","outside pool","0","9","0 Classes (Dormant)","2026-10-05 15:08:31","2026-10-05 15:08:31","SOP Completed Touch","-","REACTIVATION - Dormant Student Win-Back","0"
"4847","59216856","EGSS-abdelrahmannasef","ME-EGSS05","MEKSA-EGSS01","到期","Exp Non-0","0","9","0 Classes (Dormant)","2026-10-06 10:04:55","2026-10-06 10:04:55","SOP Task Assigned","-","REACTIVATION - Dormant Student Win-Back","0"
"4854","64532999","EGSS-abdelrahmannasef","ME-EGSS05","MEKSA-EGSS01","围场外","outside pool","0","0","0 Classes (Dormant)","2026-10-06 13:15:36","2026-10-06 13:15:36","SOP Completed Touch","-","REACTIVATION - Dormant Student Win-Back","0"
"4859","62496545","EGSS-ibrahimismaiel","ME-EGSS05","MEKSA-EGSS01","首单到期","FOE Non-0","0","6","0 Classes (Dormant)","2026-10-06 14:18:07","2026-10-06 14:18:07","SOP Completed Touch","-","REACTIVATION - Dormant Student Win-Back","0"
"4860","63756157","EGSS-ibrahimismaiel","ME-EGSS05","MEKSA-EGSS01","围场外","outside pool","0","7","0 Classes (Dormant)","2026-10-06 14:20:58","2026-10-06 14:20:58","SOP Completed Touch","-","REACTIVATION - Dormant Student Win-Back","0"
"4861","63755890","EGSS-ibrahimismaiel","ME-EGSS05","MEKSA-EGSS01","围场外","outside pool","0","7","0 Classes (Dormant)","2026-10-06 14:21:17","2026-10-06 14:21:17","SOP Completed Touch","-","REACTIVATION - Dormant Student Win-Back","0"
"4863","63878318","EGSS-ibrahimismaiel","ME-EGSS05","MEKSA-EGSS01","围场外","outside pool","0","11","0 Classes (Dormant)","2026-10-06 14:25:44","2026-10-06 14:25:44","SOP Completed Touch","-","REACTIVATION - Dormant Student Win-Back","0"
"4864","61076306","EGSS-ibrahimismaiel","ME-EGSS05","MEKSA-EGSS01","首单到期","FOE Non-0","0","0","0 Classes (Dormant)","2026-10-06 14:28:32","2026-10-06 14:28:32","SOP Completed Touch","-","REACTIVATION - Dormant Student Win-Back","0"
"4865","64502465","EGSS-khaledgonam","ME-EGSS05","MEKSA-EGSS01","围场外","outside pool","0","0","0 Classes (Dormant)","2026-10-06 14:29:37","2026-10-06 14:29:37","SOP Completed Touch","-","REACTIVATION - Dormant Student Win-Back","0"
"4874","58855945","EGSS-omarmoneb","ME-EGSS05","MEKSA-EGSS01","首单到期","FOE Non-0","0","0","0 Classes (Dormant)","2026-10-06 15:39:04","2026-10-06 15:39:04","SOP Completed Touch","-","REACTIVATION - Dormant Student Win-Back","0"
"4883","63174276","EGSS-ehabzaky01","ME-EGSS05","MEKSA-EGSS01","到期","Exp Non-0","0","0","0 Classes (Dormant)","2026-10-06 16:26:28","2026-10-06 16:26:28","SOP Completed Touch","-","REACTIVATION - Dormant Student Win-Back","0"
"4903","58811857","EGSS-khaledgonam","ME-EGSS05","MEKSA-EGSS01","围场外","outside pool","0","0","0 Classes (Dormant)","2026-10-07 10:08:01","2026-10-07 10:08:01","SOP Task Assigned","-","REACTIVATION - Dormant Student Win-Back","0"
"4906","59323713","EGSS-ibrahimismaiel","ME-EGSS05","MEKSA-EGSS01","围场外","outside pool","0","0","0 Classes (Dormant)","2026-10-07 10:10:52","2026-10-07 10:10:52","SOP Task Assigned","-","REACTIVATION - Dormant Student Win-Back","0"
"4909","59510090","EGSS-ibrahimismaiel","ME-EGSS05","MEKSA-EGSS01","围场外","outside pool","0","0","0 Classes (Dormant)","2026-10-07 10:12:02","2026-10-07 10:12:02","SOP Task Assigned","-","REACTIVATION - Dormant Student Win-Back","0"
"4917","60480969","EGSS-ehabzaky01","ME-EGSS05","MEKSA-EGSS01","到期","Exp Non-0","0","1","0 Classes (Dormant)","2026-10-07 10:18:02","2026-10-07 10:18:02","SOP Task Assigned","-","REACTIVATION - Dormant Student Win-Back","0"
"4920","60590755","EGSS-abdelrahmannasef","ME-EGSS05","MEKSA-EGSS01","围场外","outside pool","0","0","0 Classes (Dormant)","2026-10-07 10:18:42","2026-10-07 10:18:42","SOP Task Assigned","-","REACTIVATION - Dormant Student Win-Back","0"
"4921","60669029","EGSS-abdelrahmannasef","ME-EGSS05","MEKSA-EGSS01","到期","Exp Non-0","0","0","0 Classes (Dormant)","2026-10-07 10:19:23","2026-10-07 10:19:23","SOP Task Assigned","-","REACTIVATION - Dormant Student Win-Back","0"
"4926","60853096","EGSS-ibrahimismaiel","ME-EGSS05","MEKSA-EGSS01","围场外","outside pool","0","0","0 Classes (Dormant)","2026-10-07 10:20:49","2026-10-07 10:20:49","SOP Task Assigned","-","REACTIVATION - Dormant Student Win-Back","0"
"4927","61349693","EGSS-khaledgonam","ME-EGSS05","MEKSA-EGSS01","围场外","outside pool","0","0","0 Classes (Dormant)","2026-10-07 10:25:13","2026-10-07 10:25:13","SOP Task Assigned","-","REACTIVATION - Dormant Student Win-Back","0"
"4930","61420896","EGSS-khaledgonam","ME-EGSS05","MEKSA-EGSS01","首单到期","FOE Non-0","0","0","0 Classes (Dormant)","2026-10-07 10:25:42","2026-10-07 10:25:42","SOP Task Assigned","-","REACTIVATION - Dormant Student Win-Back","0"
"4932","61599865","EGSS-ehabzaky01","ME-EGSS05","MEKSA-EGSS01","围场外","outside pool","0","0","0 Classes (Dormant)","2026-10-07 10:27:16","2026-10-07 10:27:16","SOP Task Assigned","-","REACTIVATION - Dormant Student Win-Back","0"
"4939","61943086","EGSS-ibrahimismaiel","ME-EGSS05","MEKSA-EGSS01","围场外","outside pool","0","0","0 Classes (Dormant)","2026-10-07 10:30:22","2026-10-07 10:30:22","SOP Task Assigned","-","REACTIVATION - Dormant Student Win-Back","0"
"4944","62017039","EGSS-ehabzaky01","ME-EGSS05","MEKSA-EGSS01","围场外","outside pool","0","0","0 Classes (Dormant)","2026-10-07 10:30:54","2026-10-07 10:30:54","SOP Task Assigned","-","REACTIVATION - Dormant Student Win-Back","0"
"4946","62017108","EGSS-ehabzaky01","ME-EGSS05","MEKSA-EGSS01","围场外","outside pool","0","0","0 Classes (Dormant)","2026-10-07 10:31:01","2026-10-07 10:31:01","SOP Task Assigned","-","REACTIVATION - Dormant Student Win-Back","0"
"4947","62044650","EGSS-ehabzaky01","ME-EGSS05","MEKSA-EGSS01","围场外","outside pool","0","7","0 Classes (Dormant)","2026-10-07 10:31:18","2026-10-07 10:31:18","SOP Task Assigned","-","REACTIVATION - Dormant Student Win-Back","0"
"4951","62271612","EGSS-abdelrahmannasef","ME-EGSS05","MEKSA-EGSS01","围场外","outside pool","0","0","0 Classes (Dormant)","2026-10-07 10:33:32","2026-10-07 10:33:32","SOP Task Assigned","-","REACTIVATION - Dormant Student Win-Back","0"
"4955","62401179","EGSS-ibrahimismaiel","ME-EGSS05","MEKSA-EGSS01","围场外","outside pool","0","0","0 Classes (Dormant)","2026-10-07 10:35:16","2026-10-07 10:35:16","SOP Task Assigned","-","REACTIVATION - Dormant Student Win-Back","0"
"4956","62394751","EGSS-ibrahimismaiel","ME-EGSS05","MEKSA-EGSS01","围场外","outside pool","0","0","0 Classes (Dormant)","2026-10-07 10:35:21","2026-10-07 10:35:21","SOP Task Assigned","-","REACTIVATION - Dormant Student Win-Back","0"
"4958","62453792","EGSS-abdelrahmannasef","ME-EGSS05","MEKSA-EGSS01","围场外","outside pool","0","0","0 Classes (Dormant)","2026-10-07 10:36:00","2026-10-07 10:36:00","SOP Task Assigned","-","REACTIVATION - Dormant Student Win-Back","0"
"4960","62482269","EGSS-khaledgonam","ME-EGSS05","MEKSA-EGSS01","围场外","outside pool","0","0","0 Classes (Dormant)","2026-10-07 10:36:24","2026-10-07 10:36:24","SOP Task Assigned","-","REACTIVATION - Dormant Student Win-Back","0"
"4961","62487734","EGSS-khaledgonam","ME-EGSS05","MEKSA-EGSS01","首单到期","FOE Non-0","0","0","0 Classes (Dormant)","2026-10-07 10:36:31","2026-10-07 10:36:31","SOP Task Assigned","-","REACTIVATION - Dormant Student Win-Back","0"
"4965","59623929","EGSS-abdelrahmannasef","ME-EGSS05","MEKSA-EGSS01","到期","Exp Non-0","0","0","0 Classes (Dormant)","2026-10-07 10:37:50","2026-10-07 10:37:50","SOP Task Assigned","-","REACTIVATION - Dormant Student Win-Back","0"
"4966","62581342","EGSS-ehabzaky01","ME-EGSS05","MEKSA-EGSS01","首单到期","FOE Non-0","0","0","0 Classes (Dormant)","2026-10-07 10:39:36","2026-10-07 10:39:36","SOP Task Assigned","-","REACTIVATION - Dormant Student Win-Back","0"
"4969","62626985","EGSS-omarmoneb","ME-EGSS05","MEKSA-EGSS01","围场外","outside pool","0","0","0 Classes (Dormant)","2026-10-07 10:40:54","2026-10-07 10:40:54","SOP Task Assigned","-","REACTIVATION - Dormant Student Win-Back","0"
"4970","62668240","EGSS-ibrahimismaiel","ME-EGSS05","MEKSA-EGSS01","到期","Exp Non-0","0","0","0 Classes (Dormant)","2026-10-07 10:41:31","2026-10-07 10:41:31","SOP Task Assigned","-","REACTIVATION - Dormant Student Win-Back","0"
"4971","62712709","EGSS-ibrahimismaiel","ME-EGSS05","MEKSA-EGSS01","围场外","outside pool","0","0","0 Classes (Dormant)","2026-10-07 10:42:20","2026-10-07 10:42:20","SOP Task Assigned","-","REACTIVATION - Dormant Student Win-Back","0"
"4972","62711040","EGSS-ibrahimismaiel","ME-EGSS05","MEKSA-EGSS01","围场外","outside pool","0","7","0 Classes (Dormant)","2026-10-07 10:42:24","2026-10-07 10:42:24","SOP Task Assigned","-","REACTIVATION - Dormant Student Win-Back","0"
"4973","61545861","EGSS-ibrahimismaiel","ME-EGSS05","MEKSA-EGSS01","首单到期","FOE Non-0","0","0","0 Classes (Dormant)","2026-10-07 10:42:35","2026-10-07 10:42:35","SOP Task Assigned","-","REACTIVATION - Dormant Student Win-Back","0"
"4977","62778286","EGSS-abdelrahmannasef","ME-EGSS05","MEKSA-EGSS01","围场外","outside pool","0","0","0 Classes (Dormant)","2026-10-07 10:43:32","2026-10-07 10:43:32","SOP Task Assigned","-","REACTIVATION - Dormant Student Win-Back","0"
"4978","62787907","EGSS-ehabzaky01","ME-EGSS05","MEKSA-EGSS01","围场外","outside pool","0","9","0 Classes (Dormant)","2026-10-07 10:43:58","2026-10-07 10:43:58","SOP Task Assigned","-","REACTIVATION - Dormant Student Win-Back","0"
"4980","62806268","EGSS-khaledgonam","ME-EGSS05","MEKSA-EGSS01","围场外","outside pool","0","0","0 Classes (Dormant)","2026-10-07 10:44:15","2026-10-07 10:44:15","SOP Task Assigned","-","REACTIVATION - Dormant Student Win-Back","0"
"4987","62836940","EGSS-ibrahimismaiel","ME-EGSS05","MEKSA-EGSS01","围场外","outside pool","0","0","0 Classes (Dormant)","2026-10-07 10:45:59","2026-10-07 10:45:59","SOP Task Assigned","-","REACTIVATION - Dormant Student Win-Back","0"
"4989","62896581","EGSS-ibrahimismaiel","ME-EGSS05","MEKSA-EGSS01","围场外","outside pool","0","0","0 Classes (Dormant)","2026-10-07 10:47:46","2026-10-07 10:47:46","SOP Task Assigned","-","REACTIVATION - Dormant Student Win-Back","0"
"4991","62917016","EGSS-abdelrahmannasef","ME-EGSS05","MEKSA-EGSS01","围场外","outside pool","0","0","0 Classes (Dormant)","2026-10-07 10:48:25","2026-10-07 10:48:25","SOP Task Assigned","-","REACTIVATION - Dormant Student Win-Back","0"
"4993","62984619","EGSS-abdelrahmannasef","ME-EGSS05","MEKSA-EGSS01","围场外","outside pool","0","0","0 Classes (Dormant)","2026-10-07 10:50:21","2026-10-07 10:50:21","SOP Task Assigned","-","REACTIVATION - Dormant Student Win-Back","0"
"4994","62995820","EGSS-ibrahimismaiel","ME-EGSS05","MEKSA-EGSS01","围场外","outside pool","0","0","0 Classes (Dormant)","2026-10-07 10:50:31","2026-10-07 10:50:31","SOP Task Assigned","-","REACTIVATION - Dormant Student Win-Back","0"
"4995","63000685","EGSS-ibrahimismaiel","ME-EGSS05","MEKSA-EGSS01","围场外","outside pool","0","0","0 Classes (Dormant)","2026-10-07 10:50:44","2026-10-07 10:50:44","SOP Task Assigned","-","REACTIVATION - Dormant Student Win-Back","0"
"4996","63074702","EGSS-ehabzaky01","ME-EGSS05","MEKSA-EGSS01","围场外","outside pool","0","3","0 Classes (Dormant)","2026-10-07 10:51:59","2026-10-07 10:51:59","SOP Task Assigned","-","REACTIVATION - Dormant Student Win-Back","0"
"5000","63162939","EGSS-ehabzaky01","ME-EGSS05","MEKSA-EGSS01","围场外","outside pool","0","0","0 Classes (Dormant)","2026-10-07 10:53:33","2026-10-07 10:53:33","SOP Task Assigned","-","REACTIVATION - Dormant Student Win-Back","0"
"5002","63235992","EGSS-abdelrahmannasef","ME-EGSS05","MEKSA-EGSS01","围场外","outside pool","0","0","0 Classes (Dormant)","2026-10-07 10:54:38","2026-10-07 10:54:38","SOP Task Assigned","-","REACTIVATION - Dormant Student Win-Back","0"
"5003","63236524","EGSS-ibrahimismaiel","ME-EGSS05","MEKSA-EGSS01","围场外","outside pool","0","9","0 Classes (Dormant)","2026-10-07 10:54:42","2026-10-07 10:54:42","SOP Task Assigned","-","REACTIVATION - Dormant Student Win-Back","0"
"5004","63321399","EGSS-abdelrahmannasef","ME-EGSS05","MEKSA-EGSS01","围场外","outside pool","0","0","0 Classes (Dormant)","2026-10-07 10:55:32","2026-10-07 10:55:32","SOP Task Assigned","-","REACTIVATION - Dormant Student Win-Back","0"
"5007","63379475","EGSS-khaledgonam","ME-EGSS05","MEKSA-EGSS01","围场外","outside pool","0","0","0 Classes (Dormant)","2026-10-07 10:56:17","2026-10-07 10:56:17","SOP Task Assigned","-","REACTIVATION - Dormant Student Win-Back","0"
"5008","63385843","EGSS-khaledgonam","ME-EGSS05","MEKSA-EGSS01","围场外","outside pool","0","0","0 Classes (Dormant)","2026-10-07 10:56:18","2026-10-07 10:56:18","SOP Task Assigned","-","REACTIVATION - Dormant Student Win-Back","0"
"5011","63389237","EGSS-khaledgonam","ME-EGSS05","MEKSA-EGSS01","围场外","outside pool","0","12","0 Classes (Dormant)","2026-10-07 10:56:36","2026-10-07 10:56:36","SOP Task Assigned","-","REACTIVATION - Dormant Student Win-Back","0"
"5013","63416804","EGSS-khaledgonam","ME-EGSS05","MEKSA-EGSS01","围场外","outside pool","0","7","0 Classes (Dormant)","2026-10-07 10:56:48","2026-10-07 10:56:48","SOP Task Assigned","-","REACTIVATION - Dormant Student Win-Back","0"
"5014","63438813","EGSS-ehabzaky01","ME-EGSS05","MEKSA-EGSS01","围场外","outside pool","0","0","0 Classes (Dormant)","2026-10-07 10:57:10","2026-10-07 10:57:10","SOP Task Assigned","-","REACTIVATION - Dormant Student Win-Back","0"
"5016","63453181","EGSS-khaledgonam","ME-EGSS05","MEKSA-EGSS01","围场外","outside pool","0","0","0 Classes (Dormant)","2026-10-07 10:57:18","2026-10-07 10:57:18","SOP Task Assigned","-","REACTIVATION - Dormant Student Win-Back","0"
"5023","63499498","EGSS-ibrahimismaiel","ME-EGSS05","MEKSA-EGSS01","围场外","outside pool","0","0","0 Classes (Dormant)","2026-10-07 10:58:04","2026-10-07 10:58:04","SOP Task Assigned","-","REACTIVATION - Dormant Student Win-Back","0"
"5025","63500057","EGSS-ibrahimismaiel","ME-EGSS05","MEKSA-EGSS01","围场外","outside pool","0","0","0 Classes (Dormant)","2026-10-07 10:58:07","2026-10-07 10:58:07","SOP Task Assigned","-","REACTIVATION - Dormant Student Win-Back","0"
"5027","63522159","EGSS-ibrahimismaiel","ME-EGSS05","MEKSA-EGSS01","围场外","outside pool","0","0","0 Classes (Dormant)","2026-10-07 10:58:20","2026-10-07 10:58:20","SOP Task Assigned","-","REACTIVATION - Dormant Student Win-Back","0"
"5033","63532632","EGSS-ibrahimismaiel","ME-EGSS05","MEKSA-EGSS01","围场外","outside pool","0","0","0 Classes (Dormant)","2026-10-07 10:58:41","2026-10-07 10:58:41","SOP Task Assigned","-","REACTIVATION - Dormant Student Win-Back","0"
"5038","63867656","EGSS-ehabzaky01","ME-EGSS05","MEKSA-EGSS01","围场外","outside pool","0","0","0 Classes (Dormant)","2026-10-07 11:03:49","2026-10-07 11:03:49","SOP Task Assigned","-","REACTIVATION - Dormant Student Win-Back","0"
"5039","63884426","EGSS-ehabzaky01","ME-EGSS05","MEKSA-EGSS01","围场外","outside pool","0","0","0 Classes (Dormant)","2026-10-07 11:04:04","2026-10-07 11:04:04","SOP Task Assigned","-","REACTIVATION - Dormant Student Win-Back","0"
"5040","63914557","EGSS-ibrahimismaiel","ME-EGSS05","MEKSA-EGSS01","围场外","outside pool","0","0","0 Classes (Dormant)","2026-10-07 11:04:19","2026-10-07 11:04:19","SOP Task Assigned","-","REACTIVATION - Dormant Student Win-Back","0"
"5053","62309504","EGSS-ibrahimismaiel","ME-EGSS05","MEKSA-EGSS01","围场外","outside pool","0","9","0 Classes (Dormant)","2026-10-07 11:18:01","2026-10-07 11:18:01","SOP Task Assigned","-","REACTIVATION - Dormant Student Win-Back","0"
"5058","63217063","EGSS-ibrahimismaiel","ME-EGSS05","MEKSA-EGSS01","围场外","outside pool","0","9","0 Classes (Dormant)","2026-10-07 11:21:25","2026-10-07 11:21:25","SOP Task Assigned","-","REACTIVATION - Dormant Student Win-Back","0"
"5068","63088549","EGSS-samira01","ME-EGSS05","MEKSA-EGSS01","到期","Exp Non-0","0","10","0 Classes (Dormant)","2026-10-07 12:58:35","2026-10-07 12:58:35","SOP Completed Touch","-","REACTIVATION - Dormant Student Win-Back","0"
"5069","64131603","EGSS-samira01","ME-EGSS05","MEKSA-EGSS01","围场外","outside pool","0","11","0 Classes (Dormant)","2026-10-07 13:05:00","2026-10-07 13:05:00","SOP Completed Touch","-","REACTIVATION - Dormant Student Win-Back","0"
"5070","63837785","EGSS-khaledgonam","ME-EGSS05","MEKSA-EGSS01","围场外","outside pool","0","0","0 Classes (Dormant)","2026-10-07 13:06:47","2026-10-07 13:06:47","SOP Completed Touch","-","REACTIVATION - Dormant Student Win-Back","0"
"5077","63809911","EGSS-khaledgonam","ME-EGSS05","MEKSA-EGSS01","围场外","outside pool","0","11","0 Classes (Dormant)","2026-10-07 13:33:10","2026-10-07 13:33:10","SOP Completed Touch","-","REACTIVATION - Dormant Student Win-Back","0"
"5079","58788005","EGSS-abdelrahmannasef","ME-EGSS05","MEKSA-EGSS01","到期","Exp Non-0","0","0","0 Classes (Dormant)","2026-10-07 13:33:31","2026-10-07 13:33:31","SOP Completed Touch","20251207","REACTIVATION - Dormant Student Win-Back","0"
"5080","63736770","EGSS-khaledgonam","ME-EGSS05","MEKSA-EGSS01","围场外","outside pool","0","4","0 Classes (Dormant)","2026-10-07 13:34:31","2026-10-07 13:34:31","SOP Completed Touch","-","REACTIVATION - Dormant Student Win-Back","0"
"5082","63702549","EGSS-khaledgonam","ME-EGSS05","MEKSA-EGSS01","围场外","outside pool","0","9","0 Classes (Dormant)","2026-10-07 13:36:30","2026-10-07 13:36:30","SOP Completed Touch","-","REACTIVATION - Dormant Student Win-Back","0"
"5084","58732829","EGSS-abdelrahmannasef","ME-EGSS05","MEKSA-EGSS01","到期","Exp Non-0","0","9","0 Classes (Dormant)","2026-10-07 13:43:07","2026-10-07 13:43:07","SOP Completed Touch","-","REACTIVATION - Dormant Student Win-Back","0"
"5085","63556297","EGSS-samira01","ME-EGSS05","MEKSA-EGSS01","围场外","outside pool","0","13","0 Classes (Dormant)","2026-10-07 13:44:56","2026-10-07 13:44:56","SOP Completed Touch","-","REACTIVATION - Dormant Student Win-Back","0"
"5086","63569328","EGSS-samira01","ME-EGSS05","MEKSA-EGSS01","围场外","outside pool","0","6","0 Classes (Dormant)","2026-10-07 13:45:01","2026-10-07 13:45:01","SOP Completed Touch","-","REACTIVATION - Dormant Student Win-Back","0"
"5088","62683370","EGSS-omarmoneb","ME-EGSS05","MEKSA-EGSS01","围场外","outside pool","0","0","0 Classes (Dormant)","2026-10-07 13:48:24","2026-10-07 13:48:24","SOP Completed Touch","-","REACTIVATION - Dormant Student Win-Back","0"
"5089","58357780","EGSS-samira01","ME-EGSS05","MEKSA-EGSS01","围场外","outside pool","0","0","0 Classes (Dormant)","2026-10-07 13:51:06","2026-10-07 13:51:06","SOP Completed Touch","-","REACTIVATION - Dormant Student Win-Back","0"
"5090","64540208","EGSS-abdelrahmannasef","ME-EGSS05","MEKSA-EGSS01","围场外","outside pool","0","0","0 Classes (Dormant)","2026-10-07 13:51:26","2026-10-07 13:51:26","SOP Completed Touch","-","REACTIVATION - Dormant Student Win-Back","0"
"5091","59008620","EGSS-samira01","ME-EGSS05","MEKSA-EGSS01","围场外","outside pool","0","9","0 Classes (Dormant)","2026-10-07 13:52:17","2026-10-07 13:52:17","SOP Completed Touch","20260418","REACTIVATION - Dormant Student Win-Back","0"
"5092","61572545","EGSS-samira01","ME-EGSS05","MEKSA-EGSS01","围场外","outside pool","0","9","0 Classes (Dormant)","2026-10-07 13:53:28","2026-10-07 13:53:28","SOP Completed Touch","20251124","REACTIVATION - Dormant Student Win-Back","0"
"5093","61705238","EGSS-samira01","ME-EGSS05","MEKSA-EGSS01","围场外","outside pool","0","8","0 Classes (Dormant)","2026-10-07 13:53:39","2026-10-07 13:53:39","SOP Completed Touch","20260128","REACTIVATION - Dormant Student Win-Back","0"
"5094","62344308","EGSS-samira01","ME-EGSS05","MEKSA-EGSS01","围场外","outside pool","0","9","0 Classes (Dormant)","2026-10-07 13:53:54","2026-10-07 13:53:54","SOP Completed Touch","-","REACTIVATION - Dormant Student Win-Back","0"
"5095","60016396","EGSS-omarmoneb","ME-EGSS05","MEKSA-EGSS01","围场外","outside pool","0","5","0 Classes (Dormant)","2026-10-07 13:54:43","2026-10-07 13:54:43","SOP Completed Touch","-","REACTIVATION - Dormant Student Win-Back","0"
"5096","63709880","EGSS-samira01","ME-EGSS05","MEKSA-EGSS01","围场外","outside pool","0","0","0 Classes (Dormant)","2026-10-07 13:54:59","2026-10-07 13:54:59","SOP Completed Touch","-","REACTIVATION - Dormant Student Win-Back","0"
"5097","59007564","EGSS-samira01","ME-EGSS05","MEKSA-EGSS01","围场外","outside pool","0","1","0 Classes (Dormant)","2026-10-07 13:55:22","2026-10-07 13:55:22","SOP Completed Touch","20260628","REACTIVATION - Dormant Student Win-Back","0"
"5098","59276259","EGSS-samira01","ME-EGSS05","MEKSA-EGSS01","围场外","outside pool","0","8","0 Classes (Dormant)","2026-10-07 13:57:03","2026-10-07 13:57:03","SOP Completed Touch","-","REACTIVATION - Dormant Student Win-Back","0"
"5100","60320488","EGSS-samira01","ME-EGSS05","MEKSA-EGSS01","到期","Exp Non-0","0","0","0 Classes (Dormant)","2026-10-07 14:01:56","2026-10-07 14:01:56","SOP Completed Touch","20250715","REACTIVATION - Dormant Student Win-Back","0"
"5101","61012546","EGSS-omarmoneb","ME-EGSS05","MEKSA-EGSS01","围场外","outside pool","0","0","0 Classes (Dormant)","2026-10-07 14:02:16","2026-10-07 14:02:16","SOP Completed Touch","20251023","REACTIVATION - Dormant Student Win-Back","0"
"5102","60485185","EGSS-samira01","ME-EGSS05","MEKSA-EGSS01","围场外","outside pool","0","0","0 Classes (Dormant)","2026-10-07 14:02:59","2026-10-07 14:02:59","SOP Completed Touch","20260330","REACTIVATION - Dormant Student Win-Back","0"
"5103","60553880","EGSS-samira01","ME-EGSS05","MEKSA-EGSS01","围场外","outside pool","0","0","0 Classes (Dormant)","2026-10-07 14:03:42","2026-10-07 14:03:42","SOP Completed Touch","20260615","REACTIVATION - Dormant Student Win-Back","0"
"5104","61051814","EGSS-samira01","ME-EGSS05","MEKSA-EGSS01","围场外","outside pool","0","6","0 Classes (Dormant)","2026-10-07 14:06:00","2026-10-07 14:06:00","SOP Completed Touch","20260722","REACTIVATION - Dormant Student Win-Back","0"
"5105","62417102","EGSS-omarmoneb","ME-EGSS05","MEKSA-EGSS01","围场外","outside pool","0","6","0 Classes (Dormant)","2026-10-07 14:06:12","2026-10-07 14:06:12","SOP Completed Touch","-","REACTIVATION - Dormant Student Win-Back","0"
"5106","61062149","EGSS-samira01","ME-EGSS05","MEKSA-EGSS01","围场外","outside pool","0","0","0 Classes (Dormant)","2026-10-07 14:07:43","2026-10-07 14:07:43","SOP Completed Touch","20251123","REACTIVATION - Dormant Student Win-Back","0"
"5107","61667351","EGSS-samira01","ME-EGSS05","MEKSA-EGSS01","围场外","outside pool","0","0","0 Classes (Dormant)","2026-10-07 14:09:04","2026-10-07 14:09:04","SOP Completed Touch","-","REACTIVATION - Dormant Student Win-Back","0"
"5109","62132899","EGSS-samira01","ME-EGSS05","MEKSA-EGSS01","到期","Exp Non-0","0","0","0 Classes (Dormant)","2026-10-07 14:11:15","2026-10-07 14:11:15","SOP Completed Touch","-","REACTIVATION - Dormant Student Win-Back","0"
"5112","62392199","EGSS-samira01","ME-EGSS05","MEKSA-EGSS01","到期","Exp Non-0","0","0","0 Classes (Dormant)","2026-10-07 14:12:22","2026-10-07 14:12:22","SOP Completed Touch","-","REACTIVATION - Dormant Student Win-Back","0"
"5113","62544267","EGSS-omarmoneb","ME-EGSS05","MEKSA-EGSS01","围场外","outside pool","0","6","0 Classes (Dormant)","2026-10-07 14:13:59","2026-10-07 14:13:59","SOP Completed Touch","20260426","REACTIVATION - Dormant Student Win-Back","0"
"5114","62491936","EGSS-samira01","ME-EGSS05","MEKSA-EGSS01","首单到期","FOE Non-0","0","0","0 Classes (Dormant)","2026-10-07 14:15:23","2026-10-07 14:15:23","SOP Completed Touch","-","REACTIVATION - Dormant Student Win-Back","0"
"5115","62779414","EGSS-samira01","ME-EGSS05","MEKSA-EGSS01","围场外","outside pool","0","0","0 Classes (Dormant)","2026-10-07 14:18:07","2026-10-07 14:18:07","SOP Completed Touch","20260606","REACTIVATION - Dormant Student Win-Back","0"
"5116","62790876","EGSS-samira01","ME-EGSS05","MEKSA-EGSS01","围场外","outside pool","0","0","0 Classes (Dormant)","2026-10-07 14:19:32","2026-10-07 14:19:32","SOP Completed Touch","-","REACTIVATION - Dormant Student Win-Back","0"
"5117","62777795","EGSS-omarmoneb","ME-EGSS05","MEKSA-EGSS01","围场外","outside pool","0","0","0 Classes (Dormant)","2026-10-07 14:20:15","2026-10-07 14:20:15","SOP Completed Touch","-","REACTIVATION - Dormant Student Win-Back","0"
"5118","62771606","EGSS-omarmoneb","ME-EGSS05","MEKSA-EGSS01","围场外","outside pool","0","0","0 Classes (Dormant)","2026-10-07 14:20:18","2026-10-07 14:20:18","SOP Completed Touch","-","REACTIVATION - Dormant Student Win-Back","0"
"5119","62967968","EGSS-omarmoneb","ME-EGSS05","MEKSA-EGSS01","围场外","outside pool","0","0","0 Classes (Dormant)","2026-10-07 14:22:43","2026-10-07 14:22:43","SOP Completed Touch","-","REACTIVATION - Dormant Student Win-Back","0"
"5121","63136157","EGSS-omarmoneb","ME-EGSS05","MEKSA-EGSS01","围场外","outside pool","0","0","0 Classes (Dormant)","2026-10-07 14:25:54","2026-10-07 14:25:54","SOP Completed Touch","-","REACTIVATION - Dormant Student Win-Back","0"
"5122","62815934","EGSS-samira01","ME-EGSS05","MEKSA-EGSS01","围场外","outside pool","0","8","0 Classes (Dormant)","2026-10-07 14:28:04","2026-10-07 14:28:04","SOP Completed Touch","-","REACTIVATION - Dormant Student Win-Back","0"
"5123","63193429","EGSS-omarmoneb","ME-EGSS05","MEKSA-EGSS01","围场外","outside pool","0","0","0 Classes (Dormant)","2026-10-07 14:28:48","2026-10-07 14:28:48","SOP Completed Touch","-","REACTIVATION - Dormant Student Win-Back","0"
"5124","62817886","EGSS-samira01","ME-EGSS05","MEKSA-EGSS01","围场外","outside pool","0","0","0 Classes (Dormant)","2026-10-07 14:29:07","2026-10-07 14:29:07","SOP Completed Touch","-","REACTIVATION - Dormant Student Win-Back","0"
"5125","63487290","EGSS-omarmoneb","ME-EGSS05","MEKSA-EGSS01","到期","Exp Non-0","0","9","0 Classes (Dormant)","2026-10-07 14:30:27","2026-10-07 14:30:27","SOP Completed Touch","-","REACTIVATION - Dormant Student Win-Back","0"
"5126","63510728","EGSS-omarmoneb","ME-EGSS05","MEKSA-EGSS01","围场外","outside pool","0","0","0 Classes (Dormant)","2026-10-07 14:34:32","2026-10-07 14:34:32","SOP Completed Touch","-","REACTIVATION - Dormant Student Win-Back","0"
"5127","62832996","EGSS-samira01","ME-EGSS05","MEKSA-EGSS01","围场外","outside pool","0","0","0 Classes (Dormant)","2026-10-07 14:35:21","2026-10-07 14:35:21","SOP Completed Touch","20260917","REACTIVATION - Dormant Student Win-Back","0"
"5129","63583806","EGSS-omarmoneb","ME-EGSS05","MEKSA-EGSS01","围场外","outside pool","0","0","0 Classes (Dormant)","2026-10-07 14:37:21","2026-10-07 14:37:21","SOP Completed Touch","-","REACTIVATION - Dormant Student Win-Back","0"
"5130","63584121","EGSS-omarmoneb","ME-EGSS05","MEKSA-EGSS01","围场外","outside pool","0","0","0 Classes (Dormant)","2026-10-07 14:37:23","2026-10-07 14:37:23","SOP Completed Touch","-","REACTIVATION - Dormant Student Win-Back","0"
"5131","63719929","EGSS-omarmoneb","ME-EGSS05","MEKSA-EGSS01","围场外","outside pool","0","7","0 Classes (Dormant)","2026-10-07 14:37:31","2026-10-07 14:37:31","SOP Completed Touch","-","REACTIVATION - Dormant Student Win-Back","0"
"5134","64346595","EGSS-omarmoneb","ME-EGSS05","MEKSA-EGSS01","围场外","outside pool","0","0","0 Classes (Dormant)","2026-10-07 14:41:37","2026-10-07 14:41:37","SOP Completed Touch","-","REACTIVATION - Dormant Student Win-Back","0"
"5135","63059479","EGSS-samira01","ME-EGSS05","MEKSA-EGSS01","围场外","outside pool","0","0","0 Classes (Dormant)","2026-10-07 14:42:50","2026-10-07 14:42:50","SOP Completed Touch","-","REACTIVATION - Dormant Student Win-Back","0"
"5136","63059476","EGSS-samira01","ME-EGSS05","MEKSA-EGSS01","围场外","outside pool","0","0","0 Classes (Dormant)","2026-10-07 14:43:05","2026-10-07 14:43:05","SOP Completed Touch","-","REACTIVATION - Dormant Student Win-Back","0"
"5137","63534996","EGSS-samira01","ME-EGSS05","MEKSA-EGSS01","围场外","outside pool","0","11","0 Classes (Dormant)","2026-10-07 14:43:12","2026-10-07 14:43:12","SOP Completed Touch","-","REACTIVATION - Dormant Student Win-Back","0"
"5138","63640909","EGSS-samira01","ME-EGSS05","MEKSA-EGSS01","围场外","outside pool","0","0","0 Classes (Dormant)","2026-10-07 14:45:44","2026-10-07 14:45:44","SOP Completed Touch","-","REACTIVATION - Dormant Student Win-Back","0"
"5141","60309816","EGSS-samira01","ME-EGSS05","MEKSA-EGSS01","围场外","outside pool","0","0","0 Classes (Dormant)","2026-10-07 15:07:08","2026-10-07 15:07:08","SOP Completed Touch","20260830","REACTIVATION - Dormant Student Win-Back","0"
"5142","60005233","EGSS-samira01","ME-EGSS05","MEKSA-EGSS01","围场外","outside pool","0","0","0 Classes (Dormant)","2026-10-07 15:16:33","2026-10-07 15:16:33","SOP Completed Touch","20260503","REACTIVATION - Dormant Student Win-Back","0"
"5144","59907687","EGSS-omarmoneb","ME-EGSS05","MEKSA-EGSS01","围场外","outside pool","0","0","0 Classes (Dormant)","2026-10-07 15:35:53","2026-10-07 15:35:53","SOP Completed Touch","20260909","REACTIVATION - Dormant Student Win-Back","0"
"5146","59366415","EGSS-omarmoneb","ME-EGSS05","MEKSA-EGSS01","围场外","outside pool","0","7","0 Classes (Dormant)","2026-10-07 15:45:37","2026-10-07 15:45:37","SOP Completed Touch","20260212","REACTIVATION - Dormant Student Win-Back","0"
"5148","59468858","EGSS-omarmoneb","ME-EGSS05","MEKSA-EGSS01","围场外","outside pool","0","11","0 Classes (Dormant)","2026-10-07 15:49:09","2026-10-07 15:49:09","SOP Completed Touch","-","REACTIVATION - Dormant Student Win-Back","0"
"5152","64113407","EGSS-ehabzaky01","ME-EGSS05","MEKSA-EGSS01","围场外","outside pool","0","0","0 Classes (Dormant)","2026-10-07 16:02:49","2026-10-07 16:02:49","SOP Completed Touch","-","REACTIVATION - Dormant Student Win-Back","0"
"5153","64043541","EGSS-ehabzaky01","ME-EGSS05","MEKSA-EGSS01","围场外","outside pool","0","0","0 Classes (Dormant)","2026-10-07 16:03:35","2026-10-07 16:03:35","SOP Completed Touch","-","REACTIVATION - Dormant Student Win-Back","0"
"5155","63968028","EGSS-ehabzaky01","ME-EGSS05","MEKSA-EGSS01","围场外","outside pool","0","0","0 Classes (Dormant)","2026-10-07 16:05:15","2026-10-07 16:05:15","SOP Completed Touch","-","REACTIVATION - Dormant Student Win-Back","0"
"5156","61206929","EGSS-omarmoneb","ME-EGSS05","MEKSA-EGSS01","围场外","outside pool","0","0","0 Classes (Dormant)","2026-10-07 16:06:01","2026-10-07 16:06:01","SOP Completed Touch","20251125","REACTIVATION - Dormant Student Win-Back","0"
"5158","60791316","EGSS-omarmoneb","ME-EGSS05","MEKSA-EGSS01","围场外","outside pool","0","7","0 Classes (Dormant)","2026-10-07 16:15:26","2026-10-07 16:15:26","SOP Completed Touch","-","REACTIVATION - Dormant Student Win-Back","0"
"5160","61830028","EGSS-ehabzaky01","ME-EGSS05","MEKSA-EGSS01","围场外","outside pool","0","9","0 Classes (Dormant)","2026-10-07 16:16:28","2026-10-07 16:16:28","SOP Completed Touch","20260901","REACTIVATION - Dormant Student Win-Back","0"
"5161","58709724","EGSS-samira01","ME-EGSS05","MEKSA-EGSS01","围场外","outside pool","0","0","0 Classes (Dormant)","2026-10-07 16:21:59","2026-10-07 16:21:59","SOP Completed Touch","-","REACTIVATION - Dormant Student Win-Back","0"
"5171","59522660","EGSS-samira01","ME-EGSS05","MEKSA-EGSS01","到期","Exp Non-0","0","0","0 Classes (Dormant)","2026-10-07 16:45:21","2026-10-07 16:45:21","SOP Completed Touch","20250725","REACTIVATION - Dormant Student Win-Back","0"
"5174","63857181","EGSS-ehabzaky01","ME-EGSS05","MEKSA-EGSS01","围场外","outside pool","0","9","0 Classes (Dormant)","2026-10-07 16:47:52","2026-10-07 16:47:52","SOP Completed Touch","-","REACTIVATION - Dormant Student Win-Back","0"
"5175","59579268","EGSS-ehabzaky01","ME-EGSS05","MEKSA-EGSS01","围场外","outside pool","0","0","0 Classes (Dormant)","2026-10-07 16:49:14","2026-10-07 16:49:14","SOP Completed Touch","-","REACTIVATION - Dormant Student Win-Back","0"
"5180","59884401","EGSS-ehabzaky01","ME-EGSS05","MEKSA-EGSS01","围场外","outside pool","0","11","0 Classes (Dormant)","2026-10-07 16:59:59","2026-10-07 16:59:59","SOP Completed Touch","20250528","REACTIVATION - Dormant Student Win-Back","0"
