"PriorityRank","StudentId","Rep","Team","BigTeam","Pool","PoolDetail","AttendedClasses","BookedUnattended","AttendanceTier","LastConnectionTime","ConnectionDisplay","ConnectionSource","LastPaidDate","RecommendedAction","IsCovered"
"2","64277599","EGSS-alihesham01","ME-EGSS30","MEKSA-EGSS01","围场外","outside pool","8","22",">=8 Classes (Medium-High)","2026-10-06 11:13:29","2026-10-06 11:13:29","SOP Task Assigned","-","HIGH PRIORITY - Serious Student Retention","0"
"4","63496568","EGSS-titooooo","ME-EGSS30","MEKSA-EGSS01","围场外","outside pool","8","17",">=8 Classes (Medium-High)","2026-10-06 18:54:56","2026-10-06 18:54:56","SOP Completed Touch","-","HIGH PRIORITY - Serious Student Retention","0"
"10","62543705","EGSS-titooooo","ME-EGSS30","MEKSA-EGSS01","到期","Exp Non-0","6","7",">=4 Classes (Medium)","1970-01-01 00:00:00","No Connection Recorded","No Recorded Connection","-","PRIORITY - Active Student Upgrade Pitch","0"
"16","62210026","EGSS-adhmgadallah","ME-EGSS30","MEKSA-EGSS01","围场外","outside pool","6","7",">=4 Classes (Medium)","2026-06-04 00:00:00","2026-06-04 00:00:00","Last 1v1 Payment","20260604","PRIORITY - Active Student Upgrade Pitch","0"
"17","59064365","EGSS-adhmgadallah","ME-EGSS30","MEKSA-EGSS01","围场外","outside pool","6","0",">=4 Classes (Medium)","2026-06-28 00:00:00","2026-06-28 00:00:00","Last 1v1 Payment","20260628","PRIORITY - Active Student Upgrade Pitch","0"
"23","59758903","EGSS-adhmgadallah","ME-EGSS30","MEKSA-EGSS01","围场外","outside pool","6","15",">=4 Classes (Medium)","2026-08-24 00:00:00","2026-08-24 00:00:00","CRM System Outreach","20260906","PRIORITY - Active Student Upgrade Pitch","0"
"27","63207818","EGSS-alihesham01","ME-EGSS30","MEKSA-EGSS01","围场外","outside pool","6","18",">=4 Classes (Medium)","2026-09-27 00:00:00","2026-09-27 00:00:00","Last 1v1 Payment","20260927","PRIORITY - Active Student Upgrade Pitch","0"
"32","58447100","EGSS-alihesham01","ME-EGSS30","MEKSA-EGSS01","升舱","Upgrade M2","6","18",">=4 Classes (Medium)","2026-10-03 11:05:34","2026-10-03 11:05:34","SOP Task Assigned","-","PRIORITY - Active Student Upgrade Pitch","0"
"44","62899980","EGSS-adhmgadallah","ME-EGSS30","MEKSA-EGSS01","围场外","outside pool","6","11",">=4 Classes (Medium)","2026-10-07 11:11:02","2026-10-07 11:11:02","SOP Task Assigned","-","PRIORITY - Active Student Upgrade Pitch","0"
"47","63361138","EGSS-alihesham01","ME-EGSS30","MEKSA-EGSS01","围场外","outside pool","5","13",">=4 Classes (Medium)","1970-01-01 00:00:00","No Connection Recorded","No Recorded Connection","-","PRIORITY - Active Student Upgrade Pitch","0"
"53","59286305","EGSS-alihesham01","ME-EGSS30","MEKSA-EGSS01","到期","Exp Non-0","5","15",">=4 Classes (Medium)","1970-01-01 00:00:00","No Connection Recorded","No Recorded Connection","-","PRIORITY - Active Student Upgrade Pitch","0"
"54","62539473","EGSS-titooooo","ME-EGSS30","MEKSA-EGSS01","到期","Exp Non-0","5","13",">=4 Classes (Medium)","1970-01-01 00:00:00","No Connection Recorded","No Recorded Connection","-","PRIORITY - Active Student Upgrade Pitch","0"
"63","61572137","EGSS-adhmgadallah","ME-EGSS30","MEKSA-EGSS01","围场外","outside pool","5","11",">=4 Classes (Medium)","2025-12-28 00:00:00","2025-12-28 00:00:00","Last 1v1 Payment","20251228","PRIORITY - Active Student Upgrade Pitch","0"
"76","62867244","EGSS-adhmgadallah","ME-EGSS30","MEKSA-EGSS01","围场外","outside pool","5","8",">=4 Classes (Medium)","2026-06-15 00:00:00","2026-06-15 00:00:00","Last 1v1 Payment","20260615","PRIORITY - Active Student Upgrade Pitch","0"
"82","63786214","EGSS-adhmgadallah","ME-EGSS30","MEKSA-EGSS01","围场外","outside pool","5","12",">=4 Classes (Medium)","2026-08-04 00:00:00","2026-08-04 00:00:00","CRM System Outreach","-","PRIORITY - Active Student Upgrade Pitch","0"
"83","63876223","EGSS-titooooo","ME-EGSS30","MEKSA-EGSS01","围场外","outside pool","5","12",">=4 Classes (Medium)","2026-08-13 00:00:00","2026-08-13 00:00:00","CRM System Outreach","-","PRIORITY - Active Student Upgrade Pitch","0"
"84","61811974","EGSS-titooooo","ME-EGSS30","MEKSA-EGSS01","围场外","outside pool","5","9",">=4 Classes (Medium)","2026-08-15 00:00:00","2026-08-15 00:00:00","CRM System Outreach","-","PRIORITY - Active Student Upgrade Pitch","0"
"86","60463301","EGSS-titooooo","ME-EGSS30","MEKSA-EGSS01","围场外","outside pool","5","13",">=4 Classes (Medium)","2026-08-17 00:00:00","2026-08-17 00:00:00","Last 1v1 Payment","20260817","PRIORITY - Active Student Upgrade Pitch","0"
"87","58930765","EGSS-adhmgadallah","ME-EGSS30","MEKSA-EGSS01","围场外","outside pool","5","12",">=4 Classes (Medium)","2026-08-21 00:00:00","2026-08-21 00:00:00","CRM System Outreach","-","PRIORITY - Active Student Upgrade Pitch","0"
"89","63370140","EGSS-alihesham01","ME-EGSS30","MEKSA-EGSS01","围场外","outside pool","5","12",">=4 Classes (Medium)","2026-08-31 00:00:00","2026-08-31 00:00:00","Last 1v1 Payment","20260831","PRIORITY - Active Student Upgrade Pitch","0"
"100","64302346","EGSS-alihesham01","ME-EGSS30","MEKSA-EGSS01","围场外","outside pool","5","12",">=4 Classes (Medium)","2026-10-05 16:29:46","2026-10-05 16:29:46","SOP Completed Touch","-","PRIORITY - Active Student Upgrade Pitch","0"
"110","64160371","EGSS-titooooo","ME-EGSS30","MEKSA-EGSS01","升舱","Upgrade M2","5","14",">=4 Classes (Medium)","2026-10-07 11:18:26","2026-10-07 11:18:26","SOP Task Assigned","-","PRIORITY - Active Student Upgrade Pitch","0"
"116","64457612","EGSS-adhmgadallah","ME-EGSS30","MEKSA-EGSS01","围场外","outside pool","5","12",">=4 Classes (Medium)","2026-10-07 16:56:51","2026-10-07 16:56:51","SOP Completed Touch","-","PRIORITY - Active Student Upgrade Pitch","0"
"132","61128389","EGSS-titooooo","ME-EGSS30","MEKSA-EGSS01","围场外","outside pool","4","6",">=4 Classes (Medium)","1970-01-01 00:00:00","No Connection Recorded","No Recorded Connection","-","PRIORITY - Active Student Upgrade Pitch","0"
"162","64190674","EGSS-adhmgadallah","ME-EGSS30","MEKSA-EGSS01","围场外","outside pool","4","12",">=4 Classes (Medium)","1970-01-01 00:00:00","No Connection Recorded","No Recorded Connection","-","PRIORITY - Active Student Upgrade Pitch","0"
"175","61100206","EGSS-adhmgadallah","ME-EGSS30","MEKSA-EGSS01","到期","Exp Non-0","4","7",">=4 Classes (Medium)","1970-01-01 00:00:00","No Connection Recorded","No Recorded Connection","-","PRIORITY - Active Student Upgrade Pitch","0"
"186","62257030","EGSS-adhmgadallah","ME-EGSS30","MEKSA-EGSS01","到期","Exp Non-0","4","8",">=4 Classes (Medium)","1970-01-01 00:00:00","No Connection Recorded","No Recorded Connection","-","PRIORITY - Active Student Upgrade Pitch","0"
"190","62865459","EGSS-alihesham01","ME-EGSS30","MEKSA-EGSS01","到期","Exp Non-0","4","4",">=4 Classes (Medium)","1970-01-01 00:00:00","No Connection Recorded","No Recorded Connection","-","PRIORITY - Active Student Upgrade Pitch","0"
"195","63360889","EGSS-titooooo","ME-EGSS30","MEKSA-EGSS01","围场外","outside pool","4","8",">=4 Classes (Medium)","1970-01-01 00:00:00","No Connection Recorded","No Recorded Connection","-","PRIORITY - Active Student Upgrade Pitch","0"
"196","64280463","EGSS-titooooo","ME-EGSS30","MEKSA-EGSS01","围场外","outside pool","4","0",">=4 Classes (Medium)","1970-01-01 00:00:00","No Connection Recorded","No Recorded Connection","-","PRIORITY - Active Student Upgrade Pitch","0"
"197","63771368","EGSS-titooooo","ME-EGSS30","MEKSA-EGSS01","围场外","outside pool","4","12",">=4 Classes (Medium)","1970-01-01 00:00:00","No Connection Recorded","CRM System Outreach","-","PRIORITY - Active Student Upgrade Pitch","0"
"215","64248181","EGSS-titooooo","ME-EGSS30","MEKSA-EGSS01","围场外","outside pool","4","11",">=4 Classes (Medium)","1970-01-01 00:00:00","No Connection Recorded","No Recorded Connection","-","PRIORITY - Active Student Upgrade Pitch","0"
"221","60224598","EGSS-adhmgadallah","ME-EGSS30","MEKSA-EGSS01","围场外","outside pool","4","1",">=4 Classes (Medium)","2025-06-23 00:00:00","2025-06-23 00:00:00","Last 1v1 Payment","20250623","PRIORITY - Active Student Upgrade Pitch","0"
"225","60473742","EGSS-alihesham01","ME-EGSS30","MEKSA-EGSS01","到期","Exp Non-0","4","8",">=4 Classes (Medium)","2025-08-31 00:00:00","2025-08-31 00:00:00","Last 1v1 Payment","20250831","PRIORITY - Active Student Upgrade Pitch","0"
"227","58810649","EGSS-alihesham01","ME-EGSS30","MEKSA-EGSS01","围场外","outside pool","4","11",">=4 Classes (Medium)","2025-09-08 00:00:00","2025-09-08 00:00:00","Last 1v1 Payment","20250908","PRIORITY - Active Student Upgrade Pitch","0"
"228","61201980","EGSS-titooooo","ME-EGSS30","MEKSA-EGSS01","围场外","outside pool","4","11",">=4 Classes (Medium)","2025-09-30 00:00:00","2025-09-30 00:00:00","Last 1v1 Payment","20250930","PRIORITY - Active Student Upgrade Pitch","0"
"244","61501336","EGSS-titooooo","ME-EGSS30","MEKSA-EGSS01","到期","Exp Non-0","4","8",">=4 Classes (Medium)","2026-01-12 00:00:00","2026-01-12 00:00:00","Last 1v1 Payment","20260112","PRIORITY - Active Student Upgrade Pitch","0"
"249","61091703","EGSS-titooooo","ME-EGSS30","MEKSA-EGSS01","围场外","outside pool","4","0",">=4 Classes (Medium)","2026-01-25 00:00:00","2026-01-25 00:00:00","Last 1v1 Payment","20260125","PRIORITY - Active Student Upgrade Pitch","0"
"250","61079093","EGSS-adhmgadallah","ME-EGSS30","MEKSA-EGSS01","围场外","outside pool","4","8",">=4 Classes (Medium)","2026-01-28 00:00:00","2026-01-28 00:00:00","Last 1v1 Payment","20260128","PRIORITY - Active Student Upgrade Pitch","0"
"264","59473301","EGSS-adhmgadallah","ME-EGSS30","MEKSA-EGSS01","期间","period","4","11",">=4 Classes (Medium)","2026-02-23 00:00:00","2026-02-23 00:00:00","Last 1v1 Payment","20260223","PRIORITY - Active Student Upgrade Pitch","0"
"269","62253385","EGSS-adhmgadallah","ME-EGSS30","MEKSA-EGSS01","到期","Exp Non-0","4","9",">=4 Classes (Medium)","2026-03-24 00:00:00","2026-03-24 00:00:00","Last 1v1 Payment","20260324","PRIORITY - Active Student Upgrade Pitch","0"
"285","62529687","EGSS-titooooo","ME-EGSS30","MEKSA-EGSS01","围场外","outside pool","4","8",">=4 Classes (Medium)","2026-05-05 00:00:00","2026-05-05 00:00:00","Last 1v1 Payment","20260505","PRIORITY - Active Student Upgrade Pitch","0"
"295","60660337","EGSS-adhmgadallah","ME-EGSS30","MEKSA-EGSS01","围场外","outside pool","4","12",">=4 Classes (Medium)","2026-05-25 00:00:00","2026-05-25 00:00:00","Last 1v1 Payment","20260525","PRIORITY - Active Student Upgrade Pitch","0"
"300","61268297","EGSS-titooooo","ME-EGSS30","MEKSA-EGSS01","围场外","outside pool","4","8",">=4 Classes (Medium)","2026-06-08 00:00:00","2026-06-08 00:00:00","Last 1v1 Payment","20260608","PRIORITY - Active Student Upgrade Pitch","0"
"302","59426583","EGSS-adhmgadallah","ME-EGSS30","MEKSA-EGSS01","期间","period","4","7",">=4 Classes (Medium)","2026-06-11 00:00:00","2026-06-11 00:00:00","Last 1v1 Payment","20260611","PRIORITY - Active Student Upgrade Pitch","0"
"329","63840582","EGSS-alihesham01","ME-EGSS30","MEKSA-EGSS01","围场外","outside pool","4","9",">=4 Classes (Medium)","2026-07-29 00:00:00","2026-07-29 00:00:00","CRM System Outreach","-","PRIORITY - Active Student Upgrade Pitch","0"
"334","63225582","EGSS-adhmgadallah","ME-EGSS30","MEKSA-EGSS01","围场外","outside pool","4","12",">=4 Classes (Medium)","2026-07-31 00:00:00","2026-07-31 00:00:00","Last 1v1 Payment","20260731","PRIORITY - Active Student Upgrade Pitch","0"
"345","63445660","EGSS-adhmgadallah","ME-EGSS30","MEKSA-EGSS01","围场外","outside pool","4","8",">=4 Classes (Medium)","2026-08-11 00:00:00","2026-08-11 00:00:00","Last 1v1 Payment","20260811","PRIORITY - Active Student Upgrade Pitch","0"
"357","63763940","EGSS-titooooo","ME-EGSS30","MEKSA-EGSS01","围场外","outside pool","4","11",">=4 Classes (Medium)","2026-08-20 00:00:00","2026-08-20 00:00:00","CRM System Outreach","-","PRIORITY - Active Student Upgrade Pitch","0"
"362","63793581","EGSS-alihesham01","ME-EGSS30","MEKSA-EGSS01","围场外","outside pool","4","9",">=4 Classes (Medium)","2026-08-26 00:00:00","2026-08-26 00:00:00","CRM System Outreach","-","PRIORITY - Active Student Upgrade Pitch","0"
"372","63369953","EGSS-alihesham01","ME-EGSS30","MEKSA-EGSS01","围场外","outside pool","4","2",">=4 Classes (Medium)","2026-08-31 00:00:00","2026-08-31 00:00:00","Last 1v1 Payment","20260831","PRIORITY - Active Student Upgrade Pitch","0"
"375","57819228","EGSS-titooooo","ME-EGSS30","MEKSA-EGSS01","围场外","outside pool","4","11",">=4 Classes (Medium)","2026-09-10 00:00:00","2026-09-10 00:00:00","Last 1v1 Payment","20260910","PRIORITY - Active Student Upgrade Pitch","0"
"376","64061550","EGSS-adhmgadallah","ME-EGSS30","MEKSA-EGSS01","围场外","outside pool","4","8",">=4 Classes (Medium)","2026-09-14 00:00:00","2026-09-14 00:00:00","Last 1v1 Payment","20260914","PRIORITY - Active Student Upgrade Pitch","0"
"387","61079495","EGSS-adhmgadallah","ME-EGSS30","MEKSA-EGSS01","围场外","outside pool","4","8",">=4 Classes (Medium)","2026-09-30 12:17:44","2026-09-30 12:17:44","SOP Completed Touch","20260826","PRIORITY - Active Student Upgrade Pitch","0"
"388","62970322","EGSS-adhmgadallah","ME-EGSS30","MEKSA-EGSS01","围场外","outside pool","4","14",">=4 Classes (Medium)","2026-09-30 12:18:15","2026-09-30 12:18:15","SOP Completed Touch","-","PRIORITY - Active Student Upgrade Pitch","0"
"408","63885326","EGSS-adhmgadallah","ME-EGSS30","MEKSA-EGSS01","升舱","Upgrade M2","4","12",">=4 Classes (Medium)","2026-10-03 11:17:48","2026-10-03 11:17:48","SOP Task Assigned","-","PRIORITY - Active Student Upgrade Pitch","0"
"415","64092174","EGSS-adhmgadallah","ME-EGSS30","MEKSA-EGSS01","升舱","Upgrade M2","4","12",">=4 Classes (Medium)","2026-10-03 11:27:10","2026-10-03 11:27:10","SOP Task Assigned","-","PRIORITY - Active Student Upgrade Pitch","0"
"441","64248852","EGSS-titooooo","ME-EGSS30","MEKSA-EGSS01","围场外","outside pool","4","11",">=4 Classes (Medium)","2026-10-04 16:21:14","2026-10-04 16:21:14","SOP Completed Touch","-","PRIORITY - Active Student Upgrade Pitch","0"
"453","64223961","EGSS-alihesham01","ME-EGSS30","MEKSA-EGSS01","围场外","outside pool","4","10",">=4 Classes (Medium)","2026-10-05 19:51:12","2026-10-05 19:51:12","SOP Completed Touch","-","PRIORITY - Active Student Upgrade Pitch","0"
"457","63916552","EGSS-alihesham01","ME-EGSS30","MEKSA-EGSS01","升舱","Upgrade M2","4","11",">=4 Classes (Medium)","2026-10-06 11:11:25","2026-10-06 11:11:25","SOP Task Assigned","-","PRIORITY - Active Student Upgrade Pitch","0"
"470","63771646","EGSS-titooooo","ME-EGSS30","MEKSA-EGSS01","围场外","outside pool","4","12",">=4 Classes (Medium)","2026-10-06 18:58:27","2026-10-06 18:58:27","SOP Completed Touch","-","PRIORITY - Active Student Upgrade Pitch","0"
"472","64246550","EGSS-titooooo","ME-EGSS30","MEKSA-EGSS01","围场外","outside pool","4","11",">=4 Classes (Medium)","2026-10-06 18:58:29","2026-10-06 18:58:29","SOP Completed Touch","-","PRIORITY - Active Student Upgrade Pitch","0"
"503","63775851","EGSS-titooooo","ME-EGSS30","MEKSA-EGSS01","围场外","outside pool","4","0",">=4 Classes (Medium)","2026-10-07 17:32:23","2026-10-07 17:32:23","SOP Completed Touch","-","PRIORITY - Active Student Upgrade Pitch","0"
"505","64473809","EGSS-alihesham01","ME-EGSS30","MEKSA-EGSS01","围场外","outside pool","3","11","1-3 Classes (Low)","1970-01-01 00:00:00","No Connection Recorded","No Recorded Connection","-","STANDARD - Re-engagement & Habit Building","0"
"511","59007169","EGSS-adhmgadallah","ME-EGSS30","MEKSA-EGSS01","围场外","outside pool","3","9","1-3 Classes (Low)","1970-01-01 00:00:00","No Connection Recorded","No Recorded Connection","-","STANDARD - Re-engagement & Habit Building","0"
"514","58217509","EGSS-titooooo","ME-EGSS30","MEKSA-EGSS01","围场外","outside pool","3","0","1-3 Classes (Low)","1970-01-01 00:00:00","No Connection Recorded","No Recorded Connection","-","STANDARD - Re-engagement & Habit Building","0"
"518","59144253","EGSS-adhmgadallah","ME-EGSS30","MEKSA-EGSS01","围场外","outside pool","3","7","1-3 Classes (Low)","1970-01-01 00:00:00","No Connection Recorded","No Recorded Connection","-","STANDARD - Re-engagement & Habit Building","0"
"525","58780999","EGSS-titooooo","ME-EGSS30","MEKSA-EGSS01","围场外","outside pool","3","6","1-3 Classes (Low)","1970-01-01 00:00:00","No Connection Recorded","No Recorded Connection","-","STANDARD - Re-engagement & Habit Building","0"
"537","58984011","EGSS-adhmgadallah","ME-EGSS30","MEKSA-EGSS01","围场外","outside pool","3","6","1-3 Classes (Low)","1970-01-01 00:00:00","No Connection Recorded","CRM System Outreach","-","STANDARD - Re-engagement & Habit Building","0"
"544","58603663","EGSS-titooooo","ME-EGSS30","MEKSA-EGSS01","到期","Exp Non-0","3","9","1-3 Classes (Low)","1970-01-01 00:00:00","No Connection Recorded","No Recorded Connection","-","STANDARD - Re-engagement & Habit Building","0"
"547","63887842","EGSS-alihesham01","ME-EGSS30","MEKSA-EGSS01","围场外","outside pool","3","11","1-3 Classes (Low)","1970-01-01 00:00:00","No Connection Recorded","CRM System Outreach","-","STANDARD - Re-engagement & Habit Building","0"
"554","64395103","EGSS-titooooo","ME-EGSS30","MEKSA-EGSS01","围场外","outside pool","3","7","1-3 Classes (Low)","1970-01-01 00:00:00","No Connection Recorded","No Recorded Connection","-","STANDARD - Re-engagement & Habit Building","0"
"559","60967250","EGSS-adhmgadallah","ME-EGSS30","MEKSA-EGSS01","到期","Exp Non-0","3","9","1-3 Classes (Low)","1970-01-01 00:00:00","No Connection Recorded","No Recorded Connection","-","STANDARD - Re-engagement & Habit Building","0"
"567","60646663","EGSS-adhmgadallah","ME-EGSS30","MEKSA-EGSS01","围场外","outside pool","3","11","1-3 Classes (Low)","1970-01-01 00:00:00","No Connection Recorded","No Recorded Connection","-","STANDARD - Re-engagement & Habit Building","0"
"571","64395119","EGSS-titooooo","ME-EGSS30","MEKSA-EGSS01","围场外","outside pool","3","6","1-3 Classes (Low)","1970-01-01 00:00:00","No Connection Recorded","No Recorded Connection","-","STANDARD - Re-engagement & Habit Building","0"
"573","64429859","EGSS-titooooo","ME-EGSS30","MEKSA-EGSS01","围场外","outside pool","3","16","1-3 Classes (Low)","1970-01-01 00:00:00","No Connection Recorded","No Recorded Connection","-","STANDARD - Re-engagement & Habit Building","0"
"576","62237827","EGSS-titooooo","ME-EGSS30","MEKSA-EGSS01","围场外","outside pool","3","6","1-3 Classes (Low)","1970-01-01 00:00:00","No Connection Recorded","No Recorded Connection","-","STANDARD - Re-engagement & Habit Building","0"
"578","63742653","EGSS-titooooo","ME-EGSS30","MEKSA-EGSS01","围场外","outside pool","3","9","1-3 Classes (Low)","1970-01-01 00:00:00","No Connection Recorded","CRM System Outreach","20260929","STANDARD - Re-engagement & Habit Building","0"
"580","64255483","EGSS-titooooo","ME-EGSS30","MEKSA-EGSS01","围场外","outside pool","3","13","1-3 Classes (Low)","1970-01-01 00:00:00","No Connection Recorded","No Recorded Connection","-","STANDARD - Re-engagement & Habit Building","0"
"584","59499083","EGSS-adhmgadallah","ME-EGSS30","MEKSA-EGSS01","围场外","outside pool","3","0","1-3 Classes (Low)","1970-01-01 00:00:00","No Connection Recorded","No Recorded Connection","-","STANDARD - Re-engagement & Habit Building","0"
"594","60670333","EGSS-titooooo","ME-EGSS30","MEKSA-EGSS01","围场外","outside pool","3","11","1-3 Classes (Low)","1970-01-01 00:00:00","No Connection Recorded","No Recorded Connection","-","STANDARD - Re-engagement & Habit Building","0"
"602","64189608","EGSS-titooooo","ME-EGSS30","MEKSA-EGSS01","围场外","outside pool","3","5","1-3 Classes (Low)","1970-01-01 00:00:00","No Connection Recorded","No Recorded Connection","-","STANDARD - Re-engagement & Habit Building","0"
"660","61655612","EGSS-titooooo","ME-EGSS30","MEKSA-EGSS01","到期","Exp Non-0","3","8","1-3 Classes (Low)","1970-01-01 00:00:00","No Connection Recorded","No Recorded Connection","-","STANDARD - Re-engagement & Habit Building","0"
"672","60389714","EGSS-titooooo","ME-EGSS30","MEKSA-EGSS01","到期","Exp Non-0","3","6","1-3 Classes (Low)","1970-01-01 00:00:00","No Connection Recorded","No Recorded Connection","-","STANDARD - Re-engagement & Habit Building","0"
"683","63570480","EGSS-adhmgadallah","ME-EGSS30","MEKSA-EGSS01","围场外","outside pool","3","8","1-3 Classes (Low)","1970-01-01 00:00:00","No Connection Recorded","No Recorded Connection","-","STANDARD - Re-engagement & Habit Building","0"
"684","62803020","EGSS-titooooo","ME-EGSS30","MEKSA-EGSS01","到期","Exp Non-0","3","6","1-3 Classes (Low)","1970-01-01 00:00:00","No Connection Recorded","No Recorded Connection","-","STANDARD - Re-engagement & Habit Building","0"
"685","62803562","EGSS-titooooo","ME-EGSS30","MEKSA-EGSS01","到期","Exp Non-0","3","6","1-3 Classes (Low)","1970-01-01 00:00:00","No Connection Recorded","No Recorded Connection","-","STANDARD - Re-engagement & Habit Building","0"
"686","63574926","EGSS-adhmgadallah","ME-EGSS30","MEKSA-EGSS01","围场外","outside pool","3","0","1-3 Classes (Low)","1970-01-01 00:00:00","No Connection Recorded","No Recorded Connection","-","STANDARD - Re-engagement & Habit Building","0"
"691","63333356","EGSS-titooooo","ME-EGSS30","MEKSA-EGSS01","围场外","outside pool","3","0","1-3 Classes (Low)","1970-01-01 00:00:00","No Connection Recorded","No Recorded Connection","-","STANDARD - Re-engagement & Habit Building","0"
"694","63244211","EGSS-titooooo","ME-EGSS30","MEKSA-EGSS01","到期","Exp Non-0","3","9","1-3 Classes (Low)","1970-01-01 00:00:00","No Connection Recorded","No Recorded Connection","-","STANDARD - Re-engagement & Habit Building","0"
"696","63144980","EGSS-titooooo","ME-EGSS30","MEKSA-EGSS01","围场外","outside pool","3","6","1-3 Classes (Low)","1970-01-01 00:00:00","No Connection Recorded","No Recorded Connection","-","STANDARD - Re-engagement & Habit Building","0"
"709","60038126","EGSS-alihesham01","ME-EGSS30","MEKSA-EGSS01","围场外","outside pool","3","11","1-3 Classes (Low)","1970-01-01 00:00:00","No Connection Recorded","No Recorded Connection","-","STANDARD - Re-engagement & Habit Building","0"
"727","62835635","EGSS-titooooo","ME-EGSS30","MEKSA-EGSS01","围场外","outside pool","3","10","1-3 Classes (Low)","1970-01-01 00:00:00","No Connection Recorded","No Recorded Connection","-","STANDARD - Re-engagement & Habit Building","0"
"728","62925667","EGSS-titooooo","ME-EGSS30","MEKSA-EGSS01","到期","Exp Non-0","3","9","1-3 Classes (Low)","1970-01-01 00:00:00","No Connection Recorded","No Recorded Connection","-","STANDARD - Re-engagement & Habit Building","0"
"731","64354297","EGSS-adhmgadallah","ME-EGSS30","MEKSA-EGSS01","围场外","outside pool","3","9","1-3 Classes (Low)","1970-01-01 00:00:00","No Connection Recorded","No Recorded Connection","-","STANDARD - Re-engagement & Habit Building","0"
"734","62925947","EGSS-titooooo","ME-EGSS30","MEKSA-EGSS01","到期","Exp Non-0","3","9","1-3 Classes (Low)","1970-01-01 00:00:00","No Connection Recorded","No Recorded Connection","-","STANDARD - Re-engagement & Habit Building","0"
"736","64205800","EGSS-adhmgadallah","ME-EGSS30","MEKSA-EGSS01","围场外","outside pool","3","9","1-3 Classes (Low)","1970-01-01 00:00:00","No Connection Recorded","No Recorded Connection","-","STANDARD - Re-engagement & Habit Building","0"
"737","64214188","EGSS-adhmgadallah","ME-EGSS30","MEKSA-EGSS01","围场外","outside pool","3","8","1-3 Classes (Low)","1970-01-01 00:00:00","No Connection Recorded","No Recorded Connection","-","STANDARD - Re-engagement & Habit Building","0"
"740","62867577","EGSS-titooooo","ME-EGSS30","MEKSA-EGSS01","围场外","outside pool","3","11","1-3 Classes (Low)","1970-01-01 00:00:00","No Connection Recorded","No Recorded Connection","-","STANDARD - Re-engagement & Habit Building","0"
"742","57906544","EGSS-alihesham01","ME-EGSS30","MEKSA-EGSS01","围场外","outside pool","3","11","1-3 Classes (Low)","1970-01-01 00:00:00","No Connection Recorded","No Recorded Connection","-","STANDARD - Re-engagement & Habit Building","0"
"744","64395467","EGSS-adhmgadallah","ME-EGSS30","MEKSA-EGSS01","围场外","outside pool","3","9","1-3 Classes (Low)","1970-01-01 00:00:00","No Connection Recorded","No Recorded Connection","-","STANDARD - Re-engagement & Habit Building","0"
"746","64354441","EGSS-adhmgadallah","ME-EGSS30","MEKSA-EGSS01","围场外","outside pool","3","9","1-3 Classes (Low)","1970-01-01 00:00:00","No Connection Recorded","No Recorded Connection","-","STANDARD - Re-engagement & Habit Building","0"
"754","63037456","EGSS-titooooo","ME-EGSS30","MEKSA-EGSS01","围场外","outside pool","3","7","1-3 Classes (Low)","1970-01-01 00:00:00","No Connection Recorded","No Recorded Connection","-","STANDARD - Re-engagement & Habit Building","0"
"757","63045215","EGSS-titooooo","ME-EGSS30","MEKSA-EGSS01","围场外","outside pool","3","7","1-3 Classes (Low)","1970-01-01 00:00:00","No Connection Recorded","No Recorded Connection","-","STANDARD - Re-engagement & Habit Building","0"
"759","63774361","EGSS-adhmgadallah","ME-EGSS30","MEKSA-EGSS01","围场外","outside pool","3","6","1-3 Classes (Low)","1970-01-01 00:00:00","No Connection Recorded","CRM System Outreach","-","STANDARD - Re-engagement & Habit Building","0"
"761","63774554","EGSS-adhmgadallah","ME-EGSS30","MEKSA-EGSS01","围场外","outside pool","3","6","1-3 Classes (Low)","1970-01-01 00:00:00","No Connection Recorded","CRM System Outreach","-","STANDARD - Re-engagement & Habit Building","0"
"769","63014561","EGSS-titooooo","ME-EGSS30","MEKSA-EGSS01","围场外","outside pool","3","12","1-3 Classes (Low)","1970-01-01 00:00:00","No Connection Recorded","No Recorded Connection","-","STANDARD - Re-engagement & Habit Building","0"
"776","62848463","EGSS-alihesham01","ME-EGSS30","MEKSA-EGSS01","围场外","outside pool","3","6","1-3 Classes (Low)","1970-01-01 00:00:00","No Connection Recorded","No Recorded Connection","-","STANDARD - Re-engagement & Habit Building","0"
"779","62850640","EGSS-alihesham01","ME-EGSS30","MEKSA-EGSS01","围场外","outside pool","3","7","1-3 Classes (Low)","1970-01-01 00:00:00","No Connection Recorded","No Recorded Connection","-","STANDARD - Re-engagement & Habit Building","0"
"786","63575627","EGSS-titooooo","ME-EGSS30","MEKSA-EGSS01","围场外","outside pool","3","6","1-3 Classes (Low)","1970-01-01 00:00:00","No Connection Recorded","No Recorded Connection","-","STANDARD - Re-engagement & Habit Building","0"
"789","64394878","EGSS-titooooo","ME-EGSS30","MEKSA-EGSS01","围场外","outside pool","3","8","1-3 Classes (Low)","1970-01-01 00:00:00","No Connection Recorded","No Recorded Connection","-","STANDARD - Re-engagement & Habit Building","0"
"795","64383851","EGSS-titooooo","ME-EGSS30","MEKSA-EGSS01","围场外","outside pool","3","9","1-3 Classes (Low)","1970-01-01 00:00:00","No Connection Recorded","No Recorded Connection","-","STANDARD - Re-engagement & Habit Building","0"
"810","62864107","EGSS-alihesham01","ME-EGSS30","MEKSA-EGSS01","到期","Exp Non-0","3","9","1-3 Classes (Low)","1970-01-01 00:00:00","No Connection Recorded","No Recorded Connection","-","STANDARD - Re-engagement & Habit Building","0"
"816","62866476","EGSS-alihesham01","ME-EGSS30","MEKSA-EGSS01","到期","Exp Non-0","3","10","1-3 Classes (Low)","1970-01-01 00:00:00","No Connection Recorded","No Recorded Connection","-","STANDARD - Re-engagement & Habit Building","0"
"819","62433478","EGSS-adhmgadallah","ME-EGSS30","MEKSA-EGSS01","期间","period","3","0","1-3 Classes (Low)","1970-01-01 00:00:00","No Connection Recorded","No Recorded Connection","-","STANDARD - Re-engagement & Habit Building","0"
"821","62437854","EGSS-adhmgadallah","ME-EGSS30","MEKSA-EGSS01","首单到期","FOE Non-0","3","9","1-3 Classes (Low)","1970-01-01 00:00:00","No Connection Recorded","No Recorded Connection","-","STANDARD - Re-engagement & Habit Building","0"
"828","62347037","EGSS-adhmgadallah","ME-EGSS30","MEKSA-EGSS01","到期","Exp Non-0","3","9","1-3 Classes (Low)","1970-01-01 00:00:00","No Connection Recorded","No Recorded Connection","-","STANDARD - Re-engagement & Habit Building","0"
"840","63517766","EGSS-titooooo","ME-EGSS30","MEKSA-EGSS01","围场外","outside pool","3","6","1-3 Classes (Low)","1970-01-01 00:00:00","No Connection Recorded","No Recorded Connection","-","STANDARD - Re-engagement & Habit Building","0"
"849","62565691","EGSS-titooooo","ME-EGSS30","MEKSA-EGSS01","到期","Exp Non-0","3","9","1-3 Classes (Low)","1970-01-01 00:00:00","No Connection Recorded","No Recorded Connection","-","STANDARD - Re-engagement & Habit Building","0"
"852","61800321","EGSS-alihesham01","ME-EGSS30","MEKSA-EGSS01","到期","Exp Non-0","3","9","1-3 Classes (Low)","1970-01-01 00:00:00","No Connection Recorded","No Recorded Connection","-","STANDARD - Re-engagement & Habit Building","0"
"863","59407908","EGSS-alihesham01","ME-EGSS30","MEKSA-EGSS01","到期","Exp Non-0","3","9","1-3 Classes (Low)","2025-01-20 00:00:00","2025-01-20 00:00:00","Last 1v1 Payment","20250120","STANDARD - Re-engagement & Habit Building","0"
"872","60408819","EGSS-alihesham01","ME-EGSS30","MEKSA-EGSS01","期间","period","3","17","1-3 Classes (Low)","2025-07-28 00:00:00","2025-07-28 00:00:00","Last 1v1 Payment","20250728","STANDARD - Re-engagement & Habit Building","0"
"875","60444722","EGSS-titooooo","ME-EGSS30","MEKSA-EGSS01","围场外","outside pool","3","6","1-3 Classes (Low)","2025-08-24 00:00:00","2025-08-24 00:00:00","Last 1v1 Payment","20250824","STANDARD - Re-engagement & Habit Building","0"
"876","60629186","EGSS-adhmgadallah","ME-EGSS30","MEKSA-EGSS01","围场外","outside pool","3","7","1-3 Classes (Low)","2025-09-03 00:00:00","2025-09-03 00:00:00","Last 1v1 Payment","20250903","STANDARD - Re-engagement & Habit Building","0"
"882","60743523","EGSS-alihesham01","ME-EGSS30","MEKSA-EGSS01","围场外","outside pool","3","11","1-3 Classes (Low)","2025-09-28 00:00:00","2025-09-28 00:00:00","Last 1v1 Payment","20250928","STANDARD - Re-engagement & Habit Building","0"
"895","61209313","EGSS-titooooo","ME-EGSS30","MEKSA-EGSS01","围场外","outside pool","3","9","1-3 Classes (Low)","2025-11-06 00:00:00","2025-11-06 00:00:00","Last 1v1 Payment","20251106","STANDARD - Re-engagement & Habit Building","0"
"908","60848408","EGSS-titooooo","ME-EGSS30","MEKSA-EGSS01","围场外","outside pool","3","9","1-3 Classes (Low)","2025-11-25 00:00:00","2025-11-25 00:00:00","Last 1v1 Payment","20251125","STANDARD - Re-engagement & Habit Building","0"
"909","61210758","EGSS-alihesham01","ME-EGSS30","MEKSA-EGSS01","围场外","outside pool","3","8","1-3 Classes (Low)","2025-11-26 00:00:00","2025-11-26 00:00:00","Last 1v1 Payment","20251126","STANDARD - Re-engagement & Habit Building","0"
"951","59052074","EGSS-alihesham01","ME-EGSS30","MEKSA-EGSS01","围场外","outside pool","3","10","1-3 Classes (Low)","2026-01-23 00:00:00","2026-01-23 00:00:00","Last 1v1 Payment","20260123","STANDARD - Re-engagement & Habit Building","0"
"953","61145141","EGSS-adhmgadallah","ME-EGSS30","MEKSA-EGSS01","围场外","outside pool","3","7","1-3 Classes (Low)","2026-01-28 00:00:00","2026-01-28 00:00:00","Last 1v1 Payment","20260128","STANDARD - Re-engagement & Habit Building","0"
"954","61773594","EGSS-adhmgadallah","ME-EGSS30","MEKSA-EGSS01","到期","Exp Non-0","3","10","1-3 Classes (Low)","2026-01-28 00:00:00","2026-01-28 00:00:00","Last 1v1 Payment","20260128","STANDARD - Re-engagement & Habit Building","0"
"958","61031445","EGSS-adhmgadallah","ME-EGSS30","MEKSA-EGSS01","期间","period","3","9","1-3 Classes (Low)","2026-01-29 00:00:00","2026-01-29 00:00:00","Last 1v1 Payment","20260129","STANDARD - Re-engagement & Habit Building","0"
"978","60474515","EGSS-alihesham01","ME-EGSS30","MEKSA-EGSS01","到期","Exp Non-0","3","10","1-3 Classes (Low)","2026-02-27 00:00:00","2026-02-27 00:00:00","Last 1v1 Payment","20260227","STANDARD - Re-engagement & Habit Building","0"
"982","59205124","EGSS-adhmgadallah","ME-EGSS30","MEKSA-EGSS01","围场外","outside pool","3","9","1-3 Classes (Low)","2026-03-02 00:00:00","2026-03-02 00:00:00","Last 1v1 Payment","20260302","STANDARD - Re-engagement & Habit Building","0"
"991","60437085","EGSS-adhmgadallah","ME-EGSS30","MEKSA-EGSS01","围场外","outside pool","3","6","1-3 Classes (Low)","2026-03-07 00:00:00","2026-03-07 00:00:00","Last 1v1 Payment","20260307","STANDARD - Re-engagement & Habit Building","0"
"1009","59420128","EGSS-alihesham01","ME-EGSS30","MEKSA-EGSS01","到期","Exp Non-0","3","9","1-3 Classes (Low)","2026-03-27 00:00:00","2026-03-27 00:00:00","Last 1v1 Payment","20260327","STANDARD - Re-engagement & Habit Building","0"
"1013","61088952","EGSS-alihesham01","ME-EGSS30","MEKSA-EGSS01","到期","Exp Non-0","3","0","1-3 Classes (Low)","2026-03-29 00:00:00","2026-03-29 00:00:00","Last 1v1 Payment","20260329","STANDARD - Re-engagement & Habit Building","0"
"1014","61088485","EGSS-alihesham01","ME-EGSS30","MEKSA-EGSS01","期间","period","3","0","1-3 Classes (Low)","2026-03-29 00:00:00","2026-03-29 00:00:00","Last 1v1 Payment","20260329","STANDARD - Re-engagement & Habit Building","0"
"1019","60993516","EGSS-adhmgadallah","ME-EGSS30","MEKSA-EGSS01","围场外","outside pool","3","6","1-3 Classes (Low)","2026-03-30 00:00:00","2026-03-30 00:00:00","Last 1v1 Payment","20260330","STANDARD - Re-engagement & Habit Building","0"
"1023","58594982","EGSS-titooooo","ME-EGSS30","MEKSA-EGSS01","围场外","outside pool","3","6","1-3 Classes (Low)","2026-04-05 00:00:00","2026-04-05 00:00:00","Last 1v1 Payment","20260405","STANDARD - Re-engagement & Habit Building","0"
"1030","61922192","EGSS-adhmgadallah","ME-EGSS30","MEKSA-EGSS01","期间","period","3","9","1-3 Classes (Low)","2026-04-14 00:00:00","2026-04-14 00:00:00","Last 1v1 Payment","20260414","STANDARD - Re-engagement & Habit Building","0"
"1032","61666081","EGSS-adhmgadallah","ME-EGSS30","MEKSA-EGSS01","期间","period","3","9","1-3 Classes (Low)","2026-04-18 00:00:00","2026-04-18 00:00:00","Last 1v1 Payment","20260418","STANDARD - Re-engagement & Habit Building","0"
"1033","60326330","EGSS-titooooo","ME-EGSS30","MEKSA-EGSS01","围场外","outside pool","3","3","1-3 Classes (Low)","2026-04-21 00:00:00","2026-04-21 00:00:00","Last 1v1 Payment","20260421","STANDARD - Re-engagement & Habit Building","0"
"1040","62476040","EGSS-adhmgadallah","ME-EGSS30","MEKSA-EGSS01","围场外","outside pool","3","9","1-3 Classes (Low)","2026-04-27 00:00:00","2026-04-27 00:00:00","Last 1v1 Payment","20260427","STANDARD - Re-engagement & Habit Building","0"
"1043","60687278","EGSS-adhmgadallah","ME-EGSS30","MEKSA-EGSS01","围场外","outside pool","3","10","1-3 Classes (Low)","2026-04-28 00:00:00","2026-04-28 00:00:00","Last 1v1 Payment","20260428","STANDARD - Re-engagement & Habit Building","0"
"1046","57838883","EGSS-adhmgadallah","ME-EGSS30","MEKSA-EGSS01","围场外","outside pool","3","6","1-3 Classes (Low)","2026-04-30 00:00:00","2026-04-30 00:00:00","Last 1v1 Payment","20260430","STANDARD - Re-engagement & Habit Building","0"
"1047","61098714","EGSS-adhmgadallah","ME-EGSS30","MEKSA-EGSS01","围场外","outside pool","3","12","1-3 Classes (Low)","2026-04-30 00:00:00","2026-04-30 00:00:00","Last 1v1 Payment","20260430","STANDARD - Re-engagement & Habit Building","0"
"1069","59567288","EGSS-adhmgadallah","ME-EGSS30","MEKSA-EGSS01","围场外","outside pool","3","9","1-3 Classes (Low)","2026-05-12 00:00:00","2026-05-12 00:00:00","Last 1v1 Payment","20260512","STANDARD - Re-engagement & Habit Building","0"
"1070","59567387","EGSS-adhmgadallah","ME-EGSS30","MEKSA-EGSS01","围场外","outside pool","3","9","1-3 Classes (Low)","2026-05-12 00:00:00","2026-05-12 00:00:00","Last 1v1 Payment","20260512","STANDARD - Re-engagement & Habit Building","0"
"1075","61211668","EGSS-adhmgadallah","ME-EGSS30","MEKSA-EGSS01","围场外","outside pool","3","9","1-3 Classes (Low)","2026-05-17 00:00:00","2026-05-17 00:00:00","Last 1v1 Payment","20260517","STANDARD - Re-engagement & Habit Building","0"
"1080","62447258","EGSS-titooooo","ME-EGSS30","MEKSA-EGSS01","围场外","outside pool","3","0","1-3 Classes (Low)","2026-05-18 00:00:00","2026-05-18 00:00:00","Last 1v1 Payment","20260518","STANDARD - Re-engagement & Habit Building","0"
"1082","60389256","EGSS-titooooo","ME-EGSS30","MEKSA-EGSS01","围场外","outside pool","3","9","1-3 Classes (Low)","2026-05-19 00:00:00","2026-05-19 00:00:00","Last 1v1 Payment","20260519","STANDARD - Re-engagement & Habit Building","0"
"1083","62705729","EGSS-adhmgadallah","ME-EGSS30","MEKSA-EGSS01","围场外","outside pool","3","9","1-3 Classes (Low)","2026-05-20 00:00:00","2026-05-20 00:00:00","Last 1v1 Payment","20260520","STANDARD - Re-engagement & Habit Building","0"
"1092","61088134","EGSS-adhmgadallah","ME-EGSS30","MEKSA-EGSS01","围场外","outside pool","3","9","1-3 Classes (Low)","2026-05-22 00:00:00","2026-05-22 00:00:00","Last 1v1 Payment","20260522","STANDARD - Re-engagement & Habit Building","0"
"1102","60659866","EGSS-adhmgadallah","ME-EGSS30","MEKSA-EGSS01","围场外","outside pool","3","1","1-3 Classes (Low)","2026-05-25 00:00:00","2026-05-25 00:00:00","Last 1v1 Payment","20260525","STANDARD - Re-engagement & Habit Building","0"
"1105","59495001","EGSS-titooooo","ME-EGSS30","MEKSA-EGSS01","围场外","outside pool","3","8","1-3 Classes (Low)","2026-05-26 00:00:00","2026-05-26 00:00:00","Last 1v1 Payment","20260526","STANDARD - Re-engagement & Habit Building","0"
"1115","62209896","EGSS-adhmgadallah","ME-EGSS30","MEKSA-EGSS01","围场外","outside pool","3","10","1-3 Classes (Low)","2026-06-04 00:00:00","2026-06-04 00:00:00","Last 1v1 Payment","20260604","STANDARD - Re-engagement & Habit Building","0"
"1123","59513114","EGSS-adhmgadallah","ME-EGSS30","MEKSA-EGSS01","围场外","outside pool","3","9","1-3 Classes (Low)","2026-06-09 00:00:00","2026-06-09 00:00:00","Last 1v1 Payment","20260609","STANDARD - Re-engagement & Habit Building","0"
"1124","62840072","EGSS-titooooo","ME-EGSS30","MEKSA-EGSS01","围场外","outside pool","3","10","1-3 Classes (Low)","2026-06-10 00:00:00","2026-06-10 00:00:00","Last 1v1 Payment","20260610","STANDARD - Re-engagement & Habit Building","0"
"1129","62224670","EGSS-adhmgadallah","ME-EGSS30","MEKSA-EGSS01","围场外","outside pool","3","6","1-3 Classes (Low)","2026-06-13 00:00:00","2026-06-13 00:00:00","Last 1v1 Payment","20260613","STANDARD - Re-engagement & Habit Building","0"
"1130","61857347","EGSS-alihesham01","ME-EGSS30","MEKSA-EGSS01","围场外","outside pool","3","6","1-3 Classes (Low)","2026-06-13 00:00:00","2026-06-13 00:00:00","Last 1v1 Payment","20260613","STANDARD - Re-engagement & Habit Building","0"
"1131","62225026","EGSS-adhmgadallah","ME-EGSS30","MEKSA-EGSS01","围场外","outside pool","3","6","1-3 Classes (Low)","2026-06-13 00:00:00","2026-06-13 00:00:00","Last 1v1 Payment","20260613","STANDARD - Re-engagement & Habit Building","0"
"1142","59219702","EGSS-titooooo","ME-EGSS30","MEKSA-EGSS01","围场外","outside pool","3","9","1-3 Classes (Low)","2026-06-20 00:00:00","2026-06-20 00:00:00","Last 1v1 Payment","20260620","STANDARD - Re-engagement & Habit Building","0"
"1152","61305147","EGSS-adhmgadallah","ME-EGSS30","MEKSA-EGSS01","围场外","outside pool","3","9","1-3 Classes (Low)","2026-06-27 00:00:00","2026-06-27 00:00:00","Last 1v1 Payment","20260627","STANDARD - Re-engagement & Habit Building","0"
"1153","62858510","EGSS-alihesham01","ME-EGSS30","MEKSA-EGSS01","围场外","outside pool","3","9","1-3 Classes (Low)","2026-06-27 00:00:00","2026-06-27 00:00:00","Last 1v1 Payment","20260627","STANDARD - Re-engagement & Habit Building","0"
"1162","59337088","EGSS-alihesham01","ME-EGSS30","MEKSA-EGSS01","围场外","outside pool","3","9","1-3 Classes (Low)","2026-06-29 00:00:00","2026-06-29 00:00:00","Last 1v1 Payment","20260629","STANDARD - Re-engagement & Habit Building","0"
"1170","58526954","EGSS-titooooo","ME-EGSS30","MEKSA-EGSS01","围场外","outside pool","3","10","1-3 Classes (Low)","2026-07-01 00:00:00","2026-07-01 00:00:00","Last 1v1 Payment","20260701","STANDARD - Re-engagement & Habit Building","0"
"1172","59910150","EGSS-titooooo","ME-EGSS30","MEKSA-EGSS01","围场外","outside pool","3","7","1-3 Classes (Low)","2026-07-01 00:00:00","2026-07-01 00:00:00","Last 1v1 Payment","20260701","STANDARD - Re-engagement & Habit Building","0"
"1175","63595630","EGSS-adhmgadallah","ME-EGSS30","MEKSA-EGSS01","围场外","outside pool","3","9","1-3 Classes (Low)","2026-07-06 00:00:00","2026-07-06 00:00:00","CRM System Outreach","-","STANDARD - Re-engagement & Habit Building","0"
"1178","61524572","EGSS-titooooo","ME-EGSS30","MEKSA-EGSS01","围场外","outside pool","3","9","1-3 Classes (Low)","2026-07-08 00:00:00","2026-07-08 00:00:00","Last 1v1 Payment","20260708","STANDARD - Re-engagement & Habit Building","0"
"1187","58163223","EGSS-titooooo","ME-EGSS30","MEKSA-EGSS01","围场外","outside pool","3","8","1-3 Classes (Low)","2026-07-13 00:00:00","2026-07-13 00:00:00","Last 1v1 Payment","20260713","STANDARD - Re-engagement & Habit Building","0"
"1210","63781985","EGSS-titooooo","ME-EGSS30","MEKSA-EGSS01","围场外","outside pool","3","0","1-3 Classes (Low)","2026-07-22 00:00:00","2026-07-22 00:00:00","CRM System Outreach","-","STANDARD - Re-engagement & Habit Building","0"
"1221","63813382","EGSS-adhmgadallah","ME-EGSS30","MEKSA-EGSS01","到期","Exp Non-0","3","0","1-3 Classes (Low)","2026-07-27 00:00:00","2026-07-27 00:00:00","CRM System Outreach","-","STANDARD - Re-engagement & Habit Building","0"
"1231","61383602","EGSS-adhmgadallah","ME-EGSS30","MEKSA-EGSS01","围场外","outside pool","3","10","1-3 Classes (Low)","2026-07-28 00:00:00","2026-07-28 00:00:00","Last 1v1 Payment","20260728","STANDARD - Re-engagement & Habit Building","0"
"1233","63380041","EGSS-alihesham01","ME-EGSS30","MEKSA-EGSS01","围场外","outside pool","3","11","1-3 Classes (Low)","2026-07-29 00:00:00","2026-07-29 00:00:00","CRM System Outreach","-","STANDARD - Re-engagement & Habit Building","0"
"1238","62345601","EGSS-adhmgadallah","ME-EGSS30","MEKSA-EGSS01","围场外","outside pool","3","8","1-3 Classes (Low)","2026-07-30 00:00:00","2026-07-30 00:00:00","Last 1v1 Payment","20260730","STANDARD - Re-engagement & Habit Building","0"
"1249","60993779","EGSS-adhmgadallah","ME-EGSS30","MEKSA-EGSS01","围场外","outside pool","3","9","1-3 Classes (Low)","2026-08-02 00:00:00","2026-08-02 00:00:00","Last 1v1 Payment","20260802","STANDARD - Re-engagement & Habit Building","0"
"1260","63833168","EGSS-titooooo","ME-EGSS30","MEKSA-EGSS01","围场外","outside pool","3","9","1-3 Classes (Low)","2026-08-05 00:00:00","2026-08-05 00:00:00","CRM System Outreach","-","STANDARD - Re-engagement & Habit Building","0"
"1268","63662110","EGSS-titooooo","ME-EGSS30","MEKSA-EGSS01","到期","Exp Non-0","3","8","1-3 Classes (Low)","2026-08-06 00:00:00","2026-08-06 00:00:00","CRM System Outreach","-","STANDARD - Re-engagement & Habit Building","0"
"1279","63593927","EGSS-titooooo","ME-EGSS30","MEKSA-EGSS01","围场外","outside pool","3","9","1-3 Classes (Low)","2026-08-10 00:00:00","2026-08-10 00:00:00","CRM System Outreach","-","STANDARD - Re-engagement & Habit Building","0"
"1281","63464299","EGSS-titooooo","ME-EGSS30","MEKSA-EGSS01","围场外","outside pool","3","9","1-3 Classes (Low)","2026-08-10 00:00:00","2026-08-10 00:00:00","Last 1v1 Payment","20260810","STANDARD - Re-engagement & Habit Building","0"
"1290","63812757","EGSS-titooooo","ME-EGSS30","MEKSA-EGSS01","围场外","outside pool","3","11","1-3 Classes (Low)","2026-08-12 00:00:00","2026-08-12 00:00:00","CRM System Outreach","-","STANDARD - Re-engagement & Habit Building","0"
"1291","63693103","EGSS-adhmgadallah","ME-EGSS30","MEKSA-EGSS01","围场外","outside pool","3","9","1-3 Classes (Low)","2026-08-13 00:00:00","2026-08-13 00:00:00","CRM System Outreach","-","STANDARD - Re-engagement & Habit Building","0"
"1295","63614908","EGSS-titooooo","ME-EGSS30","MEKSA-EGSS01","到期","Exp Non-0","3","6","1-3 Classes (Low)","2026-08-13 00:00:00","2026-08-13 00:00:00","CRM System Outreach","-","STANDARD - Re-engagement & Habit Building","0"
"1301","63670066","EGSS-adhmgadallah","ME-EGSS30","MEKSA-EGSS01","围场外","outside pool","3","9","1-3 Classes (Low)","2026-08-16 00:00:00","2026-08-16 00:00:00","CRM System Outreach","20260929","STANDARD - Re-engagement & Habit Building","0"
"1306","63812375","EGSS-titooooo","ME-EGSS30","MEKSA-EGSS01","围场外","outside pool","3","7","1-3 Classes (Low)","2026-08-17 00:00:00","2026-08-17 00:00:00","CRM System Outreach","-","STANDARD - Re-engagement & Habit Building","0"
"1319","63235636","EGSS-adhmgadallah","ME-EGSS30","MEKSA-EGSS01","围场外","outside pool","3","9","1-3 Classes (Low)","2026-08-22 00:00:00","2026-08-22 00:00:00","CRM System Outreach","20260928","STANDARD - Re-engagement & Habit Building","0"
"1325","63390626","EGSS-titooooo","ME-EGSS30","MEKSA-EGSS01","围场外","outside pool","3","8","1-3 Classes (Low)","2026-08-24 00:00:00","2026-08-24 00:00:00","CRM System Outreach","-","STANDARD - Re-engagement & Habit Building","0"
"1326","58659635","EGSS-titooooo","ME-EGSS30","MEKSA-EGSS01","围场外","outside pool","3","9","1-3 Classes (Low)","2026-08-24 00:00:00","2026-08-24 00:00:00","CRM System Outreach","-","STANDARD - Re-engagement & Habit Building","0"
"1351","62575754","EGSS-adhmgadallah","ME-EGSS30","MEKSA-EGSS01","围场外","outside pool","3","6","1-3 Classes (Low)","2026-08-28 00:00:00","2026-08-28 00:00:00","Last 1v1 Payment","20260828","STANDARD - Re-engagement & Habit Building","0"
"1357","63400478","EGSS-alihesham01","ME-EGSS30","MEKSA-EGSS01","围场外","outside pool","3","9","1-3 Classes (Low)","2026-08-30 00:00:00","2026-08-30 00:00:00","Last 1v1 Payment","20260830","STANDARD - Re-engagement & Habit Building","0"
"1359","63400291","EGSS-alihesham01","ME-EGSS30","MEKSA-EGSS01","围场外","outside pool","3","6","1-3 Classes (Low)","2026-08-30 00:00:00","2026-08-30 00:00:00","Last 1v1 Payment","20260830","STANDARD - Re-engagement & Habit Building","0"
"1362","61706413","EGSS-titooooo","ME-EGSS30","MEKSA-EGSS01","围场外","outside pool","3","9","1-3 Classes (Low)","2026-08-30 00:00:00","2026-08-30 00:00:00","Last 1v1 Payment","20260830","STANDARD - Re-engagement & Habit Building","0"
"1363","58794556","EGSS-titooooo","ME-EGSS30","MEKSA-EGSS01","围场外","outside pool","3","9","1-3 Classes (Low)","2026-08-30 00:00:00","2026-08-30 00:00:00","Last 1v1 Payment","20260830","STANDARD - Re-engagement & Habit Building","0"
"1365","62247043","EGSS-adhmgadallah","ME-EGSS30","MEKSA-EGSS01","围场外","outside pool","3","9","1-3 Classes (Low)","2026-08-30 00:00:00","2026-08-30 00:00:00","Last 1v1 Payment","20260830","STANDARD - Re-engagement & Habit Building","0"
"1367","63035320","EGSS-adhmgadallah","ME-EGSS30","MEKSA-EGSS01","围场外","outside pool","3","9","1-3 Classes (Low)","2026-09-01 00:00:00","2026-09-01 00:00:00","Last 1v1 Payment","20260901","STANDARD - Re-engagement & Habit Building","0"
"1368","60089443","EGSS-adhmgadallah","ME-EGSS30","MEKSA-EGSS01","围场外","outside pool","3","9","1-3 Classes (Low)","2026-09-01 00:00:00","2026-09-01 00:00:00","Last 1v1 Payment","20260901","STANDARD - Re-engagement & Habit Building","0"
"1369","59613670","EGSS-titooooo","ME-EGSS30","MEKSA-EGSS01","围场外","outside pool","3","9","1-3 Classes (Low)","2026-09-01 00:00:00","2026-09-01 00:00:00","Last 1v1 Payment","20260901","STANDARD - Re-engagement & Habit Building","0"
"1370","63035069","EGSS-adhmgadallah","ME-EGSS30","MEKSA-EGSS01","围场外","outside pool","3","9","1-3 Classes (Low)","2026-09-01 00:00:00","2026-09-01 00:00:00","Last 1v1 Payment","20260901","STANDARD - Re-engagement & Habit Building","0"
"1371","60099171","EGSS-adhmgadallah","ME-EGSS30","MEKSA-EGSS01","围场外","outside pool","3","9","1-3 Classes (Low)","2026-09-01 00:00:00","2026-09-01 00:00:00","Last 1v1 Payment","20260901","STANDARD - Re-engagement & Habit Building","0"
"1377","59420142","EGSS-adhmgadallah","ME-EGSS30","MEKSA-EGSS01","围场外","outside pool","3","9","1-3 Classes (Low)","2026-09-07 00:00:00","2026-09-07 00:00:00","Last 1v1 Payment","20260907","STANDARD - Re-engagement & Habit Building","0"
"1380","59399371","EGSS-adhmgadallah","ME-EGSS30","MEKSA-EGSS01","围场外","outside pool","3","9","1-3 Classes (Low)","2026-09-07 00:00:00","2026-09-07 00:00:00","Last 1v1 Payment","20260907","STANDARD - Re-engagement & Habit Building","0"
"1383","60181708","EGSS-titooooo","ME-EGSS30","MEKSA-EGSS01","围场外","outside pool","3","8","1-3 Classes (Low)","2026-09-13 00:00:00","2026-09-13 00:00:00","Last 1v1 Payment","20260913","STANDARD - Re-engagement & Habit Building","0"
"1406","62182933","EGSS-titooooo","ME-EGSS30","MEKSA-EGSS01","围场外","outside pool","3","7","1-3 Classes (Low)","2026-09-22 00:00:00","2026-09-22 00:00:00","Last 1v1 Payment","20260922","STANDARD - Re-engagement & Habit Building","0"
"1423","63503087","EGSS-titooooo","ME-EGSS30","MEKSA-EGSS01","围场外","outside pool","3","12","1-3 Classes (Low)","2026-09-28 18:21:37","2026-09-28 18:21:37","SOP Completed Touch","-","STANDARD - Re-engagement & Habit Building","0"
"1438","60169379","EGSS-adhmgadallah","ME-EGSS30","MEKSA-EGSS01","围场外","outside pool","3","12","1-3 Classes (Low)","2026-09-30 12:17:51","2026-09-30 12:17:51","SOP Completed Touch","20260728","STANDARD - Re-engagement & Habit Building","0"
"1439","60405740","EGSS-titooooo","ME-EGSS30","MEKSA-EGSS01","围场外","outside pool","3","7","1-3 Classes (Low)","2026-09-30 12:31:58","2026-09-30 12:31:58","SOP Completed Touch","20260303","STANDARD - Re-engagement & Habit Building","0"
"1449","64385304","EGSS-adhmgadallah","ME-EGSS30","MEKSA-EGSS01","围场外","outside pool","3","10","1-3 Classes (Low)","2026-09-30 16:29:42","2026-09-30 16:29:42","SOP Completed Touch","-","STANDARD - Re-engagement & Habit Building","0"
"1453","63199685","EGSS-adhmgadallah","ME-EGSS30","MEKSA-EGSS01","围场外","outside pool","3","9","1-3 Classes (Low)","2026-10-01 14:03:51","2026-10-01 14:03:51","SOP Completed Touch","20260731","STANDARD - Re-engagement & Habit Building","0"
"1468","63604471","EGSS-adhmgadallah","ME-EGSS30","MEKSA-EGSS01","围场外","outside pool","3","9","1-3 Classes (Low)","2026-10-01 19:32:49","2026-10-01 19:32:49","SOP Completed Touch","-","STANDARD - Re-engagement & Habit Building","0"
"1469","64051595","EGSS-adhmgadallah","ME-EGSS30","MEKSA-EGSS01","升舱","Upgrade M2","3","11","1-3 Classes (Low)","2026-10-01 19:32:54","2026-10-01 19:32:54","SOP Completed Touch","-","STANDARD - Re-engagement & Habit Building","0"
"1470","64330119","EGSS-adhmgadallah","ME-EGSS30","MEKSA-EGSS01","围场外","outside pool","3","9","1-3 Classes (Low)","2026-10-01 19:33:05","2026-10-01 19:33:05","SOP Completed Touch","-","STANDARD - Re-engagement & Habit Building","0"
"1472","58659955","EGSS-titooooo","ME-EGSS30","MEKSA-EGSS01","升舱","Upgrade M2","3","9","1-3 Classes (Low)","2026-10-03 11:06:20","2026-10-03 11:06:20","SOP Task Assigned","-","STANDARD - Re-engagement & Habit Building","0"
"1478","62712377","EGSS-adhmgadallah","ME-EGSS30","MEKSA-EGSS01","升舱","Upgrade M2","3","11","1-3 Classes (Low)","2026-10-03 11:15:22","2026-10-03 11:15:22","SOP Task Assigned","-","STANDARD - Re-engagement & Habit Building","0"
"1481","63702362","EGSS-adhmgadallah","ME-EGSS30","MEKSA-EGSS01","升舱","Upgrade M2","3","9","1-3 Classes (Low)","2026-10-03 11:17:02","2026-10-03 11:17:02","SOP Task Assigned","-","STANDARD - Re-engagement & Habit Building","0"
"1485","63910356","EGSS-titooooo","ME-EGSS30","MEKSA-EGSS01","升舱","Upgrade M2","3","6","1-3 Classes (Low)","2026-10-03 11:18:12","2026-10-03 11:18:12","SOP Task Assigned","-","STANDARD - Re-engagement & Habit Building","0"
"1489","63940227","EGSS-adhmgadallah","ME-EGSS30","MEKSA-EGSS01","升舱","Upgrade M2","3","9","1-3 Classes (Low)","2026-10-03 11:20:00","2026-10-03 11:20:00","SOP Task Assigned","-","STANDARD - Re-engagement & Habit Building","0"
"1497","64033294","EGSS-titooooo","ME-EGSS30","MEKSA-EGSS01","升舱","Upgrade M2","3","8","1-3 Classes (Low)","2026-10-03 11:24:33","2026-10-03 11:24:33","SOP Task Assigned","-","STANDARD - Re-engagement & Habit Building","0"
"1500","64052903","EGSS-titooooo","ME-EGSS30","MEKSA-EGSS01","升舱","Upgrade M2","3","9","1-3 Classes (Low)","2026-10-03 11:25:23","2026-10-03 11:25:23","SOP Task Assigned","-","STANDARD - Re-engagement & Habit Building","0"
"1504","64079933","EGSS-titooooo","ME-EGSS30","MEKSA-EGSS01","升舱","Upgrade M2","3","9","1-3 Classes (Low)","2026-10-03 11:26:49","2026-10-03 11:26:49","SOP Task Assigned","-","STANDARD - Re-engagement & Habit Building","0"
"1506","64087406","EGSS-adhmgadallah","ME-EGSS30","MEKSA-EGSS01","升舱","Upgrade M2","3","9","1-3 Classes (Low)","2026-10-03 11:27:04","2026-10-03 11:27:04","SOP Task Assigned","-","STANDARD - Re-engagement & Habit Building","0"
"1507","64123579","EGSS-alihesham01","ME-EGSS30","MEKSA-EGSS01","升舱","Upgrade M2","3","6","1-3 Classes (Low)","2026-10-03 11:29:17","2026-10-03 11:29:17","SOP Task Assigned","-","STANDARD - Re-engagement & Habit Building","0"
"1520","60681458","EGSS-adhmgadallah","ME-EGSS30","MEKSA-EGSS01","围场外","outside pool","3","9","1-3 Classes (Low)","2026-10-03 12:37:20","2026-10-03 12:37:20","SOP Completed Touch","-","STANDARD - Re-engagement & Habit Building","0"
"1559","63878671","EGSS-adhmgadallah","ME-EGSS30","MEKSA-EGSS01","围场外","outside pool","3","9","1-3 Classes (Low)","2026-10-04 12:30:56","2026-10-04 12:30:56","SOP Completed Touch","-","STANDARD - Re-engagement & Habit Building","0"
"1577","64244625","EGSS-alihesham01","ME-EGSS30","MEKSA-EGSS01","围场外","outside pool","3","10","1-3 Classes (Low)","2026-10-04 20:23:59","2026-10-04 20:23:59","SOP Completed Touch","-","STANDARD - Re-engagement & Habit Building","0"
"1585","64256749","EGSS-adhmgadallah","ME-EGSS30","MEKSA-EGSS01","围场外","outside pool","3","8","1-3 Classes (Low)","2026-10-05 13:01:00","2026-10-05 13:01:00","SOP Completed Touch","-","STANDARD - Re-engagement & Habit Building","0"
"1587","63602299","EGSS-adhmgadallah","ME-EGSS30","MEKSA-EGSS01","围场外","outside pool","3","8","1-3 Classes (Low)","2026-10-05 13:30:50","2026-10-05 13:30:50","SOP Completed Touch","-","STANDARD - Re-engagement & Habit Building","0"
"1599","64506144","EGSS-alihesham01","ME-EGSS30","MEKSA-EGSS01","围场外","outside pool","3","11","1-3 Classes (Low)","2026-10-05 18:09:24","2026-10-05 18:09:24","SOP Completed Touch","-","STANDARD - Re-engagement & Habit Building","0"
"1603","64236834","EGSS-alihesham01","ME-EGSS30","MEKSA-EGSS01","围场外","outside pool","3","10","1-3 Classes (Low)","2026-10-06 07:11:19","2026-10-06 07:11:19","SOP Task Assigned","-","STANDARD - Re-engagement & Habit Building","0"
"1606","61433726","EGSS-titooooo","ME-EGSS30","MEKSA-EGSS01","围场外","outside pool","3","9","1-3 Classes (Low)","2026-10-06 11:06:12","2026-10-06 11:06:12","SOP Task Assigned","-","STANDARD - Re-engagement & Habit Building","0"
"1609","63541106","EGSS-adhmgadallah","ME-EGSS30","MEKSA-EGSS01","围场外","outside pool","3","6","1-3 Classes (Low)","2026-10-06 11:09:06","2026-10-06 11:09:06","SOP Task Assigned","-","STANDARD - Re-engagement & Habit Building","0"
"1613","63969863","EGSS-adhmgadallah","ME-EGSS30","MEKSA-EGSS01","升舱","Upgrade M2","3","9","1-3 Classes (Low)","2026-10-06 11:11:34","2026-10-06 11:11:34","SOP Task Assigned","-","STANDARD - Re-engagement & Habit Building","0"
"1614","63970406","EGSS-titooooo","ME-EGSS30","MEKSA-EGSS01","升舱","Upgrade M2","3","9","1-3 Classes (Low)","2026-10-06 11:11:34","2026-10-06 11:11:34","SOP Task Assigned","-","STANDARD - Re-engagement & Habit Building","0"
"1615","63911739","EGSS-adhmgadallah","ME-EGSS30","MEKSA-EGSS01","升舱","Upgrade M2","3","9","1-3 Classes (Low)","2026-10-06 11:11:39","2026-10-06 11:11:39","SOP Task Assigned","-","STANDARD - Re-engagement & Habit Building","0"
"1616","64031248","EGSS-titooooo","ME-EGSS30","MEKSA-EGSS01","升舱","Upgrade M2","3","11","1-3 Classes (Low)","2026-10-06 11:11:50","2026-10-06 11:11:50","SOP Task Assigned","-","STANDARD - Re-engagement & Habit Building","0"
"1617","64328374","EGSS-alihesham01","ME-EGSS30","MEKSA-EGSS01","围场外","outside pool","3","9","1-3 Classes (Low)","2026-10-06 11:13:33","2026-10-06 11:13:33","SOP Task Assigned","-","STANDARD - Re-engagement & Habit Building","0"
"1619","64033994","EGSS-alihesham01","ME-EGSS30","MEKSA-EGSS01","围场外","outside pool","3","7","1-3 Classes (Low)","2026-10-06 11:15:09","2026-10-06 11:15:09","SOP Task Assigned","-","STANDARD - Re-engagement & Habit Building","0"
"1625","59027943","EGSS-alihesham01","ME-EGSS30","MEKSA-EGSS01","期间","period","3","6","1-3 Classes (Low)","2026-10-06 12:24:37","2026-10-06 12:24:37","SOP Completed Touch","20250427","STANDARD - Re-engagement & Habit Building","0"
"1648","63661360","EGSS-titooooo","ME-EGSS30","MEKSA-EGSS01","围场外","outside pool","3","9","1-3 Classes (Low)","2026-10-06 18:58:27","2026-10-06 18:58:27","SOP Completed Touch","-","STANDARD - Re-engagement & Habit Building","0"
"1651","63582255","EGSS-titooooo","ME-EGSS30","MEKSA-EGSS01","围场外","outside pool","3","6","1-3 Classes (Low)","2026-10-06 18:59:08","2026-10-06 18:59:08","SOP Completed Touch","-","STANDARD - Re-engagement & Habit Building","0"
"1653","59276644","EGSS-adhmgadallah","ME-EGSS30","MEKSA-EGSS01","升舱","Upgrade M2","3","7","1-3 Classes (Low)","2026-10-06 19:00:29","2026-10-06 19:00:29","SOP Completed Touch","-","STANDARD - Re-engagement & Habit Building","0"
"1665","62969023","EGSS-alihesham01","ME-EGSS30","MEKSA-EGSS01","升舱","Upgrade M2","3","8","1-3 Classes (Low)","2026-10-07 07:09:48","2026-10-07 07:09:48","SOP Task Assigned","-","STANDARD - Re-engagement & Habit Building","0"
"1674","63486510","EGSS-adhmgadallah","ME-EGSS30","MEKSA-EGSS01","到期","Exp Non-0","3","9","1-3 Classes (Low)","2026-10-07 11:13:25","2026-10-07 11:13:25","SOP Task Assigned","-","STANDARD - Re-engagement & Habit Building","0"
"1678","64180332","EGSS-alihesham01","ME-EGSS30","MEKSA-EGSS01","升舱","Upgrade M2","3","8","1-3 Classes (Low)","2026-10-07 11:18:35","2026-10-07 11:18:35","SOP Task Assigned","-","STANDARD - Re-engagement & Habit Building","0"
"1681","64160373","EGSS-titooooo","ME-EGSS30","MEKSA-EGSS01","围场外","outside pool","3","8","1-3 Classes (Low)","2026-10-07 11:25:05","2026-10-07 11:25:05","SOP Task Assigned","-","STANDARD - Re-engagement & Habit Building","0"
"1693","58993085","EGSS-alihesham01","ME-EGSS30","MEKSA-EGSS01","升舱","Upgrade M2","3","6","1-3 Classes (Low)","2026-10-07 14:10:00","2026-10-07 14:10:00","SOP Completed Touch","-","STANDARD - Re-engagement & Habit Building","0"
"1718","59338237","EGSS-titooooo","ME-EGSS30","MEKSA-EGSS01","围场外","outside pool","3","0","1-3 Classes (Low)","2026-10-07 17:32:35","2026-10-07 17:32:35","SOP Completed Touch","-","STANDARD - Re-engagement & Habit Building","0"
"1719","59167394","EGSS-adhmgadallah","ME-EGSS30","MEKSA-EGSS01","围场外","outside pool","2","7","1-3 Classes (Low)","1970-01-01 00:00:00","No Connection Recorded","No Recorded Connection","-","STANDARD - Re-engagement & Habit Building","0"
"1741","62113605","EGSS-adhmgadallah","ME-EGSS30","MEKSA-EGSS01","围场外","outside pool","2","0","1-3 Classes (Low)","1970-01-01 00:00:00","No Connection Recorded","No Recorded Connection","-","STANDARD - Re-engagement & Habit Building","0"
"1742","62217271","EGSS-alihesham01","ME-EGSS30","MEKSA-EGSS01","期间","period","2","8","1-3 Classes (Low)","1970-01-01 00:00:00","No Connection Recorded","No Recorded Connection","-","STANDARD - Re-engagement & Habit Building","0"
"1745","62873089","EGSS-titooooo","ME-EGSS30","MEKSA-EGSS01","到期","Exp Non-0","2","6","1-3 Classes (Low)","1970-01-01 00:00:00","No Connection Recorded","No Recorded Connection","-","STANDARD - Re-engagement & Habit Building","0"
"1750","63463770","EGSS-titooooo","ME-EGSS30","MEKSA-EGSS01","围场外","outside pool","2","6","1-3 Classes (Low)","1970-01-01 00:00:00","No Connection Recorded","CRM System Outreach","-","STANDARD - Re-engagement & Habit Building","0"
"1755","62163549","EGSS-adhmgadallah","ME-EGSS30","MEKSA-EGSS01","到期","Exp Non-0","2","17","1-3 Classes (Low)","1970-01-01 00:00:00","No Connection Recorded","No Recorded Connection","-","STANDARD - Re-engagement & Habit Building","0"
"1763","62255718","EGSS-adhmgadallah","ME-EGSS30","MEKSA-EGSS01","围场外","outside pool","2","8","1-3 Classes (Low)","1970-01-01 00:00:00","No Connection Recorded","No Recorded Connection","-","STANDARD - Re-engagement & Habit Building","0"
"1766","63521420","EGSS-titooooo","ME-EGSS30","MEKSA-EGSS01","围场外","outside pool","2","6","1-3 Classes (Low)","1970-01-01 00:00:00","No Connection Recorded","No Recorded Connection","-","STANDARD - Re-engagement & Habit Building","0"
"1781","62274373","EGSS-adhmgadallah","ME-EGSS30","MEKSA-EGSS01","围场外","outside pool","2","7","1-3 Classes (Low)","1970-01-01 00:00:00","No Connection Recorded","No Recorded Connection","-","STANDARD - Re-engagement & Habit Building","0"
"1801","62160379","EGSS-titooooo","ME-EGSS30","MEKSA-EGSS01","围场外","outside pool","2","6","1-3 Classes (Low)","1970-01-01 00:00:00","No Connection Recorded","No Recorded Connection","-","STANDARD - Re-engagement & Habit Building","0"
"1810","62562305","EGSS-titooooo","ME-EGSS30","MEKSA-EGSS01","围场外","outside pool","2","7","1-3 Classes (Low)","1970-01-01 00:00:00","No Connection Recorded","No Recorded Connection","-","STANDARD - Re-engagement & Habit Building","0"
"1815","62862393","EGSS-alihesham01","ME-EGSS30","MEKSA-EGSS01","围场外","outside pool","2","11","1-3 Classes (Low)","1970-01-01 00:00:00","No Connection Recorded","No Recorded Connection","-","STANDARD - Re-engagement & Habit Building","0"
"1821","62803019","EGSS-titooooo","ME-EGSS30","MEKSA-EGSS01","到期","Exp Non-0","2","6","1-3 Classes (Low)","1970-01-01 00:00:00","No Connection Recorded","No Recorded Connection","-","STANDARD - Re-engagement & Habit Building","0"
"1829","62786987","EGSS-titooooo","ME-EGSS30","MEKSA-EGSS01","围场外","outside pool","2","7","1-3 Classes (Low)","1970-01-01 00:00:00","No Connection Recorded","No Recorded Connection","-","STANDARD - Re-engagement & Habit Building","0"
"1836","62713226","EGSS-titooooo","ME-EGSS30","MEKSA-EGSS01","围场外","outside pool","2","9","1-3 Classes (Low)","1970-01-01 00:00:00","No Connection Recorded","No Recorded Connection","-","STANDARD - Re-engagement & Habit Building","0"
"1847","62018816","EGSS-adhmgadallah","ME-EGSS30","MEKSA-EGSS01","到期","Exp Non-0","2","9","1-3 Classes (Low)","1970-01-01 00:00:00","No Connection Recorded","No Recorded Connection","-","STANDARD - Re-engagement & Habit Building","0"
"1848","62018413","EGSS-adhmgadallah","ME-EGSS30","MEKSA-EGSS01","到期","Exp Non-0","2","9","1-3 Classes (Low)","1970-01-01 00:00:00","No Connection Recorded","No Recorded Connection","-","STANDARD - Re-engagement & Habit Building","0"
"1854","61972388","EGSS-adhmgadallah","ME-EGSS30","MEKSA-EGSS01","首单到期","FOE Non-0","2","6","1-3 Classes (Low)","1970-01-01 00:00:00","No Connection Recorded","No Recorded Connection","-","STANDARD - Re-engagement & Habit Building","0"
"1856","61982716","EGSS-adhmgadallah","ME-EGSS30","MEKSA-EGSS01","到期","Exp Non-0","2","9","1-3 Classes (Low)","1970-01-01 00:00:00","No Connection Recorded","No Recorded Connection","-","STANDARD - Re-engagement & Habit Building","0"
"1860","62809137","EGSS-alihesham01","ME-EGSS30","MEKSA-EGSS01","围场外","outside pool","2","7","1-3 Classes (Low)","1970-01-01 00:00:00","No Connection Recorded","No Recorded Connection","-","STANDARD - Re-engagement & Habit Building","0"
"1862","62106044","EGSS-adhmgadallah","ME-EGSS30","MEKSA-EGSS01","围场外","outside pool","2","7","1-3 Classes (Low)","1970-01-01 00:00:00","No Connection Recorded","No Recorded Connection","-","STANDARD - Re-engagement & Habit Building","0"
"1865","62812443","EGSS-alihesham01","ME-EGSS30","MEKSA-EGSS01","到期","Exp Non-0","2","9","1-3 Classes (Low)","1970-01-01 00:00:00","No Connection Recorded","No Recorded Connection","-","STANDARD - Re-engagement & Habit Building","0"
"1869","58393669","EGSS-titooooo","ME-EGSS30","MEKSA-EGSS01","到期","Exp Non-0","2","8","1-3 Classes (Low)","1970-01-01 00:00:00","No Connection Recorded","No Recorded Connection","-","STANDARD - Re-engagement & Habit Building","0"
"1884","62843184","EGSS-alihesham01","ME-EGSS30","MEKSA-EGSS01","到期","Exp Non-0","2","2","1-3 Classes (Low)","1970-01-01 00:00:00","No Connection Recorded","No Recorded Connection","-","STANDARD - Re-engagement & Habit Building","0"
"1891","61171971","EGSS-titooooo","ME-EGSS30","MEKSA-EGSS01","围场外","outside pool","2","17","1-3 Classes (Low)","1970-01-01 00:00:00","No Connection Recorded","No Recorded Connection","-","STANDARD - Re-engagement & Habit Building","0"
"1909","63504381","EGSS-adhmgadallah","ME-EGSS30","MEKSA-EGSS01","围场外","outside pool","2","8","1-3 Classes (Low)","1970-01-01 00:00:00","No Connection Recorded","No Recorded Connection","-","STANDARD - Re-engagement & Habit Building","0"
"1922","64201141","EGSS-titooooo","ME-EGSS30","MEKSA-EGSS01","围场外","outside pool","2","7","1-3 Classes (Low)","1970-01-01 00:00:00","No Connection Recorded","No Recorded Connection","-","STANDARD - Re-engagement & Habit Building","0"
"1981","62857810","EGSS-adhmgadallah","ME-EGSS30","MEKSA-EGSS01","到期","Exp Non-0","2","9","1-3 Classes (Low)","1970-01-01 00:00:00","No Connection Recorded","No Recorded Connection","-","STANDARD - Re-engagement & Habit Building","0"
"1986","58855285","EGSS-alihesham01","ME-EGSS30","MEKSA-EGSS01","到期","Exp Non-0","2","9","1-3 Classes (Low)","1970-01-01 00:00:00","No Connection Recorded","No Recorded Connection","-","STANDARD - Re-engagement & Habit Building","0"
"2024","61607876","EGSS-titooooo","ME-EGSS30","MEKSA-EGSS01","围场外","outside pool","2","7","1-3 Classes (Low)","1970-01-01 00:00:00","No Connection Recorded","No Recorded Connection","-","STANDARD - Re-engagement & Habit Building","0"
"2034","63223573","EGSS-adhmgadallah","ME-EGSS30","MEKSA-EGSS01","到期","Exp Non-0","2","9","1-3 Classes (Low)","1970-01-01 00:00:00","No Connection Recorded","No Recorded Connection","-","STANDARD - Re-engagement & Habit Building","0"
"2061","60909762","EGSS-alihesham01","ME-EGSS30","MEKSA-EGSS01","围场外","outside pool","2","8","1-3 Classes (Low)","2025-09-08 00:00:00","2025-09-08 00:00:00","Last 1v1 Payment","20250908","STANDARD - Re-engagement & Habit Building","0"
"2066","59108799","EGSS-alihesham01","ME-EGSS30","MEKSA-EGSS01","到期","Exp Non-0","2","6","1-3 Classes (Low)","2025-09-30 00:00:00","2025-09-30 00:00:00","Last 1v1 Payment","20250930","STANDARD - Re-engagement & Habit Building","0"
"2069","61068144","EGSS-titooooo","ME-EGSS30","MEKSA-EGSS01","围场外","outside pool","2","8","1-3 Classes (Low)","2025-10-14 00:00:00","2025-10-14 00:00:00","Last 1v1 Payment","20251014","STANDARD - Re-engagement & Habit Building","0"
"2075","61097079","EGSS-adhmgadallah","ME-EGSS30","MEKSA-EGSS01","围场外","outside pool","2","1","1-3 Classes (Low)","2025-10-22 00:00:00","2025-10-22 00:00:00","Last 1v1 Payment","20251022","STANDARD - Re-engagement & Habit Building","0"
"2076","59114491","EGSS-titooooo","ME-EGSS30","MEKSA-EGSS01","围场外","outside pool","2","0","1-3 Classes (Low)","2025-10-28 00:00:00","2025-10-28 00:00:00","Last 1v1 Payment","20251028","STANDARD - Re-engagement & Habit Building","0"
"2079","60440096","EGSS-alihesham01","ME-EGSS30","MEKSA-EGSS01","围场外","outside pool","2","4","1-3 Classes (Low)","2025-11-02 00:00:00","2025-11-02 00:00:00","Last 1v1 Payment","20251102","STANDARD - Re-engagement & Habit Building","0"
"2090","58882769","EGSS-adhmgadallah","ME-EGSS30","MEKSA-EGSS01","围场外","outside pool","2","9","1-3 Classes (Low)","2025-11-26 00:00:00","2025-11-26 00:00:00","Last 1v1 Payment","20251126","STANDARD - Re-engagement & Habit Building","0"
"2093","61097242","EGSS-adhmgadallah","ME-EGSS30","MEKSA-EGSS01","期间","period","2","6","1-3 Classes (Low)","2025-11-27 00:00:00","2025-11-27 00:00:00","Last 1v1 Payment","20251127","STANDARD - Re-engagement & Habit Building","0"
"2119","61872219","EGSS-titooooo","ME-EGSS30","MEKSA-EGSS01","围场外","outside pool","2","7","1-3 Classes (Low)","2026-01-25 00:00:00","2026-01-25 00:00:00","Last 1v1 Payment","20260125","STANDARD - Re-engagement & Habit Building","0"
"2127","59266350","EGSS-titooooo","ME-EGSS30","MEKSA-EGSS01","到期","Exp Non-0","2","10","1-3 Classes (Low)","2026-01-29 00:00:00","2026-01-29 00:00:00","Last 1v1 Payment","20260129","STANDARD - Re-engagement & Habit Building","0"
"2146","60349287","EGSS-adhmgadallah","ME-EGSS30","MEKSA-EGSS01","到期","Exp Non-0","2","7","1-3 Classes (Low)","2026-03-03 00:00:00","2026-03-03 00:00:00","Last 1v1 Payment","20260303","STANDARD - Re-engagement & Habit Building","0"
"2152","61091881","EGSS-adhmgadallah","ME-EGSS30","MEKSA-EGSS01","期间","period","2","9","1-3 Classes (Low)","2026-03-04 00:00:00","2026-03-04 00:00:00","Last 1v1 Payment","20260304","STANDARD - Re-engagement & Habit Building","0"
"2157","59433512","EGSS-alihesham01","ME-EGSS30","MEKSA-EGSS01","围场外","outside pool","2","6","1-3 Classes (Low)","2026-03-10 00:00:00","2026-03-10 00:00:00","Last 1v1 Payment","20260310","STANDARD - Re-engagement & Habit Building","0"
"2158","62287345","EGSS-alihesham01","ME-EGSS30","MEKSA-EGSS01","围场外","outside pool","2","6","1-3 Classes (Low)","2026-03-10 00:00:00","2026-03-10 00:00:00","Last 1v1 Payment","20260310","STANDARD - Re-engagement & Habit Building","0"
"2159","61044400","EGSS-alihesham01","ME-EGSS30","MEKSA-EGSS01","到期","Exp Non-0","2","7","1-3 Classes (Low)","2026-03-11 00:00:00","2026-03-11 00:00:00","Last 1v1 Payment","20260311","STANDARD - Re-engagement & Habit Building","0"
"2160","61053496","EGSS-alihesham01","ME-EGSS30","MEKSA-EGSS01","到期","Exp Non-0","2","7","1-3 Classes (Low)","2026-03-11 00:00:00","2026-03-11 00:00:00","Last 1v1 Payment","20260311","STANDARD - Re-engagement & Habit Building","0"
"2161","61054024","EGSS-alihesham01","ME-EGSS30","MEKSA-EGSS01","到期","Exp Non-0","2","6","1-3 Classes (Low)","2026-03-11 00:00:00","2026-03-11 00:00:00","Last 1v1 Payment","20260311","STANDARD - Re-engagement & Habit Building","0"
"2172","58814274","EGSS-adhmgadallah","ME-EGSS30","MEKSA-EGSS01","围场外","outside pool","2","6","1-3 Classes (Low)","2026-03-28 00:00:00","2026-03-28 00:00:00","Last 1v1 Payment","20260328","STANDARD - Re-engagement & Habit Building","0"
"2175","61089003","EGSS-alihesham01","ME-EGSS30","MEKSA-EGSS01","到期","Exp Non-0","2","0","1-3 Classes (Low)","2026-03-29 00:00:00","2026-03-29 00:00:00","Last 1v1 Payment","20260329","STANDARD - Re-engagement & Habit Building","0"
"2176","62187389","EGSS-adhmgadallah","ME-EGSS30","MEKSA-EGSS01","围场外","outside pool","2","9","1-3 Classes (Low)","2026-03-29 00:00:00","2026-03-29 00:00:00","Last 1v1 Payment","20260329","STANDARD - Re-engagement & Habit Building","0"
"2181","61431858","EGSS-titooooo","ME-EGSS30","MEKSA-EGSS01","围场外","outside pool","2","8","1-3 Classes (Low)","2026-03-31 00:00:00","2026-03-31 00:00:00","Last 1v1 Payment","20260331","STANDARD - Re-engagement & Habit Building","0"
"2183","61658449","EGSS-titooooo","ME-EGSS30","MEKSA-EGSS01","到期","Exp Non-0","2","6","1-3 Classes (Low)","2026-03-31 00:00:00","2026-03-31 00:00:00","Last 1v1 Payment","20260331","STANDARD - Re-engagement & Habit Building","0"
"2191","58335630","EGSS-alihesham01","ME-EGSS30","MEKSA-EGSS01","围场外","outside pool","2","7","1-3 Classes (Low)","2026-04-08 00:00:00","2026-04-08 00:00:00","Last 1v1 Payment","20260408","STANDARD - Re-engagement & Habit Building","0"
"2193","60445757","EGSS-titooooo","ME-EGSS30","MEKSA-EGSS01","围场外","outside pool","2","0","1-3 Classes (Low)","2026-04-13 00:00:00","2026-04-13 00:00:00","Last 1v1 Payment","20260413","STANDARD - Re-engagement & Habit Building","0"
"2199","59300390","EGSS-adhmgadallah","ME-EGSS30","MEKSA-EGSS01","围场外","outside pool","2","0","1-3 Classes (Low)","2026-04-23 00:00:00","2026-04-23 00:00:00","Last 1v1 Payment","20260423","STANDARD - Re-engagement & Habit Building","0"
"2210","61384611","EGSS-titooooo","ME-EGSS30","MEKSA-EGSS01","围场外","outside pool","2","11","1-3 Classes (Low)","2026-04-28 00:00:00","2026-04-28 00:00:00","Last 1v1 Payment","20260428","STANDARD - Re-engagement & Habit Building","0"
"2212","62064604","EGSS-adhmgadallah","ME-EGSS30","MEKSA-EGSS01","围场外","outside pool","2","0","1-3 Classes (Low)","2026-04-29 00:00:00","2026-04-29 00:00:00","Last 1v1 Payment","20260429","STANDARD - Re-engagement & Habit Building","0"
"2222","58967610","EGSS-titooooo","ME-EGSS30","MEKSA-EGSS01","围场外","outside pool","2","9","1-3 Classes (Low)","2026-05-11 00:00:00","2026-05-11 00:00:00","Last 1v1 Payment","20260511","STANDARD - Re-engagement & Habit Building","0"
"2224","59027937","EGSS-titooooo","ME-EGSS30","MEKSA-EGSS01","围场外","outside pool","2","13","1-3 Classes (Low)","2026-05-12 00:00:00","2026-05-12 00:00:00","Last 1v1 Payment","20260512","STANDARD - Re-engagement & Habit Building","0"
"2228","58587439","EGSS-adhmgadallah","ME-EGSS30","MEKSA-EGSS01","围场外","outside pool","2","8","1-3 Classes (Low)","2026-05-17 00:00:00","2026-05-17 00:00:00","Last 1v1 Payment","20260517","STANDARD - Re-engagement & Habit Building","0"
"2229","62789980","EGSS-adhmgadallah","ME-EGSS30","MEKSA-EGSS01","围场外","outside pool","2","9","1-3 Classes (Low)","2026-05-17 00:00:00","2026-05-17 00:00:00","Last 1v1 Payment","20260517","STANDARD - Re-engagement & Habit Building","0"
"2234","59266442","EGSS-titooooo","ME-EGSS30","MEKSA-EGSS01","围场外","outside pool","2","14","1-3 Classes (Low)","2026-05-20 00:00:00","2026-05-20 00:00:00","Last 1v1 Payment","20260520","STANDARD - Re-engagement & Habit Building","0"
"2237","62796032","EGSS-titooooo","ME-EGSS30","MEKSA-EGSS01","围场外","outside pool","2","9","1-3 Classes (Low)","2026-05-20 00:00:00","2026-05-20 00:00:00","Last 1v1 Payment","20260520","STANDARD - Re-engagement & Habit Building","0"
"2243","62668582","EGSS-adhmgadallah","ME-EGSS30","MEKSA-EGSS01","围场外","outside pool","2","10","1-3 Classes (Low)","2026-05-23 00:00:00","2026-05-23 00:00:00","Last 1v1 Payment","20260523","STANDARD - Re-engagement & Habit Building","0"
"2245","58478633","EGSS-titooooo","ME-EGSS30","MEKSA-EGSS01","围场外","outside pool","2","9","1-3 Classes (Low)","2026-05-24 00:00:00","2026-05-24 00:00:00","Last 1v1 Payment","20260524","STANDARD - Re-engagement & Habit Building","0"
"2254","59138444","EGSS-alihesham01","ME-EGSS30","MEKSA-EGSS01","围场外","outside pool","2","6","1-3 Classes (Low)","2026-05-25 00:00:00","2026-05-25 00:00:00","Last 1v1 Payment","20260525","STANDARD - Re-engagement & Habit Building","0"
"2276","61572132","EGSS-titooooo","ME-EGSS30","MEKSA-EGSS01","围场外","outside pool","2","9","1-3 Classes (Low)","2026-06-13 00:00:00","2026-06-13 00:00:00","Last 1v1 Payment","20260613","STANDARD - Re-engagement & Habit Building","0"
"2285","59353955","EGSS-titooooo","ME-EGSS30","MEKSA-EGSS01","围场外","outside pool","2","9","1-3 Classes (Low)","2026-06-18 00:00:00","2026-06-18 00:00:00","Last 1v1 Payment","20260618","STANDARD - Re-engagement & Habit Building","0"
"2288","62837470","EGSS-alihesham01","ME-EGSS30","MEKSA-EGSS01","围场外","outside pool","2","7","1-3 Classes (Low)","2026-06-22 00:00:00","2026-06-22 00:00:00","Last 1v1 Payment","20260622","STANDARD - Re-engagement & Habit Building","0"
"2295","63039107","EGSS-adhmgadallah","ME-EGSS30","MEKSA-EGSS01","围场外","outside pool","2","7","1-3 Classes (Low)","2026-06-27 00:00:00","2026-06-27 00:00:00","Last 1v1 Payment","20260627","STANDARD - Re-engagement & Habit Building","0"
"2303","62850046","EGSS-alihesham01","ME-EGSS30","MEKSA-EGSS01","围场外","outside pool","2","0","1-3 Classes (Low)","2026-06-29 00:00:00","2026-06-29 00:00:00","Last 1v1 Payment","20260629","STANDARD - Re-engagement & Habit Building","0"
"2305","59233832","EGSS-adhmgadallah","ME-EGSS30","MEKSA-EGSS01","围场外","outside pool","2","0","1-3 Classes (Low)","2026-06-29 00:00:00","2026-06-29 00:00:00","Last 1v1 Payment","20260629","STANDARD - Re-engagement & Habit Building","0"
"2306","61160055","EGSS-adhmgadallah","ME-EGSS30","MEKSA-EGSS01","围场外","outside pool","2","8","1-3 Classes (Low)","2026-06-29 00:00:00","2026-06-29 00:00:00","Last 1v1 Payment","20260629","STANDARD - Re-engagement & Habit Building","0"
"2309","62815089","EGSS-titooooo","ME-EGSS30","MEKSA-EGSS01","围场外","outside pool","2","9","1-3 Classes (Low)","2026-06-30 00:00:00","2026-06-30 00:00:00","Last 1v1 Payment","20260630","STANDARD - Re-engagement & Habit Building","0"
"2334","62329622","EGSS-adhmgadallah","ME-EGSS30","MEKSA-EGSS01","围场外","outside pool","2","7","1-3 Classes (Low)","2026-07-20 00:00:00","2026-07-20 00:00:00","Last 1v1 Payment","20260720","STANDARD - Re-engagement & Habit Building","0"
"2344","58249415","EGSS-adhmgadallah","ME-EGSS30","MEKSA-EGSS01","围场外","outside pool","2","0","1-3 Classes (Low)","2026-07-27 00:00:00","2026-07-27 00:00:00","Last 1v1 Payment","20260727","STANDARD - Re-engagement & Habit Building","0"
"2347","59435953","EGSS-adhmgadallah","ME-EGSS30","MEKSA-EGSS01","围场外","outside pool","2","8","1-3 Classes (Low)","2026-07-28 00:00:00","2026-07-28 00:00:00","CRM System Outreach","-","STANDARD - Re-engagement & Habit Building","0"
"2354","63793092","EGSS-adhmgadallah","ME-EGSS30","MEKSA-EGSS01","围场外","outside pool","2","11","1-3 Classes (Low)","2026-07-29 00:00:00","2026-07-29 00:00:00","CRM System Outreach","20260929","STANDARD - Re-engagement & Habit Building","0"
"2380","63658762","EGSS-titooooo","ME-EGSS30","MEKSA-EGSS01","到期","Exp Non-0","2","9","1-3 Classes (Low)","2026-08-06 00:00:00","2026-08-06 00:00:00","CRM System Outreach","-","STANDARD - Re-engagement & Habit Building","0"
"2386","59309359","EGSS-adhmgadallah","ME-EGSS30","MEKSA-EGSS01","围场外","outside pool","2","7","1-3 Classes (Low)","2026-08-08 00:00:00","2026-08-08 00:00:00","Last 1v1 Payment","20260808","STANDARD - Re-engagement & Habit Building","0"
"2391","63683498","EGSS-adhmgadallah","ME-EGSS30","MEKSA-EGSS01","围场外","outside pool","2","6","1-3 Classes (Low)","2026-08-10 00:00:00","2026-08-10 00:00:00","CRM System Outreach","-","STANDARD - Re-engagement & Habit Building","0"
"2421","63875600","EGSS-titooooo","ME-EGSS30","MEKSA-EGSS01","到期","Exp Non-0","2","0","1-3 Classes (Low)","2026-08-17 00:00:00","2026-08-17 00:00:00","CRM System Outreach","-","STANDARD - Re-engagement & Habit Building","0"
"2459","60201796","EGSS-titooooo","ME-EGSS30","MEKSA-EGSS01","围场外","outside pool","2","9","1-3 Classes (Low)","2026-09-01 00:00:00","2026-09-01 00:00:00","Last 1v1 Payment","20260901","STANDARD - Re-engagement & Habit Building","0"
"2475","60240342","EGSS-titooooo","ME-EGSS30","MEKSA-EGSS01","围场外","outside pool","2","10","1-3 Classes (Low)","2026-09-17 00:00:00","2026-09-17 00:00:00","Last 1v1 Payment","20260917","STANDARD - Re-engagement & Habit Building","0"
"2491","60823170","EGSS-titooooo","ME-EGSS30","MEKSA-EGSS01","到期","Exp Non-0","2","9","1-3 Classes (Low)","2026-09-29 12:30:26","2026-09-29 12:30:26","SOP Completed Touch","-","STANDARD - Re-engagement & Habit Building","0"
"2494","63038775","EGSS-adhmgadallah","ME-EGSS30","MEKSA-EGSS01","围场外","outside pool","2","7","1-3 Classes (Low)","2026-09-29 13:37:33","2026-09-29 13:37:33","SOP Completed Touch","20260627","STANDARD - Re-engagement & Habit Building","0"
"2495","62144079","EGSS-adhmgadallah","ME-EGSS30","MEKSA-EGSS01","围场外","outside pool","2","6","1-3 Classes (Low)","2026-09-29 13:37:47","2026-09-29 13:37:47","SOP Completed Touch","-","STANDARD - Re-engagement & Habit Building","0"
"2506","61099876","EGSS-adhmgadallah","ME-EGSS30","MEKSA-EGSS01","围场外","outside pool","2","8","1-3 Classes (Low)","2026-09-30 12:20:13","2026-09-30 12:20:13","SOP Completed Touch","20260921","STANDARD - Re-engagement & Habit Building","0"
"2507","61303740","EGSS-titooooo","ME-EGSS30","MEKSA-EGSS01","围场外","outside pool","2","9","1-3 Classes (Low)","2026-09-30 12:32:12","2026-09-30 12:32:12","SOP Completed Touch","20251127","STANDARD - Re-engagement & Habit Building","0"
"2513","61662663","EGSS-titooooo","ME-EGSS30","MEKSA-EGSS01","到期","Exp Non-0","2","5","1-3 Classes (Low)","2026-09-30 16:12:18","2026-09-30 16:12:18","SOP Completed Touch","-","STANDARD - Re-engagement & Habit Building","0"
"2519","64132156","EGSS-adhmgadallah","ME-EGSS30","MEKSA-EGSS01","升舱","Upgrade M2","2","1","1-3 Classes (Low)","2026-10-01 13:16:27","2026-10-01 13:16:27","SOP Completed Touch","-","STANDARD - Re-engagement & Habit Building","0"
"2529","62149627","EGSS-titooooo","ME-EGSS30","MEKSA-EGSS01","到期","Exp Non-0","2","6","1-3 Classes (Low)","2026-10-01 16:32:28","2026-10-01 16:32:28","SOP Completed Touch","-","STANDARD - Re-engagement & Habit Building","0"
"2532","64326682","EGSS-alihesham01","ME-EGSS30","MEKSA-EGSS01","围场外","outside pool","2","10","1-3 Classes (Low)","2026-10-01 20:55:17","2026-10-01 20:55:17","SOP Completed Touch","-","STANDARD - Re-engagement & Habit Building","0"
"2536","58999806","EGSS-alihesham01","ME-EGSS30","MEKSA-EGSS01","升舱","Upgrade M2","2","11","1-3 Classes (Low)","2026-10-03 11:07:22","2026-10-03 11:07:22","SOP Task Assigned","-","STANDARD - Re-engagement & Habit Building","0"
"2540","60308015","EGSS-adhmgadallah","ME-EGSS30","MEKSA-EGSS01","升舱","Upgrade M2","2","8","1-3 Classes (Low)","2026-10-03 11:10:25","2026-10-03 11:10:25","SOP Task Assigned","-","STANDARD - Re-engagement & Habit Building","0"
"2565","64093332","EGSS-adhmgadallah","ME-EGSS30","MEKSA-EGSS01","升舱","Upgrade M2","2","9","1-3 Classes (Low)","2026-10-03 11:27:17","2026-10-03 11:27:17","SOP Task Assigned","-","STANDARD - Re-engagement & Habit Building","0"
"2568","64140772","EGSS-titooooo","ME-EGSS30","MEKSA-EGSS01","升舱","Upgrade M2","2","7","1-3 Classes (Low)","2026-10-03 11:30:17","2026-10-03 11:30:17","SOP Task Assigned","-","STANDARD - Re-engagement & Habit Building","0"
"2571","64159161","EGSS-titooooo","ME-EGSS30","MEKSA-EGSS01","升舱","Upgrade M2","2","6","1-3 Classes (Low)","2026-10-03 11:31:45","2026-10-03 11:31:45","SOP Task Assigned","-","STANDARD - Re-engagement & Habit Building","0"
"2585","64058364","EGSS-adhmgadallah","ME-EGSS30","MEKSA-EGSS01","升舱","Upgrade M2","2","13","1-3 Classes (Low)","2026-10-03 12:37:42","2026-10-03 12:37:42","SOP Completed Touch","-","STANDARD - Re-engagement & Habit Building","0"
"2587","58699152","EGSS-alihesham01","ME-EGSS30","MEKSA-EGSS01","围场外","outside pool","2","6","1-3 Classes (Low)","2026-10-03 13:42:11","2026-10-03 13:42:11","SOP Completed Touch","20260505","STANDARD - Re-engagement & Habit Building","0"
"2612","63470829","EGSS-titooooo","ME-EGSS30","MEKSA-EGSS01","围场外","outside pool","2","7","1-3 Classes (Low)","2026-10-05 11:07:09","2026-10-05 11:07:09","SOP Task Assigned","-","STANDARD - Re-engagement & Habit Building","0"
"2614","63986318","EGSS-alihesham01","ME-EGSS30","MEKSA-EGSS01","围场外","outside pool","2","6","1-3 Classes (Low)","2026-10-05 11:10:37","2026-10-05 11:10:37","SOP Task Assigned","-","STANDARD - Re-engagement & Habit Building","0"
"2656","63520060","EGSS-titooooo","ME-EGSS30","MEKSA-EGSS01","围场外","outside pool","2","6","1-3 Classes (Low)","2026-10-06 14:22:19","2026-10-06 14:22:19","SOP Completed Touch","-","STANDARD - Re-engagement & Habit Building","0"
"2663","63663463","EGSS-titooooo","ME-EGSS30","MEKSA-EGSS01","围场外","outside pool","2","7","1-3 Classes (Low)","2026-10-06 18:24:41","2026-10-06 18:24:41","SOP Completed Touch","-","STANDARD - Re-engagement & Habit Building","0"
"2664","64202346","EGSS-titooooo","ME-EGSS30","MEKSA-EGSS01","围场外","outside pool","2","16","1-3 Classes (Low)","2026-10-06 18:58:29","2026-10-06 18:58:29","SOP Completed Touch","-","STANDARD - Re-engagement & Habit Building","0"
"2666","60404880","EGSS-titooooo","ME-EGSS30","MEKSA-EGSS01","期间","period","2","9","1-3 Classes (Low)","2026-10-06 18:58:54","2026-10-06 18:58:54","SOP Completed Touch","20260827","STANDARD - Re-engagement & Habit Building","0"
"2679","61176265","EGSS-titooooo","ME-EGSS30","MEKSA-EGSS01","期间","period","2","9","1-3 Classes (Low)","2026-10-07 11:09:58","2026-10-07 11:09:58","SOP Task Assigned","-","STANDARD - Re-engagement & Habit Building","0"
"2708","58855123","EGSS-adhmgadallah","ME-EGSS30","MEKSA-EGSS01","围场外","outside pool","2","9","1-3 Classes (Low)","2026-10-07 16:58:40","2026-10-07 16:58:40","SOP Completed Touch","20260211","STANDARD - Re-engagement & Habit Building","0"
"2716","62863136","EGSS-alihesham01","ME-EGSS30","MEKSA-EGSS01","首单到期","FOE Non-0","1","6","1-3 Classes (Low)","1970-01-01 00:00:00","No Connection Recorded","No Recorded Connection","-","STANDARD - Re-engagement & Habit Building","0"
"2717","62832229","EGSS-alihesham01","ME-EGSS30","MEKSA-EGSS01","到期","Exp Non-0","1","10","1-3 Classes (Low)","1970-01-01 00:00:00","No Connection Recorded","No Recorded Connection","-","STANDARD - Re-engagement & Habit Building","0"
"2718","62820272","EGSS-alihesham01","ME-EGSS30","MEKSA-EGSS01","到期","Exp Non-0","1","11","1-3 Classes (Low)","1970-01-01 00:00:00","No Connection Recorded","No Recorded Connection","-","STANDARD - Re-engagement & Habit Building","0"
"2765","62475632","EGSS-titooooo","ME-EGSS30","MEKSA-EGSS01","围场外","outside pool","1","0","1-3 Classes (Low)","1970-01-01 00:00:00","No Connection Recorded","No Recorded Connection","-","STANDARD - Re-engagement & Habit Building","0"
"2778","63015805","EGSS-titooooo","ME-EGSS30","MEKSA-EGSS01","围场外","outside pool","1","7","1-3 Classes (Low)","1970-01-01 00:00:00","No Connection Recorded","No Recorded Connection","-","STANDARD - Re-engagement & Habit Building","0"
"2779","62978645","EGSS-titooooo","ME-EGSS30","MEKSA-EGSS01","围场外","outside pool","1","9","1-3 Classes (Low)","1970-01-01 00:00:00","No Connection Recorded","No Recorded Connection","-","STANDARD - Re-engagement & Habit Building","0"
"2780","62898694","EGSS-titooooo","ME-EGSS30","MEKSA-EGSS01","围场外","outside pool","1","0","1-3 Classes (Low)","1970-01-01 00:00:00","No Connection Recorded","No Recorded Connection","-","STANDARD - Re-engagement & Habit Building","0"
"2781","62596512","EGSS-titooooo","ME-EGSS30","MEKSA-EGSS01","围场外","outside pool","1","7","1-3 Classes (Low)","1970-01-01 00:00:00","No Connection Recorded","No Recorded Connection","-","STANDARD - Re-engagement & Habit Building","0"
"2783","62586773","EGSS-titooooo","ME-EGSS30","MEKSA-EGSS01","首单到期","FOE Non-0","1","7","1-3 Classes (Low)","1970-01-01 00:00:00","No Connection Recorded","No Recorded Connection","-","STANDARD - Re-engagement & Habit Building","0"
"2791","60202162","EGSS-titooooo","ME-EGSS30","MEKSA-EGSS01","围场外","outside pool","1","9","1-3 Classes (Low)","1970-01-01 00:00:00","No Connection Recorded","No Recorded Connection","-","STANDARD - Re-engagement & Habit Building","0"
"2794","59045654","EGSS-titooooo","ME-EGSS30","MEKSA-EGSS01","围场外","outside pool","1","1","1-3 Classes (Low)","1970-01-01 00:00:00","No Connection Recorded","No Recorded Connection","-","STANDARD - Re-engagement & Habit Building","0"
"2822","59895645","EGSS-adhmgadallah","ME-EGSS30","MEKSA-EGSS01","围场外","outside pool","1","7","1-3 Classes (Low)","1970-01-01 00:00:00","No Connection Recorded","No Recorded Connection","-","STANDARD - Re-engagement & Habit Building","0"
"2863","58299158","EGSS-adhmgadallah","ME-EGSS30","MEKSA-EGSS01","到期","Exp Non-0","1","7","1-3 Classes (Low)","1970-01-01 00:00:00","No Connection Recorded","No Recorded Connection","-","STANDARD - Re-engagement & Habit Building","0"
"2869","63487118","EGSS-adhmgadallah","ME-EGSS30","MEKSA-EGSS01","到期","Exp Non-0","1","1","1-3 Classes (Low)","1970-01-01 00:00:00","No Connection Recorded","No Recorded Connection","-","STANDARD - Re-engagement & Habit Building","0"
"2870","63462472","EGSS-adhmgadallah","ME-EGSS30","MEKSA-EGSS01","到期","Exp Non-0","1","0","1-3 Classes (Low)","1970-01-01 00:00:00","No Connection Recorded","No Recorded Connection","-","STANDARD - Re-engagement & Habit Building","0"
"2909","62788175","EGSS-adhmgadallah","ME-EGSS30","MEKSA-EGSS01","到期","Exp Non-0","1","0","1-3 Classes (Low)","1970-01-01 00:00:00","No Connection Recorded","No Recorded Connection","-","STANDARD - Re-engagement & Habit Building","0"
"2920","63485816","EGSS-titooooo","ME-EGSS30","MEKSA-EGSS01","围场外","outside pool","1","8","1-3 Classes (Low)","1970-01-01 00:00:00","No Connection Recorded","No Recorded Connection","-","STANDARD - Re-engagement & Habit Building","0"
"2927","63549742","EGSS-titooooo","ME-EGSS30","MEKSA-EGSS01","围场外","outside pool","1","10","1-3 Classes (Low)","1970-01-01 00:00:00","No Connection Recorded","No Recorded Connection","-","STANDARD - Re-engagement & Habit Building","0"
"2929","64345799","EGSS-titooooo","ME-EGSS30","MEKSA-EGSS01","围场外","outside pool","1","0","1-3 Classes (Low)","1970-01-01 00:00:00","No Connection Recorded","No Recorded Connection","-","STANDARD - Re-engagement & Habit Building","0"
"2932","63487484","EGSS-titooooo","ME-EGSS30","MEKSA-EGSS01","围场外","outside pool","1","7","1-3 Classes (Low)","1970-01-01 00:00:00","No Connection Recorded","No Recorded Connection","-","STANDARD - Re-engagement & Habit Building","0"
"2933","63510627","EGSS-titooooo","ME-EGSS30","MEKSA-EGSS01","围场外","outside pool","1","0","1-3 Classes (Low)","1970-01-01 00:00:00","No Connection Recorded","No Recorded Connection","-","STANDARD - Re-engagement & Habit Building","0"
"2940","59389473","EGSS-alihesham01","ME-EGSS30","MEKSA-EGSS01","围场外","outside pool","1","0","1-3 Classes (Low)","2025-03-05 00:00:00","2025-03-05 00:00:00","Last 1v1 Payment","20250305","STANDARD - Re-engagement & Habit Building","0"
"2946","59235255","EGSS-alihesham01","ME-EGSS30","MEKSA-EGSS01","围场外","outside pool","1","1","1-3 Classes (Low)","2025-06-22 00:00:00","2025-06-22 00:00:00","Last 1v1 Payment","20250622","STANDARD - Re-engagement & Habit Building","0"
"2962","59584231","EGSS-adhmgadallah","ME-EGSS30","MEKSA-EGSS01","到期","Exp Non-0","1","9","1-3 Classes (Low)","2025-10-15 00:00:00","2025-10-15 00:00:00","Last 1v1 Payment","20251015","STANDARD - Re-engagement & Habit Building","0"
"2973","59467896","EGSS-titooooo","ME-EGSS30","MEKSA-EGSS01","围场外","outside pool","1","11","1-3 Classes (Low)","2025-11-30 00:00:00","2025-11-30 00:00:00","Last 1v1 Payment","20251130","STANDARD - Re-engagement & Habit Building","0"
"2983","60425439","EGSS-titooooo","ME-EGSS30","MEKSA-EGSS01","围场外","outside pool","1","9","1-3 Classes (Low)","2025-12-29 00:00:00","2025-12-29 00:00:00","Last 1v1 Payment","20251229","STANDARD - Re-engagement & Habit Building","0"
"2984","60264496","EGSS-titooooo","ME-EGSS30","MEKSA-EGSS01","围场外","outside pool","1","9","1-3 Classes (Low)","2025-12-30 00:00:00","2025-12-30 00:00:00","Last 1v1 Payment","20251230","STANDARD - Re-engagement & Habit Building","0"
"3004","61213425","EGSS-alihesham01","ME-EGSS30","MEKSA-EGSS01","到期","Exp Non-0","1","5","1-3 Classes (Low)","2026-02-28 00:00:00","2026-02-28 00:00:00","Last 1v1 Payment","20260228","STANDARD - Re-engagement & Habit Building","0"
"3012","60437315","EGSS-adhmgadallah","ME-EGSS30","MEKSA-EGSS01","围场外","outside pool","1","6","1-3 Classes (Low)","2026-03-07 00:00:00","2026-03-07 00:00:00","Last 1v1 Payment","20260307","STANDARD - Re-engagement & Habit Building","0"
"3016","60909765","EGSS-alihesham01","ME-EGSS30","MEKSA-EGSS01","围场外","outside pool","1","0","1-3 Classes (Low)","2026-03-26 00:00:00","2026-03-26 00:00:00","Last 1v1 Payment","20260326","STANDARD - Re-engagement & Habit Building","0"
"3019","61001864","EGSS-adhmgadallah","ME-EGSS30","MEKSA-EGSS01","到期","Exp Non-0","1","4","1-3 Classes (Low)","2026-03-28 00:00:00","2026-03-28 00:00:00","Last 1v1 Payment","20260328","STANDARD - Re-engagement & Habit Building","0"
"3020","60994563","EGSS-adhmgadallah","ME-EGSS30","MEKSA-EGSS01","到期","Exp Non-0","1","4","1-3 Classes (Low)","2026-03-28 00:00:00","2026-03-28 00:00:00","Last 1v1 Payment","20260328","STANDARD - Re-engagement & Habit Building","0"
"3024","61429207","EGSS-adhmgadallah","ME-EGSS30","MEKSA-EGSS01","围场外","outside pool","1","4","1-3 Classes (Low)","2026-03-29 00:00:00","2026-03-29 00:00:00","Last 1v1 Payment","20260329","STANDARD - Re-engagement & Habit Building","0"
"3027","61755092","EGSS-adhmgadallah","ME-EGSS30","MEKSA-EGSS01","期间","period","1","9","1-3 Classes (Low)","2026-03-30 00:00:00","2026-03-30 00:00:00","Last 1v1 Payment","20260330","STANDARD - Re-engagement & Habit Building","0"
"3029","61718474","EGSS-adhmgadallah","ME-EGSS30","MEKSA-EGSS01","到期","Exp Non-0","1","9","1-3 Classes (Low)","2026-03-30 00:00:00","2026-03-30 00:00:00","Last 1v1 Payment","20260330","STANDARD - Re-engagement & Habit Building","0"
"3045","62187937","EGSS-adhmgadallah","ME-EGSS30","MEKSA-EGSS01","期间","period","1","9","1-3 Classes (Low)","2026-04-19 00:00:00","2026-04-19 00:00:00","Last 1v1 Payment","20260419","STANDARD - Re-engagement & Habit Building","0"
"3051","62368699","EGSS-adhmgadallah","ME-EGSS30","MEKSA-EGSS01","围场外","outside pool","1","8","1-3 Classes (Low)","2026-04-27 00:00:00","2026-04-27 00:00:00","Last 1v1 Payment","20260427","STANDARD - Re-engagement & Habit Building","0"
"3059","58973780","EGSS-adhmgadallah","ME-EGSS30","MEKSA-EGSS01","围场外","outside pool","1","0","1-3 Classes (Low)","2026-05-05 00:00:00","2026-05-05 00:00:00","Last 1v1 Payment","20260505","STANDARD - Re-engagement & Habit Building","0"
"3060","61882485","EGSS-titooooo","ME-EGSS30","MEKSA-EGSS01","期间","period","1","11","1-3 Classes (Low)","2026-05-05 00:00:00","2026-05-05 00:00:00","Last 1v1 Payment","20260505","STANDARD - Re-engagement & Habit Building","0"
"3068","60765656","EGSS-adhmgadallah","ME-EGSS30","MEKSA-EGSS01","围场外","outside pool","1","0","1-3 Classes (Low)","2026-05-17 00:00:00","2026-05-17 00:00:00","Last 1v1 Payment","20260517","STANDARD - Re-engagement & Habit Building","0"
"3070","60766103","EGSS-adhmgadallah","ME-EGSS30","MEKSA-EGSS01","围场外","outside pool","1","0","1-3 Classes (Low)","2026-05-17 00:00:00","2026-05-17 00:00:00","Last 1v1 Payment","20260517","STANDARD - Re-engagement & Habit Building","0"
"3072","59678666","EGSS-titooooo","ME-EGSS30","MEKSA-EGSS01","围场外","outside pool","1","10","1-3 Classes (Low)","2026-05-21 00:00:00","2026-05-21 00:00:00","Last 1v1 Payment","20260521","STANDARD - Re-engagement & Habit Building","0"
"3077","60425904","EGSS-adhmgadallah","ME-EGSS30","MEKSA-EGSS01","围场外","outside pool","1","0","1-3 Classes (Low)","2026-05-25 00:00:00","2026-05-25 00:00:00","Last 1v1 Payment","20260525","STANDARD - Re-engagement & Habit Building","0"
"3089","61924898","EGSS-alihesham01","ME-EGSS30","MEKSA-EGSS01","到期","Exp Non-0","1","0","1-3 Classes (Low)","2026-06-09 00:00:00","2026-06-09 00:00:00","Last 1v1 Payment","20260609","STANDARD - Re-engagement & Habit Building","0"
"3091","62224792","EGSS-adhmgadallah","ME-EGSS30","MEKSA-EGSS01","围场外","outside pool","1","6","1-3 Classes (Low)","2026-06-13 00:00:00","2026-06-13 00:00:00","Last 1v1 Payment","20260613","STANDARD - Re-engagement & Habit Building","0"
"3094","59440803","EGSS-alihesham01","ME-EGSS30","MEKSA-EGSS01","围场外","outside pool","1","8","1-3 Classes (Low)","2026-06-22 00:00:00","2026-06-22 00:00:00","Last 1v1 Payment","20260622","STANDARD - Re-engagement & Habit Building","0"
"3098","61811619","EGSS-alihesham01","ME-EGSS30","MEKSA-EGSS01","围场外","outside pool","1","0","1-3 Classes (Low)","2026-06-28 00:00:00","2026-06-28 00:00:00","Last 1v1 Payment","20260628","STANDARD - Re-engagement & Habit Building","0"
"3101","61425840","EGSS-adhmgadallah","ME-EGSS30","MEKSA-EGSS01","围场外","outside pool","1","8","1-3 Classes (Low)","2026-06-29 00:00:00","2026-06-29 00:00:00","Last 1v1 Payment","20260629","STANDARD - Re-engagement & Habit Building","0"
"3117","61396629","EGSS-titooooo","ME-EGSS30","MEKSA-EGSS01","围场外","outside pool","1","2","1-3 Classes (Low)","2026-07-20 00:00:00","2026-07-20 00:00:00","Last 1v1 Payment","20260720","STANDARD - Re-engagement & Habit Building","0"
"3118","63603280","EGSS-titooooo","ME-EGSS30","MEKSA-EGSS01","围场外","outside pool","1","9","1-3 Classes (Low)","2026-07-21 00:00:00","2026-07-21 00:00:00","CRM System Outreach","-","STANDARD - Re-engagement & Habit Building","0"
"3125","62506357","EGSS-titooooo","ME-EGSS30","MEKSA-EGSS01","围场外","outside pool","1","1","1-3 Classes (Low)","2026-07-27 00:00:00","2026-07-27 00:00:00","Last 1v1 Payment","20260727","STANDARD - Re-engagement & Habit Building","0"
"3130","63855170","EGSS-alihesham01","ME-EGSS30","MEKSA-EGSS01","围场外","outside pool","1","9","1-3 Classes (Low)","2026-07-28 00:00:00","2026-07-28 00:00:00","CRM System Outreach","-","STANDARD - Re-engagement & Habit Building","0"
"3131","60269952","EGSS-titooooo","ME-EGSS30","MEKSA-EGSS01","围场外","outside pool","1","22","1-3 Classes (Low)","2026-07-28 00:00:00","2026-07-28 00:00:00","Last 1v1 Payment","20260728","STANDARD - Re-engagement & Habit Building","0"
"3178","60852834","EGSS-adhmgadallah","ME-EGSS30","MEKSA-EGSS01","围场外","outside pool","1","8","1-3 Classes (Low)","2026-09-01 00:00:00","2026-09-01 00:00:00","Last 1v1 Payment","20260901","STANDARD - Re-engagement & Habit Building","0"
"3181","58562460","EGSS-titooooo","ME-EGSS30","MEKSA-EGSS01","围场外","outside pool","1","9","1-3 Classes (Low)","2026-09-06 00:00:00","2026-09-06 00:00:00","Last 1v1 Payment","20260906","STANDARD - Re-engagement & Habit Building","0"
"3191","61290572","EGSS-titooooo","ME-EGSS30","MEKSA-EGSS01","围场外","outside pool","1","7","1-3 Classes (Low)","2026-09-27 00:00:00","2026-09-27 00:00:00","Last 1v1 Payment","20260927","STANDARD - Re-engagement & Habit Building","0"
"3200","60223925","EGSS-adhmgadallah","ME-EGSS30","MEKSA-EGSS01","到期","Exp Non-0","1","6","1-3 Classes (Low)","2026-09-29 13:55:52","2026-09-29 13:55:52","SOP Completed Touch","-","STANDARD - Re-engagement & Habit Building","0"
"3229","63970309","EGSS-adhmgadallah","ME-EGSS30","MEKSA-EGSS01","围场外","outside pool","1","9","1-3 Classes (Low)","2026-10-03 11:34:42","2026-10-03 11:34:42","SOP Task Assigned","-","STANDARD - Re-engagement & Habit Building","0"
"3241","61587030","EGSS-titooooo","ME-EGSS30","MEKSA-EGSS01","围场外","outside pool","1","0","1-3 Classes (Low)","2026-10-04 11:08:12","2026-10-04 11:08:12","SOP Task Assigned","-","STANDARD - Re-engagement & Habit Building","0"
"3270","63606009","EGSS-adhmgadallah","ME-EGSS30","MEKSA-EGSS01","到期","Exp Non-0","1","2","1-3 Classes (Low)","2026-10-07 11:14:28","2026-10-07 11:14:28","SOP Task Assigned","-","STANDARD - Re-engagement & Habit Building","0"
"3283","58705887","EGSS-adhmgadallah","ME-EGSS30","MEKSA-EGSS01","围场外","outside pool","1","8","1-3 Classes (Low)","2026-10-07 14:13:24","2026-10-07 14:13:24","SOP Completed Touch","20260901","STANDARD - Re-engagement & Habit Building","0"
"3320","63087383","EGSS-adhmgadallah","ME-EGSS30","MEKSA-EGSS01","到期","Exp Non-0","0","0","0 Classes (Dormant)","1970-01-01 00:00:00","No Connection Recorded","No Recorded Connection","-","REACTIVATION - Dormant Student Win-Back","0"
"3332","58772183","EGSS-adhmgadallah","ME-EGSS30","MEKSA-EGSS01","围场外","outside pool","0","0","0 Classes (Dormant)","1970-01-01 00:00:00","No Connection Recorded","No Recorded Connection","-","REACTIVATION - Dormant Student Win-Back","0"
"3366","63558872","EGSS-adhmgadallah","ME-EGSS30","MEKSA-EGSS01","到期","Exp 0-cr","0","0","0 Classes (Dormant)","1970-01-01 00:00:00","No Connection Recorded","No Recorded Connection","-","REACTIVATION - Dormant Student Win-Back","0"
"3375","63265874","EGSS-adhmgadallah","ME-EGSS30","MEKSA-EGSS01","到期","Exp Non-0","0","0","0 Classes (Dormant)","1970-01-01 00:00:00","No Connection Recorded","No Recorded Connection","-","REACTIVATION - Dormant Student Win-Back","0"
"3382","63400978","EGSS-adhmgadallah","ME-EGSS30","MEKSA-EGSS01","到期","Exp Non-0","0","0","0 Classes (Dormant)","1970-01-01 00:00:00","No Connection Recorded","No Recorded Connection","-","REACTIVATION - Dormant Student Win-Back","0"
"3401","59436250","EGSS-adhmgadallah","ME-EGSS30","MEKSA-EGSS01","到期","Exp Non-0","0","0","0 Classes (Dormant)","1970-01-01 00:00:00","No Connection Recorded","No Recorded Connection","-","REACTIVATION - Dormant Student Win-Back","0"
"3403","64017388","EGSS-adhmgadallah","ME-EGSS30","MEKSA-EGSS01","围场外","outside pool","0","0","0 Classes (Dormant)","1970-01-01 00:00:00","No Connection Recorded","No Recorded Connection","-","REACTIVATION - Dormant Student Win-Back","0"
"3404","64265636","EGSS-titooooo","ME-EGSS30","MEKSA-EGSS01","围场外","outside pool","0","0","0 Classes (Dormant)","1970-01-01 00:00:00","No Connection Recorded","No Recorded Connection","-","REACTIVATION - Dormant Student Win-Back","0"
"3422","58927337","EGSS-adhmgadallah","ME-EGSS30","MEKSA-EGSS01","首单到期","FOE 0-cr","0","0","0 Classes (Dormant)","1970-01-01 00:00:00","No Connection Recorded","No Recorded Connection","-","REACTIVATION - Dormant Student Win-Back","0"
"3426","58377183","EGSS-alihesham01","ME-EGSS30","MEKSA-EGSS01","围场外","outside pool","0","0","0 Classes (Dormant)","1970-01-01 00:00:00","No Connection Recorded","No Recorded Connection","-","REACTIVATION - Dormant Student Win-Back","0"
"3427","58480001","EGSS-alihesham01","ME-EGSS30","MEKSA-EGSS01","围场外","outside pool","0","0","0 Classes (Dormant)","1970-01-01 00:00:00","No Connection Recorded","No Recorded Connection","-","REACTIVATION - Dormant Student Win-Back","0"
"3436","58956049","EGSS-adhmgadallah","ME-EGSS30","MEKSA-EGSS01","围场外","outside pool","0","0","0 Classes (Dormant)","1970-01-01 00:00:00","No Connection Recorded","No Recorded Connection","-","REACTIVATION - Dormant Student Win-Back","0"
"3440","58989757","EGSS-adhmgadallah","ME-EGSS30","MEKSA-EGSS01","围场外","outside pool","0","0","0 Classes (Dormant)","1970-01-01 00:00:00","No Connection Recorded","No Recorded Connection","-","REACTIVATION - Dormant Student Win-Back","0"
"3455","60270432","EGSS-adhmgadallah","ME-EGSS30","MEKSA-EGSS01","首单到期","FOE Non-0","0","0","0 Classes (Dormant)","1970-01-01 00:00:00","No Connection Recorded","No Recorded Connection","-","REACTIVATION - Dormant Student Win-Back","0"
"3457","60219859","EGSS-adhmgadallah","ME-EGSS30","MEKSA-EGSS01","到期","Exp Non-0","0","0","0 Classes (Dormant)","1970-01-01 00:00:00","No Connection Recorded","No Recorded Connection","-","REACTIVATION - Dormant Student Win-Back","0"
"3477","59563907","EGSS-adhmgadallah","ME-EGSS30","MEKSA-EGSS01","到期","Exp 0-cr","0","0","0 Classes (Dormant)","1970-01-01 00:00:00","No Connection Recorded","No Recorded Connection","-","REACTIVATION - Dormant Student Win-Back","0"
"3484","59893509","EGSS-adhmgadallah","ME-EGSS30","MEKSA-EGSS01","围场外","outside pool","0","0","0 Classes (Dormant)","1970-01-01 00:00:00","No Connection Recorded","No Recorded Connection","-","REACTIVATION - Dormant Student Win-Back","0"
"3485","63757121","EGSS-adhmgadallah","ME-EGSS30","MEKSA-EGSS01","围场外","outside pool","0","6","0 Classes (Dormant)","1970-01-01 00:00:00","No Connection Recorded","CRM System Outreach","-","REACTIVATION - Dormant Student Win-Back","0"
"3503","61273712","EGSS-adhmgadallah","ME-EGSS30","MEKSA-EGSS01","围场外","outside pool","0","0","0 Classes (Dormant)","1970-01-01 00:00:00","No Connection Recorded","No Recorded Connection","-","REACTIVATION - Dormant Student Win-Back","0"
"3506","61284719","EGSS-adhmgadallah","ME-EGSS30","MEKSA-EGSS01","围场外","outside pool","0","0","0 Classes (Dormant)","1970-01-01 00:00:00","No Connection Recorded","No Recorded Connection","-","REACTIVATION - Dormant Student Win-Back","0"
"3507","62263671","EGSS-adhmgadallah","ME-EGSS30","MEKSA-EGSS01","首单到期","FOE 0-cr","0","0","0 Classes (Dormant)","1970-01-01 00:00:00","No Connection Recorded","No Recorded Connection","-","REACTIVATION - Dormant Student Win-Back","0"
"3508","61505326","EGSS-adhmgadallah","ME-EGSS30","MEKSA-EGSS01","首单到期","FOE Non-0","0","0","0 Classes (Dormant)","1970-01-01 00:00:00","No Connection Recorded","No Recorded Connection","-","REACTIVATION - Dormant Student Win-Back","0"
"3513","61530854","EGSS-adhmgadallah","ME-EGSS30","MEKSA-EGSS01","到期","Exp 0-cr","0","0","0 Classes (Dormant)","1970-01-01 00:00:00","No Connection Recorded","No Recorded Connection","-","REACTIVATION - Dormant Student Win-Back","0"
"3514","62249285","EGSS-adhmgadallah","ME-EGSS30","MEKSA-EGSS01","首单到期","FOE Non-0","0","0","0 Classes (Dormant)","1970-01-01 00:00:00","No Connection Recorded","No Recorded Connection","-","REACTIVATION - Dormant Student Win-Back","0"
"3516","61328687","EGSS-adhmgadallah","ME-EGSS30","MEKSA-EGSS01","围场外","outside pool","0","0","0 Classes (Dormant)","1970-01-01 00:00:00","No Connection Recorded","No Recorded Connection","-","REACTIVATION - Dormant Student Win-Back","0"
"3521","62276027","EGSS-adhmgadallah","ME-EGSS30","MEKSA-EGSS01","到期","Exp 0-cr","0","0","0 Classes (Dormant)","1970-01-01 00:00:00","No Connection Recorded","No Recorded Connection","-","REACTIVATION - Dormant Student Win-Back","0"
"3526","62360979","EGSS-adhmgadallah","ME-EGSS30","MEKSA-EGSS01","首单到期","FOE 0-cr","0","0","0 Classes (Dormant)","1970-01-01 00:00:00","No Connection Recorded","No Recorded Connection","-","REACTIVATION - Dormant Student Win-Back","0"
"3527","62367215","EGSS-adhmgadallah","ME-EGSS30","MEKSA-EGSS01","首单到期","FOE Non-0","0","0","0 Classes (Dormant)","1970-01-01 00:00:00","No Connection Recorded","No Recorded Connection","-","REACTIVATION - Dormant Student Win-Back","0"
"3532","62421715","EGSS-adhmgadallah","ME-EGSS30","MEKSA-EGSS01","首单到期","FOE 0-cr","0","0","0 Classes (Dormant)","1970-01-01 00:00:00","No Connection Recorded","No Recorded Connection","-","REACTIVATION - Dormant Student Win-Back","0"
"3533","62421903","EGSS-adhmgadallah","ME-EGSS30","MEKSA-EGSS01","首单到期","FOE 0-cr","0","0","0 Classes (Dormant)","1970-01-01 00:00:00","No Connection Recorded","No Recorded Connection","-","REACTIVATION - Dormant Student Win-Back","0"
"3547","61114962","EGSS-adhmgadallah","ME-EGSS30","MEKSA-EGSS01","到期","Exp Non-0","0","0","0 Classes (Dormant)","1970-01-01 00:00:00","No Connection Recorded","No Recorded Connection","-","REACTIVATION - Dormant Student Win-Back","0"
"3563","58660723","EGSS-adhmgadallah","ME-EGSS30","MEKSA-EGSS01","到期","Exp Non-0","0","1","0 Classes (Dormant)","1970-01-01 00:00:00","No Connection Recorded","No Recorded Connection","-","REACTIVATION - Dormant Student Win-Back","0"
"3565","61984053","EGSS-adhmgadallah","ME-EGSS30","MEKSA-EGSS01","到期","Exp Non-0","0","0","0 Classes (Dormant)","1970-01-01 00:00:00","No Connection Recorded","No Recorded Connection","-","REACTIVATION - Dormant Student Win-Back","0"
"3567","62043395","EGSS-adhmgadallah","ME-EGSS30","MEKSA-EGSS01","围场外","outside pool","0","0","0 Classes (Dormant)","1970-01-01 00:00:00","No Connection Recorded","No Recorded Connection","-","REACTIVATION - Dormant Student Win-Back","0"
"3568","61938818","EGSS-adhmgadallah","ME-EGSS30","MEKSA-EGSS01","到期","Exp Non-0","0","0","0 Classes (Dormant)","1970-01-01 00:00:00","No Connection Recorded","No Recorded Connection","-","REACTIVATION - Dormant Student Win-Back","0"
"3574","62096485","EGSS-adhmgadallah","ME-EGSS30","MEKSA-EGSS01","首单到期","FOE Non-0","0","0","0 Classes (Dormant)","1970-01-01 00:00:00","No Connection Recorded","No Recorded Connection","-","REACTIVATION - Dormant Student Win-Back","0"
"3584","61565531","EGSS-adhmgadallah","ME-EGSS30","MEKSA-EGSS01","到期","Exp Non-0","0","0","0 Classes (Dormant)","1970-01-01 00:00:00","No Connection Recorded","No Recorded Connection","-","REACTIVATION - Dormant Student Win-Back","0"
"3585","61534225","EGSS-adhmgadallah","ME-EGSS30","MEKSA-EGSS01","首单到期","FOE 0-cr","0","0","0 Classes (Dormant)","1970-01-01 00:00:00","No Connection Recorded","No Recorded Connection","-","REACTIVATION - Dormant Student Win-Back","0"
"3593","61691285","EGSS-adhmgadallah","ME-EGSS30","MEKSA-EGSS01","首单到期","FOE Non-0","0","6","0 Classes (Dormant)","1970-01-01 00:00:00","No Connection Recorded","No Recorded Connection","-","REACTIVATION - Dormant Student Win-Back","0"
"3602","61097236","EGSS-adhmgadallah","ME-EGSS30","MEKSA-EGSS01","首单到期","FOE Non-0","0","0","0 Classes (Dormant)","1970-01-01 00:00:00","No Connection Recorded","No Recorded Connection","-","REACTIVATION - Dormant Student Win-Back","0"
"3606","58231677","EGSS-adhmgadallah","ME-EGSS30","MEKSA-EGSS01","到期","Exp 0-cr","0","0","0 Classes (Dormant)","1970-01-01 00:00:00","No Connection Recorded","No Recorded Connection","-","REACTIVATION - Dormant Student Win-Back","0"
"3607","61064543","EGSS-adhmgadallah","ME-EGSS30","MEKSA-EGSS01","首单到期","FOE 0-cr","0","0","0 Classes (Dormant)","1970-01-01 00:00:00","No Connection Recorded","No Recorded Connection","-","REACTIVATION - Dormant Student Win-Back","0"
"3613","62956239","EGSS-adhmgadallah","ME-EGSS30","MEKSA-EGSS01","到期","Exp Non-0","0","0","0 Classes (Dormant)","1970-01-01 00:00:00","No Connection Recorded","No Recorded Connection","-","REACTIVATION - Dormant Student Win-Back","0"
"3616","62834851","EGSS-adhmgadallah","ME-EGSS30","MEKSA-EGSS01","到期","Exp 0-cr","0","0","0 Classes (Dormant)","1970-01-01 00:00:00","No Connection Recorded","No Recorded Connection","-","REACTIVATION - Dormant Student Win-Back","0"
"3623","61071075","EGSS-adhmgadallah","ME-EGSS30","MEKSA-EGSS01","首单到期","FOE 0-cr","0","0","0 Classes (Dormant)","1970-01-01 00:00:00","No Connection Recorded","No Recorded Connection","-","REACTIVATION - Dormant Student Win-Back","0"
"3626","62835045","EGSS-adhmgadallah","ME-EGSS30","MEKSA-EGSS01","首单到期","FOE Non-0","0","0","0 Classes (Dormant)","1970-01-01 00:00:00","No Connection Recorded","No Recorded Connection","-","REACTIVATION - Dormant Student Win-Back","0"
"3637","63087380","EGSS-adhmgadallah","ME-EGSS30","MEKSA-EGSS01","到期","Exp Non-0","0","0","0 Classes (Dormant)","1970-01-01 00:00:00","No Connection Recorded","No Recorded Connection","-","REACTIVATION - Dormant Student Win-Back","0"
"3641","61047155","EGSS-adhmgadallah","ME-EGSS30","MEKSA-EGSS01","首单到期","FOE 0-cr","0","0","0 Classes (Dormant)","1970-01-01 00:00:00","No Connection Recorded","No Recorded Connection","-","REACTIVATION - Dormant Student Win-Back","0"
"3644","61063456","EGSS-adhmgadallah","ME-EGSS30","MEKSA-EGSS01","首单到期","FOE 0-cr","0","0","0 Classes (Dormant)","1970-01-01 00:00:00","No Connection Recorded","No Recorded Connection","-","REACTIVATION - Dormant Student Win-Back","0"
"3650","63067108","EGSS-adhmgadallah","ME-EGSS30","MEKSA-EGSS01","围场外","outside pool","0","0","0 Classes (Dormant)","1970-01-01 00:00:00","No Connection Recorded","No Recorded Connection","-","REACTIVATION - Dormant Student Win-Back","0"
"3659","62551464","EGSS-adhmgadallah","ME-EGSS30","MEKSA-EGSS01","首单到期","FOE 0-cr","0","0","0 Classes (Dormant)","1970-01-01 00:00:00","No Connection Recorded","No Recorded Connection","-","REACTIVATION - Dormant Student Win-Back","0"
"3661","62484126","EGSS-adhmgadallah","ME-EGSS30","MEKSA-EGSS01","到期","Exp Non-0","0","0","0 Classes (Dormant)","1970-01-01 00:00:00","No Connection Recorded","No Recorded Connection","-","REACTIVATION - Dormant Student Win-Back","0"
"3662","61092753","EGSS-adhmgadallah","ME-EGSS30","MEKSA-EGSS01","首单到期","FOE Non-0","0","0","0 Classes (Dormant)","1970-01-01 00:00:00","No Connection Recorded","No Recorded Connection","-","REACTIVATION - Dormant Student Win-Back","0"
"3663","62575304","EGSS-adhmgadallah","ME-EGSS30","MEKSA-EGSS01","首单到期","FOE Non-0","0","0","0 Classes (Dormant)","1970-01-01 00:00:00","No Connection Recorded","No Recorded Connection","-","REACTIVATION - Dormant Student Win-Back","0"
"3669","62622923","EGSS-adhmgadallah","ME-EGSS30","MEKSA-EGSS01","首单到期","FOE 0-cr","0","0","0 Classes (Dormant)","1970-01-01 00:00:00","No Connection Recorded","No Recorded Connection","-","REACTIVATION - Dormant Student Win-Back","0"
"3679","62483202","EGSS-adhmgadallah","ME-EGSS30","MEKSA-EGSS01","首单到期","FOE 0-cr","0","0","0 Classes (Dormant)","1970-01-01 00:00:00","No Connection Recorded","No Recorded Connection","-","REACTIVATION - Dormant Student Win-Back","0"
"3682","62455114","EGSS-adhmgadallah","ME-EGSS30","MEKSA-EGSS01","围场外","outside pool","0","0","0 Classes (Dormant)","1970-01-01 00:00:00","No Connection Recorded","No Recorded Connection","-","REACTIVATION - Dormant Student Win-Back","0"
"3684","62831540","EGSS-adhmgadallah","ME-EGSS30","MEKSA-EGSS01","首单到期","FOE Non-0","0","0","0 Classes (Dormant)","1970-01-01 00:00:00","No Connection Recorded","No Recorded Connection","-","REACTIVATION - Dormant Student Win-Back","0"
"3686","61071413","EGSS-adhmgadallah","ME-EGSS30","MEKSA-EGSS01","首单到期","FOE 0-cr","0","0","0 Classes (Dormant)","1970-01-01 00:00:00","No Connection Recorded","No Recorded Connection","-","REACTIVATION - Dormant Student Win-Back","0"
"3689","62828908","EGSS-adhmgadallah","ME-EGSS30","MEKSA-EGSS01","到期","Exp Non-0","0","0","0 Classes (Dormant)","1970-01-01 00:00:00","No Connection Recorded","No Recorded Connection","-","REACTIVATION - Dormant Student Win-Back","0"
"3730","60264745","EGSS-titooooo","ME-EGSS30","MEKSA-EGSS01","围场外","outside pool","0","0","0 Classes (Dormant)","1970-01-01 00:00:00","No Connection Recorded","No Recorded Connection","-","REACTIVATION - Dormant Student Win-Back","0"
"3736","60264813","EGSS-titooooo","ME-EGSS30","MEKSA-EGSS01","围场外","outside pool","0","0","0 Classes (Dormant)","1970-01-01 00:00:00","No Connection Recorded","No Recorded Connection","-","REACTIVATION - Dormant Student Win-Back","0"
"3749","61341495","EGSS-titooooo","ME-EGSS30","MEKSA-EGSS01","到期","Exp Non-0","0","3","0 Classes (Dormant)","1970-01-01 00:00:00","No Connection Recorded","No Recorded Connection","-","REACTIVATION - Dormant Student Win-Back","0"
"3753","63198108","EGSS-titooooo","ME-EGSS30","MEKSA-EGSS01","到期","Exp Non-0","0","0","0 Classes (Dormant)","1970-01-01 00:00:00","No Connection Recorded","No Recorded Connection","-","REACTIVATION - Dormant Student Win-Back","0"
"3788","63506448","EGSS-titooooo","ME-EGSS30","MEKSA-EGSS01","围场外","outside pool","0","0","0 Classes (Dormant)","1970-01-01 00:00:00","No Connection Recorded","No Recorded Connection","-","REACTIVATION - Dormant Student Win-Back","0"
"3805","58352421","EGSS-titooooo","ME-EGSS30","MEKSA-EGSS01","首单到期","FOE Non-0","0","0","0 Classes (Dormant)","1970-01-01 00:00:00","No Connection Recorded","No Recorded Connection","-","REACTIVATION - Dormant Student Win-Back","0"
"3808","58706508","EGSS-titooooo","ME-EGSS30","MEKSA-EGSS01","到期","Exp 0-cr","0","0","0 Classes (Dormant)","1970-01-01 00:00:00","No Connection Recorded","No Recorded Connection","-","REACTIVATION - Dormant Student Win-Back","0"
"3814","58644726","EGSS-titooooo","ME-EGSS30","MEKSA-EGSS01","到期","Exp Non-0","0","6","0 Classes (Dormant)","1970-01-01 00:00:00","No Connection Recorded","No Recorded Connection","-","REACTIVATION - Dormant Student Win-Back","0"
"3818","59764917","EGSS-titooooo","ME-EGSS30","MEKSA-EGSS01","首单到期","FOE Non-0","0","0","0 Classes (Dormant)","1970-01-01 00:00:00","No Connection Recorded","No Recorded Connection","-","REACTIVATION - Dormant Student Win-Back","0"
"3823","59555669","EGSS-titooooo","ME-EGSS30","MEKSA-EGSS01","首单到期","FOE Non-0","0","0","0 Classes (Dormant)","1970-01-01 00:00:00","No Connection Recorded","No Recorded Connection","-","REACTIVATION - Dormant Student Win-Back","0"
"3826","60096294","EGSS-titooooo","ME-EGSS30","MEKSA-EGSS01","到期","Exp Non-0","0","0","0 Classes (Dormant)","1970-01-01 00:00:00","No Connection Recorded","No Recorded Connection","-","REACTIVATION - Dormant Student Win-Back","0"
"3829","59818649","EGSS-titooooo","ME-EGSS30","MEKSA-EGSS01","首单到期","FOE Non-0","0","0","0 Classes (Dormant)","1970-01-01 00:00:00","No Connection Recorded","No Recorded Connection","-","REACTIVATION - Dormant Student Win-Back","0"
"3852","62490453","EGSS-titooooo","ME-EGSS30","MEKSA-EGSS01","到期","Exp 0-cr","0","0","0 Classes (Dormant)","1970-01-01 00:00:00","No Connection Recorded","No Recorded Connection","-","REACTIVATION - Dormant Student Win-Back","0"
"3853","62507096","EGSS-titooooo","ME-EGSS30","MEKSA-EGSS01","首单到期","FOE 0-cr","0","0","0 Classes (Dormant)","1970-01-01 00:00:00","No Connection Recorded","No Recorded Connection","-","REACTIVATION - Dormant Student Win-Back","0"
"3868","62447268","EGSS-titooooo","ME-EGSS30","MEKSA-EGSS01","围场外","outside pool","0","0","0 Classes (Dormant)","1970-01-01 00:00:00","No Connection Recorded","No Recorded Connection","-","REACTIVATION - Dormant Student Win-Back","0"
"3871","62409023","EGSS-titooooo","ME-EGSS30","MEKSA-EGSS01","到期","Exp Non-0","0","0","0 Classes (Dormant)","1970-01-01 00:00:00","No Connection Recorded","No Recorded Connection","-","REACTIVATION - Dormant Student Win-Back","0"
"3872","62378298","EGSS-titooooo","ME-EGSS30","MEKSA-EGSS01","首单到期","FOE Non-0","0","0","0 Classes (Dormant)","1970-01-01 00:00:00","No Connection Recorded","No Recorded Connection","-","REACTIVATION - Dormant Student Win-Back","0"
"3882","62411627","EGSS-titooooo","ME-EGSS30","MEKSA-EGSS01","到期","Exp Non-0","0","0","0 Classes (Dormant)","1970-01-01 00:00:00","No Connection Recorded","No Recorded Connection","-","REACTIVATION - Dormant Student Win-Back","0"
"3899","62927000","EGSS-titooooo","ME-EGSS30","MEKSA-EGSS01","围场外","outside pool","0","0","0 Classes (Dormant)","1970-01-01 00:00:00","No Connection Recorded","No Recorded Connection","-","REACTIVATION - Dormant Student Win-Back","0"
"3902","62985087","EGSS-titooooo","ME-EGSS30","MEKSA-EGSS01","到期","Exp 0-cr","0","0","0 Classes (Dormant)","1970-01-01 00:00:00","No Connection Recorded","No Recorded Connection","-","REACTIVATION - Dormant Student Win-Back","0"
"3903","62902447","EGSS-titooooo","ME-EGSS30","MEKSA-EGSS01","到期","Exp Non-0","0","0","0 Classes (Dormant)","1970-01-01 00:00:00","No Connection Recorded","No Recorded Connection","-","REACTIVATION - Dormant Student Win-Back","0"
"3911","62765296","EGSS-titooooo","ME-EGSS30","MEKSA-EGSS01","首单到期","FOE Non-0","0","0","0 Classes (Dormant)","1970-01-01 00:00:00","No Connection Recorded","No Recorded Connection","-","REACTIVATION - Dormant Student Win-Back","0"
"3919","62823228","EGSS-titooooo","ME-EGSS30","MEKSA-EGSS01","首单到期","FOE 0-cr","0","0","0 Classes (Dormant)","1970-01-01 00:00:00","No Connection Recorded","No Recorded Connection","-","REACTIVATION - Dormant Student Win-Back","0"
"3933","63174104","EGSS-titooooo","ME-EGSS30","MEKSA-EGSS01","到期","Exp 0-cr","0","0","0 Classes (Dormant)","1970-01-01 00:00:00","No Connection Recorded","No Recorded Connection","-","REACTIVATION - Dormant Student Win-Back","0"
"3958","62225165","EGSS-titooooo","ME-EGSS30","MEKSA-EGSS01","到期","Exp 0-cr","0","0","0 Classes (Dormant)","1970-01-01 00:00:00","No Connection Recorded","No Recorded Connection","-","REACTIVATION - Dormant Student Win-Back","0"
"3959","62225354","EGSS-titooooo","ME-EGSS30","MEKSA-EGSS01","到期","Exp 0-cr","0","0","0 Classes (Dormant)","1970-01-01 00:00:00","No Connection Recorded","No Recorded Connection","-","REACTIVATION - Dormant Student Win-Back","0"
"3969","62377884","EGSS-titooooo","ME-EGSS30","MEKSA-EGSS01","首单到期","FOE Non-0","0","2","0 Classes (Dormant)","1970-01-01 00:00:00","No Connection Recorded","No Recorded Connection","-","REACTIVATION - Dormant Student Win-Back","0"
"3972","63056046","EGSS-titooooo","ME-EGSS30","MEKSA-EGSS01","到期","Exp 0-cr","0","0","0 Classes (Dormant)","1970-01-01 00:00:00","No Connection Recorded","No Recorded Connection","-","REACTIVATION - Dormant Student Win-Back","0"
"3990","63067829","EGSS-titooooo","ME-EGSS30","MEKSA-EGSS01","到期","Exp Non-0","0","6","0 Classes (Dormant)","1970-01-01 00:00:00","No Connection Recorded","No Recorded Connection","-","REACTIVATION - Dormant Student Win-Back","0"
"3998","62853417","EGSS-alihesham01","ME-EGSS30","MEKSA-EGSS01","首单到期","FOE Non-0","0","0","0 Classes (Dormant)","1970-01-01 00:00:00","No Connection Recorded","No Recorded Connection","-","REACTIVATION - Dormant Student Win-Back","0"
"4004","62854446","EGSS-alihesham01","ME-EGSS30","MEKSA-EGSS01","首单到期","FOE 0-cr","0","0","0 Classes (Dormant)","1970-01-01 00:00:00","No Connection Recorded","No Recorded Connection","-","REACTIVATION - Dormant Student Win-Back","0"
"4013","62834852","EGSS-alihesham01","ME-EGSS30","MEKSA-EGSS01","到期","Exp Non-0","0","0","0 Classes (Dormant)","1970-01-01 00:00:00","No Connection Recorded","No Recorded Connection","-","REACTIVATION - Dormant Student Win-Back","0"
"4014","62840178","EGSS-alihesham01","ME-EGSS30","MEKSA-EGSS01","到期","Exp 0-cr","0","0","0 Classes (Dormant)","1970-01-01 00:00:00","No Connection Recorded","No Recorded Connection","-","REACTIVATION - Dormant Student Win-Back","0"
"4023","62941297","EGSS-alihesham01","ME-EGSS30","MEKSA-EGSS01","到期","Exp Non-0","0","0","0 Classes (Dormant)","1970-01-01 00:00:00","No Connection Recorded","No Recorded Connection","-","REACTIVATION - Dormant Student Win-Back","0"
"4029","62942824","EGSS-alihesham01","ME-EGSS30","MEKSA-EGSS01","到期","Exp Non-0","0","0","0 Classes (Dormant)","1970-01-01 00:00:00","No Connection Recorded","No Recorded Connection","-","REACTIVATION - Dormant Student Win-Back","0"
"4030","63041830","EGSS-alihesham01","ME-EGSS30","MEKSA-EGSS01","到期","Exp Non-0","0","6","0 Classes (Dormant)","1970-01-01 00:00:00","No Connection Recorded","No Recorded Connection","-","REACTIVATION - Dormant Student Win-Back","0"
"4031","63092922","EGSS-alihesham01","ME-EGSS30","MEKSA-EGSS01","期间","period","0","6","0 Classes (Dormant)","1970-01-01 00:00:00","No Connection Recorded","No Recorded Connection","-","REACTIVATION - Dormant Student Win-Back","0"
"4034","59359306","EGSS-alihesham01","ME-EGSS30","MEKSA-EGSS01","到期","Exp 0-cr","0","0","0 Classes (Dormant)","1970-01-01 00:00:00","No Connection Recorded","No Recorded Connection","-","REACTIVATION - Dormant Student Win-Back","0"
"4038","59420989","EGSS-alihesham01","ME-EGSS30","MEKSA-EGSS01","围场外","outside pool","0","0","0 Classes (Dormant)","1970-01-01 00:00:00","No Connection Recorded","No Recorded Connection","-","REACTIVATION - Dormant Student Win-Back","0"
"4048","62870929","EGSS-alihesham01","ME-EGSS30","MEKSA-EGSS01","首单到期","FOE Non-0","0","0","0 Classes (Dormant)","1970-01-01 00:00:00","No Connection Recorded","No Recorded Connection","-","REACTIVATION - Dormant Student Win-Back","0"
"4052","62823715","EGSS-alihesham01","ME-EGSS30","MEKSA-EGSS01","到期","Exp Non-0","0","0","0 Classes (Dormant)","1970-01-01 00:00:00","No Connection Recorded","No Recorded Connection","-","REACTIVATION - Dormant Student Win-Back","0"
"4053","61230865","EGSS-alihesham01","ME-EGSS30","MEKSA-EGSS01","围场外","outside pool","0","0","0 Classes (Dormant)","1970-01-01 00:00:00","No Connection Recorded","No Recorded Connection","-","REACTIVATION - Dormant Student Win-Back","0"
"4054","61266630","EGSS-alihesham01","ME-EGSS30","MEKSA-EGSS01","围场外","outside pool","0","0","0 Classes (Dormant)","1970-01-01 00:00:00","No Connection Recorded","No Recorded Connection","-","REACTIVATION - Dormant Student Win-Back","0"
"4055","61518007","EGSS-alihesham01","ME-EGSS30","MEKSA-EGSS01","到期","Exp Non-0","0","0","0 Classes (Dormant)","1970-01-01 00:00:00","No Connection Recorded","No Recorded Connection","-","REACTIVATION - Dormant Student Win-Back","0"
"4059","60094595","EGSS-alihesham01","ME-EGSS30","MEKSA-EGSS01","围场外","outside pool","0","0","0 Classes (Dormant)","1970-01-01 00:00:00","No Connection Recorded","No Recorded Connection","-","REACTIVATION - Dormant Student Win-Back","0"
"4065","61639891","EGSS-alihesham01","ME-EGSS30","MEKSA-EGSS01","围场外","outside pool","0","0","0 Classes (Dormant)","1970-01-01 00:00:00","No Connection Recorded","No Recorded Connection","-","REACTIVATION - Dormant Student Win-Back","0"
"4066","61719124","EGSS-alihesham01","ME-EGSS30","MEKSA-EGSS01","到期","Exp Non-0","0","0","0 Classes (Dormant)","1970-01-01 00:00:00","No Connection Recorded","No Recorded Connection","-","REACTIVATION - Dormant Student Win-Back","0"
"4071","60870383","EGSS-alihesham01","ME-EGSS30","MEKSA-EGSS01","首单到期","FOE 0-cr","0","0","0 Classes (Dormant)","1970-01-01 00:00:00","No Connection Recorded","No Recorded Connection","-","REACTIVATION - Dormant Student Win-Back","0"
"4074","60818234","EGSS-alihesham01","ME-EGSS30","MEKSA-EGSS01","围场外","outside pool","0","0","0 Classes (Dormant)","1970-01-01 00:00:00","No Connection Recorded","No Recorded Connection","-","REACTIVATION - Dormant Student Win-Back","0"
"4076","61180633","EGSS-alihesham01","ME-EGSS30","MEKSA-EGSS01","围场外","outside pool","0","0","0 Classes (Dormant)","1970-01-01 00:00:00","No Connection Recorded","No Recorded Connection","-","REACTIVATION - Dormant Student Win-Back","0"
"4083","62796432","EGSS-alihesham01","ME-EGSS30","MEKSA-EGSS01","到期","Exp 0-cr","0","0","0 Classes (Dormant)","1970-01-01 00:00:00","No Connection Recorded","No Recorded Connection","-","REACTIVATION - Dormant Student Win-Back","0"
"4095","59911926","EGSS-alihesham01","ME-EGSS30","MEKSA-EGSS01","围场外","outside pool","0","0","0 Classes (Dormant)","1970-01-01 00:00:00","No Connection Recorded","No Recorded Connection","-","REACTIVATION - Dormant Student Win-Back","0"
"4096","62815632","EGSS-alihesham01","ME-EGSS30","MEKSA-EGSS01","到期","Exp Non-0","0","0","0 Classes (Dormant)","1970-01-01 00:00:00","No Connection Recorded","No Recorded Connection","-","REACTIVATION - Dormant Student Win-Back","0"
"4099","61866375","EGSS-alihesham01","ME-EGSS30","MEKSA-EGSS01","到期","Exp Non-0","0","0","0 Classes (Dormant)","1970-01-01 00:00:00","No Connection Recorded","No Recorded Connection","-","REACTIVATION - Dormant Student Win-Back","0"
"4106","62476297","EGSS-alihesham01","ME-EGSS30","MEKSA-EGSS01","到期","Exp 0-cr","0","0","0 Classes (Dormant)","1970-01-01 00:00:00","No Connection Recorded","No Recorded Connection","-","REACTIVATION - Dormant Student Win-Back","0"
"4107","62711973","EGSS-alihesham01","ME-EGSS30","MEKSA-EGSS01","首单到期","FOE 0-cr","0","0","0 Classes (Dormant)","1970-01-01 00:00:00","No Connection Recorded","No Recorded Connection","-","REACTIVATION - Dormant Student Win-Back","0"
"4142","57824085","EGSS-titooooo","ME-EGSS30","MEKSA-EGSS01","首单到期","FOE Non-0","0","0","0 Classes (Dormant)","1970-01-01 00:00:00","No Connection Recorded","No Recorded Connection","-","REACTIVATION - Dormant Student Win-Back","0"
"4159","58877166","EGSS-alihesham01","ME-EGSS30","MEKSA-EGSS01","围场外","outside pool","0","0","0 Classes (Dormant)","1970-01-01 00:00:00","No Connection Recorded","No Recorded Connection","-","REACTIVATION - Dormant Student Win-Back","0"
"4173","63302060","EGSS-alihesham01","ME-EGSS30","MEKSA-EGSS01","到期","Exp Non-0","0","11","0 Classes (Dormant)","1970-01-01 00:00:00","No Connection Recorded","No Recorded Connection","-","REACTIVATION - Dormant Student Win-Back","0"
"4174","58236992","EGSS-titooooo","ME-EGSS30","MEKSA-EGSS01","首单到期","FOE 0-cr","0","0","0 Classes (Dormant)","1970-01-01 00:00:00","No Connection Recorded","No Recorded Connection","-","REACTIVATION - Dormant Student Win-Back","0"
"4188","59266519","EGSS-alihesham01","ME-EGSS30","MEKSA-EGSS01","首单到期","FOE 0-cr","0","0","0 Classes (Dormant)","1970-01-01 00:00:00","No Connection Recorded","No Recorded Connection","-","REACTIVATION - Dormant Student Win-Back","0"
"4190","58695978","EGSS-alihesham01","ME-EGSS30","MEKSA-EGSS01","围场外","outside pool","0","0","0 Classes (Dormant)","1970-01-01 00:00:00","No Connection Recorded","No Recorded Connection","-","REACTIVATION - Dormant Student Win-Back","0"
"4191","58777445","EGSS-alihesham01","ME-EGSS30","MEKSA-EGSS01","围场外","outside pool","0","0","0 Classes (Dormant)","1970-01-01 00:00:00","No Connection Recorded","No Recorded Connection","-","REACTIVATION - Dormant Student Win-Back","0"
"4195","58342981","EGSS-adhmgadallah","ME-EGSS30","MEKSA-EGSS01","围场外","outside pool","0","0","0 Classes (Dormant)","2024-04-28 00:00:00","2024-04-28 00:00:00","Last 1v1 Payment","20240428","REACTIVATION - Dormant Student Win-Back","0"
"4208","58900290","EGSS-alihesham01","ME-EGSS30","MEKSA-EGSS01","到期","Exp Non-0","0","0","0 Classes (Dormant)","2024-11-30 00:00:00","2024-11-30 00:00:00","Last 1v1 Payment","20241130","REACTIVATION - Dormant Student Win-Back","0"
"4215","58712425","EGSS-adhmgadallah","ME-EGSS30","MEKSA-EGSS01","到期","Exp 0-cr","0","0","0 Classes (Dormant)","2024-12-30 00:00:00","2024-12-30 00:00:00","Last 1v1 Payment","20241230","REACTIVATION - Dormant Student Win-Back","0"
"4218","59057056","EGSS-titooooo","ME-EGSS30","MEKSA-EGSS01","到期","Exp Non-0","0","0","0 Classes (Dormant)","2025-02-12 00:00:00","2025-02-12 00:00:00","Last 1v1 Payment","20250212","REACTIVATION - Dormant Student Win-Back","0"
"4233","59333342","EGSS-adhmgadallah","ME-EGSS30","MEKSA-EGSS01","围场外","outside pool","0","7","0 Classes (Dormant)","2025-04-16 00:00:00","2025-04-16 00:00:00","Last 1v1 Payment","20250416","REACTIVATION - Dormant Student Win-Back","0"
"4241","58149274","EGSS-titooooo","ME-EGSS30","MEKSA-EGSS01","围场外","outside pool","0","0","0 Classes (Dormant)","2025-04-29 00:00:00","2025-04-29 00:00:00","Last 1v1 Payment","20250429","REACTIVATION - Dormant Student Win-Back","0"
"4250","60040417","EGSS-alihesham01","ME-EGSS30","MEKSA-EGSS01","到期","Exp 0-cr","0","0","0 Classes (Dormant)","2025-05-27 00:00:00","2025-05-27 00:00:00","Last 1v1 Payment","20250527","REACTIVATION - Dormant Student Win-Back","0"
"4252","60001910","EGSS-alihesham01","ME-EGSS30","MEKSA-EGSS01","到期","Exp 0-cr","0","0","0 Classes (Dormant)","2025-05-28 00:00:00","2025-05-28 00:00:00","Last 1v1 Payment","20250528","REACTIVATION - Dormant Student Win-Back","0"
"4254","59115931","EGSS-adhmgadallah","ME-EGSS30","MEKSA-EGSS01","到期","Exp 0-cr","0","0","0 Classes (Dormant)","2025-06-14 00:00:00","2025-06-14 00:00:00","Last 1v1 Payment","20250614","REACTIVATION - Dormant Student Win-Back","0"
"4255","60152701","EGSS-alihesham01","ME-EGSS30","MEKSA-EGSS01","围场外","outside pool","0","0","0 Classes (Dormant)","2025-06-19 00:00:00","2025-06-19 00:00:00","Last 1v1 Payment","20250619","REACTIVATION - Dormant Student Win-Back","0"
"4274","60460534","EGSS-titooooo","ME-EGSS30","MEKSA-EGSS01","到期","Exp Non-0","0","0","0 Classes (Dormant)","2025-07-28 00:00:00","2025-07-28 00:00:00","Last 1v1 Payment","20250728","REACTIVATION - Dormant Student Win-Back","0"
"4277","60417791","EGSS-adhmgadallah","ME-EGSS30","MEKSA-EGSS01","围场外","outside pool","0","0","0 Classes (Dormant)","2025-07-31 00:00:00","2025-07-31 00:00:00","Last 1v1 Payment","20250731","REACTIVATION - Dormant Student Win-Back","0"
"4284","60438332","EGSS-titooooo","ME-EGSS30","MEKSA-EGSS01","围场外","outside pool","0","0","0 Classes (Dormant)","2025-08-07 00:00:00","2025-08-07 00:00:00","Last 1v1 Payment","20250807","REACTIVATION - Dormant Student Win-Back","0"
"4287","60443694","EGSS-adhmgadallah","ME-EGSS30","MEKSA-EGSS01","围场外","outside pool","0","9","0 Classes (Dormant)","2025-08-10 00:00:00","2025-08-10 00:00:00","Last 1v1 Payment","20250810","REACTIVATION - Dormant Student Win-Back","0"
"4298","59175621","EGSS-titooooo","ME-EGSS30","MEKSA-EGSS01","到期","Exp 0-cr","0","0","0 Classes (Dormant)","2025-08-28 00:00:00","2025-08-28 00:00:00","Last 1v1 Payment","20250828","REACTIVATION - Dormant Student Win-Back","0"
"4323","60810922","EGSS-titooooo","ME-EGSS30","MEKSA-EGSS01","围场外","outside pool","0","0","0 Classes (Dormant)","2025-09-28 00:00:00","2025-09-28 00:00:00","Last 1v1 Payment","20250928","REACTIVATION - Dormant Student Win-Back","0"
"4365","58962064","EGSS-titooooo","ME-EGSS30","MEKSA-EGSS01","到期","Exp 0-cr","0","0","0 Classes (Dormant)","2025-10-27 00:00:00","2025-10-27 00:00:00","Last 1v1 Payment","20251027","REACTIVATION - Dormant Student Win-Back","0"
"4367","58219973","EGSS-titooooo","ME-EGSS30","MEKSA-EGSS01","到期","Exp 0-cr","0","0","0 Classes (Dormant)","2025-10-27 00:00:00","2025-10-27 00:00:00","Last 1v1 Payment","20251027","REACTIVATION - Dormant Student Win-Back","0"
"4380","59949930","EGSS-adhmgadallah","ME-EGSS30","MEKSA-EGSS01","到期","Exp 0-cr","0","0","0 Classes (Dormant)","2025-11-01 00:00:00","2025-11-01 00:00:00","Last 1v1 Payment","20251101","REACTIVATION - Dormant Student Win-Back","0"
"4386","59494738","EGSS-adhmgadallah","ME-EGSS30","MEKSA-EGSS01","到期","Exp Non-0","0","0","0 Classes (Dormant)","2025-11-06 00:00:00","2025-11-06 00:00:00","Last 1v1 Payment","20251106","REACTIVATION - Dormant Student Win-Back","0"
"4398","61210589","EGSS-alihesham01","ME-EGSS30","MEKSA-EGSS01","围场外","outside pool","0","0","0 Classes (Dormant)","2025-11-26 00:00:00","2025-11-26 00:00:00","Last 1v1 Payment","20251126","REACTIVATION - Dormant Student Win-Back","0"
"4400","61580077","EGSS-adhmgadallah","ME-EGSS30","MEKSA-EGSS01","围场外","outside pool","0","8","0 Classes (Dormant)","2025-11-27 00:00:00","2025-11-27 00:00:00","Last 1v1 Payment","20251127","REACTIVATION - Dormant Student Win-Back","0"
"4404","61214727","EGSS-alihesham01","ME-EGSS30","MEKSA-EGSS01","到期","Exp 0-cr","0","0","0 Classes (Dormant)","2025-11-27 00:00:00","2025-11-27 00:00:00","Last 1v1 Payment","20251127","REACTIVATION - Dormant Student Win-Back","0"
"4408","58544283","EGSS-titooooo","ME-EGSS30","MEKSA-EGSS01","到期","Exp 0-cr","0","0","0 Classes (Dormant)","2025-11-27 00:00:00","2025-11-27 00:00:00","Last 1v1 Payment","20251127","REACTIVATION - Dormant Student Win-Back","0"
"4409","61022355","EGSS-adhmgadallah","ME-EGSS30","MEKSA-EGSS01","到期","Exp 0-cr","0","0","0 Classes (Dormant)","2025-11-28 00:00:00","2025-11-28 00:00:00","Last 1v1 Payment","20251128","REACTIVATION - Dormant Student Win-Back","0"
"4411","61038675","EGSS-adhmgadallah","ME-EGSS30","MEKSA-EGSS01","到期","Exp 0-cr","0","0","0 Classes (Dormant)","2025-11-28 00:00:00","2025-11-28 00:00:00","Last 1v1 Payment","20251128","REACTIVATION - Dormant Student Win-Back","0"
"4416","59407943","EGSS-adhmgadallah","ME-EGSS30","MEKSA-EGSS01","到期","Exp Non-0","0","0","0 Classes (Dormant)","2025-11-30 00:00:00","2025-11-30 00:00:00","Last 1v1 Payment","20251130","REACTIVATION - Dormant Student Win-Back","0"
"4417","60406937","EGSS-titooooo","ME-EGSS30","MEKSA-EGSS01","到期","Exp Non-0","0","0","0 Classes (Dormant)","2025-11-30 00:00:00","2025-11-30 00:00:00","Last 1v1 Payment","20251130","REACTIVATION - Dormant Student Win-Back","0"
"4418","60735518","EGSS-adhmgadallah","ME-EGSS30","MEKSA-EGSS01","到期","Exp 0-cr","0","0","0 Classes (Dormant)","2025-11-30 00:00:00","2025-11-30 00:00:00","Last 1v1 Payment","20251130","REACTIVATION - Dormant Student Win-Back","0"
"4419","59461968","EGSS-adhmgadallah","ME-EGSS30","MEKSA-EGSS01","到期","Exp Non-0","0","6","0 Classes (Dormant)","2025-11-30 00:00:00","2025-11-30 00:00:00","Last 1v1 Payment","20251130","REACTIVATION - Dormant Student Win-Back","0"
"4444","58352168","EGSS-adhmgadallah","ME-EGSS30","MEKSA-EGSS01","围场外","outside pool","0","0","0 Classes (Dormant)","2025-12-20 00:00:00","2025-12-20 00:00:00","Last 1v1 Payment","20251220","REACTIVATION - Dormant Student Win-Back","0"
"4457","58561345","EGSS-alihesham01","ME-EGSS30","MEKSA-EGSS01","到期","Exp 0-cr","0","0","0 Classes (Dormant)","2025-12-27 00:00:00","2025-12-27 00:00:00","Last 1v1 Payment","20251227","REACTIVATION - Dormant Student Win-Back","0"
"4473","59046041","EGSS-alihesham01","ME-EGSS30","MEKSA-EGSS01","围场外","outside pool","0","0","0 Classes (Dormant)","2025-12-31 00:00:00","2025-12-31 00:00:00","Last 1v1 Payment","20251231","REACTIVATION - Dormant Student Win-Back","0"
"4474","61186208","EGSS-alihesham01","ME-EGSS30","MEKSA-EGSS01","到期","Exp Non-0","0","11","0 Classes (Dormant)","2026-01-01 00:00:00","2026-01-01 00:00:00","Last 1v1 Payment","20260101","REACTIVATION - Dormant Student Win-Back","0"
"4475","61186304","EGSS-alihesham01","ME-EGSS30","MEKSA-EGSS01","到期","Exp Non-0","0","11","0 Classes (Dormant)","2026-01-01 00:00:00","2026-01-01 00:00:00","Last 1v1 Payment","20260101","REACTIVATION - Dormant Student Win-Back","0"
"4480","59373491","EGSS-alihesham01","ME-EGSS30","MEKSA-EGSS01","围场外","outside pool","0","1","0 Classes (Dormant)","2026-01-11 00:00:00","2026-01-11 00:00:00","Last 1v1 Payment","20260111","REACTIVATION - Dormant Student Win-Back","0"
"4487","59037973","EGSS-adhmgadallah","ME-EGSS30","MEKSA-EGSS01","到期","Exp Non-0","0","0","0 Classes (Dormant)","2026-01-17 00:00:00","2026-01-17 00:00:00","Last 1v1 Payment","20260117","REACTIVATION - Dormant Student Win-Back","0"
"4488","59037002","EGSS-adhmgadallah","ME-EGSS30","MEKSA-EGSS01","到期","Exp 0-cr","0","0","0 Classes (Dormant)","2026-01-17 00:00:00","2026-01-17 00:00:00","Last 1v1 Payment","20260117","REACTIVATION - Dormant Student Win-Back","0"
"4504","60465643","EGSS-adhmgadallah","ME-EGSS30","MEKSA-EGSS01","到期","Exp Non-0","0","0","0 Classes (Dormant)","2026-01-26 00:00:00","2026-01-26 00:00:00","Last 1v1 Payment","20260126","REACTIVATION - Dormant Student Win-Back","0"
"4507","60093722","EGSS-titooooo","ME-EGSS30","MEKSA-EGSS01","到期","Exp Non-0","0","9","0 Classes (Dormant)","2026-01-27 00:00:00","2026-01-27 00:00:00","Last 1v1 Payment","20260127","REACTIVATION - Dormant Student Win-Back","0"
"4517","61810995","EGSS-titooooo","ME-EGSS30","MEKSA-EGSS01","围场外","outside pool","0","9","0 Classes (Dormant)","2026-01-31 00:00:00","2026-01-31 00:00:00","Last 1v1 Payment","20260131","REACTIVATION - Dormant Student Win-Back","0"
"4558","62286866","EGSS-alihesham01","ME-EGSS30","MEKSA-EGSS01","围场外","outside pool","0","8","0 Classes (Dormant)","2026-03-10 00:00:00","2026-03-10 00:00:00","Last 1v1 Payment","20260310","REACTIVATION - Dormant Student Win-Back","0"
"4559","62349391","EGSS-adhmgadallah","ME-EGSS30","MEKSA-EGSS01","围场外","outside pool","0","7","0 Classes (Dormant)","2026-03-12 00:00:00","2026-03-12 00:00:00","Last 1v1 Payment","20260312","REACTIVATION - Dormant Student Win-Back","0"
"4574","58793148","EGSS-titooooo","ME-EGSS30","MEKSA-EGSS01","到期","Exp Non-0","0","0","0 Classes (Dormant)","2026-03-29 00:00:00","2026-03-29 00:00:00","Last 1v1 Payment","20260329","REACTIVATION - Dormant Student Win-Back","0"
"4577","58299156","EGSS-adhmgadallah","ME-EGSS30","MEKSA-EGSS01","到期","Exp Non-0","0","0","0 Classes (Dormant)","2026-03-30 00:00:00","2026-03-30 00:00:00","Last 1v1 Payment","20260330","REACTIVATION - Dormant Student Win-Back","0"
"4589","61389827","EGSS-adhmgadallah","ME-EGSS30","MEKSA-EGSS01","围场外","outside pool","0","8","0 Classes (Dormant)","2026-04-02 00:00:00","2026-04-02 00:00:00","Last 1v1 Payment","20260402","REACTIVATION - Dormant Student Win-Back","0"
"4594","62454870","EGSS-titooooo","ME-EGSS30","MEKSA-EGSS01","围场外","outside pool","0","0","0 Classes (Dormant)","2026-04-09 00:00:00","2026-04-09 00:00:00","Last 1v1 Payment","20260409","REACTIVATION - Dormant Student Win-Back","0"
"4600","62492913","EGSS-adhmgadallah","ME-EGSS30","MEKSA-EGSS01","期间","period","0","0","0 Classes (Dormant)","2026-04-23 00:00:00","2026-04-23 00:00:00","Last 1v1 Payment","20260423","REACTIVATION - Dormant Student Win-Back","0"
"4601","61844352","EGSS-alihesham01","ME-EGSS30","MEKSA-EGSS01","围场外","outside pool","0","14","0 Classes (Dormant)","2026-04-26 00:00:00","2026-04-26 00:00:00","Last 1v1 Payment","20260426","REACTIVATION - Dormant Student Win-Back","0"
"4610","61051357","EGSS-titooooo","ME-EGSS30","MEKSA-EGSS01","围场外","outside pool","0","8","0 Classes (Dormant)","2026-04-30 00:00:00","2026-04-30 00:00:00","Last 1v1 Payment","20260430","REACTIVATION - Dormant Student Win-Back","0"
"4619","60430565","EGSS-titooooo","ME-EGSS30","MEKSA-EGSS01","围场外","outside pool","0","8","0 Classes (Dormant)","2026-05-13 00:00:00","2026-05-13 00:00:00","Last 1v1 Payment","20260513","REACTIVATION - Dormant Student Win-Back","0"
"4623","62233363","EGSS-adhmgadallah","ME-EGSS30","MEKSA-EGSS01","围场外","outside pool","0","0","0 Classes (Dormant)","2026-05-17 00:00:00","2026-05-17 00:00:00","Last 1v1 Payment","20260517","REACTIVATION - Dormant Student Win-Back","0"
"4624","60725122","EGSS-adhmgadallah","ME-EGSS30","MEKSA-EGSS01","围场外","outside pool","0","0","0 Classes (Dormant)","2026-05-17 00:00:00","2026-05-17 00:00:00","Last 1v1 Payment","20260517","REACTIVATION - Dormant Student Win-Back","0"
"4626","61246544","EGSS-titooooo","ME-EGSS30","MEKSA-EGSS01","到期","Exp Non-0","0","13","0 Classes (Dormant)","2026-05-21 00:00:00","2026-05-21 00:00:00","Last 1v1 Payment","20260521","REACTIVATION - Dormant Student Win-Back","0"
"4636","58347793","EGSS-alihesham01","ME-EGSS30","MEKSA-EGSS01","到期","Exp 0-cr","0","0","0 Classes (Dormant)","2026-06-09 00:00:00","2026-06-09 00:00:00","Last 1v1 Payment","20260609","REACTIVATION - Dormant Student Win-Back","0"
"4641","62865328","EGSS-adhmgadallah","ME-EGSS30","MEKSA-EGSS01","围场外","outside pool","0","0","0 Classes (Dormant)","2026-06-24 00:00:00","2026-06-24 00:00:00","Last 1v1 Payment","20260624","REACTIVATION - Dormant Student Win-Back","0"
"4659","59003571","EGSS-adhmgadallah","ME-EGSS30","MEKSA-EGSS01","围场外","outside pool","0","6","0 Classes (Dormant)","2026-07-11 00:00:00","2026-07-11 00:00:00","Last 1v1 Payment","20260711","REACTIVATION - Dormant Student Win-Back","0"
"4660","58564405","EGSS-titooooo","ME-EGSS30","MEKSA-EGSS01","围场外","outside pool","0","0","0 Classes (Dormant)","2026-07-11 00:00:00","2026-07-11 00:00:00","Last 1v1 Payment","20260711","REACTIVATION - Dormant Student Win-Back","0"
"4661","61425823","EGSS-titooooo","ME-EGSS30","MEKSA-EGSS01","围场外","outside pool","0","6","0 Classes (Dormant)","2026-07-11 00:00:00","2026-07-11 00:00:00","Last 1v1 Payment","20260711","REACTIVATION - Dormant Student Win-Back","0"
"4679","59079366","EGSS-titooooo","ME-EGSS30","MEKSA-EGSS01","围场外","outside pool","0","0","0 Classes (Dormant)","2026-07-20 00:00:00","2026-07-20 00:00:00","Last 1v1 Payment","20260720","REACTIVATION - Dormant Student Win-Back","0"
"4684","63672545","EGSS-titooooo","ME-EGSS30","MEKSA-EGSS01","到期","Exp Non-0","0","19","0 Classes (Dormant)","2026-07-22 00:00:00","2026-07-22 00:00:00","CRM System Outreach","-","REACTIVATION - Dormant Student Win-Back","0"
"4689","59671427","EGSS-adhmgadallah","ME-EGSS30","MEKSA-EGSS01","围场外","outside pool","0","0","0 Classes (Dormant)","2026-07-25 00:00:00","2026-07-25 00:00:00","Last 1v1 Payment","20260725","REACTIVATION - Dormant Student Win-Back","0"
"4691","63818374","EGSS-titooooo","ME-EGSS30","MEKSA-EGSS01","围场外","outside pool","0","0","0 Classes (Dormant)","2026-07-27 00:00:00","2026-07-27 00:00:00","CRM System Outreach","-","REACTIVATION - Dormant Student Win-Back","0"
"4707","61283602","EGSS-titooooo","ME-EGSS30","MEKSA-EGSS01","围场外","outside pool","0","0","0 Classes (Dormant)","2026-08-05 00:00:00","2026-08-05 00:00:00","Last 1v1 Payment","20260805","REACTIVATION - Dormant Student Win-Back","0"
"4708","63662189","EGSS-titooooo","ME-EGSS30","MEKSA-EGSS01","到期","Exp 0-cr","0","0","0 Classes (Dormant)","2026-08-05 00:00:00","2026-08-05 00:00:00","CRM System Outreach","-","REACTIVATION - Dormant Student Win-Back","0"
"4709","61293829","EGSS-titooooo","ME-EGSS30","MEKSA-EGSS01","围场外","outside pool","0","3","0 Classes (Dormant)","2026-08-06 00:00:00","2026-08-06 00:00:00","Last 1v1 Payment","20260806","REACTIVATION - Dormant Student Win-Back","0"
"4712","59012196","EGSS-adhmgadallah","ME-EGSS30","MEKSA-EGSS01","围场外","outside pool","0","0","0 Classes (Dormant)","2026-08-07 00:00:00","2026-08-07 00:00:00","Last 1v1 Payment","20260807","REACTIVATION - Dormant Student Win-Back","0"
"4713","62257906","EGSS-adhmgadallah","ME-EGSS30","MEKSA-EGSS01","围场外","outside pool","0","0","0 Classes (Dormant)","2026-08-07 00:00:00","2026-08-07 00:00:00","Last 1v1 Payment","20260807","REACTIVATION - Dormant Student Win-Back","0"
"4716","63541513","EGSS-adhmgadallah","ME-EGSS30","MEKSA-EGSS01","围场外","outside pool","0","0","0 Classes (Dormant)","2026-08-10 00:00:00","2026-08-10 00:00:00","CRM System Outreach","-","REACTIVATION - Dormant Student Win-Back","0"
"4717","62793392","EGSS-adhmgadallah","ME-EGSS30","MEKSA-EGSS01","围场外","outside pool","0","1","0 Classes (Dormant)","2026-08-10 00:00:00","2026-08-10 00:00:00","Last 1v1 Payment","20260810","REACTIVATION - Dormant Student Win-Back","0"
"4718","62522720","EGSS-adhmgadallah","ME-EGSS30","MEKSA-EGSS01","围场外","outside pool","0","0","0 Classes (Dormant)","2026-08-10 00:00:00","2026-08-10 00:00:00","Last 1v1 Payment","20260810","REACTIVATION - Dormant Student Win-Back","0"
"4719","61731632","EGSS-adhmgadallah","ME-EGSS30","MEKSA-EGSS01","围场外","outside pool","0","0","0 Classes (Dormant)","2026-08-10 00:00:00","2026-08-10 00:00:00","Last 1v1 Payment","20260810","REACTIVATION - Dormant Student Win-Back","0"
"4721","62823528","EGSS-alihesham01","ME-EGSS30","MEKSA-EGSS01","围场外","outside pool","0","9","0 Classes (Dormant)","2026-08-11 00:00:00","2026-08-11 00:00:00","Last 1v1 Payment","20260811","REACTIVATION - Dormant Student Win-Back","0"
"4725","61293590","EGSS-titooooo","ME-EGSS30","MEKSA-EGSS01","围场外","outside pool","0","0","0 Classes (Dormant)","2026-08-13 00:00:00","2026-08-13 00:00:00","Last 1v1 Payment","20260813","REACTIVATION - Dormant Student Win-Back","0"
"4735","63831404","EGSS-adhmgadallah","ME-EGSS30","MEKSA-EGSS01","到期","Exp Non-0","0","0","0 Classes (Dormant)","2026-08-18 00:00:00","2026-08-18 00:00:00","CRM System Outreach","-","REACTIVATION - Dormant Student Win-Back","0"
"4743","63724496","EGSS-adhmgadallah","ME-EGSS30","MEKSA-EGSS01","围场外","outside pool","0","6","0 Classes (Dormant)","2026-08-22 00:00:00","2026-08-22 00:00:00","CRM System Outreach","-","REACTIVATION - Dormant Student Win-Back","0"
"4745","63570678","EGSS-adhmgadallah","ME-EGSS30","MEKSA-EGSS01","围场外","outside pool","0","0","0 Classes (Dormant)","2026-08-24 00:00:00","2026-08-24 00:00:00","CRM System Outreach","-","REACTIVATION - Dormant Student Win-Back","0"
"4747","58777035","EGSS-titooooo","ME-EGSS30","MEKSA-EGSS01","围场外","outside pool","0","0","0 Classes (Dormant)","2026-08-24 00:00:00","2026-08-24 00:00:00","CRM System Outreach","-","REACTIVATION - Dormant Student Win-Back","0"
"4750","63771908","EGSS-titooooo","ME-EGSS30","MEKSA-EGSS01","围场外","outside pool","0","0","0 Classes (Dormant)","2026-08-26 00:00:00","2026-08-26 00:00:00","CRM System Outreach","-","REACTIVATION - Dormant Student Win-Back","0"
"4778","64485995","EGSS-titooooo","ME-EGSS30","MEKSA-EGSS01","围场外","outside pool","0","4","0 Classes (Dormant)","2026-09-29 12:50:45","2026-09-29 12:50:45","SOP Completed Touch","-","REACTIVATION - Dormant Student Win-Back","0"
"4816","64151764","EGSS-adhmgadallah","ME-EGSS30","MEKSA-EGSS01","升舱","Upgrade M2","0","11","0 Classes (Dormant)","2026-10-04 12:31:01","2026-10-04 12:31:01","SOP Completed Touch","-","REACTIVATION - Dormant Student Win-Back","0"
"4817","60788450","EGSS-adhmgadallah","ME-EGSS30","MEKSA-EGSS01","到期","Exp Non-0","0","10","0 Classes (Dormant)","2026-10-04 12:31:23","2026-10-04 12:31:23","SOP Completed Touch","-","REACTIVATION - Dormant Student Win-Back","0"
"4819","61088182","EGSS-adhmgadallah","ME-EGSS30","MEKSA-EGSS01","围场外","outside pool","0","6","0 Classes (Dormant)","2026-10-04 12:39:48","2026-10-04 12:39:48","SOP Completed Touch","20260701","REACTIVATION - Dormant Student Win-Back","0"
"4838","59272095","EGSS-alihesham01","ME-EGSS30","MEKSA-EGSS01","围场外","outside pool","0","0","0 Classes (Dormant)","2026-10-05 14:27:34","2026-10-05 14:27:34","SOP Completed Touch","-","REACTIVATION - Dormant Student Win-Back","0"
"4846","58329782","EGSS-titooooo","ME-EGSS30","MEKSA-EGSS01","到期","Exp Non-0","0","8","0 Classes (Dormant)","2026-10-06 10:04:15","2026-10-06 10:04:15","SOP Task Assigned","-","REACTIVATION - Dormant Student Win-Back","0"
"4850","63997479","EGSS-titooooo","ME-EGSS30","MEKSA-EGSS01","围场外","outside pool","0","0","0 Classes (Dormant)","2026-10-06 11:14:55","2026-10-06 11:14:55","SOP Task Assigned","-","REACTIVATION - Dormant Student Win-Back","0"
"4852","58229150","EGSS-adhmgadallah","ME-EGSS30","MEKSA-EGSS01","到期","Exp Non-0","0","0","0 Classes (Dormant)","2026-10-06 12:48:12","2026-10-06 12:48:12","SOP Completed Touch","-","REACTIVATION - Dormant Student Win-Back","0"
"4866","58616692","EGSS-titooooo","ME-EGSS30","MEKSA-EGSS01","围场外","outside pool","0","10","0 Classes (Dormant)","2026-10-06 14:31:23","2026-10-06 14:31:23","SOP Completed Touch","-","REACTIVATION - Dormant Student Win-Back","0"
"4867","59937792","EGSS-titooooo","ME-EGSS30","MEKSA-EGSS01","围场外","outside pool","0","10","0 Classes (Dormant)","2026-10-06 14:31:35","2026-10-06 14:31:35","SOP Completed Touch","-","REACTIVATION - Dormant Student Win-Back","0"
"4868","57632033","EGSS-titooooo","ME-EGSS30","MEKSA-EGSS01","围场外","outside pool","0","10","0 Classes (Dormant)","2026-10-06 14:35:00","2026-10-06 14:35:00","SOP Completed Touch","-","REACTIVATION - Dormant Student Win-Back","0"
"4870","58309264","EGSS-adhmgadallah","ME-EGSS30","MEKSA-EGSS01","到期","Exp Non-0","0","0","0 Classes (Dormant)","2026-10-06 15:02:43","2026-10-06 15:02:43","SOP Completed Touch","-","REACTIVATION - Dormant Student Win-Back","0"
"4885","63627944","EGSS-titooooo","ME-EGSS30","MEKSA-EGSS01","围场外","outside pool","0","8","0 Classes (Dormant)","2026-10-06 18:04:00","2026-10-06 18:04:00","SOP Completed Touch","-","REACTIVATION - Dormant Student Win-Back","0"
"4889","57957399","EGSS-titooooo","ME-EGSS30","MEKSA-EGSS01","到期","Exp Non-0","0","0","0 Classes (Dormant)","2026-10-06 18:58:32","2026-10-06 18:58:32","SOP Completed Touch","20241226","REACTIVATION - Dormant Student Win-Back","0"
"4890","57908874","EGSS-adhmgadallah","ME-EGSS30","MEKSA-EGSS01","期间","period","0","6","0 Classes (Dormant)","2026-10-06 18:58:41","2026-10-06 18:58:41","SOP Completed Touch","-","REACTIVATION - Dormant Student Win-Back","0"
"4912","59740880","EGSS-titooooo","ME-EGSS30","MEKSA-EGSS01","围场外","outside pool","0","9","0 Classes (Dormant)","2026-10-07 10:13:39","2026-10-07 10:13:39","SOP Task Assigned","-","REACTIVATION - Dormant Student Win-Back","0"
"4913","59992642","EGSS-adhmgadallah","ME-EGSS30","MEKSA-EGSS01","围场外","outside pool","0","0","0 Classes (Dormant)","2026-10-07 10:15:16","2026-10-07 10:15:16","SOP Task Assigned","-","REACTIVATION - Dormant Student Win-Back","0"
"4916","60453176","EGSS-titooooo","ME-EGSS30","MEKSA-EGSS01","围场外","outside pool","0","0","0 Classes (Dormant)","2026-10-07 10:17:45","2026-10-07 10:17:45","SOP Task Assigned","-","REACTIVATION - Dormant Student Win-Back","0"
"4924","60791847","EGSS-adhmgadallah","ME-EGSS30","MEKSA-EGSS01","围场外","outside pool","0","0","0 Classes (Dormant)","2026-10-07 10:20:17","2026-10-07 10:20:17","SOP Task Assigned","-","REACTIVATION - Dormant Student Win-Back","0"
"4925","60818846","EGSS-adhmgadallah","ME-EGSS30","MEKSA-EGSS01","围场外","outside pool","0","0","0 Classes (Dormant)","2026-10-07 10:20:37","2026-10-07 10:20:37","SOP Task Assigned","-","REACTIVATION - Dormant Student Win-Back","0"
"4948","62072513","EGSS-adhmgadallah","ME-EGSS30","MEKSA-EGSS01","围场外","outside pool","0","0","0 Classes (Dormant)","2026-10-07 10:31:27","2026-10-07 10:31:27","SOP Task Assigned","-","REACTIVATION - Dormant Student Win-Back","0"
"4949","62216286","EGSS-adhmgadallah","ME-EGSS30","MEKSA-EGSS01","首单到期","FOE Non-0","0","0","0 Classes (Dormant)","2026-10-07 10:32:50","2026-10-07 10:32:50","SOP Task Assigned","-","REACTIVATION - Dormant Student Win-Back","0"
"4950","62248440","EGSS-adhmgadallah","ME-EGSS30","MEKSA-EGSS01","到期","Exp Non-0","0","0","0 Classes (Dormant)","2026-10-07 10:33:14","2026-10-07 10:33:14","SOP Task Assigned","-","REACTIVATION - Dormant Student Win-Back","0"
"4962","58345823","EGSS-titooooo","ME-EGSS30","MEKSA-EGSS01","到期","Exp Non-0","0","0","0 Classes (Dormant)","2026-10-07 10:37:03","2026-10-07 10:37:03","SOP Task Assigned","-","REACTIVATION - Dormant Student Win-Back","0"
"4998","63142941","EGSS-adhmgadallah","ME-EGSS30","MEKSA-EGSS01","围场外","outside pool","0","0","0 Classes (Dormant)","2026-10-07 10:53:01","2026-10-07 10:53:01","SOP Task Assigned","-","REACTIVATION - Dormant Student Win-Back","0"
"4999","63162127","EGSS-adhmgadallah","ME-EGSS30","MEKSA-EGSS01","到期","Exp Non-0","0","6","0 Classes (Dormant)","2026-10-07 10:53:20","2026-10-07 10:53:20","SOP Task Assigned","-","REACTIVATION - Dormant Student Win-Back","0"
"5018","63465449","EGSS-titooooo","ME-EGSS30","MEKSA-EGSS01","围场外","outside pool","0","0","0 Classes (Dormant)","2026-10-07 10:57:30","2026-10-07 10:57:30","SOP Task Assigned","-","REACTIVATION - Dormant Student Win-Back","0"
"5019","63476373","EGSS-adhmgadallah","ME-EGSS30","MEKSA-EGSS01","围场外","outside pool","0","0","0 Classes (Dormant)","2026-10-07 10:57:40","2026-10-07 10:57:40","SOP Task Assigned","-","REACTIVATION - Dormant Student Win-Back","0"
"5037","63693463","EGSS-alihesham01","ME-EGSS30","MEKSA-EGSS01","围场外","outside pool","0","0","0 Classes (Dormant)","2026-10-07 11:01:34","2026-10-07 11:01:34","SOP Task Assigned","-","REACTIVATION - Dormant Student Win-Back","0"
"5059","63309060","EGSS-titooooo","ME-EGSS30","MEKSA-EGSS01","围场外","outside pool","0","8","0 Classes (Dormant)","2026-10-07 11:21:28","2026-10-07 11:21:28","SOP Task Assigned","-","REACTIVATION - Dormant Student Win-Back","0"
"5065","64540691","EGSS-adhmgadallah","ME-EGSS30","MEKSA-EGSS01","围场外","outside pool","0","0","0 Classes (Dormant)","2026-10-07 12:35:44","2026-10-07 12:35:44","SOP Completed Touch","-","REACTIVATION - Dormant Student Win-Back","0"
"5066","64542702","EGSS-alihesham01","ME-EGSS30","MEKSA-EGSS01","围场外","outside pool","0","0","0 Classes (Dormant)","2026-10-07 12:36:03","2026-10-07 12:36:03","SOP Completed Touch","-","REACTIVATION - Dormant Student Win-Back","0"
"5067","58560078","EGSS-titooooo","ME-EGSS30","MEKSA-EGSS01","围场外","outside pool","0","0","0 Classes (Dormant)","2026-10-07 12:51:25","2026-10-07 12:51:25","SOP Completed Touch","-","REACTIVATION - Dormant Student Win-Back","0"
"5076","64550565","EGSS-adhmgadallah","ME-EGSS30","MEKSA-EGSS01","围场外","outside pool","0","0","0 Classes (Dormant)","2026-10-07 13:29:34","2026-10-07 13:29:34","SOP Completed Touch","-","REACTIVATION - Dormant Student Win-Back","0"
"5140","64354458","EGSS-adhmgadallah","ME-EGSS30","MEKSA-EGSS01","围场外","outside pool","0","22","0 Classes (Dormant)","2026-10-07 14:59:16","2026-10-07 14:59:16","SOP Task Assigned","-","REACTIVATION - Dormant Student Win-Back","0"
"5179","58834437","EGSS-adhmgadallah","ME-EGSS30","MEKSA-EGSS01","到期","Exp Non-0","0","7","0 Classes (Dormant)","2026-10-07 16:58:55","2026-10-07 16:58:55","SOP Completed Touch","20260208","REACTIVATION - Dormant Student Win-Back","0"
"5184","64430854","EGSS-titooooo","ME-EGSS30","MEKSA-EGSS01","围场外","outside pool","0","9","0 Classes (Dormant)","2026-10-07 17:04:13","2026-10-07 17:04:13","SOP Task Assigned","-","REACTIVATION - Dormant Student Win-Back","0"
