"PriorityRank","StudentId","Rep","Team","BigTeam","Pool","PoolDetail","AttendedClasses","BookedUnattended","AttendanceTier","LastConnectionTime","ConnectionDisplay","ConnectionSource","LastPaidDate","RecommendedAction","IsCovered"
"1","59924930","EGSS-negma","ME-EGSS01","MEKSA-EGSS01","围场外","outside pool","12","0",">=12 Classes (High)","1970-01-01 00:00:00","No Connection Recorded","No Recorded Connection","-","URGENT VIP - High Consumer Uncontacted","0"
"6","58132400","EGSS-negma","ME-EGSS01","MEKSA-EGSS01","围场外","outside pool","7","10",">=4 Classes (Medium)","2026-05-06 00:00:00","2026-05-06 00:00:00","Last 1v1 Payment","20260506","PRIORITY - Active Student Upgrade Pitch","0"
"7","64238226","EGSS-ashraqatal","ME-EGSS01","MEKSA-EGSS01","围场外","outside pool","6","2",">=4 Classes (Medium)","1970-01-01 00:00:00","No Connection Recorded","No Recorded Connection","-","PRIORITY - Active Student Upgrade Pitch","0"
"9","63390312","EGSS-nohayoussry","ME-EGSS01","MEKSA-EGSS01","围场外","outside pool","6","0",">=4 Classes (Medium)","1970-01-01 00:00:00","No Connection Recorded","CRM System Outreach","-","PRIORITY - Active Student Upgrade Pitch","0"
"13","58573105","EGSS-nohayoussry","ME-EGSS01","MEKSA-EGSS01","围场外","outside pool","6","4",">=4 Classes (Medium)","2025-12-29 00:00:00","2025-12-29 00:00:00","Last 1v1 Payment","20251229","PRIORITY - Active Student Upgrade Pitch","0"
"14","58997018","EGSS-ashraqatal","ME-EGSS01","MEKSA-EGSS01","到期","Exp Non-0","6","14",">=4 Classes (Medium)","2026-01-29 00:00:00","2026-01-29 00:00:00","Last 1v1 Payment","20260129","PRIORITY - Active Student Upgrade Pitch","0"
"15","60866303","EGSS-ashraqatal","ME-EGSS01","MEKSA-EGSS01","到期","Exp Non-0","6","2",">=4 Classes (Medium)","2026-04-07 00:00:00","2026-04-07 00:00:00","Last 1v1 Payment","20260407","PRIORITY - Active Student Upgrade Pitch","0"
"21","63854359","EGSS-juliamonir01","ME-EGSS01","MEKSA-EGSS01","围场外","outside pool","6","17",">=4 Classes (Medium)","2026-08-13 00:00:00","2026-08-13 00:00:00","CRM System Outreach","-","PRIORITY - Active Student Upgrade Pitch","0"
"28","63050311","EGSS-ashraqatal","ME-EGSS01","MEKSA-EGSS01","围场外","outside pool","6","13",">=4 Classes (Medium)","2026-09-30 00:00:00","2026-09-30 00:00:00","Last 1v1 Payment","20260930","PRIORITY - Active Student Upgrade Pitch","0"
"29","63994130","EGSS-mahmoud04","ME-EGSS01","MEKSA-EGSS01","升舱","Upgrade M2","6","12",">=4 Classes (Medium)","2026-10-01 00:00:00","2026-10-01 00:00:00","Last 1v1 Payment","20261001","PRIORITY - Active Student Upgrade Pitch","0"
"30","63994116","EGSS-mahmoud04","ME-EGSS01","MEKSA-EGSS01","升舱","Upgrade M2","6","13",">=4 Classes (Medium)","2026-10-01 00:00:00","2026-10-01 00:00:00","Last 1v1 Payment","20261001","PRIORITY - Active Student Upgrade Pitch","0"
"34","64051178","EGSS-mahmoud04","ME-EGSS01","MEKSA-EGSS01","升舱","Upgrade M2","6","12",">=4 Classes (Medium)","2026-10-03 11:25:11","2026-10-03 11:25:11","SOP Task Assigned","-","PRIORITY - Active Student Upgrade Pitch","0"
"36","64066115","EGSS-negma","ME-EGSS01","MEKSA-EGSS01","升舱","Upgrade M2","6","9",">=4 Classes (Medium)","2026-10-03 12:43:00","2026-10-03 12:43:00","SOP Completed Touch","-","PRIORITY - Active Student Upgrade Pitch","0"
"37","64161887","EGSS-ashraqatal","ME-EGSS01","MEKSA-EGSS01","升舱","Upgrade M2","6","16",">=4 Classes (Medium)","2026-10-03 15:12:55","2026-10-03 15:12:55","SOP Completed Touch","-","PRIORITY - Active Student Upgrade Pitch","0"
"40","63227952","EGSS-juliamonir01","ME-EGSS01","MEKSA-EGSS01","到期","Exp Non-0","6","16",">=4 Classes (Medium)","2026-10-05 11:06:33","2026-10-05 11:06:33","SOP Task Assigned","-","PRIORITY - Active Student Upgrade Pitch","0"
"45","63802309","EGSS-ashraqatal","ME-EGSS01","MEKSA-EGSS01","围场外","outside pool","6","17",">=4 Classes (Medium)","2026-10-07 17:14:10","2026-10-07 17:14:10","SOP Completed Touch","-","PRIORITY - Active Student Upgrade Pitch","0"
"59","63149661","EGSS-juliamonir01","ME-EGSS01","MEKSA-EGSS01","到期","Exp Non-0","5","21",">=4 Classes (Medium)","1970-01-01 00:00:00","No Connection Recorded","No Recorded Connection","-","PRIORITY - Active Student Upgrade Pitch","0"
"61","60613808","EGSS-mahmoud04","ME-EGSS01","MEKSA-EGSS01","围场外","outside pool","5","4",">=4 Classes (Medium)","2025-08-10 00:00:00","2025-08-10 00:00:00","Last 1v1 Payment","20250810","PRIORITY - Active Student Upgrade Pitch","0"
"64","61704928","EGSS-juliamonir01","ME-EGSS01","MEKSA-EGSS01","期间","period","5","11",">=4 Classes (Medium)","2026-01-17 00:00:00","2026-01-17 00:00:00","Last 1v1 Payment","20260117","PRIORITY - Active Student Upgrade Pitch","0"
"65","61795292","EGSS-juliamonir01","ME-EGSS01","MEKSA-EGSS01","围场外","outside pool","5","5",">=4 Classes (Medium)","2026-01-26 00:00:00","2026-01-26 00:00:00","Last 1v1 Payment","20260126","PRIORITY - Active Student Upgrade Pitch","0"
"67","60565984","EGSS-ashraqatal","ME-EGSS01","MEKSA-EGSS01","到期","Exp Non-0","5","2",">=4 Classes (Medium)","2026-04-07 00:00:00","2026-04-07 00:00:00","Last 1v1 Payment","20260407","PRIORITY - Active Student Upgrade Pitch","0"
"69","60751244","EGSS-nohayoussry","ME-EGSS01","MEKSA-EGSS01","围场外","outside pool","5","0",">=4 Classes (Medium)","2026-05-06 00:00:00","2026-05-06 00:00:00","Last 1v1 Payment","20260506","PRIORITY - Active Student Upgrade Pitch","0"
"74","60605944","EGSS-negma","ME-EGSS01","MEKSA-EGSS01","围场外","outside pool","5","12",">=4 Classes (Medium)","2026-06-08 00:00:00","2026-06-08 00:00:00","Last 1v1 Payment","20260608","PRIORITY - Active Student Upgrade Pitch","0"
"79","63064431","EGSS-juliamonir01","ME-EGSS01","MEKSA-EGSS01","围场外","outside pool","5","1",">=4 Classes (Medium)","2026-07-13 00:00:00","2026-07-13 00:00:00","Last 1v1 Payment","20260713","PRIORITY - Active Student Upgrade Pitch","0"
"80","60043292","EGSS-nohayoussry","ME-EGSS01","MEKSA-EGSS01","围场外","outside pool","5","9",">=4 Classes (Medium)","2026-07-29 00:00:00","2026-07-29 00:00:00","CRM System Outreach","-","PRIORITY - Active Student Upgrade Pitch","0"
"92","64121257","EGSS-nohayoussry","ME-EGSS01","MEKSA-EGSS01","升舱","Upgrade M2","5","9",">=4 Classes (Medium)","2026-10-01 16:20:31","2026-10-01 16:20:31","SOP Completed Touch","-","PRIORITY - Active Student Upgrade Pitch","0"
"97","64129119","EGSS-juliamonir01","ME-EGSS01","MEKSA-EGSS01","升舱","Upgrade M2","5","15",">=4 Classes (Medium)","2026-10-04 12:34:51","2026-10-04 12:34:51","SOP Completed Touch","-","PRIORITY - Active Student Upgrade Pitch","0"
"105","64062042","EGSS-negma","ME-EGSS01","MEKSA-EGSS01","升舱","Upgrade M2","5","13",">=4 Classes (Medium)","2026-10-06 12:53:54","2026-10-06 12:53:54","SOP Completed Touch","-","PRIORITY - Active Student Upgrade Pitch","0"
"109","63352417","EGSS-nohayoussry","ME-EGSS01","MEKSA-EGSS01","围场外","outside pool","5","4",">=4 Classes (Medium)","2026-10-06 20:07:18","2026-10-06 20:07:18","SOP Completed Touch","-","PRIORITY - Active Student Upgrade Pitch","0"
"120","62835094","EGSS-nohayoussry","ME-EGSS01","MEKSA-EGSS01","围场外","outside pool","4","9",">=4 Classes (Medium)","1970-01-01 00:00:00","No Connection Recorded","No Recorded Connection","-","PRIORITY - Active Student Upgrade Pitch","0"
"123","60128851","EGSS-juliamonir01","ME-EGSS01","MEKSA-EGSS01","围场外","outside pool","4","5",">=4 Classes (Medium)","1970-01-01 00:00:00","No Connection Recorded","No Recorded Connection","-","PRIORITY - Active Student Upgrade Pitch","0"
"124","64340626","EGSS-nohayoussry","ME-EGSS01","MEKSA-EGSS01","围场外","outside pool","4","10",">=4 Classes (Medium)","1970-01-01 00:00:00","No Connection Recorded","No Recorded Connection","-","PRIORITY - Active Student Upgrade Pitch","0"
"125","63225293","EGSS-mahmoud04","ME-EGSS01","MEKSA-EGSS01","期间","period","4","9",">=4 Classes (Medium)","1970-01-01 00:00:00","No Connection Recorded","No Recorded Connection","-","PRIORITY - Active Student Upgrade Pitch","0"
"127","63265846","EGSS-nohayoussry","ME-EGSS01","MEKSA-EGSS01","到期","Exp Non-0","4","12",">=4 Classes (Medium)","1970-01-01 00:00:00","No Connection Recorded","No Recorded Connection","-","PRIORITY - Active Student Upgrade Pitch","0"
"128","63153039","EGSS-nohayoussry","ME-EGSS01","MEKSA-EGSS01","围场外","outside pool","4","3",">=4 Classes (Medium)","1970-01-01 00:00:00","No Connection Recorded","No Recorded Connection","-","PRIORITY - Active Student Upgrade Pitch","0"
"130","59519888","EGSS-juliamonir01","ME-EGSS01","MEKSA-EGSS01","围场外","outside pool","4","8",">=4 Classes (Medium)","1970-01-01 00:00:00","No Connection Recorded","No Recorded Connection","-","PRIORITY - Active Student Upgrade Pitch","0"
"136","60792692","EGSS-negma","ME-EGSS01","MEKSA-EGSS01","到期","Exp Non-0","4","8",">=4 Classes (Medium)","1970-01-01 00:00:00","No Connection Recorded","No Recorded Connection","-","PRIORITY - Active Student Upgrade Pitch","0"
"138","61813029","EGSS-negma","ME-EGSS01","MEKSA-EGSS01","到期","Exp Non-0","4","11",">=4 Classes (Medium)","1970-01-01 00:00:00","No Connection Recorded","No Recorded Connection","-","PRIORITY - Active Student Upgrade Pitch","0"
"139","62437837","EGSS-negma","ME-EGSS01","MEKSA-EGSS01","期间","period","4","11",">=4 Classes (Medium)","1970-01-01 00:00:00","No Connection Recorded","No Recorded Connection","-","PRIORITY - Active Student Upgrade Pitch","0"
"140","63780989","EGSS-ashraqatal","ME-EGSS01","MEKSA-EGSS01","到期","Exp Non-0","4","11",">=4 Classes (Medium)","1970-01-01 00:00:00","No Connection Recorded","CRM System Outreach","-","PRIORITY - Active Student Upgrade Pitch","0"
"141","64131090","EGSS-negma","ME-EGSS01","MEKSA-EGSS01","围场外","outside pool","4","8",">=4 Classes (Medium)","1970-01-01 00:00:00","No Connection Recorded","No Recorded Connection","-","PRIORITY - Active Student Upgrade Pitch","0"
"144","58499515","EGSS-juliamonir01","ME-EGSS01","MEKSA-EGSS01","围场外","outside pool","4","12",">=4 Classes (Medium)","1970-01-01 00:00:00","No Connection Recorded","No Recorded Connection","-","PRIORITY - Active Student Upgrade Pitch","0"
"149","64398737","EGSS-negma","ME-EGSS01","MEKSA-EGSS01","围场外","outside pool","4","12",">=4 Classes (Medium)","1970-01-01 00:00:00","No Connection Recorded","No Recorded Connection","-","PRIORITY - Active Student Upgrade Pitch","0"
"150","64327346","EGSS-ashraqatal","ME-EGSS01","MEKSA-EGSS01","围场外","outside pool","4","9",">=4 Classes (Medium)","1970-01-01 00:00:00","No Connection Recorded","No Recorded Connection","-","PRIORITY - Active Student Upgrade Pitch","0"
"151","58366722","EGSS-nohayoussry","ME-EGSS01","MEKSA-EGSS01","到期","Exp Non-0","4","11",">=4 Classes (Medium)","1970-01-01 00:00:00","No Connection Recorded","No Recorded Connection","-","PRIORITY - Active Student Upgrade Pitch","0"
"153","63441704","EGSS-juliamonir01","ME-EGSS01","MEKSA-EGSS01","围场外","outside pool","4","8",">=4 Classes (Medium)","1970-01-01 00:00:00","No Connection Recorded","No Recorded Connection","-","PRIORITY - Active Student Upgrade Pitch","0"
"161","60634799","EGSS-mahmoud04","ME-EGSS01","MEKSA-EGSS01","到期","Exp Non-0","4","11",">=4 Classes (Medium)","1970-01-01 00:00:00","No Connection Recorded","No Recorded Connection","-","PRIORITY - Active Student Upgrade Pitch","0"
"168","60530429","EGSS-mahmoud04","ME-EGSS01","MEKSA-EGSS01","围场外","outside pool","4","9",">=4 Classes (Medium)","1970-01-01 00:00:00","No Connection Recorded","No Recorded Connection","-","PRIORITY - Active Student Upgrade Pitch","0"
"176","61824757","EGSS-mahmoud04","ME-EGSS01","MEKSA-EGSS01","到期","Exp Non-0","4","16",">=4 Classes (Medium)","1970-01-01 00:00:00","No Connection Recorded","No Recorded Connection","-","PRIORITY - Active Student Upgrade Pitch","0"
"181","61666370","EGSS-juliamonir01","ME-EGSS01","MEKSA-EGSS01","到期","Exp Non-0","4","8",">=4 Classes (Medium)","1970-01-01 00:00:00","No Connection Recorded","No Recorded Connection","-","PRIORITY - Active Student Upgrade Pitch","0"
"183","62861982","EGSS-juliamonir01","ME-EGSS01","MEKSA-EGSS01","围场外","outside pool","4","8",">=4 Classes (Medium)","1970-01-01 00:00:00","No Connection Recorded","No Recorded Connection","-","PRIORITY - Active Student Upgrade Pitch","0"
"185","62880771","EGSS-juliamonir01","ME-EGSS01","MEKSA-EGSS01","到期","Exp Non-0","4","11",">=4 Classes (Medium)","1970-01-01 00:00:00","No Connection Recorded","No Recorded Connection","-","PRIORITY - Active Student Upgrade Pitch","0"
"188","62149347","EGSS-juliamonir01","ME-EGSS01","MEKSA-EGSS01","围场外","outside pool","4","2",">=4 Classes (Medium)","1970-01-01 00:00:00","No Connection Recorded","No Recorded Connection","-","PRIORITY - Active Student Upgrade Pitch","0"
"191","62802521","EGSS-juliamonir01","ME-EGSS01","MEKSA-EGSS01","到期","Exp Non-0","4","7",">=4 Classes (Medium)","1970-01-01 00:00:00","No Connection Recorded","No Recorded Connection","-","PRIORITY - Active Student Upgrade Pitch","0"
"192","62330126","EGSS-juliamonir01","ME-EGSS01","MEKSA-EGSS01","到期","Exp Non-0","4","8",">=4 Classes (Medium)","1970-01-01 00:00:00","No Connection Recorded","No Recorded Connection","-","PRIORITY - Active Student Upgrade Pitch","0"
"198","63055479","EGSS-ashraqatal","ME-EGSS01","MEKSA-EGSS01","到期","Exp Non-0","4","0",">=4 Classes (Medium)","1970-01-01 00:00:00","No Connection Recorded","No Recorded Connection","-","PRIORITY - Active Student Upgrade Pitch","0"
"203","61598062","EGSS-ashraqatal","ME-EGSS01","MEKSA-EGSS01","围场外","outside pool","4","12",">=4 Classes (Medium)","1970-01-01 00:00:00","No Connection Recorded","No Recorded Connection","-","PRIORITY - Active Student Upgrade Pitch","0"
"206","58807079","EGSS-ashraqatal","ME-EGSS01","MEKSA-EGSS01","围场外","outside pool","4","5",">=4 Classes (Medium)","1970-01-01 00:00:00","No Connection Recorded","No Recorded Connection","-","PRIORITY - Active Student Upgrade Pitch","0"
"210","63265519","EGSS-ashraqatal","ME-EGSS01","MEKSA-EGSS01","期间","period","4","0",">=4 Classes (Medium)","1970-01-01 00:00:00","No Connection Recorded","No Recorded Connection","-","PRIORITY - Active Student Upgrade Pitch","0"
"218","58969077","EGSS-negma","ME-EGSS01","MEKSA-EGSS01","到期","Exp Non-0","4","8",">=4 Classes (Medium)","2025-05-28 00:00:00","2025-05-28 00:00:00","Last 1v1 Payment","20250528","PRIORITY - Active Student Upgrade Pitch","0"
"220","58969078","EGSS-juliamonir01","ME-EGSS01","MEKSA-EGSS01","围场外","outside pool","4","0",">=4 Classes (Medium)","2025-06-17 00:00:00","2025-06-17 00:00:00","Last 1v1 Payment","20250617","PRIORITY - Active Student Upgrade Pitch","0"
"229","60726322","EGSS-nohayoussry","ME-EGSS01","MEKSA-EGSS01","期间","period","4","11",">=4 Classes (Medium)","2025-10-06 00:00:00","2025-10-06 00:00:00","Last 1v1 Payment","20251006","PRIORITY - Active Student Upgrade Pitch","0"
"233","61189488","EGSS-ashraqatal","ME-EGSS01","MEKSA-EGSS01","围场外","outside pool","4","8",">=4 Classes (Medium)","2025-11-23 00:00:00","2025-11-23 00:00:00","Last 1v1 Payment","20251123","PRIORITY - Active Student Upgrade Pitch","0"
"236","60196201","EGSS-negma","ME-EGSS01","MEKSA-EGSS01","围场外","outside pool","4","11",">=4 Classes (Medium)","2025-12-06 00:00:00","2025-12-06 00:00:00","Last 1v1 Payment","20251206","PRIORITY - Active Student Upgrade Pitch","0"
"238","61346064","EGSS-mahmoud04","ME-EGSS01","MEKSA-EGSS01","到期","Exp Non-0","4","11",">=4 Classes (Medium)","2025-12-28 00:00:00","2025-12-28 00:00:00","Last 1v1 Payment","20251228","PRIORITY - Active Student Upgrade Pitch","0"
"239","60251281","EGSS-juliamonir01","ME-EGSS01","MEKSA-EGSS01","围场外","outside pool","4","9",">=4 Classes (Medium)","2025-12-30 00:00:00","2025-12-30 00:00:00","Last 1v1 Payment","20251230","PRIORITY - Active Student Upgrade Pitch","0"
"240","60164906","EGSS-mahmoud04","ME-EGSS01","MEKSA-EGSS01","围场外","outside pool","4","12",">=4 Classes (Medium)","2026-01-05 00:00:00","2026-01-05 00:00:00","Last 1v1 Payment","20260105","PRIORITY - Active Student Upgrade Pitch","0"
"241","60366968","EGSS-negma","ME-EGSS01","MEKSA-EGSS01","期间","period","4","5",">=4 Classes (Medium)","2026-01-06 00:00:00","2026-01-06 00:00:00","Last 1v1 Payment","20260106","PRIORITY - Active Student Upgrade Pitch","0"
"243","59962733","EGSS-negma","ME-EGSS01","MEKSA-EGSS01","到期","Exp Non-0","4","11",">=4 Classes (Medium)","2026-01-11 00:00:00","2026-01-11 00:00:00","Last 1v1 Payment","20260111","PRIORITY - Active Student Upgrade Pitch","0"
"251","61800964","EGSS-nohayoussry","ME-EGSS01","MEKSA-EGSS01","围场外","outside pool","4","11",">=4 Classes (Medium)","2026-01-29 00:00:00","2026-01-29 00:00:00","Last 1v1 Payment","20260129","PRIORITY - Active Student Upgrade Pitch","0"
"255","60485199","EGSS-nohayoussry","ME-EGSS01","MEKSA-EGSS01","围场外","outside pool","4","11",">=4 Classes (Medium)","2026-02-05 00:00:00","2026-02-05 00:00:00","Last 1v1 Payment","20260205","PRIORITY - Active Student Upgrade Pitch","0"
"257","59891063","EGSS-negma","ME-EGSS01","MEKSA-EGSS01","围场外","outside pool","4","12",">=4 Classes (Medium)","2026-02-10 00:00:00","2026-02-10 00:00:00","Last 1v1 Payment","20260210","PRIORITY - Active Student Upgrade Pitch","0"
"261","59912341","EGSS-negma","ME-EGSS01","MEKSA-EGSS01","期间","period","4","9",">=4 Classes (Medium)","2026-02-17 00:00:00","2026-02-17 00:00:00","Last 1v1 Payment","20260217","PRIORITY - Active Student Upgrade Pitch","0"
"276","60201924","EGSS-mahmoud04","ME-EGSS01","MEKSA-EGSS01","围场外","outside pool","4","11",">=4 Classes (Medium)","2026-04-07 00:00:00","2026-04-07 00:00:00","Last 1v1 Payment","20260407","PRIORITY - Active Student Upgrade Pitch","0"
"278","61421140","EGSS-ashraqatal","ME-EGSS01","MEKSA-EGSS01","到期","Exp Non-0","4","11",">=4 Classes (Medium)","2026-04-16 00:00:00","2026-04-16 00:00:00","Last 1v1 Payment","20260416","PRIORITY - Active Student Upgrade Pitch","0"
"280","59950176","EGSS-mahmoud04","ME-EGSS01","MEKSA-EGSS01","围场外","outside pool","4","11",">=4 Classes (Medium)","2026-04-19 00:00:00","2026-04-19 00:00:00","Last 1v1 Payment","20260419","PRIORITY - Active Student Upgrade Pitch","0"
"281","58850803","EGSS-negma","ME-EGSS01","MEKSA-EGSS01","到期","Exp Non-0","4","11",">=4 Classes (Medium)","2026-04-27 00:00:00","2026-04-27 00:00:00","Last 1v1 Payment","20260427","PRIORITY - Active Student Upgrade Pitch","0"
"283","61582328","EGSS-mahmoud04","ME-EGSS01","MEKSA-EGSS01","围场外","outside pool","4","11",">=4 Classes (Medium)","2026-04-30 00:00:00","2026-04-30 00:00:00","Last 1v1 Payment","20260430","PRIORITY - Active Student Upgrade Pitch","0"
"284","59941638","EGSS-negma","ME-EGSS01","MEKSA-EGSS01","围场外","outside pool","4","10",">=4 Classes (Medium)","2026-05-03 00:00:00","2026-05-03 00:00:00","Last 1v1 Payment","20260503","PRIORITY - Active Student Upgrade Pitch","0"
"291","62533369","EGSS-ashraqatal","ME-EGSS01","MEKSA-EGSS01","围场外","outside pool","4","14",">=4 Classes (Medium)","2026-05-24 00:00:00","2026-05-24 00:00:00","Last 1v1 Payment","20260524","PRIORITY - Active Student Upgrade Pitch","0"
"294","62609412","EGSS-mahmoud04","ME-EGSS01","MEKSA-EGSS01","围场外","outside pool","4","11",">=4 Classes (Medium)","2026-05-25 00:00:00","2026-05-25 00:00:00","Last 1v1 Payment","20260525","PRIORITY - Active Student Upgrade Pitch","0"
"303","58800297","EGSS-mahmoud04","ME-EGSS01","MEKSA-EGSS01","围场外","outside pool","4","11",">=4 Classes (Medium)","2026-06-13 00:00:00","2026-06-13 00:00:00","Last 1v1 Payment","20260613","PRIORITY - Active Student Upgrade Pitch","0"
"304","59766813","EGSS-negma","ME-EGSS01","MEKSA-EGSS01","围场外","outside pool","4","13",">=4 Classes (Medium)","2026-06-24 00:00:00","2026-06-24 00:00:00","Last 1v1 Payment","20260624","PRIORITY - Active Student Upgrade Pitch","0"
"305","61077929","EGSS-ashraqatal","ME-EGSS01","MEKSA-EGSS01","期间","period","4","11",">=4 Classes (Medium)","2026-06-24 00:00:00","2026-06-24 00:00:00","Last 1v1 Payment","20260624","PRIORITY - Active Student Upgrade Pitch","0"
"311","62857609","EGSS-nohayoussry","ME-EGSS01","MEKSA-EGSS01","围场外","outside pool","4","12",">=4 Classes (Medium)","2026-06-28 00:00:00","2026-06-28 00:00:00","Last 1v1 Payment","20260628","PRIORITY - Active Student Upgrade Pitch","0"
"313","58964272","EGSS-juliamonir01","ME-EGSS01","MEKSA-EGSS01","围场外","outside pool","4","6",">=4 Classes (Medium)","2026-06-29 00:00:00","2026-06-29 00:00:00","Last 1v1 Payment","20260629","PRIORITY - Active Student Upgrade Pitch","0"
"314","63112523","EGSS-mahmoud04","ME-EGSS01","MEKSA-EGSS01","围场外","outside pool","4","14",">=4 Classes (Medium)","2026-07-01 00:00:00","2026-07-01 00:00:00","Last 1v1 Payment","20260701","PRIORITY - Active Student Upgrade Pitch","0"
"319","62960003","EGSS-negma","ME-EGSS01","MEKSA-EGSS01","到期","Exp Non-0","4","11",">=4 Classes (Medium)","2026-07-09 00:00:00","2026-07-09 00:00:00","CRM System Outreach","-","PRIORITY - Active Student Upgrade Pitch","0"
"320","63639049","EGSS-mahmoud04","ME-EGSS01","MEKSA-EGSS01","围场外","outside pool","4","8",">=4 Classes (Medium)","2026-07-12 00:00:00","2026-07-12 00:00:00","CRM System Outreach","-","PRIORITY - Active Student Upgrade Pitch","0"
"328","63581283","EGSS-ashraqatal","ME-EGSS01","MEKSA-EGSS01","围场外","outside pool","4","12",">=4 Classes (Medium)","2026-07-28 00:00:00","2026-07-28 00:00:00","CRM System Outreach","-","PRIORITY - Active Student Upgrade Pitch","0"
"335","63877816","EGSS-ashraqatal","ME-EGSS01","MEKSA-EGSS01","围场外","outside pool","4","6",">=4 Classes (Medium)","2026-08-01 00:00:00","2026-08-01 00:00:00","CRM System Outreach","-","PRIORITY - Active Student Upgrade Pitch","0"
"336","63619122","EGSS-negma","ME-EGSS01","MEKSA-EGSS01","到期","Exp Non-0","4","11",">=4 Classes (Medium)","2026-08-01 00:00:00","2026-08-01 00:00:00","CRM System Outreach","-","PRIORITY - Active Student Upgrade Pitch","0"
"343","63888117","EGSS-negma","ME-EGSS01","MEKSA-EGSS01","到期","Exp Non-0","4","11",">=4 Classes (Medium)","2026-08-06 00:00:00","2026-08-06 00:00:00","CRM System Outreach","-","PRIORITY - Active Student Upgrade Pitch","0"
"344","63775081","EGSS-nohayoussry","ME-EGSS01","MEKSA-EGSS01","围场外","outside pool","4","12",">=4 Classes (Medium)","2026-08-08 00:00:00","2026-08-08 00:00:00","CRM System Outreach","-","PRIORITY - Active Student Upgrade Pitch","0"
"350","61581130","EGSS-negma","ME-EGSS01","MEKSA-EGSS01","到期","Exp Non-0","4","11",">=4 Classes (Medium)","2026-08-13 00:00:00","2026-08-13 00:00:00","CRM System Outreach","-","PRIORITY - Active Student Upgrade Pitch","0"
"359","63886874","EGSS-negma","ME-EGSS01","MEKSA-EGSS01","到期","Exp Non-0","4","13",">=4 Classes (Medium)","2026-08-24 00:00:00","2026-08-24 00:00:00","CRM System Outreach","-","PRIORITY - Active Student Upgrade Pitch","0"
"361","62954769","EGSS-nohayoussry","ME-EGSS01","MEKSA-EGSS01","围场外","outside pool","4","12",">=4 Classes (Medium)","2026-08-26 00:00:00","2026-08-26 00:00:00","Last 1v1 Payment","20260826","PRIORITY - Active Student Upgrade Pitch","0"
"363","62653310","EGSS-mahmoud04","ME-EGSS01","MEKSA-EGSS01","围场外","outside pool","4","11",">=4 Classes (Medium)","2026-08-27 00:00:00","2026-08-27 00:00:00","Last 1v1 Payment","20260827","PRIORITY - Active Student Upgrade Pitch","0"
"368","58348861","EGSS-negma","ME-EGSS01","MEKSA-EGSS01","围场外","outside pool","4","8",">=4 Classes (Medium)","2026-08-28 00:00:00","2026-08-28 00:00:00","Last 1v1 Payment","20260828","PRIORITY - Active Student Upgrade Pitch","0"
"377","59256846","EGSS-juliamonir01","ME-EGSS01","MEKSA-EGSS01","围场外","outside pool","4","14",">=4 Classes (Medium)","2026-09-21 00:00:00","2026-09-21 00:00:00","Last 1v1 Payment","20260921","PRIORITY - Active Student Upgrade Pitch","0"
"382","59792544","EGSS-negma","ME-EGSS01","MEKSA-EGSS01","围场外","outside pool","4","16",">=4 Classes (Medium)","2026-09-27 00:00:00","2026-09-27 00:00:00","Last 1v1 Payment","20260927","PRIORITY - Active Student Upgrade Pitch","0"
"384","61305208","EGSS-juliamonir01","ME-EGSS01","MEKSA-EGSS01","围场外","outside pool","4","7",">=4 Classes (Medium)","2026-09-29 00:00:00","2026-09-29 00:00:00","Last 1v1 Payment","20260929","PRIORITY - Active Student Upgrade Pitch","0"
"385","63646074","EGSS-mahmoud04","ME-EGSS01","MEKSA-EGSS01","围场外","outside pool","4","12",">=4 Classes (Medium)","2026-09-29 14:32:44","2026-09-29 14:32:44","SOP Completed Touch","-","PRIORITY - Active Student Upgrade Pitch","0"
"396","61480632","EGSS-negma","ME-EGSS01","MEKSA-EGSS01","围场外","outside pool","4","7",">=4 Classes (Medium)","2026-10-01 15:20:14","2026-10-01 15:20:14","SOP Completed Touch","-","PRIORITY - Active Student Upgrade Pitch","0"
"397","59905413","EGSS-negma","ME-EGSS01","MEKSA-EGSS01","围场外","outside pool","4","18",">=4 Classes (Medium)","2026-10-01 15:26:50","2026-10-01 15:26:50","SOP Completed Touch","20251220","PRIORITY - Active Student Upgrade Pitch","0"
"401","59432593","EGSS-mahmoud04","ME-EGSS01","MEKSA-EGSS01","升舱","Upgrade M2","4","12",">=4 Classes (Medium)","2026-10-03 11:08:52","2026-10-03 11:08:52","SOP Task Assigned","-","PRIORITY - Active Student Upgrade Pitch","0"
"412","63989520","EGSS-ashraqatal","ME-EGSS01","MEKSA-EGSS01","升舱","Upgrade M2","4","12",">=4 Classes (Medium)","2026-10-03 11:22:23","2026-10-03 11:22:23","SOP Task Assigned","-","PRIORITY - Active Student Upgrade Pitch","0"
"413","64051636","EGSS-nohayoussry","ME-EGSS01","MEKSA-EGSS01","升舱","Upgrade M2","4","9",">=4 Classes (Medium)","2026-10-03 11:25:12","2026-10-03 11:25:12","SOP Task Assigned","-","PRIORITY - Active Student Upgrade Pitch","0"
"416","64113072","EGSS-ashraqatal","ME-EGSS01","MEKSA-EGSS01","升舱","Upgrade M2","4","0",">=4 Classes (Medium)","2026-10-03 11:28:27","2026-10-03 11:28:27","SOP Task Assigned","-","PRIORITY - Active Student Upgrade Pitch","0"
"418","64149213","EGSS-mahmoud04","ME-EGSS01","MEKSA-EGSS01","升舱","Upgrade M2","4","10",">=4 Classes (Medium)","2026-10-03 11:30:57","2026-10-03 11:30:57","SOP Task Assigned","-","PRIORITY - Active Student Upgrade Pitch","0"
"423","63871594","EGSS-negma","ME-EGSS01","MEKSA-EGSS01","围场外","outside pool","4","11",">=4 Classes (Medium)","2026-10-03 12:43:16","2026-10-03 12:43:16","SOP Completed Touch","-","PRIORITY - Active Student Upgrade Pitch","0"
"424","63617245","EGSS-negma","ME-EGSS01","MEKSA-EGSS01","围场外","outside pool","4","13",">=4 Classes (Medium)","2026-10-03 12:44:17","2026-10-03 12:44:17","SOP Completed Touch","-","PRIORITY - Active Student Upgrade Pitch","0"
"428","63527736","EGSS-juliamonir01","ME-EGSS01","MEKSA-EGSS01","围场外","outside pool","4","0",">=4 Classes (Medium)","2026-10-03 14:18:02","2026-10-03 14:18:02","SOP Completed Touch","-","PRIORITY - Active Student Upgrade Pitch","0"
"430","64169094","EGSS-ashraqatal","ME-EGSS01","MEKSA-EGSS01","升舱","Upgrade M2","4","14",">=4 Classes (Medium)","2026-10-03 14:50:33","2026-10-03 14:50:33","SOP Completed Touch","-","PRIORITY - Active Student Upgrade Pitch","0"
"444","62988534","EGSS-mahmoud04","ME-EGSS01","MEKSA-EGSS01","期间","period","4","8",">=4 Classes (Medium)","2026-10-05 11:05:44","2026-10-05 11:05:44","SOP Task Assigned","-","PRIORITY - Active Student Upgrade Pitch","0"
"446","60737266","EGSS-negma","ME-EGSS01","MEKSA-EGSS01","围场外","outside pool","4","9",">=4 Classes (Medium)","2026-10-05 12:06:30","2026-10-05 12:06:30","SOP Completed Touch","-","PRIORITY - Active Student Upgrade Pitch","0"
"449","64398958","EGSS-ashraqatal","ME-EGSS01","MEKSA-EGSS01","围场外","outside pool","4","1",">=4 Classes (Medium)","2026-10-05 15:40:09","2026-10-05 15:40:09","SOP Completed Touch","-","PRIORITY - Active Student Upgrade Pitch","0"
"450","63206555","EGSS-ashraqatal","ME-EGSS01","MEKSA-EGSS01","围场外","outside pool","4","12",">=4 Classes (Medium)","2026-10-05 15:40:41","2026-10-05 15:40:41","SOP Completed Touch","-","PRIORITY - Active Student Upgrade Pitch","0"
"455","63071903","EGSS-juliamonir01","ME-EGSS01","MEKSA-EGSS01","期间","period","4","8",">=4 Classes (Medium)","2026-10-06 11:06:44","2026-10-06 11:06:44","SOP Task Assigned","-","PRIORITY - Active Student Upgrade Pitch","0"
"461","60401820","EGSS-negma","ME-EGSS01","MEKSA-EGSS01","围场外","outside pool","4","11",">=4 Classes (Medium)","2026-10-06 12:53:22","2026-10-06 12:53:22","SOP Completed Touch","-","PRIORITY - Active Student Upgrade Pitch","0"
"462","63618863","EGSS-negma","ME-EGSS01","MEKSA-EGSS01","到期","Exp Non-0","4","11",">=4 Classes (Medium)","2026-10-06 12:53:35","2026-10-06 12:53:35","SOP Completed Touch","-","PRIORITY - Active Student Upgrade Pitch","0"
"475","63145669","EGSS-nohayoussry","ME-EGSS01","MEKSA-EGSS01","围场外","outside pool","4","1",">=4 Classes (Medium)","2026-10-06 20:07:36","2026-10-06 20:07:36","SOP Completed Touch","-","PRIORITY - Active Student Upgrade Pitch","0"
"476","63895203","EGSS-nohayoussry","ME-EGSS01","MEKSA-EGSS01","围场外","outside pool","4","14",">=4 Classes (Medium)","2026-10-06 20:08:03","2026-10-06 20:08:03","SOP Completed Touch","-","PRIORITY - Active Student Upgrade Pitch","0"
"477","64105028","EGSS-negma","ME-EGSS01","MEKSA-EGSS01","升舱","Upgrade M2","4","21",">=4 Classes (Medium)","2026-10-06 21:06:39","2026-10-06 21:06:39","SOP Completed Touch","-","PRIORITY - Active Student Upgrade Pitch","0"
"478","63997719","EGSS-negma","ME-EGSS01","MEKSA-EGSS01","升舱","Upgrade M2","4","11",">=4 Classes (Medium)","2026-10-06 22:03:35","2026-10-06 22:03:35","SOP Completed Touch","-","PRIORITY - Active Student Upgrade Pitch","0"
"483","63101471","EGSS-negma","ME-EGSS01","MEKSA-EGSS01","围场外","outside pool","4","8",">=4 Classes (Medium)","2026-10-07 12:58:18","2026-10-07 12:58:18","SOP Completed Touch","-","PRIORITY - Active Student Upgrade Pitch","0"
"491","59899606","EGSS-negma","ME-EGSS01","MEKSA-EGSS01","围场外","outside pool","4","26",">=4 Classes (Medium)","2026-10-07 13:46:41","2026-10-07 13:46:41","SOP Completed Touch","20260517","PRIORITY - Active Student Upgrade Pitch","0"
"496","63256521","EGSS-mahmoud04","ME-EGSS01","MEKSA-EGSS01","到期","Exp Non-0","4","9",">=4 Classes (Medium)","2026-10-07 16:11:53","2026-10-07 16:11:53","SOP Completed Touch","-","PRIORITY - Active Student Upgrade Pitch","0"
"497","63744048","EGSS-mahmoud04","ME-EGSS01","MEKSA-EGSS01","围场外","outside pool","4","7",">=4 Classes (Medium)","2026-10-07 16:12:08","2026-10-07 16:12:08","SOP Completed Touch","-","PRIORITY - Active Student Upgrade Pitch","0"
"499","64248432","EGSS-negma","ME-EGSS01","MEKSA-EGSS01","围场外","outside pool","4","8",">=4 Classes (Medium)","2026-10-07 16:52:16","2026-10-07 16:52:16","SOP Completed Touch","-","PRIORITY - Active Student Upgrade Pitch","0"
"500","63722499","EGSS-ashraqatal","ME-EGSS01","MEKSA-EGSS01","到期","Exp Non-0","4","11",">=4 Classes (Medium)","2026-10-07 17:05:18","2026-10-07 17:05:18","SOP Completed Touch","-","PRIORITY - Active Student Upgrade Pitch","0"
"501","61871578","EGSS-ashraqatal","ME-EGSS01","MEKSA-EGSS01","围场外","outside pool","4","11",">=4 Classes (Medium)","2026-10-07 17:06:05","2026-10-07 17:06:05","SOP Completed Touch","-","PRIORITY - Active Student Upgrade Pitch","0"
"502","63829125","EGSS-ashraqatal","ME-EGSS01","MEKSA-EGSS01","围场外","outside pool","4","11",">=4 Classes (Medium)","2026-10-07 17:13:32","2026-10-07 17:13:32","SOP Completed Touch","-","PRIORITY - Active Student Upgrade Pitch","0"
"513","62851062","EGSS-mahmoud04","ME-EGSS01","MEKSA-EGSS01","到期","Exp Non-0","3","9","1-3 Classes (Low)","1970-01-01 00:00:00","No Connection Recorded","No Recorded Connection","-","STANDARD - Re-engagement & Habit Building","0"
"515","62843453","EGSS-mahmoud04","ME-EGSS01","MEKSA-EGSS01","到期","Exp Non-0","3","9","1-3 Classes (Low)","1970-01-01 00:00:00","No Connection Recorded","No Recorded Connection","-","STANDARD - Re-engagement & Habit Building","0"
"516","62850957","EGSS-mahmoud04","ME-EGSS01","MEKSA-EGSS01","到期","Exp Non-0","3","9","1-3 Classes (Low)","1970-01-01 00:00:00","No Connection Recorded","No Recorded Connection","-","STANDARD - Re-engagement & Habit Building","0"
"517","61021640","EGSS-juliamonir01","ME-EGSS01","MEKSA-EGSS01","到期","Exp Non-0","3","7","1-3 Classes (Low)","1970-01-01 00:00:00","No Connection Recorded","No Recorded Connection","-","STANDARD - Re-engagement & Habit Building","0"
"519","64276121","EGSS-negma","ME-EGSS01","MEKSA-EGSS01","围场外","outside pool","3","8","1-3 Classes (Low)","1970-01-01 00:00:00","No Connection Recorded","No Recorded Connection","-","STANDARD - Re-engagement & Habit Building","0"
"521","60791600","EGSS-juliamonir01","ME-EGSS01","MEKSA-EGSS01","围场外","outside pool","3","8","1-3 Classes (Low)","1970-01-01 00:00:00","No Connection Recorded","No Recorded Connection","-","STANDARD - Re-engagement & Habit Building","0"
"526","63143117","EGSS-ashraqatal","ME-EGSS01","MEKSA-EGSS01","期间","period","3","9","1-3 Classes (Low)","1970-01-01 00:00:00","No Connection Recorded","No Recorded Connection","-","STANDARD - Re-engagement & Habit Building","0"
"527","63207813","EGSS-mahmoud04","ME-EGSS01","MEKSA-EGSS01","期间","period","3","13","1-3 Classes (Low)","1970-01-01 00:00:00","No Connection Recorded","No Recorded Connection","-","STANDARD - Re-engagement & Habit Building","0"
"530","63228345","EGSS-mahmoud04","ME-EGSS01","MEKSA-EGSS01","到期","Exp Non-0","3","9","1-3 Classes (Low)","1970-01-01 00:00:00","No Connection Recorded","No Recorded Connection","-","STANDARD - Re-engagement & Habit Building","0"
"538","63087938","EGSS-ashraqatal","ME-EGSS01","MEKSA-EGSS01","期间","period","3","3","1-3 Classes (Low)","1970-01-01 00:00:00","No Connection Recorded","No Recorded Connection","-","STANDARD - Re-engagement & Habit Building","0"
"549","62367832","EGSS-mahmoud04","ME-EGSS01","MEKSA-EGSS01","围场外","outside pool","3","10","1-3 Classes (Low)","1970-01-01 00:00:00","No Connection Recorded","No Recorded Connection","-","STANDARD - Re-engagement & Habit Building","0"
"555","62411801","EGSS-mahmoud04","ME-EGSS01","MEKSA-EGSS01","到期","Exp Non-0","3","14","1-3 Classes (Low)","1970-01-01 00:00:00","No Connection Recorded","No Recorded Connection","-","STANDARD - Re-engagement & Habit Building","0"
"564","62355658","EGSS-mahmoud04","ME-EGSS01","MEKSA-EGSS01","围场外","outside pool","3","9","1-3 Classes (Low)","1970-01-01 00:00:00","No Connection Recorded","No Recorded Connection","-","STANDARD - Re-engagement & Habit Building","0"
"568","62615466","EGSS-mahmoud04","ME-EGSS01","MEKSA-EGSS01","到期","Exp Non-0","3","9","1-3 Classes (Low)","1970-01-01 00:00:00","No Connection Recorded","No Recorded Connection","-","STANDARD - Re-engagement & Habit Building","0"
"569","62615885","EGSS-mahmoud04","ME-EGSS01","MEKSA-EGSS01","到期","Exp Non-0","3","9","1-3 Classes (Low)","1970-01-01 00:00:00","No Connection Recorded","No Recorded Connection","-","STANDARD - Re-engagement & Habit Building","0"
"587","62550351","EGSS-mahmoud04","ME-EGSS01","MEKSA-EGSS01","到期","Exp Non-0","3","9","1-3 Classes (Low)","1970-01-01 00:00:00","No Connection Recorded","No Recorded Connection","-","STANDARD - Re-engagement & Habit Building","0"
"588","62527195","EGSS-mahmoud04","ME-EGSS01","MEKSA-EGSS01","到期","Exp Non-0","3","9","1-3 Classes (Low)","1970-01-01 00:00:00","No Connection Recorded","No Recorded Connection","-","STANDARD - Re-engagement & Habit Building","0"
"595","58736978","EGSS-negma","ME-EGSS01","MEKSA-EGSS01","围场外","outside pool","3","9","1-3 Classes (Low)","1970-01-01 00:00:00","No Connection Recorded","No Recorded Connection","-","STANDARD - Re-engagement & Habit Building","0"
"605","64260120","EGSS-mahmoud04","ME-EGSS01","MEKSA-EGSS01","围场外","outside pool","3","9","1-3 Classes (Low)","1970-01-01 00:00:00","No Connection Recorded","No Recorded Connection","-","STANDARD - Re-engagement & Habit Building","0"
"606","62500581","EGSS-nohayoussry","ME-EGSS01","MEKSA-EGSS01","期间","period","3","9","1-3 Classes (Low)","1970-01-01 00:00:00","No Connection Recorded","No Recorded Connection","-","STANDARD - Re-engagement & Habit Building","0"
"607","62149950","EGSS-nohayoussry","ME-EGSS01","MEKSA-EGSS01","围场外","outside pool","3","6","1-3 Classes (Low)","1970-01-01 00:00:00","No Connection Recorded","No Recorded Connection","-","STANDARD - Re-engagement & Habit Building","0"
"611","64177823","EGSS-ashraqatal","ME-EGSS01","MEKSA-EGSS01","围场外","outside pool","3","7","1-3 Classes (Low)","1970-01-01 00:00:00","No Connection Recorded","No Recorded Connection","-","STANDARD - Re-engagement & Habit Building","0"
"615","59633007","EGSS-negma","ME-EGSS01","MEKSA-EGSS01","围场外","outside pool","3","8","1-3 Classes (Low)","1970-01-01 00:00:00","No Connection Recorded","No Recorded Connection","-","STANDARD - Re-engagement & Habit Building","0"
"616","63864629","EGSS-ashraqatal","ME-EGSS01","MEKSA-EGSS01","到期","Exp Non-0","3","9","1-3 Classes (Low)","1970-01-01 00:00:00","No Connection Recorded","CRM System Outreach","-","STANDARD - Re-engagement & Habit Building","0"
"622","63683903","EGSS-ashraqatal","ME-EGSS01","MEKSA-EGSS01","围场外","outside pool","3","8","1-3 Classes (Low)","1970-01-01 00:00:00","No Connection Recorded","CRM System Outreach","-","STANDARD - Re-engagement & Habit Building","0"
"627","58850122","EGSS-negma","ME-EGSS01","MEKSA-EGSS01","围场外","outside pool","3","1","1-3 Classes (Low)","1970-01-01 00:00:00","No Connection Recorded","No Recorded Connection","-","STANDARD - Re-engagement & Habit Building","0"
"628","63888425","EGSS-ashraqatal","ME-EGSS01","MEKSA-EGSS01","围场外","outside pool","3","2","1-3 Classes (Low)","1970-01-01 00:00:00","No Connection Recorded","CRM System Outreach","-","STANDARD - Re-engagement & Habit Building","0"
"631","63864717","EGSS-ashraqatal","ME-EGSS01","MEKSA-EGSS01","到期","Exp Non-0","3","9","1-3 Classes (Low)","1970-01-01 00:00:00","No Connection Recorded","CRM System Outreach","-","STANDARD - Re-engagement & Habit Building","0"
"638","63462195","EGSS-nohayoussry","ME-EGSS01","MEKSA-EGSS01","围场外","outside pool","3","9","1-3 Classes (Low)","1970-01-01 00:00:00","No Connection Recorded","No Recorded Connection","-","STANDARD - Re-engagement & Habit Building","0"
"639","63334077","EGSS-ashraqatal","ME-EGSS01","MEKSA-EGSS01","围场外","outside pool","3","10","1-3 Classes (Low)","1970-01-01 00:00:00","No Connection Recorded","No Recorded Connection","-","STANDARD - Re-engagement & Habit Building","0"
"640","63536556","EGSS-nohayoussry","ME-EGSS01","MEKSA-EGSS01","围场外","outside pool","3","8","1-3 Classes (Low)","1970-01-01 00:00:00","No Connection Recorded","No Recorded Connection","-","STANDARD - Re-engagement & Habit Building","0"
"641","63444130","EGSS-nohayoussry","ME-EGSS01","MEKSA-EGSS01","围场外","outside pool","3","11","1-3 Classes (Low)","1970-01-01 00:00:00","No Connection Recorded","No Recorded Connection","-","STANDARD - Re-engagement & Habit Building","0"
"643","63339174","EGSS-nohayoussry","ME-EGSS01","MEKSA-EGSS01","围场外","outside pool","3","1","1-3 Classes (Low)","1970-01-01 00:00:00","No Connection Recorded","No Recorded Connection","-","STANDARD - Re-engagement & Habit Building","0"
"651","63378710","EGSS-mahmoud04","ME-EGSS01","MEKSA-EGSS01","围场外","outside pool","3","6","1-3 Classes (Low)","1970-01-01 00:00:00","No Connection Recorded","No Recorded Connection","-","STANDARD - Re-engagement & Habit Building","0"
"652","63846821","EGSS-nohayoussry","ME-EGSS01","MEKSA-EGSS01","围场外","outside pool","3","7","1-3 Classes (Low)","1970-01-01 00:00:00","No Connection Recorded","CRM System Outreach","-","STANDARD - Re-engagement & Habit Building","0"
"656","63447965","EGSS-mahmoud04","ME-EGSS01","MEKSA-EGSS01","围场外","outside pool","3","6","1-3 Classes (Low)","1970-01-01 00:00:00","No Connection Recorded","No Recorded Connection","-","STANDARD - Re-engagement & Habit Building","0"
"657","63451623","EGSS-mahmoud04","ME-EGSS01","MEKSA-EGSS01","围场外","outside pool","3","8","1-3 Classes (Low)","1970-01-01 00:00:00","No Connection Recorded","No Recorded Connection","-","STANDARD - Re-engagement & Habit Building","0"
"661","64258491","EGSS-ashraqatal","ME-EGSS01","MEKSA-EGSS01","围场外","outside pool","3","6","1-3 Classes (Low)","1970-01-01 00:00:00","No Connection Recorded","No Recorded Connection","-","STANDARD - Re-engagement & Habit Building","0"
"665","62888707","EGSS-nohayoussry","ME-EGSS01","MEKSA-EGSS01","到期","Exp Non-0","3","10","1-3 Classes (Low)","1970-01-01 00:00:00","No Connection Recorded","No Recorded Connection","-","STANDARD - Re-engagement & Habit Building","0"
"666","64197518","EGSS-ashraqatal","ME-EGSS01","MEKSA-EGSS01","围场外","outside pool","3","9","1-3 Classes (Low)","1970-01-01 00:00:00","No Connection Recorded","No Recorded Connection","-","STANDARD - Re-engagement & Habit Building","0"
"668","64213375","EGSS-ashraqatal","ME-EGSS01","MEKSA-EGSS01","围场外","outside pool","3","6","1-3 Classes (Low)","1970-01-01 00:00:00","No Connection Recorded","No Recorded Connection","-","STANDARD - Re-engagement & Habit Building","0"
"671","63160735","EGSS-nohayoussry","ME-EGSS01","MEKSA-EGSS01","期间","period","3","6","1-3 Classes (Low)","1970-01-01 00:00:00","No Connection Recorded","No Recorded Connection","-","STANDARD - Re-engagement & Habit Building","0"
"673","63172955","EGSS-nohayoussry","ME-EGSS01","MEKSA-EGSS01","期间","period","3","6","1-3 Classes (Low)","1970-01-01 00:00:00","No Connection Recorded","No Recorded Connection","-","STANDARD - Re-engagement & Habit Building","0"
"677","63072112","EGSS-nohayoussry","ME-EGSS01","MEKSA-EGSS01","到期","Exp Non-0","3","3","1-3 Classes (Low)","1970-01-01 00:00:00","No Connection Recorded","No Recorded Connection","-","STANDARD - Re-engagement & Habit Building","0"
"678","63102470","EGSS-nohayoussry","ME-EGSS01","MEKSA-EGSS01","到期","Exp Non-0","3","6","1-3 Classes (Low)","1970-01-01 00:00:00","No Connection Recorded","No Recorded Connection","-","STANDARD - Re-engagement & Habit Building","0"
"680","63822902","EGSS-mahmoud04","ME-EGSS01","MEKSA-EGSS01","围场外","outside pool","3","9","1-3 Classes (Low)","1970-01-01 00:00:00","No Connection Recorded","CRM System Outreach","-","STANDARD - Re-engagement & Habit Building","0"
"699","59849952","EGSS-mahmoud04","ME-EGSS01","MEKSA-EGSS01","围场外","outside pool","3","15","1-3 Classes (Low)","1970-01-01 00:00:00","No Connection Recorded","No Recorded Connection","-","STANDARD - Re-engagement & Habit Building","0"
"702","63683296","EGSS-negma","ME-EGSS01","MEKSA-EGSS01","围场外","outside pool","3","12","1-3 Classes (Low)","1970-01-01 00:00:00","No Connection Recorded","CRM System Outreach","-","STANDARD - Re-engagement & Habit Building","0"
"710","63138030","EGSS-juliamonir01","ME-EGSS01","MEKSA-EGSS01","期间","period","3","9","1-3 Classes (Low)","1970-01-01 00:00:00","No Connection Recorded","No Recorded Connection","-","STANDARD - Re-engagement & Habit Building","0"
"715","63121344","EGSS-juliamonir01","ME-EGSS01","MEKSA-EGSS01","期间","period","3","9","1-3 Classes (Low)","1970-01-01 00:00:00","No Connection Recorded","No Recorded Connection","-","STANDARD - Re-engagement & Habit Building","0"
"716","61774957","EGSS-ashraqatal","ME-EGSS01","MEKSA-EGSS01","到期","Exp Non-0","3","9","1-3 Classes (Low)","1970-01-01 00:00:00","No Connection Recorded","No Recorded Connection","-","STANDARD - Re-engagement & Habit Building","0"
"719","63244601","EGSS-juliamonir01","ME-EGSS01","MEKSA-EGSS01","到期","Exp Non-0","3","9","1-3 Classes (Low)","1970-01-01 00:00:00","No Connection Recorded","No Recorded Connection","-","STANDARD - Re-engagement & Habit Building","0"
"733","63593935","EGSS-juliamonir01","ME-EGSS01","MEKSA-EGSS01","围场外","outside pool","3","6","1-3 Classes (Low)","1970-01-01 00:00:00","No Connection Recorded","CRM System Outreach","-","STANDARD - Re-engagement & Habit Building","0"
"749","64399016","EGSS-juliamonir01","ME-EGSS01","MEKSA-EGSS01","围场外","outside pool","3","9","1-3 Classes (Low)","1970-01-01 00:00:00","No Connection Recorded","No Recorded Connection","-","STANDARD - Re-engagement & Habit Building","0"
"760","61853716","EGSS-ashraqatal","ME-EGSS01","MEKSA-EGSS01","到期","Exp Non-0","3","0","1-3 Classes (Low)","1970-01-01 00:00:00","No Connection Recorded","No Recorded Connection","-","STANDARD - Re-engagement & Habit Building","0"
"762","63518932","EGSS-juliamonir01","ME-EGSS01","MEKSA-EGSS01","到期","Exp Non-0","3","6","1-3 Classes (Low)","1970-01-01 00:00:00","No Connection Recorded","No Recorded Connection","-","STANDARD - Re-engagement & Habit Building","0"
"765","63473919","EGSS-negma","ME-EGSS01","MEKSA-EGSS01","到期","Exp Non-0","3","9","1-3 Classes (Low)","1970-01-01 00:00:00","No Connection Recorded","No Recorded Connection","-","STANDARD - Re-engagement & Habit Building","0"
"767","62043842","EGSS-ashraqatal","ME-EGSS01","MEKSA-EGSS01","到期","Exp Non-0","3","8","1-3 Classes (Low)","1970-01-01 00:00:00","No Connection Recorded","No Recorded Connection","-","STANDARD - Re-engagement & Habit Building","0"
"770","63499346","EGSS-juliamonir01","ME-EGSS01","MEKSA-EGSS01","围场外","outside pool","3","6","1-3 Classes (Low)","1970-01-01 00:00:00","No Connection Recorded","No Recorded Connection","-","STANDARD - Re-engagement & Habit Building","0"
"782","62274489","EGSS-juliamonir01","ME-EGSS01","MEKSA-EGSS01","首单到期","FOE Non-0","3","8","1-3 Classes (Low)","1970-01-01 00:00:00","No Connection Recorded","No Recorded Connection","-","STANDARD - Re-engagement & Habit Building","0"
"791","61663865","EGSS-mahmoud04","ME-EGSS01","MEKSA-EGSS01","首单到期","FOE Non-0","3","9","1-3 Classes (Low)","1970-01-01 00:00:00","No Connection Recorded","No Recorded Connection","-","STANDARD - Re-engagement & Habit Building","0"
"797","62033705","EGSS-juliamonir01","ME-EGSS01","MEKSA-EGSS01","到期","Exp Non-0","3","6","1-3 Classes (Low)","1970-01-01 00:00:00","No Connection Recorded","No Recorded Connection","-","STANDARD - Re-engagement & Habit Building","0"
"800","60184451","EGSS-negma","ME-EGSS01","MEKSA-EGSS01","到期","Exp Non-0","3","0","1-3 Classes (Low)","1970-01-01 00:00:00","No Connection Recorded","No Recorded Connection","-","STANDARD - Re-engagement & Habit Building","0"
"803","63057337","EGSS-juliamonir01","ME-EGSS01","MEKSA-EGSS01","到期","Exp Non-0","3","11","1-3 Classes (Low)","1970-01-01 00:00:00","No Connection Recorded","No Recorded Connection","-","STANDARD - Re-engagement & Habit Building","0"
"804","62141693","EGSS-mahmoud04","ME-EGSS01","MEKSA-EGSS01","到期","Exp Non-0","3","11","1-3 Classes (Low)","1970-01-01 00:00:00","No Connection Recorded","No Recorded Connection","-","STANDARD - Re-engagement & Habit Building","0"
"811","62173080","EGSS-juliamonir01","ME-EGSS01","MEKSA-EGSS01","到期","Exp Non-0","3","9","1-3 Classes (Low)","1970-01-01 00:00:00","No Connection Recorded","No Recorded Connection","-","STANDARD - Re-engagement & Habit Building","0"
"812","62688692","EGSS-ashraqatal","ME-EGSS01","MEKSA-EGSS01","到期","Exp Non-0","3","1","1-3 Classes (Low)","1970-01-01 00:00:00","No Connection Recorded","No Recorded Connection","-","STANDARD - Re-engagement & Habit Building","0"
"813","62115375","EGSS-juliamonir01","ME-EGSS01","MEKSA-EGSS01","首单到期","FOE Non-0","3","8","1-3 Classes (Low)","1970-01-01 00:00:00","No Connection Recorded","No Recorded Connection","-","STANDARD - Re-engagement & Habit Building","0"
"824","62877633","EGSS-juliamonir01","ME-EGSS01","MEKSA-EGSS01","到期","Exp Non-0","3","11","1-3 Classes (Low)","1970-01-01 00:00:00","No Connection Recorded","No Recorded Connection","-","STANDARD - Re-engagement & Habit Building","0"
"826","61312508","EGSS-ashraqatal","ME-EGSS01","MEKSA-EGSS01","到期","Exp Non-0","3","6","1-3 Classes (Low)","1970-01-01 00:00:00","No Connection Recorded","No Recorded Connection","-","STANDARD - Re-engagement & Habit Building","0"
"835","63811089","EGSS-negma","ME-EGSS01","MEKSA-EGSS01","围场外","outside pool","3","8","1-3 Classes (Low)","1970-01-01 00:00:00","No Connection Recorded","CRM System Outreach","-","STANDARD - Re-engagement & Habit Building","0"
"845","62660287","EGSS-juliamonir01","ME-EGSS01","MEKSA-EGSS01","围场外","outside pool","3","8","1-3 Classes (Low)","1970-01-01 00:00:00","No Connection Recorded","No Recorded Connection","-","STANDARD - Re-engagement & Habit Building","0"
"847","62597015","EGSS-juliamonir01","ME-EGSS01","MEKSA-EGSS01","围场外","outside pool","3","7","1-3 Classes (Low)","1970-01-01 00:00:00","No Connection Recorded","No Recorded Connection","-","STANDARD - Re-engagement & Habit Building","0"
"854","60986615","EGSS-mahmoud04","ME-EGSS01","MEKSA-EGSS01","到期","Exp Non-0","3","9","1-3 Classes (Low)","1970-01-01 00:00:00","No Connection Recorded","No Recorded Connection","-","STANDARD - Re-engagement & Habit Building","0"
"855","61220328","EGSS-mahmoud04","ME-EGSS01","MEKSA-EGSS01","到期","Exp Non-0","3","9","1-3 Classes (Low)","1970-01-01 00:00:00","No Connection Recorded","No Recorded Connection","-","STANDARD - Re-engagement & Habit Building","0"
"859","62718186","EGSS-juliamonir01","ME-EGSS01","MEKSA-EGSS01","到期","Exp Non-0","3","11","1-3 Classes (Low)","1970-01-01 00:00:00","No Connection Recorded","No Recorded Connection","-","STANDARD - Re-engagement & Habit Building","0"
"861","59193679","EGSS-juliamonir01","ME-EGSS01","MEKSA-EGSS01","围场外","outside pool","3","9","1-3 Classes (Low)","2024-11-13 00:00:00","2024-11-13 00:00:00","Last 1v1 Payment","20241113","STANDARD - Re-engagement & Habit Building","0"
"865","58739679","EGSS-negma","ME-EGSS01","MEKSA-EGSS01","围场外","outside pool","3","8","1-3 Classes (Low)","2025-02-25 00:00:00","2025-02-25 00:00:00","Last 1v1 Payment","20250225","STANDARD - Re-engagement & Habit Building","0"
"867","59943050","EGSS-negma","ME-EGSS01","MEKSA-EGSS01","围场外","outside pool","3","10","1-3 Classes (Low)","2025-05-08 00:00:00","2025-05-08 00:00:00","Last 1v1 Payment","20250508","STANDARD - Re-engagement & Habit Building","0"
"868","59957101","EGSS-negma","ME-EGSS01","MEKSA-EGSS01","围场外","outside pool","3","8","1-3 Classes (Low)","2025-05-21 00:00:00","2025-05-21 00:00:00","Last 1v1 Payment","20250521","STANDARD - Re-engagement & Habit Building","0"
"869","59733918","EGSS-ashraqatal","ME-EGSS01","MEKSA-EGSS01","围场外","outside pool","3","8","1-3 Classes (Low)","2025-05-29 00:00:00","2025-05-29 00:00:00","Last 1v1 Payment","20250529","STANDARD - Re-engagement & Habit Building","0"
"870","60144641","EGSS-mahmoud04","ME-EGSS01","MEKSA-EGSS01","围场外","outside pool","3","6","1-3 Classes (Low)","2025-06-04 00:00:00","2025-06-04 00:00:00","Last 1v1 Payment","20250604","STANDARD - Re-engagement & Habit Building","0"
"877","59904188","EGSS-negma","ME-EGSS01","MEKSA-EGSS01","围场外","outside pool","3","11","1-3 Classes (Low)","2025-09-08 00:00:00","2025-09-08 00:00:00","Last 1v1 Payment","20250908","STANDARD - Re-engagement & Habit Building","0"
"884","59933730","EGSS-negma","ME-EGSS01","MEKSA-EGSS01","围场外","outside pool","3","13","1-3 Classes (Low)","2025-09-30 00:00:00","2025-09-30 00:00:00","Last 1v1 Payment","20250930","STANDARD - Re-engagement & Habit Building","0"
"886","59623410","EGSS-ashraqatal","ME-EGSS01","MEKSA-EGSS01","到期","Exp Non-0","3","9","1-3 Classes (Low)","2025-10-02 00:00:00","2025-10-02 00:00:00","Last 1v1 Payment","20251002","STANDARD - Re-engagement & Habit Building","0"
"887","61022125","EGSS-ashraqatal","ME-EGSS01","MEKSA-EGSS01","期间","period","3","9","1-3 Classes (Low)","2025-10-18 00:00:00","2025-10-18 00:00:00","Last 1v1 Payment","20251018","STANDARD - Re-engagement & Habit Building","0"
"889","58659334","EGSS-negma","ME-EGSS01","MEKSA-EGSS01","围场外","outside pool","3","9","1-3 Classes (Low)","2025-10-22 00:00:00","2025-10-22 00:00:00","Last 1v1 Payment","20251022","STANDARD - Re-engagement & Habit Building","0"
"894","59679398","EGSS-juliamonir01","ME-EGSS01","MEKSA-EGSS01","围场外","outside pool","3","8","1-3 Classes (Low)","2025-11-02 00:00:00","2025-11-02 00:00:00","Last 1v1 Payment","20251102","STANDARD - Re-engagement & Habit Building","0"
"897","59395311","EGSS-juliamonir01","ME-EGSS01","MEKSA-EGSS01","围场外","outside pool","3","9","1-3 Classes (Low)","2025-11-10 00:00:00","2025-11-10 00:00:00","Last 1v1 Payment","20251110","STANDARD - Re-engagement & Habit Building","0"
"898","61337300","EGSS-juliamonir01","ME-EGSS01","MEKSA-EGSS01","围场外","outside pool","3","9","1-3 Classes (Low)","2025-11-10 00:00:00","2025-11-10 00:00:00","Last 1v1 Payment","20251110","STANDARD - Re-engagement & Habit Building","0"
"904","60967608","EGSS-ashraqatal","ME-EGSS01","MEKSA-EGSS01","期间","period","3","6","1-3 Classes (Low)","2025-11-19 00:00:00","2025-11-19 00:00:00","Last 1v1 Payment","20251119","STANDARD - Re-engagement & Habit Building","0"
"905","60967281","EGSS-ashraqatal","ME-EGSS01","MEKSA-EGSS01","期间","period","3","8","1-3 Classes (Low)","2025-11-19 00:00:00","2025-11-19 00:00:00","Last 1v1 Payment","20251119","STANDARD - Re-engagement & Habit Building","0"
"906","60954175","EGSS-ashraqatal","ME-EGSS01","MEKSA-EGSS01","期间","period","3","8","1-3 Classes (Low)","2025-11-19 00:00:00","2025-11-19 00:00:00","Last 1v1 Payment","20251119","STANDARD - Re-engagement & Habit Building","0"
"907","61219177","EGSS-ashraqatal","ME-EGSS01","MEKSA-EGSS01","围场外","outside pool","3","8","1-3 Classes (Low)","2025-11-23 00:00:00","2025-11-23 00:00:00","Last 1v1 Payment","20251123","STANDARD - Re-engagement & Habit Building","0"
"920","60804633","EGSS-mahmoud04","ME-EGSS01","MEKSA-EGSS01","围场外","outside pool","3","12","1-3 Classes (Low)","2025-12-11 00:00:00","2025-12-11 00:00:00","Last 1v1 Payment","20251211","STANDARD - Re-engagement & Habit Building","0"
"924","60147230","EGSS-mahmoud04","ME-EGSS01","MEKSA-EGSS01","围场外","outside pool","3","0","1-3 Classes (Low)","2025-12-17 00:00:00","2025-12-17 00:00:00","Last 1v1 Payment","20251217","STANDARD - Re-engagement & Habit Building","0"
"928","61060966","EGSS-nohayoussry","ME-EGSS01","MEKSA-EGSS01","围场外","outside pool","3","9","1-3 Classes (Low)","2025-12-25 00:00:00","2025-12-25 00:00:00","Last 1v1 Payment","20251225","STANDARD - Re-engagement & Habit Building","0"
"936","60826243","EGSS-nohayoussry","ME-EGSS01","MEKSA-EGSS01","到期","Exp Non-0","3","8","1-3 Classes (Low)","2025-12-28 00:00:00","2025-12-28 00:00:00","Last 1v1 Payment","20251228","STANDARD - Re-engagement & Habit Building","0"
"937","58574839","EGSS-nohayoussry","ME-EGSS01","MEKSA-EGSS01","围场外","outside pool","3","6","1-3 Classes (Low)","2025-12-29 00:00:00","2025-12-29 00:00:00","Last 1v1 Payment","20251229","STANDARD - Re-engagement & Habit Building","0"
"938","61054339","EGSS-mahmoud04","ME-EGSS01","MEKSA-EGSS01","到期","Exp Non-0","3","13","1-3 Classes (Low)","2025-12-29 00:00:00","2025-12-29 00:00:00","Last 1v1 Payment","20251229","STANDARD - Re-engagement & Habit Building","0"
"939","59765010","EGSS-ashraqatal","ME-EGSS01","MEKSA-EGSS01","围场外","outside pool","3","7","1-3 Classes (Low)","2025-12-30 00:00:00","2025-12-30 00:00:00","Last 1v1 Payment","20251230","STANDARD - Re-engagement & Habit Building","0"
"940","59766990","EGSS-ashraqatal","ME-EGSS01","MEKSA-EGSS01","围场外","outside pool","3","6","1-3 Classes (Low)","2025-12-30 00:00:00","2025-12-30 00:00:00","Last 1v1 Payment","20251230","STANDARD - Re-engagement & Habit Building","0"
"950","61799841","EGSS-negma","ME-EGSS01","MEKSA-EGSS01","围场外","outside pool","3","7","1-3 Classes (Low)","2026-01-20 00:00:00","2026-01-20 00:00:00","Last 1v1 Payment","20260120","STANDARD - Re-engagement & Habit Building","0"
"959","61908677","EGSS-nohayoussry","ME-EGSS01","MEKSA-EGSS01","期间","period","3","9","1-3 Classes (Low)","2026-01-31 00:00:00","2026-01-31 00:00:00","Last 1v1 Payment","20260131","STANDARD - Re-engagement & Habit Building","0"
"962","60344603","EGSS-juliamonir01","ME-EGSS01","MEKSA-EGSS01","围场外","outside pool","3","7","1-3 Classes (Low)","2026-02-01 00:00:00","2026-02-01 00:00:00","Last 1v1 Payment","20260201","STANDARD - Re-engagement & Habit Building","0"
"963","62074159","EGSS-mahmoud04","ME-EGSS01","MEKSA-EGSS01","到期","Exp Non-0","3","11","1-3 Classes (Low)","2026-02-03 00:00:00","2026-02-03 00:00:00","Last 1v1 Payment","20260203","STANDARD - Re-engagement & Habit Building","0"
"973","60645953","EGSS-mahmoud04","ME-EGSS01","MEKSA-EGSS01","围场外","outside pool","3","13","1-3 Classes (Low)","2026-02-17 00:00:00","2026-02-17 00:00:00","Last 1v1 Payment","20260217","STANDARD - Re-engagement & Habit Building","0"
"974","62022561","EGSS-mahmoud04","ME-EGSS01","MEKSA-EGSS01","到期","Exp Non-0","3","12","1-3 Classes (Low)","2026-02-19 00:00:00","2026-02-19 00:00:00","Last 1v1 Payment","20260219","STANDARD - Re-engagement & Habit Building","0"
"976","61079684","EGSS-mahmoud04","ME-EGSS01","MEKSA-EGSS01","到期","Exp Non-0","3","11","1-3 Classes (Low)","2026-02-24 00:00:00","2026-02-24 00:00:00","Last 1v1 Payment","20260224","STANDARD - Re-engagement & Habit Building","0"
"980","60740785","EGSS-juliamonir01","ME-EGSS01","MEKSA-EGSS01","围场外","outside pool","3","9","1-3 Classes (Low)","2026-03-02 00:00:00","2026-03-02 00:00:00","Last 1v1 Payment","20260302","STANDARD - Re-engagement & Habit Building","0"
"995","62243628","EGSS-juliamonir01","ME-EGSS01","MEKSA-EGSS01","围场外","outside pool","3","8","1-3 Classes (Low)","2026-03-11 00:00:00","2026-03-11 00:00:00","Last 1v1 Payment","20260311","STANDARD - Re-engagement & Habit Building","0"
"1004","61093124","EGSS-nohayoussry","ME-EGSS01","MEKSA-EGSS01","期间","period","3","0","1-3 Classes (Low)","2026-03-26 00:00:00","2026-03-26 00:00:00","Last 1v1 Payment","20260326","STANDARD - Re-engagement & Habit Building","0"
"1005","59912382","EGSS-negma","ME-EGSS01","MEKSA-EGSS01","围场外","outside pool","3","11","1-3 Classes (Low)","2026-03-26 00:00:00","2026-03-26 00:00:00","Last 1v1 Payment","20260326","STANDARD - Re-engagement & Habit Building","0"
"1008","61288021","EGSS-negma","ME-EGSS01","MEKSA-EGSS01","围场外","outside pool","3","9","1-3 Classes (Low)","2026-03-27 00:00:00","2026-03-27 00:00:00","Last 1v1 Payment","20260327","STANDARD - Re-engagement & Habit Building","0"
"1018","60547220","EGSS-nohayoussry","ME-EGSS01","MEKSA-EGSS01","到期","Exp Non-0","3","6","1-3 Classes (Low)","2026-03-29 00:00:00","2026-03-29 00:00:00","Last 1v1 Payment","20260329","STANDARD - Re-engagement & Habit Building","0"
"1021","61676279","EGSS-nohayoussry","ME-EGSS01","MEKSA-EGSS01","围场外","outside pool","3","10","1-3 Classes (Low)","2026-03-31 00:00:00","2026-03-31 00:00:00","Last 1v1 Payment","20260331","STANDARD - Re-engagement & Habit Building","0"
"1022","61666459","EGSS-mahmoud04","ME-EGSS01","MEKSA-EGSS01","到期","Exp Non-0","3","9","1-3 Classes (Low)","2026-04-01 00:00:00","2026-04-01 00:00:00","Last 1v1 Payment","20260401","STANDARD - Re-engagement & Habit Building","0"
"1026","62597360","EGSS-juliamonir01","ME-EGSS01","MEKSA-EGSS01","期间","period","3","9","1-3 Classes (Low)","2026-04-09 00:00:00","2026-04-09 00:00:00","Last 1v1 Payment","20260409","STANDARD - Re-engagement & Habit Building","0"
"1027","62583045","EGSS-juliamonir01","ME-EGSS01","MEKSA-EGSS01","期间","period","3","9","1-3 Classes (Low)","2026-04-09 00:00:00","2026-04-09 00:00:00","Last 1v1 Payment","20260409","STANDARD - Re-engagement & Habit Building","0"
"1034","61985403","EGSS-ashraqatal","ME-EGSS01","MEKSA-EGSS01","围场外","outside pool","3","9","1-3 Classes (Low)","2026-04-23 00:00:00","2026-04-23 00:00:00","Last 1v1 Payment","20260423","STANDARD - Re-engagement & Habit Building","0"
"1035","61976943","EGSS-ashraqatal","ME-EGSS01","MEKSA-EGSS01","围场外","outside pool","3","9","1-3 Classes (Low)","2026-04-23 00:00:00","2026-04-23 00:00:00","Last 1v1 Payment","20260423","STANDARD - Re-engagement & Habit Building","0"
"1041","59900807","EGSS-negma","ME-EGSS01","MEKSA-EGSS01","围场外","outside pool","3","10","1-3 Classes (Low)","2026-04-27 00:00:00","2026-04-27 00:00:00","Last 1v1 Payment","20260427","STANDARD - Re-engagement & Habit Building","0"
"1050","61501538","EGSS-mahmoud04","ME-EGSS01","MEKSA-EGSS01","围场外","outside pool","3","11","1-3 Classes (Low)","2026-05-03 00:00:00","2026-05-03 00:00:00","Last 1v1 Payment","20260503","STANDARD - Re-engagement & Habit Building","0"
"1051","61673615","EGSS-negma","ME-EGSS01","MEKSA-EGSS01","围场外","outside pool","3","8","1-3 Classes (Low)","2026-05-04 00:00:00","2026-05-04 00:00:00","Last 1v1 Payment","20260504","STANDARD - Re-engagement & Habit Building","0"
"1053","58432398","EGSS-juliamonir01","ME-EGSS01","MEKSA-EGSS01","围场外","outside pool","3","9","1-3 Classes (Low)","2026-05-05 00:00:00","2026-05-05 00:00:00","Last 1v1 Payment","20260505","STANDARD - Re-engagement & Habit Building","0"
"1056","60751265","EGSS-nohayoussry","ME-EGSS01","MEKSA-EGSS01","围场外","outside pool","3","8","1-3 Classes (Low)","2026-05-06 00:00:00","2026-05-06 00:00:00","Last 1v1 Payment","20260506","STANDARD - Re-engagement & Habit Building","0"
"1061","59944577","EGSS-negma","ME-EGSS01","MEKSA-EGSS01","围场外","outside pool","3","9","1-3 Classes (Low)","2026-05-10 00:00:00","2026-05-10 00:00:00","Last 1v1 Payment","20260510","STANDARD - Re-engagement & Habit Building","0"
"1071","59245594","EGSS-negma","ME-EGSS01","MEKSA-EGSS01","围场外","outside pool","3","11","1-3 Classes (Low)","2026-05-12 00:00:00","2026-05-12 00:00:00","Last 1v1 Payment","20260512","STANDARD - Re-engagement & Habit Building","0"
"1074","58592863","EGSS-negma","ME-EGSS01","MEKSA-EGSS01","围场外","outside pool","3","20","1-3 Classes (Low)","2026-05-17 00:00:00","2026-05-17 00:00:00","Last 1v1 Payment","20260517","STANDARD - Re-engagement & Habit Building","0"
"1076","59908258","EGSS-ashraqatal","ME-EGSS01","MEKSA-EGSS01","期间","period","3","6","1-3 Classes (Low)","2026-05-17 00:00:00","2026-05-17 00:00:00","Last 1v1 Payment","20260517","STANDARD - Re-engagement & Habit Building","0"
"1077","62174621","EGSS-ashraqatal","ME-EGSS01","MEKSA-EGSS01","围场外","outside pool","3","6","1-3 Classes (Low)","2026-05-17 00:00:00","2026-05-17 00:00:00","Last 1v1 Payment","20260517","STANDARD - Re-engagement & Habit Building","0"
"1079","62401080","EGSS-mahmoud04","ME-EGSS01","MEKSA-EGSS01","围场外","outside pool","3","7","1-3 Classes (Low)","2026-05-18 00:00:00","2026-05-18 00:00:00","Last 1v1 Payment","20260518","STANDARD - Re-engagement & Habit Building","0"
"1088","62010884","EGSS-mahmoud04","ME-EGSS01","MEKSA-EGSS01","围场外","outside pool","3","11","1-3 Classes (Low)","2026-05-21 00:00:00","2026-05-21 00:00:00","Last 1v1 Payment","20260521","STANDARD - Re-engagement & Habit Building","0"
"1090","60537080","EGSS-ashraqatal","ME-EGSS01","MEKSA-EGSS01","围场外","outside pool","3","9","1-3 Classes (Low)","2026-05-21 00:00:00","2026-05-21 00:00:00","Last 1v1 Payment","20260521","STANDARD - Re-engagement & Habit Building","0"
"1091","59652010","EGSS-mahmoud04","ME-EGSS01","MEKSA-EGSS01","到期","Exp Non-0","3","10","1-3 Classes (Low)","2026-05-21 00:00:00","2026-05-21 00:00:00","Last 1v1 Payment","20260521","STANDARD - Re-engagement & Habit Building","0"
"1095","62799796","EGSS-nohayoussry","ME-EGSS01","MEKSA-EGSS01","围场外","outside pool","3","7","1-3 Classes (Low)","2026-05-23 00:00:00","2026-05-23 00:00:00","Last 1v1 Payment","20260523","STANDARD - Re-engagement & Habit Building","0"
"1096","59343610","EGSS-ashraqatal","ME-EGSS01","MEKSA-EGSS01","围场外","outside pool","3","14","1-3 Classes (Low)","2026-05-24 00:00:00","2026-05-24 00:00:00","Last 1v1 Payment","20260524","STANDARD - Re-engagement & Habit Building","0"
"1099","61782644","EGSS-nohayoussry","ME-EGSS01","MEKSA-EGSS01","围场外","outside pool","3","9","1-3 Classes (Low)","2026-05-24 00:00:00","2026-05-24 00:00:00","Last 1v1 Payment","20260524","STANDARD - Re-engagement & Habit Building","0"
"1100","62614288","EGSS-nohayoussry","ME-EGSS01","MEKSA-EGSS01","围场外","outside pool","3","9","1-3 Classes (Low)","2026-05-24 00:00:00","2026-05-24 00:00:00","Last 1v1 Payment","20260524","STANDARD - Re-engagement & Habit Building","0"
"1101","62811234","EGSS-nohayoussry","ME-EGSS01","MEKSA-EGSS01","围场外","outside pool","3","9","1-3 Classes (Low)","2026-05-25 00:00:00","2026-05-25 00:00:00","Last 1v1 Payment","20260525","STANDARD - Re-engagement & Habit Building","0"
"1107","61867901","EGSS-mahmoud04","ME-EGSS01","MEKSA-EGSS01","围场外","outside pool","3","6","1-3 Classes (Low)","2026-05-28 00:00:00","2026-05-28 00:00:00","Last 1v1 Payment","20260528","STANDARD - Re-engagement & Habit Building","0"
"1108","59178558","EGSS-juliamonir01","ME-EGSS01","MEKSA-EGSS01","围场外","outside pool","3","9","1-3 Classes (Low)","2026-05-30 00:00:00","2026-05-30 00:00:00","Last 1v1 Payment","20260530","STANDARD - Re-engagement & Habit Building","0"
"1110","60149948","EGSS-mahmoud04","ME-EGSS01","MEKSA-EGSS01","围场外","outside pool","3","10","1-3 Classes (Low)","2026-06-03 00:00:00","2026-06-03 00:00:00","Last 1v1 Payment","20260603","STANDARD - Re-engagement & Habit Building","0"
"1111","60151685","EGSS-mahmoud04","ME-EGSS01","MEKSA-EGSS01","围场外","outside pool","3","10","1-3 Classes (Low)","2026-06-03 00:00:00","2026-06-03 00:00:00","Last 1v1 Payment","20260603","STANDARD - Re-engagement & Habit Building","0"
"1121","60311123","EGSS-nohayoussry","ME-EGSS01","MEKSA-EGSS01","到期","Exp Non-0","3","9","1-3 Classes (Low)","2026-06-09 00:00:00","2026-06-09 00:00:00","Last 1v1 Payment","20260609","STANDARD - Re-engagement & Habit Building","0"
"1122","60307802","EGSS-nohayoussry","ME-EGSS01","MEKSA-EGSS01","围场外","outside pool","3","9","1-3 Classes (Low)","2026-06-09 00:00:00","2026-06-09 00:00:00","Last 1v1 Payment","20260609","STANDARD - Re-engagement & Habit Building","0"
"1126","59416821","EGSS-ashraqatal","ME-EGSS01","MEKSA-EGSS01","围场外","outside pool","3","8","1-3 Classes (Low)","2026-06-10 00:00:00","2026-06-10 00:00:00","Last 1v1 Payment","20260610","STANDARD - Re-engagement & Habit Building","0"
"1134","62216907","EGSS-mahmoud04","ME-EGSS01","MEKSA-EGSS01","围场外","outside pool","3","8","1-3 Classes (Low)","2026-06-15 00:00:00","2026-06-15 00:00:00","Last 1v1 Payment","20260615","STANDARD - Re-engagement & Habit Building","0"
"1139","58816339","EGSS-juliamonir01","ME-EGSS01","MEKSA-EGSS01","围场外","outside pool","3","7","1-3 Classes (Low)","2026-06-16 00:00:00","2026-06-16 00:00:00","Last 1v1 Payment","20260616","STANDARD - Re-engagement & Habit Building","0"
"1146","61646431","EGSS-ashraqatal","ME-EGSS01","MEKSA-EGSS01","围场外","outside pool","3","9","1-3 Classes (Low)","2026-06-23 00:00:00","2026-06-23 00:00:00","Last 1v1 Payment","20260623","STANDARD - Re-engagement & Habit Building","0"
"1147","61632371","EGSS-ashraqatal","ME-EGSS01","MEKSA-EGSS01","围场外","outside pool","3","9","1-3 Classes (Low)","2026-06-23 00:00:00","2026-06-23 00:00:00","Last 1v1 Payment","20260623","STANDARD - Re-engagement & Habit Building","0"
"1151","62233485","EGSS-mahmoud04","ME-EGSS01","MEKSA-EGSS01","围场外","outside pool","3","9","1-3 Classes (Low)","2026-06-25 00:00:00","2026-06-25 00:00:00","Last 1v1 Payment","20260625","STANDARD - Re-engagement & Habit Building","0"
"1154","60697420","EGSS-mahmoud04","ME-EGSS01","MEKSA-EGSS01","围场外","outside pool","3","9","1-3 Classes (Low)","2026-06-28 00:00:00","2026-06-28 00:00:00","Last 1v1 Payment","20260628","STANDARD - Re-engagement & Habit Building","0"
"1155","59274716","EGSS-nohayoussry","ME-EGSS01","MEKSA-EGSS01","围场外","outside pool","3","7","1-3 Classes (Low)","2026-06-28 00:00:00","2026-06-28 00:00:00","Last 1v1 Payment","20260628","STANDARD - Re-engagement & Habit Building","0"
"1163","60604337","EGSS-juliamonir01","ME-EGSS01","MEKSA-EGSS01","到期","Exp Non-0","3","13","1-3 Classes (Low)","2026-06-30 00:00:00","2026-06-30 00:00:00","Last 1v1 Payment","20260630","STANDARD - Re-engagement & Habit Building","0"
"1166","62728946","EGSS-ashraqatal","ME-EGSS01","MEKSA-EGSS01","围场外","outside pool","3","9","1-3 Classes (Low)","2026-06-30 00:00:00","2026-06-30 00:00:00","Last 1v1 Payment","20260630","STANDARD - Re-engagement & Habit Building","0"
"1167","62392130","EGSS-ashraqatal","ME-EGSS01","MEKSA-EGSS01","围场外","outside pool","3","1","1-3 Classes (Low)","2026-06-30 00:00:00","2026-06-30 00:00:00","Last 1v1 Payment","20260630","STANDARD - Re-engagement & Habit Building","0"
"1174","63016615","EGSS-juliamonir01","ME-EGSS01","MEKSA-EGSS01","围场外","outside pool","3","11","1-3 Classes (Low)","2026-07-05 00:00:00","2026-07-05 00:00:00","CRM System Outreach","-","STANDARD - Re-engagement & Habit Building","0"
"1180","61432941","EGSS-negma","ME-EGSS01","MEKSA-EGSS01","围场外","outside pool","3","11","1-3 Classes (Low)","2026-07-09 00:00:00","2026-07-09 00:00:00","Last 1v1 Payment","20260709","STANDARD - Re-engagement & Habit Building","0"
"1188","60347437","EGSS-mahmoud04","ME-EGSS01","MEKSA-EGSS01","围场外","outside pool","3","6","1-3 Classes (Low)","2026-07-14 00:00:00","2026-07-14 00:00:00","Last 1v1 Payment","20260714","STANDARD - Re-engagement & Habit Building","0"
"1189","63087526","EGSS-negma","ME-EGSS01","MEKSA-EGSS01","围场外","outside pool","3","11","1-3 Classes (Low)","2026-07-14 00:00:00","2026-07-14 00:00:00","Last 1v1 Payment","20260714","STANDARD - Re-engagement & Habit Building","0"
"1191","63282475","EGSS-negma","ME-EGSS01","MEKSA-EGSS01","围场外","outside pool","3","10","1-3 Classes (Low)","2026-07-15 00:00:00","2026-07-15 00:00:00","CRM System Outreach","-","STANDARD - Re-engagement & Habit Building","0"
"1195","63738919","EGSS-ashraqatal","ME-EGSS01","MEKSA-EGSS01","围场外","outside pool","3","9","1-3 Classes (Low)","2026-07-16 00:00:00","2026-07-16 00:00:00","CRM System Outreach","-","STANDARD - Re-engagement & Habit Building","0"
"1197","63721494","EGSS-ashraqatal","ME-EGSS01","MEKSA-EGSS01","围场外","outside pool","3","9","1-3 Classes (Low)","2026-07-19 00:00:00","2026-07-19 00:00:00","CRM System Outreach","-","STANDARD - Re-engagement & Habit Building","0"
"1198","63751934","EGSS-ashraqatal","ME-EGSS01","MEKSA-EGSS01","围场外","outside pool","3","6","1-3 Classes (Low)","2026-07-19 00:00:00","2026-07-19 00:00:00","CRM System Outreach","-","STANDARD - Re-engagement & Habit Building","0"
"1199","62064194","EGSS-juliamonir01","ME-EGSS01","MEKSA-EGSS01","围场外","outside pool","3","9","1-3 Classes (Low)","2026-07-20 00:00:00","2026-07-20 00:00:00","Last 1v1 Payment","20260720","STANDARD - Re-engagement & Habit Building","0"
"1202","62064390","EGSS-juliamonir01","ME-EGSS01","MEKSA-EGSS01","围场外","outside pool","3","9","1-3 Classes (Low)","2026-07-20 00:00:00","2026-07-20 00:00:00","Last 1v1 Payment","20260720","STANDARD - Re-engagement & Habit Building","0"
"1207","58511315","EGSS-negma","ME-EGSS01","MEKSA-EGSS01","围场外","outside pool","3","10","1-3 Classes (Low)","2026-07-21 00:00:00","2026-07-21 00:00:00","Last 1v1 Payment","20260721","STANDARD - Re-engagement & Habit Building","0"
"1212","58066900","EGSS-nohayoussry","ME-EGSS01","MEKSA-EGSS01","围场外","outside pool","3","6","1-3 Classes (Low)","2026-07-23 00:00:00","2026-07-23 00:00:00","CRM System Outreach","-","STANDARD - Re-engagement & Habit Building","0"
"1213","63664211","EGSS-nohayoussry","ME-EGSS01","MEKSA-EGSS01","围场外","outside pool","3","9","1-3 Classes (Low)","2026-07-23 00:00:00","2026-07-23 00:00:00","CRM System Outreach","-","STANDARD - Re-engagement & Habit Building","0"
"1215","63436031","EGSS-juliamonir01","ME-EGSS01","MEKSA-EGSS01","围场外","outside pool","3","0","1-3 Classes (Low)","2026-07-25 00:00:00","2026-07-25 00:00:00","CRM System Outreach","-","STANDARD - Re-engagement & Habit Building","0"
"1218","63662219","EGSS-negma","ME-EGSS01","MEKSA-EGSS01","到期","Exp Non-0","3","6","1-3 Classes (Low)","2026-07-26 00:00:00","2026-07-26 00:00:00","CRM System Outreach","-","STANDARD - Re-engagement & Habit Building","0"
"1219","62431083","EGSS-ashraqatal","ME-EGSS01","MEKSA-EGSS01","期间","period","3","6","1-3 Classes (Low)","2026-07-27 00:00:00","2026-07-27 00:00:00","Last 1v1 Payment","20260727","STANDARD - Re-engagement & Habit Building","0"
"1220","58439370","EGSS-juliamonir01","ME-EGSS01","MEKSA-EGSS01","围场外","outside pool","3","8","1-3 Classes (Low)","2026-07-27 00:00:00","2026-07-27 00:00:00","Last 1v1 Payment","20260727","STANDARD - Re-engagement & Habit Building","0"
"1222","61542255","EGSS-negma","ME-EGSS01","MEKSA-EGSS01","围场外","outside pool","3","9","1-3 Classes (Low)","2026-07-27 00:00:00","2026-07-27 00:00:00","Last 1v1 Payment","20260727","STANDARD - Re-engagement & Habit Building","0"
"1223","63088246","EGSS-mahmoud04","ME-EGSS01","MEKSA-EGSS01","围场外","outside pool","3","9","1-3 Classes (Low)","2026-07-27 00:00:00","2026-07-27 00:00:00","Last 1v1 Payment","20260727","STANDARD - Re-engagement & Habit Building","0"
"1235","63014584","EGSS-juliamonir01","ME-EGSS01","MEKSA-EGSS01","围场外","outside pool","3","9","1-3 Classes (Low)","2026-07-30 00:00:00","2026-07-30 00:00:00","CRM System Outreach","-","STANDARD - Re-engagement & Habit Building","0"
"1239","63415107","EGSS-ashraqatal","ME-EGSS01","MEKSA-EGSS01","围场外","outside pool","3","8","1-3 Classes (Low)","2026-07-30 00:00:00","2026-07-30 00:00:00","CRM System Outreach","-","STANDARD - Re-engagement & Habit Building","0"
"1241","61447548","EGSS-ashraqatal","ME-EGSS01","MEKSA-EGSS01","围场外","outside pool","3","1","1-3 Classes (Low)","2026-07-31 00:00:00","2026-07-31 00:00:00","Last 1v1 Payment","20260731","STANDARD - Re-engagement & Habit Building","0"
"1242","63375771","EGSS-mahmoud04","ME-EGSS01","MEKSA-EGSS01","围场外","outside pool","3","14","1-3 Classes (Low)","2026-08-01 00:00:00","2026-08-01 00:00:00","Last 1v1 Payment","20260801","STANDARD - Re-engagement & Habit Building","0"
"1245","63602457","EGSS-nohayoussry","ME-EGSS01","MEKSA-EGSS01","围场外","outside pool","3","9","1-3 Classes (Low)","2026-08-01 00:00:00","2026-08-01 00:00:00","CRM System Outreach","-","STANDARD - Re-engagement & Habit Building","0"
"1247","59611071","EGSS-nohayoussry","ME-EGSS01","MEKSA-EGSS01","围场外","outside pool","3","9","1-3 Classes (Low)","2026-08-02 00:00:00","2026-08-02 00:00:00","Last 1v1 Payment","20260802","STANDARD - Re-engagement & Habit Building","0"
"1251","63746985","EGSS-nohayoussry","ME-EGSS01","MEKSA-EGSS01","围场外","outside pool","3","10","1-3 Classes (Low)","2026-08-02 00:00:00","2026-08-02 00:00:00","CRM System Outreach","-","STANDARD - Re-engagement & Habit Building","0"
"1254","61977127","EGSS-ashraqatal","ME-EGSS01","MEKSA-EGSS01","围场外","outside pool","3","10","1-3 Classes (Low)","2026-08-04 00:00:00","2026-08-04 00:00:00","Last 1v1 Payment","20260804","STANDARD - Re-engagement & Habit Building","0"
"1256","63163593","EGSS-mahmoud04","ME-EGSS01","MEKSA-EGSS01","围场外","outside pool","3","8","1-3 Classes (Low)","2026-08-04 00:00:00","2026-08-04 00:00:00","Last 1v1 Payment","20260804","STANDARD - Re-engagement & Habit Building","0"
"1257","61982724","EGSS-ashraqatal","ME-EGSS01","MEKSA-EGSS01","围场外","outside pool","3","10","1-3 Classes (Low)","2026-08-04 00:00:00","2026-08-04 00:00:00","Last 1v1 Payment","20260804","STANDARD - Re-engagement & Habit Building","0"
"1258","63738972","EGSS-ashraqatal","ME-EGSS01","MEKSA-EGSS01","围场外","outside pool","3","6","1-3 Classes (Low)","2026-08-04 00:00:00","2026-08-04 00:00:00","CRM System Outreach","-","STANDARD - Re-engagement & Habit Building","0"
"1261","59476116","EGSS-negma","ME-EGSS01","MEKSA-EGSS01","围场外","outside pool","3","9","1-3 Classes (Low)","2026-08-05 00:00:00","2026-08-05 00:00:00","CRM System Outreach","-","STANDARD - Re-engagement & Habit Building","0"
"1263","63437256","EGSS-nohayoussry","ME-EGSS01","MEKSA-EGSS01","围场外","outside pool","3","12","1-3 Classes (Low)","2026-08-06 00:00:00","2026-08-06 00:00:00","Last 1v1 Payment","20260806","STANDARD - Re-engagement & Habit Building","0"
"1265","62713629","EGSS-mahmoud04","ME-EGSS01","MEKSA-EGSS01","围场外","outside pool","3","9","1-3 Classes (Low)","2026-08-06 00:00:00","2026-08-06 00:00:00","Last 1v1 Payment","20260806","STANDARD - Re-engagement & Habit Building","0"
"1271","63341140","EGSS-juliamonir01","ME-EGSS01","MEKSA-EGSS01","到期","Exp Non-0","3","9","1-3 Classes (Low)","2026-08-07 00:00:00","2026-08-07 00:00:00","CRM System Outreach","-","STANDARD - Re-engagement & Habit Building","0"
"1275","58501716","EGSS-juliamonir01","ME-EGSS01","MEKSA-EGSS01","围场外","outside pool","3","6","1-3 Classes (Low)","2026-08-09 00:00:00","2026-08-09 00:00:00","CRM System Outreach","-","STANDARD - Re-engagement & Habit Building","0"
"1276","63498819","EGSS-juliamonir01","ME-EGSS01","MEKSA-EGSS01","围场外","outside pool","3","11","1-3 Classes (Low)","2026-08-09 00:00:00","2026-08-09 00:00:00","Last 1v1 Payment","20260809","STANDARD - Re-engagement & Habit Building","0"
"1280","61785967","EGSS-juliamonir01","ME-EGSS01","MEKSA-EGSS01","到期","Exp Non-0","3","8","1-3 Classes (Low)","2026-08-10 00:00:00","2026-08-10 00:00:00","CRM System Outreach","-","STANDARD - Re-engagement & Habit Building","0"
"1282","63822802","EGSS-mahmoud04","ME-EGSS01","MEKSA-EGSS01","围场外","outside pool","3","9","1-3 Classes (Low)","2026-08-10 00:00:00","2026-08-10 00:00:00","CRM System Outreach","-","STANDARD - Re-engagement & Habit Building","0"
"1284","61656702","EGSS-juliamonir01","ME-EGSS01","MEKSA-EGSS01","围场外","outside pool","3","9","1-3 Classes (Low)","2026-08-11 00:00:00","2026-08-11 00:00:00","Last 1v1 Payment","20260811","STANDARD - Re-engagement & Habit Building","0"
"1285","61656781","EGSS-juliamonir01","ME-EGSS01","MEKSA-EGSS01","围场外","outside pool","3","9","1-3 Classes (Low)","2026-08-11 00:00:00","2026-08-11 00:00:00","Last 1v1 Payment","20260811","STANDARD - Re-engagement & Habit Building","0"
"1288","60282759","EGSS-ashraqatal","ME-EGSS01","MEKSA-EGSS01","围场外","outside pool","3","8","1-3 Classes (Low)","2026-08-11 00:00:00","2026-08-11 00:00:00","Last 1v1 Payment","20260811","STANDARD - Re-engagement & Habit Building","0"
"1293","63539174","EGSS-nohayoussry","ME-EGSS01","MEKSA-EGSS01","围场外","outside pool","3","6","1-3 Classes (Low)","2026-08-13 00:00:00","2026-08-13 00:00:00","CRM System Outreach","-","STANDARD - Re-engagement & Habit Building","0"
"1294","63619222","EGSS-juliamonir01","ME-EGSS01","MEKSA-EGSS01","到期","Exp Non-0","3","8","1-3 Classes (Low)","2026-08-13 00:00:00","2026-08-13 00:00:00","CRM System Outreach","-","STANDARD - Re-engagement & Habit Building","0"
"1297","61135097","EGSS-ashraqatal","ME-EGSS01","MEKSA-EGSS01","围场外","outside pool","3","9","1-3 Classes (Low)","2026-08-15 00:00:00","2026-08-15 00:00:00","CRM System Outreach","20260914","STANDARD - Re-engagement & Habit Building","0"
"1300","63593854","EGSS-juliamonir01","ME-EGSS01","MEKSA-EGSS01","围场外","outside pool","3","6","1-3 Classes (Low)","2026-08-15 00:00:00","2026-08-15 00:00:00","CRM System Outreach","-","STANDARD - Re-engagement & Habit Building","0"
"1309","59057440","EGSS-nohayoussry","ME-EGSS01","MEKSA-EGSS01","围场外","outside pool","3","9","1-3 Classes (Low)","2026-08-18 00:00:00","2026-08-18 00:00:00","CRM System Outreach","-","STANDARD - Re-engagement & Habit Building","0"
"1312","60622386","EGSS-ashraqatal","ME-EGSS01","MEKSA-EGSS01","围场外","outside pool","3","6","1-3 Classes (Low)","2026-08-20 00:00:00","2026-08-20 00:00:00","CRM System Outreach","-","STANDARD - Re-engagement & Habit Building","0"
"1318","58769809","EGSS-negma","ME-EGSS01","MEKSA-EGSS01","围场外","outside pool","3","13","1-3 Classes (Low)","2026-08-22 00:00:00","2026-08-22 00:00:00","CRM System Outreach","20260731","STANDARD - Re-engagement & Habit Building","0"
"1321","63499825","EGSS-nohayoussry","ME-EGSS01","MEKSA-EGSS01","围场外","outside pool","3","5","1-3 Classes (Low)","2026-08-23 00:00:00","2026-08-23 00:00:00","CRM System Outreach","-","STANDARD - Re-engagement & Habit Building","0"
"1324","63614137","EGSS-nohayoussry","ME-EGSS01","MEKSA-EGSS01","围场外","outside pool","3","9","1-3 Classes (Low)","2026-08-24 00:00:00","2026-08-24 00:00:00","CRM System Outreach","-","STANDARD - Re-engagement & Habit Building","0"
"1329","60692153","EGSS-negma","ME-EGSS01","MEKSA-EGSS01","围场外","outside pool","3","6","1-3 Classes (Low)","2026-08-24 00:00:00","2026-08-24 00:00:00","CRM System Outreach","-","STANDARD - Re-engagement & Habit Building","0"
"1332","63856380","EGSS-nohayoussry","ME-EGSS01","MEKSA-EGSS01","围场外","outside pool","3","9","1-3 Classes (Low)","2026-08-26 00:00:00","2026-08-26 00:00:00","CRM System Outreach","-","STANDARD - Re-engagement & Habit Building","0"
"1333","60313810","EGSS-mahmoud04","ME-EGSS01","MEKSA-EGSS01","围场外","outside pool","3","9","1-3 Classes (Low)","2026-08-26 00:00:00","2026-08-26 00:00:00","Last 1v1 Payment","20260826","STANDARD - Re-engagement & Habit Building","0"
"1334","62951582","EGSS-nohayoussry","ME-EGSS01","MEKSA-EGSS01","围场外","outside pool","3","11","1-3 Classes (Low)","2026-08-26 00:00:00","2026-08-26 00:00:00","Last 1v1 Payment","20260826","STANDARD - Re-engagement & Habit Building","0"
"1343","59354432","EGSS-mahmoud04","ME-EGSS01","MEKSA-EGSS01","围场外","outside pool","3","6","1-3 Classes (Low)","2026-08-27 00:00:00","2026-08-27 00:00:00","Last 1v1 Payment","20260827","STANDARD - Re-engagement & Habit Building","0"
"1345","62458960","EGSS-ashraqatal","ME-EGSS01","MEKSA-EGSS01","围场外","outside pool","3","14","1-3 Classes (Low)","2026-08-27 00:00:00","2026-08-27 00:00:00","Last 1v1 Payment","20260827","STANDARD - Re-engagement & Habit Building","0"
"1348","59107121","EGSS-nohayoussry","ME-EGSS01","MEKSA-EGSS01","围场外","outside pool","3","9","1-3 Classes (Low)","2026-08-27 00:00:00","2026-08-27 00:00:00","Last 1v1 Payment","20260827","STANDARD - Re-engagement & Habit Building","0"
"1349","62221309","EGSS-nohayoussry","ME-EGSS01","MEKSA-EGSS01","围场外","outside pool","3","9","1-3 Classes (Low)","2026-08-27 00:00:00","2026-08-27 00:00:00","Last 1v1 Payment","20260827","STANDARD - Re-engagement & Habit Building","0"
"1378","59716232","EGSS-juliamonir01","ME-EGSS01","MEKSA-EGSS01","围场外","outside pool","3","11","1-3 Classes (Low)","2026-09-07 00:00:00","2026-09-07 00:00:00","Last 1v1 Payment","20260907","STANDARD - Re-engagement & Habit Building","0"
"1381","62511454","EGSS-mahmoud04","ME-EGSS01","MEKSA-EGSS01","围场外","outside pool","3","8","1-3 Classes (Low)","2026-09-08 00:00:00","2026-09-08 00:00:00","Last 1v1 Payment","20260908","STANDARD - Re-engagement & Habit Building","0"
"1382","63584101","EGSS-mahmoud04","ME-EGSS01","MEKSA-EGSS01","围场外","outside pool","3","5","1-3 Classes (Low)","2026-09-09 13:23:21","2026-09-09 13:23:21","SOP Completed Touch","20260921","STANDARD - Re-engagement & Habit Building","0"
"1387","62538008","EGSS-nohayoussry","ME-EGSS01","MEKSA-EGSS01","围场外","outside pool","3","7","1-3 Classes (Low)","2026-09-13 00:00:00","2026-09-13 00:00:00","Last 1v1 Payment","20260913","STANDARD - Re-engagement & Habit Building","0"
"1391","63661884","EGSS-negma","ME-EGSS01","MEKSA-EGSS01","围场外","outside pool","3","6","1-3 Classes (Low)","2026-09-15 21:08:16","2026-09-15 21:08:16","SOP Completed Touch","-","STANDARD - Re-engagement & Habit Building","0"
"1392","63720144","EGSS-negma","ME-EGSS01","MEKSA-EGSS01","围场外","outside pool","3","9","1-3 Classes (Low)","2026-09-15 21:30:47","2026-09-15 21:30:47","SOP Completed Touch","-","STANDARD - Re-engagement & Habit Building","0"
"1398","62803943","EGSS-mahmoud04","ME-EGSS01","MEKSA-EGSS01","围场外","outside pool","3","9","1-3 Classes (Low)","2026-09-19 00:00:00","2026-09-19 00:00:00","Last 1v1 Payment","20260919","STANDARD - Re-engagement & Habit Building","0"
"1399","62810639","EGSS-mahmoud04","ME-EGSS01","MEKSA-EGSS01","围场外","outside pool","3","9","1-3 Classes (Low)","2026-09-19 00:00:00","2026-09-19 00:00:00","Last 1v1 Payment","20260919","STANDARD - Re-engagement & Habit Building","0"
"1405","62908857","EGSS-negma","ME-EGSS01","MEKSA-EGSS01","围场外","outside pool","3","11","1-3 Classes (Low)","2026-09-21 00:00:00","2026-09-21 00:00:00","Last 1v1 Payment","20260921","STANDARD - Re-engagement & Habit Building","0"
"1407","63811222","EGSS-juliamonir01","ME-EGSS01","MEKSA-EGSS01","围场外","outside pool","3","8","1-3 Classes (Low)","2026-09-22 15:56:14","2026-09-22 15:56:14","SOP Completed Touch","-","STANDARD - Re-engagement & Habit Building","0"
"1411","61514345","EGSS-mahmoud04","ME-EGSS01","MEKSA-EGSS01","围场外","outside pool","3","9","1-3 Classes (Low)","2026-09-24 00:00:00","2026-09-24 00:00:00","Last 1v1 Payment","20260924","STANDARD - Re-engagement & Habit Building","0"
"1413","63615754","EGSS-nohayoussry","ME-EGSS01","MEKSA-EGSS01","围场外","outside pool","3","6","1-3 Classes (Low)","2026-09-24 20:09:36","2026-09-24 20:09:36","SOP Completed Touch","-","STANDARD - Re-engagement & Habit Building","0"
"1417","63424521","EGSS-mahmoud04","ME-EGSS01","MEKSA-EGSS01","围场外","outside pool","3","6","1-3 Classes (Low)","2026-09-27 00:00:00","2026-09-27 00:00:00","Last 1v1 Payment","20260927","STANDARD - Re-engagement & Habit Building","0"
"1419","58785483","EGSS-mahmoud04","ME-EGSS01","MEKSA-EGSS01","围场外","outside pool","3","6","1-3 Classes (Low)","2026-09-27 00:00:00","2026-09-27 00:00:00","Last 1v1 Payment","20260927","STANDARD - Re-engagement & Habit Building","0"
"1421","60679066","EGSS-mahmoud04","ME-EGSS01","MEKSA-EGSS01","围场外","outside pool","3","11","1-3 Classes (Low)","2026-09-28 00:00:00","2026-09-28 00:00:00","Last 1v1 Payment","20260928","STANDARD - Re-engagement & Habit Building","0"
"1424","60157040","EGSS-nohayoussry","ME-EGSS01","MEKSA-EGSS01","围场外","outside pool","3","9","1-3 Classes (Low)","2026-09-29 00:00:00","2026-09-29 00:00:00","Last 1v1 Payment","20260929","STANDARD - Re-engagement & Habit Building","0"
"1427","61974075","EGSS-juliamonir01","ME-EGSS01","MEKSA-EGSS01","围场外","outside pool","3","6","1-3 Classes (Low)","2026-09-29 13:48:35","2026-09-29 13:48:35","SOP Completed Touch","20260512","STANDARD - Re-engagement & Habit Building","0"
"1429","63887782","EGSS-mahmoud04","ME-EGSS01","MEKSA-EGSS01","围场外","outside pool","3","9","1-3 Classes (Low)","2026-09-29 14:32:49","2026-09-29 14:32:49","SOP Completed Touch","-","STANDARD - Re-engagement & Habit Building","0"
"1434","63477988","EGSS-nohayoussry","ME-EGSS01","MEKSA-EGSS01","围场外","outside pool","3","9","1-3 Classes (Low)","2026-09-29 20:22:20","2026-09-29 20:22:20","SOP Completed Touch","-","STANDARD - Re-engagement & Habit Building","0"
"1435","59294549","EGSS-nohayoussry","ME-EGSS01","MEKSA-EGSS01","围场外","outside pool","3","4","1-3 Classes (Low)","2026-09-30 00:00:00","2026-09-30 00:00:00","Last 1v1 Payment","20260930","STANDARD - Re-engagement & Habit Building","0"
"1443","64133946","EGSS-nohayoussry","ME-EGSS01","MEKSA-EGSS01","升舱","Upgrade M2","3","11","1-3 Classes (Low)","2026-09-30 13:05:18","2026-09-30 13:05:18","SOP Completed Touch","-","STANDARD - Re-engagement & Habit Building","0"
"1445","61803848","EGSS-mahmoud04","ME-EGSS01","MEKSA-EGSS01","围场外","outside pool","3","9","1-3 Classes (Low)","2026-09-30 13:21:30","2026-09-30 13:21:30","SOP Completed Touch","20261005","STANDARD - Re-engagement & Habit Building","0"
"1446","59899133","EGSS-mahmoud04","ME-EGSS01","MEKSA-EGSS01","围场外","outside pool","3","6","1-3 Classes (Low)","2026-09-30 13:24:38","2026-09-30 13:24:38","SOP Completed Touch","-","STANDARD - Re-engagement & Habit Building","0"
"1448","64050275","EGSS-mahmoud04","ME-EGSS01","MEKSA-EGSS01","升舱","Upgrade M2","3","9","1-3 Classes (Low)","2026-09-30 15:51:50","2026-09-30 15:51:50","SOP Completed Touch","-","STANDARD - Re-engagement & Habit Building","0"
"1455","58267501","EGSS-negma","ME-EGSS01","MEKSA-EGSS01","围场外","outside pool","3","8","1-3 Classes (Low)","2026-10-01 14:08:56","2026-10-01 14:08:56","SOP Completed Touch","20260505","STANDARD - Re-engagement & Habit Building","0"
"1457","64233461","EGSS-ashraqatal","ME-EGSS01","MEKSA-EGSS01","围场外","outside pool","3","0","1-3 Classes (Low)","2026-10-01 14:39:38","2026-10-01 14:39:38","SOP Completed Touch","-","STANDARD - Re-engagement & Habit Building","0"
"1458","64157873","EGSS-negma","ME-EGSS01","MEKSA-EGSS01","升舱","Upgrade M2","3","9","1-3 Classes (Low)","2026-10-01 15:18:01","2026-10-01 15:18:01","SOP Completed Touch","-","STANDARD - Re-engagement & Habit Building","0"
"1465","63996370","EGSS-ashraqatal","ME-EGSS01","MEKSA-EGSS01","升舱","Upgrade M2","3","8","1-3 Classes (Low)","2026-10-01 18:30:43","2026-10-01 18:30:43","SOP Completed Touch","-","STANDARD - Re-engagement & Habit Building","0"
"1471","63877639","EGSS-negma","ME-EGSS01","MEKSA-EGSS01","到期","Exp Non-0","3","8","1-3 Classes (Low)","2026-10-03 00:00:00","2026-10-03 00:00:00","Last 1v1 Payment","20261003","STANDARD - Re-engagement & Habit Building","0"
"1479","62969723","EGSS-ashraqatal","ME-EGSS01","MEKSA-EGSS01","升舱","Upgrade M2","3","0","1-3 Classes (Low)","2026-10-03 11:15:45","2026-10-03 11:15:45","SOP Task Assigned","-","STANDARD - Re-engagement & Habit Building","0"
"1480","63552883","EGSS-negma","ME-EGSS01","MEKSA-EGSS01","升舱","Upgrade M2","3","9","1-3 Classes (Low)","2026-10-03 11:16:39","2026-10-03 11:16:39","SOP Task Assigned","-","STANDARD - Re-engagement & Habit Building","0"
"1482","63789958","EGSS-nohayoussry","ME-EGSS01","MEKSA-EGSS01","升舱","Upgrade M2","3","9","1-3 Classes (Low)","2026-10-03 11:17:11","2026-10-03 11:17:11","SOP Task Assigned","-","STANDARD - Re-engagement & Habit Building","0"
"1483","63838029","EGSS-nohayoussry","ME-EGSS01","MEKSA-EGSS01","升舱","Upgrade M2","3","14","1-3 Classes (Low)","2026-10-03 11:17:17","2026-10-03 11:17:17","SOP Task Assigned","-","STANDARD - Re-engagement & Habit Building","0"
"1486","63910713","EGSS-juliamonir01","ME-EGSS01","MEKSA-EGSS01","升舱","Upgrade M2","3","9","1-3 Classes (Low)","2026-10-03 11:18:19","2026-10-03 11:18:19","SOP Task Assigned","-","STANDARD - Re-engagement & Habit Building","0"
"1487","63920015","EGSS-nohayoussry","ME-EGSS01","MEKSA-EGSS01","升舱","Upgrade M2","3","13","1-3 Classes (Low)","2026-10-03 11:18:56","2026-10-03 11:18:56","SOP Task Assigned","-","STANDARD - Re-engagement & Habit Building","0"
"1490","63970152","EGSS-nohayoussry","ME-EGSS01","MEKSA-EGSS01","升舱","Upgrade M2","3","8","1-3 Classes (Low)","2026-10-03 11:21:20","2026-10-03 11:21:20","SOP Task Assigned","-","STANDARD - Re-engagement & Habit Building","0"
"1491","63977089","EGSS-negma","ME-EGSS01","MEKSA-EGSS01","升舱","Upgrade M2","3","9","1-3 Classes (Low)","2026-10-03 11:21:37","2026-10-03 11:21:37","SOP Task Assigned","-","STANDARD - Re-engagement & Habit Building","0"
"1492","63984474","EGSS-negma","ME-EGSS01","MEKSA-EGSS01","升舱","Upgrade M2","3","9","1-3 Classes (Low)","2026-10-03 11:22:03","2026-10-03 11:22:03","SOP Task Assigned","-","STANDARD - Re-engagement & Habit Building","0"
"1499","64051649","EGSS-mahmoud04","ME-EGSS01","MEKSA-EGSS01","升舱","Upgrade M2","3","6","1-3 Classes (Low)","2026-10-03 11:25:17","2026-10-03 11:25:17","SOP Task Assigned","-","STANDARD - Re-engagement & Habit Building","0"
"1521","61566872","EGSS-negma","ME-EGSS01","MEKSA-EGSS01","围场外","outside pool","3","8","1-3 Classes (Low)","2026-10-03 12:43:07","2026-10-03 12:43:07","SOP Completed Touch","-","STANDARD - Re-engagement & Habit Building","0"
"1522","64095288","EGSS-negma","ME-EGSS01","MEKSA-EGSS01","围场外","outside pool","3","8","1-3 Classes (Low)","2026-10-03 12:43:50","2026-10-03 12:43:50","SOP Completed Touch","-","STANDARD - Re-engagement & Habit Building","0"
"1523","63506521","EGSS-negma","ME-EGSS01","MEKSA-EGSS01","围场外","outside pool","3","8","1-3 Classes (Low)","2026-10-03 12:44:06","2026-10-03 12:44:06","SOP Completed Touch","20260810","STANDARD - Re-engagement & Habit Building","0"
"1528","64157496","EGSS-juliamonir01","ME-EGSS01","MEKSA-EGSS01","升舱","Upgrade M2","3","9","1-3 Classes (Low)","2026-10-03 13:20:27","2026-10-03 13:20:27","SOP Completed Touch","-","STANDARD - Re-engagement & Habit Building","0"
"1529","64157593","EGSS-juliamonir01","ME-EGSS01","MEKSA-EGSS01","升舱","Upgrade M2","3","9","1-3 Classes (Low)","2026-10-03 13:20:32","2026-10-03 13:20:32","SOP Completed Touch","-","STANDARD - Re-engagement & Habit Building","0"
"1530","60763921","EGSS-ashraqatal","ME-EGSS01","MEKSA-EGSS01","围场外","outside pool","3","9","1-3 Classes (Low)","2026-10-03 13:32:41","2026-10-03 13:32:41","SOP Completed Touch","-","STANDARD - Re-engagement & Habit Building","0"
"1531","58675856","EGSS-juliamonir01","ME-EGSS01","MEKSA-EGSS01","到期","Exp Non-0","3","9","1-3 Classes (Low)","2026-10-03 14:14:38","2026-10-03 14:14:38","SOP Completed Touch","-","STANDARD - Re-engagement & Habit Building","0"
"1532","61410131","EGSS-juliamonir01","ME-EGSS01","MEKSA-EGSS01","围场外","outside pool","3","9","1-3 Classes (Low)","2026-10-03 14:14:54","2026-10-03 14:14:54","SOP Completed Touch","-","STANDARD - Re-engagement & Habit Building","0"
"1534","58824521","EGSS-juliamonir01","ME-EGSS01","MEKSA-EGSS01","升舱","Upgrade M2","3","11","1-3 Classes (Low)","2026-10-03 14:18:42","2026-10-03 14:18:42","SOP Completed Touch","-","STANDARD - Re-engagement & Habit Building","0"
"1536","58615858","EGSS-juliamonir01","ME-EGSS01","MEKSA-EGSS01","围场外","outside pool","3","5","1-3 Classes (Low)","2026-10-03 14:19:23","2026-10-03 14:19:23","SOP Completed Touch","-","STANDARD - Re-engagement & Habit Building","0"
"1537","63540402","EGSS-juliamonir01","ME-EGSS01","MEKSA-EGSS01","围场外","outside pool","3","7","1-3 Classes (Low)","2026-10-03 14:20:02","2026-10-03 14:20:02","SOP Completed Touch","-","STANDARD - Re-engagement & Habit Building","0"
"1538","64169405","EGSS-ashraqatal","ME-EGSS01","MEKSA-EGSS01","升舱","Upgrade M2","3","9","1-3 Classes (Low)","2026-10-03 14:46:25","2026-10-03 14:46:25","SOP Completed Touch","-","STANDARD - Re-engagement & Habit Building","0"
"1544","63629937","EGSS-nohayoussry","ME-EGSS01","MEKSA-EGSS01","围场外","outside pool","3","9","1-3 Classes (Low)","2026-10-03 16:00:20","2026-10-03 16:00:20","SOP Completed Touch","-","STANDARD - Re-engagement & Habit Building","0"
"1547","64328449","EGSS-nohayoussry","ME-EGSS01","MEKSA-EGSS01","围场外","outside pool","3","8","1-3 Classes (Low)","2026-10-03 16:58:04","2026-10-03 16:58:04","SOP Completed Touch","-","STANDARD - Re-engagement & Habit Building","0"
"1548","63181896","EGSS-ashraqatal","ME-EGSS01","MEKSA-EGSS01","围场外","outside pool","3","9","1-3 Classes (Low)","2026-10-03 17:17:55","2026-10-03 17:17:55","SOP Completed Touch","20260727","STANDARD - Re-engagement & Habit Building","0"
"1556","64135636","EGSS-juliamonir01","ME-EGSS01","MEKSA-EGSS01","围场外","outside pool","3","9","1-3 Classes (Low)","2026-10-04 11:09:06","2026-10-04 11:09:06","SOP Task Assigned","-","STANDARD - Re-engagement & Habit Building","0"
"1557","63390140","EGSS-negma","ME-EGSS01","MEKSA-EGSS01","围场外","outside pool","3","8","1-3 Classes (Low)","2026-10-04 12:19:36","2026-10-04 12:19:36","SOP Completed Touch","-","STANDARD - Re-engagement & Habit Building","0"
"1558","63436253","EGSS-negma","ME-EGSS01","MEKSA-EGSS01","围场外","outside pool","3","7","1-3 Classes (Low)","2026-10-04 12:19:48","2026-10-04 12:19:48","SOP Completed Touch","-","STANDARD - Re-engagement & Habit Building","0"
"1560","63496258","EGSS-juliamonir01","ME-EGSS01","MEKSA-EGSS01","到期","Exp Non-0","3","6","1-3 Classes (Low)","2026-10-04 12:34:31","2026-10-04 12:34:31","SOP Completed Touch","-","STANDARD - Re-engagement & Habit Building","0"
"1572","63878734","EGSS-ashraqatal","ME-EGSS01","MEKSA-EGSS01","围场外","outside pool","3","9","1-3 Classes (Low)","2026-10-04 18:18:33","2026-10-04 18:18:33","SOP Completed Touch","-","STANDARD - Re-engagement & Habit Building","0"
"1581","63997596","EGSS-nohayoussry","ME-EGSS01","MEKSA-EGSS01","围场外","outside pool","3","8","1-3 Classes (Low)","2026-10-05 11:10:36","2026-10-05 11:10:36","SOP Task Assigned","-","STANDARD - Re-engagement & Habit Building","0"
"1582","63730842","EGSS-negma","ME-EGSS01","MEKSA-EGSS01","围场外","outside pool","3","6","1-3 Classes (Low)","2026-10-05 12:06:45","2026-10-05 12:06:45","SOP Completed Touch","-","STANDARD - Re-engagement & Habit Building","0"
"1592","58778519","EGSS-negma","ME-EGSS01","MEKSA-EGSS01","到期","Exp Non-0","3","8","1-3 Classes (Low)","2026-10-05 15:20:11","2026-10-05 15:20:11","SOP Completed Touch","20260115","STANDARD - Re-engagement & Habit Building","0"
"1595","63724289","EGSS-ashraqatal","ME-EGSS01","MEKSA-EGSS01","围场外","outside pool","3","7","1-3 Classes (Low)","2026-10-05 15:41:49","2026-10-05 15:41:49","SOP Completed Touch","-","STANDARD - Re-engagement & Habit Building","0"
"1596","63841640","EGSS-ashraqatal","ME-EGSS01","MEKSA-EGSS01","围场外","outside pool","3","13","1-3 Classes (Low)","2026-10-05 15:42:52","2026-10-05 15:42:52","SOP Completed Touch","-","STANDARD - Re-engagement & Habit Building","0"
"1605","58219079","EGSS-mahmoud04","ME-EGSS01","MEKSA-EGSS01","围场外","outside pool","3","12","1-3 Classes (Low)","2026-10-06 11:04:18","2026-10-06 11:04:18","SOP Task Assigned","-","STANDARD - Re-engagement & Habit Building","0"
"1610","63572622","EGSS-mahmoud04","ME-EGSS01","MEKSA-EGSS01","到期","Exp Non-0","3","8","1-3 Classes (Low)","2026-10-06 11:09:25","2026-10-06 11:09:25","SOP Task Assigned","-","STANDARD - Re-engagement & Habit Building","0"
"1631","64111798","EGSS-negma","ME-EGSS01","MEKSA-EGSS01","围场外","outside pool","3","0","1-3 Classes (Low)","2026-10-06 12:54:01","2026-10-06 12:54:01","SOP Completed Touch","-","STANDARD - Re-engagement & Habit Building","0"
"1636","63937989","EGSS-juliamonir01","ME-EGSS01","MEKSA-EGSS01","升舱","Upgrade M2","3","3","1-3 Classes (Low)","2026-10-06 14:11:14","2026-10-06 14:11:14","SOP Completed Touch","-","STANDARD - Re-engagement & Habit Building","0"
"1638","64325921","EGSS-mahmoud04","ME-EGSS01","MEKSA-EGSS01","围场外","outside pool","3","6","1-3 Classes (Low)","2026-10-06 14:21:26","2026-10-06 14:21:26","SOP Completed Touch","-","STANDARD - Re-engagement & Habit Building","0"
"1655","63647805","EGSS-nohayoussry","ME-EGSS01","MEKSA-EGSS01","围场外","outside pool","3","9","1-3 Classes (Low)","2026-10-06 20:07:55","2026-10-06 20:07:55","SOP Completed Touch","-","STANDARD - Re-engagement & Habit Building","0"
"1656","61010950","EGSS-nohayoussry","ME-EGSS01","MEKSA-EGSS01","升舱","Upgrade M2","3","8","1-3 Classes (Low)","2026-10-06 20:08:49","2026-10-06 20:08:49","SOP Completed Touch","-","STANDARD - Re-engagement & Habit Building","0"
"1657","63178353","EGSS-nohayoussry","ME-EGSS01","MEKSA-EGSS01","期间","period","3","6","1-3 Classes (Low)","2026-10-06 20:08:58","2026-10-06 20:08:58","SOP Completed Touch","-","STANDARD - Re-engagement & Habit Building","0"
"1658","63344044","EGSS-nohayoussry","ME-EGSS01","MEKSA-EGSS01","围场外","outside pool","3","7","1-3 Classes (Low)","2026-10-06 20:09:07","2026-10-06 20:09:07","SOP Completed Touch","-","STANDARD - Re-engagement & Habit Building","0"
"1659","63997297","EGSS-nohayoussry","ME-EGSS01","MEKSA-EGSS01","升舱","Upgrade M2","3","9","1-3 Classes (Low)","2026-10-06 20:09:36","2026-10-06 20:09:36","SOP Completed Touch","-","STANDARD - Re-engagement & Habit Building","0"
"1660","64232174","EGSS-nohayoussry","ME-EGSS01","MEKSA-EGSS01","围场外","outside pool","3","9","1-3 Classes (Low)","2026-10-06 20:09:42","2026-10-06 20:09:42","SOP Completed Touch","-","STANDARD - Re-engagement & Habit Building","0"
"1666","61321552","EGSS-ashraqatal","ME-EGSS01","MEKSA-EGSS01","围场外","outside pool","3","8","1-3 Classes (Low)","2026-10-07 07:09:49","2026-10-07 07:09:49","SOP Task Assigned","-","STANDARD - Re-engagement & Habit Building","0"
"1667","63996465","EGSS-nohayoussry","ME-EGSS01","MEKSA-EGSS01","升舱","Upgrade M2","3","6","1-3 Classes (Low)","2026-10-07 07:10:16","2026-10-07 07:10:16","SOP Task Assigned","-","STANDARD - Re-engagement & Habit Building","0"
"1669","60129136","EGSS-mahmoud04","ME-EGSS01","MEKSA-EGSS01","围场外","outside pool","3","18","1-3 Classes (Low)","2026-10-07 11:09:21","2026-10-07 11:09:21","SOP Task Assigned","-","STANDARD - Re-engagement & Habit Building","0"
"1671","62534065","EGSS-juliamonir01","ME-EGSS01","MEKSA-EGSS01","到期","Exp Non-0","3","9","1-3 Classes (Low)","2026-10-07 11:11:04","2026-10-07 11:11:04","SOP Task Assigned","-","STANDARD - Re-engagement & Habit Building","0"
"1672","63228039","EGSS-juliamonir01","ME-EGSS01","MEKSA-EGSS01","期间","period","3","0","1-3 Classes (Low)","2026-10-07 11:12:16","2026-10-07 11:12:16","SOP Task Assigned","-","STANDARD - Re-engagement & Habit Building","0"
"1682","63569640","EGSS-negma","ME-EGSS01","MEKSA-EGSS01","围场外","outside pool","3","9","1-3 Classes (Low)","2026-10-07 12:58:31","2026-10-07 12:58:31","SOP Completed Touch","-","STANDARD - Re-engagement & Habit Building","0"
"1686","60421532","EGSS-juliamonir01","ME-EGSS01","MEKSA-EGSS01","期间","period","3","8","1-3 Classes (Low)","2026-10-07 13:17:56","2026-10-07 13:17:56","SOP Completed Touch","20260604","STANDARD - Re-engagement & Habit Building","0"
"1705","63783829","EGSS-ashraqatal","ME-EGSS01","MEKSA-EGSS01","围场外","outside pool","3","2","1-3 Classes (Low)","2026-10-07 15:37:10","2026-10-07 15:37:10","SOP Completed Touch","-","STANDARD - Re-engagement & Habit Building","0"
"1709","63088262","EGSS-mahmoud04","ME-EGSS01","MEKSA-EGSS01","期间","period","3","6","1-3 Classes (Low)","2026-10-07 16:11:18","2026-10-07 16:11:18","SOP Completed Touch","-","STANDARD - Re-engagement & Habit Building","0"
"1710","63783837","EGSS-ashraqatal","ME-EGSS01","MEKSA-EGSS01","围场外","outside pool","3","3","1-3 Classes (Low)","2026-10-07 16:31:07","2026-10-07 16:31:07","SOP Completed Touch","-","STANDARD - Re-engagement & Habit Building","0"
"1712","58630573","EGSS-mahmoud04","ME-EGSS01","MEKSA-EGSS01","到期","Exp Non-0","3","6","1-3 Classes (Low)","2026-10-07 16:52:46","2026-10-07 16:52:46","SOP Completed Touch","20260210","STANDARD - Re-engagement & Habit Building","0"
"1713","63232843","EGSS-ashraqatal","ME-EGSS01","MEKSA-EGSS01","期间","period","3","9","1-3 Classes (Low)","2026-10-07 17:04:11","2026-10-07 17:04:11","SOP Completed Touch","-","STANDARD - Re-engagement & Habit Building","0"
"1715","62589333","EGSS-ashraqatal","ME-EGSS01","MEKSA-EGSS01","围场外","outside pool","3","0","1-3 Classes (Low)","2026-10-07 17:06:41","2026-10-07 17:06:41","SOP Completed Touch","-","STANDARD - Re-engagement & Habit Building","0"
"1716","64189323","EGSS-ashraqatal","ME-EGSS01","MEKSA-EGSS01","围场外","outside pool","3","9","1-3 Classes (Low)","2026-10-07 17:09:01","2026-10-07 17:09:01","SOP Completed Touch","-","STANDARD - Re-engagement & Habit Building","0"
"1717","63692995","EGSS-ashraqatal","ME-EGSS01","MEKSA-EGSS01","围场外","outside pool","3","14","1-3 Classes (Low)","2026-10-07 17:12:44","2026-10-07 17:12:44","SOP Completed Touch","-","STANDARD - Re-engagement & Habit Building","0"
"1722","61322654","EGSS-nohayoussry","ME-EGSS01","MEKSA-EGSS01","围场外","outside pool","2","8","1-3 Classes (Low)","1970-01-01 00:00:00","No Connection Recorded","No Recorded Connection","-","STANDARD - Re-engagement & Habit Building","0"
"1724","62917042","EGSS-juliamonir01","ME-EGSS01","MEKSA-EGSS01","到期","Exp Non-0","2","8","1-3 Classes (Low)","1970-01-01 00:00:00","No Connection Recorded","No Recorded Connection","-","STANDARD - Re-engagement & Habit Building","0"
"1735","62961118","EGSS-juliamonir01","ME-EGSS01","MEKSA-EGSS01","到期","Exp Non-0","2","9","1-3 Classes (Low)","1970-01-01 00:00:00","No Connection Recorded","No Recorded Connection","-","STANDARD - Re-engagement & Habit Building","0"
"1736","63086782","EGSS-ashraqatal","ME-EGSS01","MEKSA-EGSS01","期间","period","2","0","1-3 Classes (Low)","1970-01-01 00:00:00","No Connection Recorded","No Recorded Connection","-","STANDARD - Re-engagement & Habit Building","0"
"1737","62971385","EGSS-juliamonir01","ME-EGSS01","MEKSA-EGSS01","到期","Exp Non-0","2","6","1-3 Classes (Low)","1970-01-01 00:00:00","No Connection Recorded","No Recorded Connection","-","STANDARD - Re-engagement & Habit Building","0"
"1739","62855101","EGSS-mahmoud04","ME-EGSS01","MEKSA-EGSS01","到期","Exp Non-0","2","10","1-3 Classes (Low)","1970-01-01 00:00:00","No Connection Recorded","No Recorded Connection","-","STANDARD - Re-engagement & Habit Building","0"
"1740","63055664","EGSS-ashraqatal","ME-EGSS01","MEKSA-EGSS01","到期","Exp Non-0","2","5","1-3 Classes (Low)","1970-01-01 00:00:00","No Connection Recorded","No Recorded Connection","-","STANDARD - Re-engagement & Habit Building","0"
"1744","62823903","EGSS-mahmoud04","ME-EGSS01","MEKSA-EGSS01","到期","Exp Non-0","2","9","1-3 Classes (Low)","1970-01-01 00:00:00","No Connection Recorded","No Recorded Connection","-","STANDARD - Re-engagement & Habit Building","0"
"1746","62547011","EGSS-juliamonir01","ME-EGSS01","MEKSA-EGSS01","到期","Exp Non-0","2","9","1-3 Classes (Low)","1970-01-01 00:00:00","No Connection Recorded","No Recorded Connection","-","STANDARD - Re-engagement & Habit Building","0"
"1752","64436105","EGSS-negma","ME-EGSS01","MEKSA-EGSS01","围场外","outside pool","2","0","1-3 Classes (Low)","1970-01-01 00:00:00","No Connection Recorded","No Recorded Connection","-","STANDARD - Re-engagement & Habit Building","0"
"1753","62847691","EGSS-juliamonir01","ME-EGSS01","MEKSA-EGSS01","围场外","outside pool","2","4","1-3 Classes (Low)","1970-01-01 00:00:00","No Connection Recorded","No Recorded Connection","-","STANDARD - Re-engagement & Habit Building","0"
"1754","62857023","EGSS-mahmoud04","ME-EGSS01","MEKSA-EGSS01","到期","Exp Non-0","2","8","1-3 Classes (Low)","1970-01-01 00:00:00","No Connection Recorded","No Recorded Connection","-","STANDARD - Re-engagement & Habit Building","0"
"1760","64181440","EGSS-negma","ME-EGSS01","MEKSA-EGSS01","围场外","outside pool","2","7","1-3 Classes (Low)","1970-01-01 00:00:00","No Connection Recorded","No Recorded Connection","-","STANDARD - Re-engagement & Habit Building","0"
"1765","63119848","EGSS-ashraqatal","ME-EGSS01","MEKSA-EGSS01","到期","Exp Non-0","2","6","1-3 Classes (Low)","1970-01-01 00:00:00","No Connection Recorded","No Recorded Connection","-","STANDARD - Re-engagement & Habit Building","0"
"1772","63120123","EGSS-ashraqatal","ME-EGSS01","MEKSA-EGSS01","到期","Exp Non-0","2","6","1-3 Classes (Low)","1970-01-01 00:00:00","No Connection Recorded","No Recorded Connection","-","STANDARD - Re-engagement & Habit Building","0"
"1777","63495185","EGSS-juliamonir01","ME-EGSS01","MEKSA-EGSS01","围场外","outside pool","2","5","1-3 Classes (Low)","1970-01-01 00:00:00","No Connection Recorded","No Recorded Connection","-","STANDARD - Re-engagement & Habit Building","0"
"1782","62870608","EGSS-mahmoud04","ME-EGSS01","MEKSA-EGSS01","围场外","outside pool","2","9","1-3 Classes (Low)","1970-01-01 00:00:00","No Connection Recorded","No Recorded Connection","-","STANDARD - Re-engagement & Habit Building","0"
"1784","62962279","EGSS-mahmoud04","ME-EGSS01","MEKSA-EGSS01","围场外","outside pool","2","9","1-3 Classes (Low)","1970-01-01 00:00:00","No Connection Recorded","No Recorded Connection","-","STANDARD - Re-engagement & Habit Building","0"
"1786","62962424","EGSS-mahmoud04","ME-EGSS01","MEKSA-EGSS01","到期","Exp Non-0","2","9","1-3 Classes (Low)","1970-01-01 00:00:00","No Connection Recorded","No Recorded Connection","-","STANDARD - Re-engagement & Habit Building","0"
"1790","63018166","EGSS-juliamonir01","ME-EGSS01","MEKSA-EGSS01","围场外","outside pool","2","0","1-3 Classes (Low)","1970-01-01 00:00:00","No Connection Recorded","CRM System Outreach","-","STANDARD - Re-engagement & Habit Building","0"
"1793","63119806","EGSS-ashraqatal","ME-EGSS01","MEKSA-EGSS01","到期","Exp Non-0","2","6","1-3 Classes (Low)","1970-01-01 00:00:00","No Connection Recorded","No Recorded Connection","-","STANDARD - Re-engagement & Habit Building","0"
"1794","63357196","EGSS-juliamonir01","ME-EGSS01","MEKSA-EGSS01","围场外","outside pool","2","9","1-3 Classes (Low)","1970-01-01 00:00:00","No Connection Recorded","No Recorded Connection","-","STANDARD - Re-engagement & Habit Building","0"
"1800","59159279","EGSS-juliamonir01","ME-EGSS01","MEKSA-EGSS01","围场外","outside pool","2","9","1-3 Classes (Low)","1970-01-01 00:00:00","No Connection Recorded","No Recorded Connection","-","STANDARD - Re-engagement & Habit Building","0"
"1805","60191098","EGSS-nohayoussry","ME-EGSS01","MEKSA-EGSS01","围场外","outside pool","2","6","1-3 Classes (Low)","1970-01-01 00:00:00","No Connection Recorded","No Recorded Connection","-","STANDARD - Re-engagement & Habit Building","0"
"1814","60933560","EGSS-juliamonir01","ME-EGSS01","MEKSA-EGSS01","到期","Exp Non-0","2","7","1-3 Classes (Low)","1970-01-01 00:00:00","No Connection Recorded","No Recorded Connection","-","STANDARD - Re-engagement & Habit Building","0"
"1816","62147533","EGSS-juliamonir01","ME-EGSS01","MEKSA-EGSS01","到期","Exp Non-0","2","3","1-3 Classes (Low)","1970-01-01 00:00:00","No Connection Recorded","No Recorded Connection","-","STANDARD - Re-engagement & Habit Building","0"
"1822","61983930","EGSS-mahmoud04","ME-EGSS01","MEKSA-EGSS01","到期","Exp Non-0","2","8","1-3 Classes (Low)","1970-01-01 00:00:00","No Connection Recorded","No Recorded Connection","-","STANDARD - Re-engagement & Habit Building","0"
"1833","62490852","EGSS-ashraqatal","ME-EGSS01","MEKSA-EGSS01","到期","Exp Non-0","2","7","1-3 Classes (Low)","1970-01-01 00:00:00","No Connection Recorded","No Recorded Connection","-","STANDARD - Re-engagement & Habit Building","0"
"1842","61791488","EGSS-juliamonir01","ME-EGSS01","MEKSA-EGSS01","到期","Exp Non-0","2","0","1-3 Classes (Low)","1970-01-01 00:00:00","No Connection Recorded","No Recorded Connection","-","STANDARD - Re-engagement & Habit Building","0"
"1845","61791658","EGSS-juliamonir01","ME-EGSS01","MEKSA-EGSS01","到期","Exp Non-0","2","2","1-3 Classes (Low)","1970-01-01 00:00:00","No Connection Recorded","No Recorded Connection","-","STANDARD - Re-engagement & Habit Building","0"
"1853","61717497","EGSS-mahmoud04","ME-EGSS01","MEKSA-EGSS01","到期","Exp Non-0","2","7","1-3 Classes (Low)","1970-01-01 00:00:00","No Connection Recorded","No Recorded Connection","-","STANDARD - Re-engagement & Habit Building","0"
"1857","62043652","EGSS-ashraqatal","ME-EGSS01","MEKSA-EGSS01","到期","Exp Non-0","2","6","1-3 Classes (Low)","1970-01-01 00:00:00","No Connection Recorded","No Recorded Connection","-","STANDARD - Re-engagement & Habit Building","0"
"1867","62687751","EGSS-mahmoud04","ME-EGSS01","MEKSA-EGSS01","首单到期","FOE Non-0","2","6","1-3 Classes (Low)","1970-01-01 00:00:00","No Connection Recorded","No Recorded Connection","-","STANDARD - Re-engagement & Habit Building","0"
"1870","62895044","EGSS-ashraqatal","ME-EGSS01","MEKSA-EGSS01","到期","Exp Non-0","2","6","1-3 Classes (Low)","1970-01-01 00:00:00","No Connection Recorded","No Recorded Connection","-","STANDARD - Re-engagement & Habit Building","0"
"1872","62367477","EGSS-ashraqatal","ME-EGSS01","MEKSA-EGSS01","到期","Exp Non-0","2","7","1-3 Classes (Low)","1970-01-01 00:00:00","No Connection Recorded","No Recorded Connection","-","STANDARD - Re-engagement & Habit Building","0"
"1877","61840681","EGSS-mahmoud04","ME-EGSS01","MEKSA-EGSS01","到期","Exp Non-0","2","6","1-3 Classes (Low)","1970-01-01 00:00:00","No Connection Recorded","No Recorded Connection","-","STANDARD - Re-engagement & Habit Building","0"
"1878","62894854","EGSS-ashraqatal","ME-EGSS01","MEKSA-EGSS01","到期","Exp Non-0","2","7","1-3 Classes (Low)","1970-01-01 00:00:00","No Connection Recorded","No Recorded Connection","-","STANDARD - Re-engagement & Habit Building","0"
"1886","61803185","EGSS-mahmoud04","ME-EGSS01","MEKSA-EGSS01","到期","Exp Non-0","2","8","1-3 Classes (Low)","1970-01-01 00:00:00","No Connection Recorded","No Recorded Connection","-","STANDARD - Re-engagement & Habit Building","0"
"1888","62388331","EGSS-juliamonir01","ME-EGSS01","MEKSA-EGSS01","围场外","outside pool","2","9","1-3 Classes (Low)","1970-01-01 00:00:00","No Connection Recorded","No Recorded Connection","-","STANDARD - Re-engagement & Habit Building","0"
"1889","62896189","EGSS-ashraqatal","ME-EGSS01","MEKSA-EGSS01","到期","Exp Non-0","2","7","1-3 Classes (Low)","1970-01-01 00:00:00","No Connection Recorded","No Recorded Connection","-","STANDARD - Re-engagement & Habit Building","0"
"1890","63874897","EGSS-ashraqatal","ME-EGSS01","MEKSA-EGSS01","围场外","outside pool","2","7","1-3 Classes (Low)","1970-01-01 00:00:00","No Connection Recorded","CRM System Outreach","-","STANDARD - Re-engagement & Habit Building","0"
"1900","63832603","EGSS-ashraqatal","ME-EGSS01","MEKSA-EGSS01","围场外","outside pool","2","12","1-3 Classes (Low)","1970-01-01 00:00:00","No Connection Recorded","CRM System Outreach","-","STANDARD - Re-engagement & Habit Building","0"
"1904","57975891","EGSS-mahmoud04","ME-EGSS01","MEKSA-EGSS01","围场外","outside pool","2","7","1-3 Classes (Low)","1970-01-01 00:00:00","No Connection Recorded","No Recorded Connection","-","STANDARD - Re-engagement & Habit Building","0"
"1905","64437117","EGSS-juliamonir01","ME-EGSS01","MEKSA-EGSS01","围场外","outside pool","2","7","1-3 Classes (Low)","1970-01-01 00:00:00","No Connection Recorded","No Recorded Connection","-","STANDARD - Re-engagement & Habit Building","0"
"1906","64351095","EGSS-juliamonir01","ME-EGSS01","MEKSA-EGSS01","围场外","outside pool","2","7","1-3 Classes (Low)","1970-01-01 00:00:00","No Connection Recorded","No Recorded Connection","-","STANDARD - Re-engagement & Habit Building","0"
"1910","64436741","EGSS-juliamonir01","ME-EGSS01","MEKSA-EGSS01","围场外","outside pool","2","7","1-3 Classes (Low)","1970-01-01 00:00:00","No Connection Recorded","No Recorded Connection","-","STANDARD - Re-engagement & Habit Building","0"
"1912","62865697","EGSS-nohayoussry","ME-EGSS01","MEKSA-EGSS01","到期","Exp Non-0","2","6","1-3 Classes (Low)","1970-01-01 00:00:00","No Connection Recorded","No Recorded Connection","-","STANDARD - Re-engagement & Habit Building","0"
"1919","62818000","EGSS-nohayoussry","ME-EGSS01","MEKSA-EGSS01","围场外","outside pool","2","6","1-3 Classes (Low)","1970-01-01 00:00:00","No Connection Recorded","No Recorded Connection","-","STANDARD - Re-engagement & Habit Building","0"
"1921","62819763","EGSS-nohayoussry","ME-EGSS01","MEKSA-EGSS01","围场外","outside pool","2","9","1-3 Classes (Low)","1970-01-01 00:00:00","No Connection Recorded","No Recorded Connection","-","STANDARD - Re-engagement & Habit Building","0"
"1931","60568135","EGSS-negma","ME-EGSS01","MEKSA-EGSS01","围场外","outside pool","2","7","1-3 Classes (Low)","1970-01-01 00:00:00","No Connection Recorded","No Recorded Connection","-","STANDARD - Re-engagement & Habit Building","0"
"1932","63556961","EGSS-ashraqatal","ME-EGSS01","MEKSA-EGSS01","围场外","outside pool","2","4","1-3 Classes (Low)","1970-01-01 00:00:00","No Connection Recorded","No Recorded Connection","-","STANDARD - Re-engagement & Habit Building","0"
"1934","63679560","EGSS-ashraqatal","ME-EGSS01","MEKSA-EGSS01","围场外","outside pool","2","0","1-3 Classes (Low)","1970-01-01 00:00:00","No Connection Recorded","CRM System Outreach","-","STANDARD - Re-engagement & Habit Building","0"
"1937","58271460","EGSS-ashraqatal","ME-EGSS01","MEKSA-EGSS01","到期","Exp Non-0","2","6","1-3 Classes (Low)","1970-01-01 00:00:00","No Connection Recorded","No Recorded Connection","-","STANDARD - Re-engagement & Habit Building","0"
"1939","63585131","EGSS-mahmoud04","ME-EGSS01","MEKSA-EGSS01","到期","Exp Non-0","2","9","1-3 Classes (Low)","1970-01-01 00:00:00","No Connection Recorded","CRM System Outreach","-","STANDARD - Re-engagement & Habit Building","0"
"1940","58615004","EGSS-mahmoud04","ME-EGSS01","MEKSA-EGSS01","围场外","outside pool","2","6","1-3 Classes (Low)","1970-01-01 00:00:00","No Connection Recorded","No Recorded Connection","-","STANDARD - Re-engagement & Habit Building","0"
"1943","63217435","EGSS-nohayoussry","ME-EGSS01","MEKSA-EGSS01","围场外","outside pool","2","0","1-3 Classes (Low)","1970-01-01 00:00:00","No Connection Recorded","No Recorded Connection","-","STANDARD - Re-engagement & Habit Building","0"
"1949","63194600","EGSS-nohayoussry","ME-EGSS01","MEKSA-EGSS01","期间","period","2","4","1-3 Classes (Low)","1970-01-01 00:00:00","No Connection Recorded","No Recorded Connection","-","STANDARD - Re-engagement & Habit Building","0"
"1952","62984698","EGSS-nohayoussry","ME-EGSS01","MEKSA-EGSS01","围场外","outside pool","2","9","1-3 Classes (Low)","1970-01-01 00:00:00","No Connection Recorded","No Recorded Connection","-","STANDARD - Re-engagement & Habit Building","0"
"1954","58614551","EGSS-mahmoud04","ME-EGSS01","MEKSA-EGSS01","围场外","outside pool","2","9","1-3 Classes (Low)","1970-01-01 00:00:00","No Connection Recorded","No Recorded Connection","-","STANDARD - Re-engagement & Habit Building","0"
"1955","63578890","EGSS-mahmoud04","ME-EGSS01","MEKSA-EGSS01","围场外","outside pool","2","6","1-3 Classes (Low)","1970-01-01 00:00:00","No Connection Recorded","No Recorded Connection","-","STANDARD - Re-engagement & Habit Building","0"
"1958","63389922","EGSS-nohayoussry","ME-EGSS01","MEKSA-EGSS01","围场外","outside pool","2","8","1-3 Classes (Low)","1970-01-01 00:00:00","No Connection Recorded","No Recorded Connection","-","STANDARD - Re-engagement & Habit Building","0"
"1959","58322424","EGSS-mahmoud04","ME-EGSS01","MEKSA-EGSS01","到期","Exp Non-0","2","6","1-3 Classes (Low)","1970-01-01 00:00:00","No Connection Recorded","No Recorded Connection","-","STANDARD - Re-engagement & Habit Building","0"
"1963","63590359","EGSS-ashraqatal","ME-EGSS01","MEKSA-EGSS01","围场外","outside pool","2","7","1-3 Classes (Low)","1970-01-01 00:00:00","No Connection Recorded","CRM System Outreach","20260814","STANDARD - Re-engagement & Habit Building","0"
"1964","63508964","EGSS-mahmoud04","ME-EGSS01","MEKSA-EGSS01","围场外","outside pool","2","4","1-3 Classes (Low)","1970-01-01 00:00:00","No Connection Recorded","No Recorded Connection","-","STANDARD - Re-engagement & Habit Building","0"
"1965","59615149","EGSS-mahmoud04","ME-EGSS01","MEKSA-EGSS01","围场外","outside pool","2","0","1-3 Classes (Low)","1970-01-01 00:00:00","No Connection Recorded","No Recorded Connection","-","STANDARD - Re-engagement & Habit Building","0"
"1966","58590703","EGSS-mahmoud04","ME-EGSS01","MEKSA-EGSS01","围场外","outside pool","2","9","1-3 Classes (Low)","1970-01-01 00:00:00","No Connection Recorded","No Recorded Connection","-","STANDARD - Re-engagement & Habit Building","0"
"1968","62970339","EGSS-nohayoussry","ME-EGSS01","MEKSA-EGSS01","期间","period","2","7","1-3 Classes (Low)","1970-01-01 00:00:00","No Connection Recorded","No Recorded Connection","-","STANDARD - Re-engagement & Habit Building","0"
"1970","58788867","EGSS-ashraqatal","ME-EGSS01","MEKSA-EGSS01","首单到期","FOE Non-0","2","7","1-3 Classes (Low)","1970-01-01 00:00:00","No Connection Recorded","No Recorded Connection","-","STANDARD - Re-engagement & Habit Building","0"
"1977","63573528","EGSS-negma","ME-EGSS01","MEKSA-EGSS01","围场外","outside pool","2","9","1-3 Classes (Low)","1970-01-01 00:00:00","No Connection Recorded","No Recorded Connection","-","STANDARD - Re-engagement & Habit Building","0"
"1978","64475111","EGSS-ashraqatal","ME-EGSS01","MEKSA-EGSS01","围场外","outside pool","2","9","1-3 Classes (Low)","1970-01-01 00:00:00","No Connection Recorded","No Recorded Connection","-","STANDARD - Re-engagement & Habit Building","0"
"1979","63489233","EGSS-negma","ME-EGSS01","MEKSA-EGSS01","围场外","outside pool","2","9","1-3 Classes (Low)","1970-01-01 00:00:00","No Connection Recorded","No Recorded Connection","-","STANDARD - Re-engagement & Habit Building","0"
"1983","63213624","EGSS-mahmoud04","ME-EGSS01","MEKSA-EGSS01","期间","period","2","8","1-3 Classes (Low)","1970-01-01 00:00:00","No Connection Recorded","No Recorded Connection","-","STANDARD - Re-engagement & Habit Building","0"
"1985","63288335","EGSS-mahmoud04","ME-EGSS01","MEKSA-EGSS01","期间","period","2","11","1-3 Classes (Low)","1970-01-01 00:00:00","No Connection Recorded","No Recorded Connection","-","STANDARD - Re-engagement & Habit Building","0"
"1993","63467351","EGSS-negma","ME-EGSS01","MEKSA-EGSS01","到期","Exp Non-0","2","8","1-3 Classes (Low)","1970-01-01 00:00:00","No Connection Recorded","No Recorded Connection","-","STANDARD - Re-engagement & Habit Building","0"
"1998","63877879","EGSS-negma","ME-EGSS01","MEKSA-EGSS01","围场外","outside pool","2","0","1-3 Classes (Low)","1970-01-01 00:00:00","No Connection Recorded","CRM System Outreach","-","STANDARD - Re-engagement & Habit Building","0"
"2000","63216617","EGSS-ashraqatal","ME-EGSS01","MEKSA-EGSS01","围场外","outside pool","2","0","1-3 Classes (Low)","1970-01-01 00:00:00","No Connection Recorded","No Recorded Connection","-","STANDARD - Re-engagement & Habit Building","0"
"2001","64395204","EGSS-nohayoussry","ME-EGSS01","MEKSA-EGSS01","围场外","outside pool","2","6","1-3 Classes (Low)","1970-01-01 00:00:00","No Connection Recorded","No Recorded Connection","-","STANDARD - Re-engagement & Habit Building","0"
"2002","63193496","EGSS-ashraqatal","ME-EGSS01","MEKSA-EGSS01","到期","Exp Non-0","2","9","1-3 Classes (Low)","1970-01-01 00:00:00","No Connection Recorded","No Recorded Connection","-","STANDARD - Re-engagement & Habit Building","0"
"2006","63878108","EGSS-negma","ME-EGSS01","MEKSA-EGSS01","围场外","outside pool","2","0","1-3 Classes (Low)","1970-01-01 00:00:00","No Connection Recorded","CRM System Outreach","-","STANDARD - Re-engagement & Habit Building","0"
"2008","61831343","EGSS-nohayoussry","ME-EGSS01","MEKSA-EGSS01","首单到期","FOE Non-0","2","0","1-3 Classes (Low)","1970-01-01 00:00:00","No Connection Recorded","No Recorded Connection","-","STANDARD - Re-engagement & Habit Building","0"
"2011","63174147","EGSS-ashraqatal","ME-EGSS01","MEKSA-EGSS01","到期","Exp Non-0","2","9","1-3 Classes (Low)","1970-01-01 00:00:00","No Connection Recorded","No Recorded Connection","-","STANDARD - Re-engagement & Habit Building","0"
"2016","63213188","EGSS-mahmoud04","ME-EGSS01","MEKSA-EGSS01","期间","period","2","9","1-3 Classes (Low)","1970-01-01 00:00:00","No Connection Recorded","No Recorded Connection","-","STANDARD - Re-engagement & Habit Building","0"
"2025","63447848","EGSS-ashraqatal","ME-EGSS01","MEKSA-EGSS01","围场外","outside pool","2","9","1-3 Classes (Low)","1970-01-01 00:00:00","No Connection Recorded","No Recorded Connection","-","STANDARD - Re-engagement & Habit Building","0"
"2026","63734720","EGSS-nohayoussry","ME-EGSS01","MEKSA-EGSS01","围场外","outside pool","2","0","1-3 Classes (Low)","1970-01-01 00:00:00","No Connection Recorded","CRM System Outreach","-","STANDARD - Re-engagement & Habit Building","0"
"2042","64197792","EGSS-ashraqatal","ME-EGSS01","MEKSA-EGSS01","围场外","outside pool","2","3","1-3 Classes (Low)","1970-01-01 00:00:00","No Connection Recorded","No Recorded Connection","-","STANDARD - Re-engagement & Habit Building","0"
"2043","59605389","EGSS-juliamonir01","ME-EGSS01","MEKSA-EGSS01","围场外","outside pool","2","11","1-3 Classes (Low)","2025-02-09 00:00:00","2025-02-09 00:00:00","Last 1v1 Payment","20250209","STANDARD - Re-engagement & Habit Building","0"
"2047","59087378","EGSS-juliamonir01","ME-EGSS01","MEKSA-EGSS01","围场外","outside pool","2","9","1-3 Classes (Low)","2025-06-27 00:00:00","2025-06-27 00:00:00","Last 1v1 Payment","20250627","STANDARD - Re-engagement & Habit Building","0"
"2053","60207423","EGSS-mahmoud04","ME-EGSS01","MEKSA-EGSS01","围场外","outside pool","2","6","1-3 Classes (Low)","2025-07-28 00:00:00","2025-07-28 00:00:00","Last 1v1 Payment","20250728","STANDARD - Re-engagement & Habit Building","0"
"2064","60691216","EGSS-nohayoussry","ME-EGSS01","MEKSA-EGSS01","围场外","outside pool","2","11","1-3 Classes (Low)","2025-09-29 00:00:00","2025-09-29 00:00:00","Last 1v1 Payment","20250929","STANDARD - Re-engagement & Habit Building","0"
"2065","59535416","EGSS-juliamonir01","ME-EGSS01","MEKSA-EGSS01","围场外","outside pool","2","4","1-3 Classes (Low)","2025-09-29 00:00:00","2025-09-29 00:00:00","Last 1v1 Payment","20250929","STANDARD - Re-engagement & Habit Building","0"
"2068","59877141","EGSS-juliamonir01","ME-EGSS01","MEKSA-EGSS01","到期","Exp Non-0","2","9","1-3 Classes (Low)","2025-10-07 00:00:00","2025-10-07 00:00:00","Last 1v1 Payment","20251007","STANDARD - Re-engagement & Habit Building","0"
"2074","59498167","EGSS-juliamonir01","ME-EGSS01","MEKSA-EGSS01","到期","Exp Non-0","2","1","1-3 Classes (Low)","2025-10-20 00:00:00","2025-10-20 00:00:00","Last 1v1 Payment","20251020","STANDARD - Re-engagement & Habit Building","0"
"2078","60152948","EGSS-mahmoud04","ME-EGSS01","MEKSA-EGSS01","到期","Exp Non-0","2","7","1-3 Classes (Low)","2025-10-31 00:00:00","2025-10-31 00:00:00","Last 1v1 Payment","20251031","STANDARD - Re-engagement & Habit Building","0"
"2082","61312344","EGSS-nohayoussry","ME-EGSS01","MEKSA-EGSS01","围场外","outside pool","2","13","1-3 Classes (Low)","2025-11-09 00:00:00","2025-11-09 00:00:00","Last 1v1 Payment","20251109","STANDARD - Re-engagement & Habit Building","0"
"2084","59223408","EGSS-ashraqatal","ME-EGSS01","MEKSA-EGSS01","到期","Exp Non-0","2","9","1-3 Classes (Low)","2025-11-16 00:00:00","2025-11-16 00:00:00","Last 1v1 Payment","20251116","STANDARD - Re-engagement & Habit Building","0"
"2087","61540462","EGSS-juliamonir01","ME-EGSS01","MEKSA-EGSS01","围场外","outside pool","2","9","1-3 Classes (Low)","2025-11-24 00:00:00","2025-11-24 00:00:00","Last 1v1 Payment","20251124","STANDARD - Re-engagement & Habit Building","0"
"2089","58766785","EGSS-nohayoussry","ME-EGSS01","MEKSA-EGSS01","到期","Exp Non-0","2","7","1-3 Classes (Low)","2025-11-26 00:00:00","2025-11-26 00:00:00","Last 1v1 Payment","20251126","STANDARD - Re-engagement & Habit Building","0"
"2092","59704502","EGSS-negma","ME-EGSS01","MEKSA-EGSS01","到期","Exp Non-0","2","9","1-3 Classes (Low)","2025-11-27 00:00:00","2025-11-27 00:00:00","Last 1v1 Payment","20251127","STANDARD - Re-engagement & Habit Building","0"
"2099","61102780","EGSS-mahmoud04","ME-EGSS01","MEKSA-EGSS01","围场外","outside pool","2","9","1-3 Classes (Low)","2025-11-30 00:00:00","2025-11-30 00:00:00","Last 1v1 Payment","20251130","STANDARD - Re-engagement & Habit Building","0"
"2100","60827058","EGSS-mahmoud04","ME-EGSS01","MEKSA-EGSS01","围场外","outside pool","2","0","1-3 Classes (Low)","2025-11-30 00:00:00","2025-11-30 00:00:00","Last 1v1 Payment","20251130","STANDARD - Re-engagement & Habit Building","0"
"2103","59968100","EGSS-negma","ME-EGSS01","MEKSA-EGSS01","围场外","outside pool","2","5","1-3 Classes (Low)","2025-12-15 00:00:00","2025-12-15 00:00:00","Last 1v1 Payment","20251215","STANDARD - Re-engagement & Habit Building","0"
"2104","60589906","EGSS-mahmoud04","ME-EGSS01","MEKSA-EGSS01","围场外","outside pool","2","9","1-3 Classes (Low)","2025-12-17 00:00:00","2025-12-17 00:00:00","Last 1v1 Payment","20251217","STANDARD - Re-engagement & Habit Building","0"
"2105","58737034","EGSS-negma","ME-EGSS01","MEKSA-EGSS01","围场外","outside pool","2","9","1-3 Classes (Low)","2025-12-17 00:00:00","2025-12-17 00:00:00","Last 1v1 Payment","20251217","STANDARD - Re-engagement & Habit Building","0"
"2106","59927480","EGSS-mahmoud04","ME-EGSS01","MEKSA-EGSS01","围场外","outside pool","2","6","1-3 Classes (Low)","2025-12-22 00:00:00","2025-12-22 00:00:00","Last 1v1 Payment","20251222","STANDARD - Re-engagement & Habit Building","0"
"2111","61809571","EGSS-nohayoussry","ME-EGSS01","MEKSA-EGSS01","期间","period","2","9","1-3 Classes (Low)","2026-01-10 00:00:00","2026-01-10 00:00:00","Last 1v1 Payment","20260110","STANDARD - Re-engagement & Habit Building","0"
"2114","59219350","EGSS-juliamonir01","ME-EGSS01","MEKSA-EGSS01","围场外","outside pool","2","9","1-3 Classes (Low)","2026-01-20 00:00:00","2026-01-20 00:00:00","Last 1v1 Payment","20260120","STANDARD - Re-engagement & Habit Building","0"
"2116","61523095","EGSS-mahmoud04","ME-EGSS01","MEKSA-EGSS01","围场外","outside pool","2","6","1-3 Classes (Low)","2026-01-21 00:00:00","2026-01-21 00:00:00","Last 1v1 Payment","20260121","STANDARD - Re-engagement & Habit Building","0"
"2118","59304687","EGSS-juliamonir01","ME-EGSS01","MEKSA-EGSS01","围场外","outside pool","2","7","1-3 Classes (Low)","2026-01-24 00:00:00","2026-01-24 00:00:00","Last 1v1 Payment","20260124","STANDARD - Re-engagement & Habit Building","0"
"2121","61569347","EGSS-nohayoussry","ME-EGSS01","MEKSA-EGSS01","围场外","outside pool","2","9","1-3 Classes (Low)","2026-01-26 00:00:00","2026-01-26 00:00:00","Last 1v1 Payment","20260126","STANDARD - Re-engagement & Habit Building","0"
"2123","61801369","EGSS-nohayoussry","ME-EGSS01","MEKSA-EGSS01","围场外","outside pool","2","1","1-3 Classes (Low)","2026-01-27 00:00:00","2026-01-27 00:00:00","Last 1v1 Payment","20260127","STANDARD - Re-engagement & Habit Building","0"
"2130","59927872","EGSS-negma","ME-EGSS01","MEKSA-EGSS01","到期","Exp Non-0","2","12","1-3 Classes (Low)","2026-02-01 00:00:00","2026-02-01 00:00:00","Last 1v1 Payment","20260201","STANDARD - Re-engagement & Habit Building","0"
"2131","62091413","EGSS-mahmoud04","ME-EGSS01","MEKSA-EGSS01","围场外","outside pool","2","6","1-3 Classes (Low)","2026-02-08 00:00:00","2026-02-08 00:00:00","Last 1v1 Payment","20260208","STANDARD - Re-engagement & Habit Building","0"
"2133","60196292","EGSS-mahmoud04","ME-EGSS01","MEKSA-EGSS01","到期","Exp Non-0","2","5","1-3 Classes (Low)","2026-02-09 00:00:00","2026-02-09 00:00:00","Last 1v1 Payment","20260209","STANDARD - Re-engagement & Habit Building","0"
"2137","59217908","EGSS-negma","ME-EGSS01","MEKSA-EGSS01","围场外","outside pool","2","7","1-3 Classes (Low)","2026-02-15 00:00:00","2026-02-15 00:00:00","Last 1v1 Payment","20260215","STANDARD - Re-engagement & Habit Building","0"
"2139","60595660","EGSS-mahmoud04","ME-EGSS01","MEKSA-EGSS01","围场外","outside pool","2","9","1-3 Classes (Low)","2026-02-19 00:00:00","2026-02-19 00:00:00","Last 1v1 Payment","20260219","STANDARD - Re-engagement & Habit Building","0"
"2140","59961835","EGSS-negma","ME-EGSS01","MEKSA-EGSS01","围场外","outside pool","2","0","1-3 Classes (Low)","2026-02-22 00:00:00","2026-02-22 00:00:00","Last 1v1 Payment","20260222","STANDARD - Re-engagement & Habit Building","0"
"2145","62336667","EGSS-juliamonir01","ME-EGSS01","MEKSA-EGSS01","围场外","outside pool","2","8","1-3 Classes (Low)","2026-03-02 00:00:00","2026-03-02 00:00:00","Last 1v1 Payment","20260302","STANDARD - Re-engagement & Habit Building","0"
"2148","62409267","EGSS-mahmoud04","ME-EGSS01","MEKSA-EGSS01","围场外","outside pool","2","6","1-3 Classes (Low)","2026-03-03 00:00:00","2026-03-03 00:00:00","Last 1v1 Payment","20260303","STANDARD - Re-engagement & Habit Building","0"
"2151","61838048","EGSS-mahmoud04","ME-EGSS01","MEKSA-EGSS01","围场外","outside pool","2","6","1-3 Classes (Low)","2026-03-04 00:00:00","2026-03-04 00:00:00","Last 1v1 Payment","20260304","STANDARD - Re-engagement & Habit Building","0"
"2153","62262418","EGSS-mahmoud04","ME-EGSS01","MEKSA-EGSS01","到期","Exp Non-0","2","9","1-3 Classes (Low)","2026-03-05 00:00:00","2026-03-05 00:00:00","Last 1v1 Payment","20260305","STANDARD - Re-engagement & Habit Building","0"
"2154","60345933","EGSS-mahmoud04","ME-EGSS01","MEKSA-EGSS01","围场外","outside pool","2","5","1-3 Classes (Low)","2026-03-07 00:00:00","2026-03-07 00:00:00","Last 1v1 Payment","20260307","STANDARD - Re-engagement & Habit Building","0"
"2162","59891017","EGSS-negma","ME-EGSS01","MEKSA-EGSS01","围场外","outside pool","2","6","1-3 Classes (Low)","2026-03-15 00:00:00","2026-03-15 00:00:00","Last 1v1 Payment","20260315","STANDARD - Re-engagement & Habit Building","0"
"2163","61285200","EGSS-ashraqatal","ME-EGSS01","MEKSA-EGSS01","到期","Exp Non-0","2","7","1-3 Classes (Low)","2026-03-16 00:00:00","2026-03-16 00:00:00","Last 1v1 Payment","20260316","STANDARD - Re-engagement & Habit Building","0"
"2165","61624655","EGSS-mahmoud04","ME-EGSS01","MEKSA-EGSS01","到期","Exp Non-0","2","9","1-3 Classes (Low)","2026-03-24 00:00:00","2026-03-24 00:00:00","Last 1v1 Payment","20260324","STANDARD - Re-engagement & Habit Building","0"
"2167","58452292","EGSS-negma","ME-EGSS01","MEKSA-EGSS01","围场外","outside pool","2","0","1-3 Classes (Low)","2026-03-26 00:00:00","2026-03-26 00:00:00","Last 1v1 Payment","20260326","STANDARD - Re-engagement & Habit Building","0"
"2169","61813580","EGSS-juliamonir01","ME-EGSS01","MEKSA-EGSS01","围场外","outside pool","2","8","1-3 Classes (Low)","2026-03-28 00:00:00","2026-03-28 00:00:00","Last 1v1 Payment","20260328","STANDARD - Re-engagement & Habit Building","0"
"2171","61419338","EGSS-juliamonir01","ME-EGSS01","MEKSA-EGSS01","围场外","outside pool","2","6","1-3 Classes (Low)","2026-03-28 00:00:00","2026-03-28 00:00:00","Last 1v1 Payment","20260328","STANDARD - Re-engagement & Habit Building","0"
"2177","61810712","EGSS-ashraqatal","ME-EGSS01","MEKSA-EGSS01","围场外","outside pool","2","6","1-3 Classes (Low)","2026-03-29 00:00:00","2026-03-29 00:00:00","Last 1v1 Payment","20260329","STANDARD - Re-engagement & Habit Building","0"
"2182","59914898","EGSS-negma","ME-EGSS01","MEKSA-EGSS01","围场外","outside pool","2","9","1-3 Classes (Low)","2026-03-31 00:00:00","2026-03-31 00:00:00","Last 1v1 Payment","20260331","STANDARD - Re-engagement & Habit Building","0"
"2184","61637292","EGSS-juliamonir01","ME-EGSS01","MEKSA-EGSS01","到期","Exp Non-0","2","0","1-3 Classes (Low)","2026-03-31 00:00:00","2026-03-31 00:00:00","Last 1v1 Payment","20260331","STANDARD - Re-engagement & Habit Building","0"
"2185","60012540","EGSS-nohayoussry","ME-EGSS01","MEKSA-EGSS01","到期","Exp Non-0","2","8","1-3 Classes (Low)","2026-04-02 00:00:00","2026-04-02 00:00:00","Last 1v1 Payment","20260402","STANDARD - Re-engagement & Habit Building","0"
"2187","60049708","EGSS-mahmoud04","ME-EGSS01","MEKSA-EGSS01","围场外","outside pool","2","10","1-3 Classes (Low)","2026-04-06 00:00:00","2026-04-06 00:00:00","Last 1v1 Payment","20260406","STANDARD - Re-engagement & Habit Building","0"
"2189","61000020","EGSS-negma","ME-EGSS01","MEKSA-EGSS01","期间","period","2","4","1-3 Classes (Low)","2026-04-07 00:00:00","2026-04-07 00:00:00","Last 1v1 Payment","20260407","STANDARD - Re-engagement & Habit Building","0"
"2195","61658176","EGSS-nohayoussry","ME-EGSS01","MEKSA-EGSS01","期间","period","2","9","1-3 Classes (Low)","2026-04-18 00:00:00","2026-04-18 00:00:00","Last 1v1 Payment","20260418","STANDARD - Re-engagement & Habit Building","0"
"2196","61976838","EGSS-juliamonir01","ME-EGSS01","MEKSA-EGSS01","围场外","outside pool","2","8","1-3 Classes (Low)","2026-04-19 00:00:00","2026-04-19 00:00:00","Last 1v1 Payment","20260419","STANDARD - Re-engagement & Habit Building","0"
"2206","62594461","EGSS-juliamonir01","ME-EGSS01","MEKSA-EGSS01","期间","period","2","0","1-3 Classes (Low)","2026-04-27 00:00:00","2026-04-27 00:00:00","Last 1v1 Payment","20260427","STANDARD - Re-engagement & Habit Building","0"
"2207","62440525","EGSS-juliamonir01","ME-EGSS01","MEKSA-EGSS01","期间","period","2","9","1-3 Classes (Low)","2026-04-27 00:00:00","2026-04-27 00:00:00","Last 1v1 Payment","20260427","STANDARD - Re-engagement & Habit Building","0"
"2209","59380163","EGSS-ashraqatal","ME-EGSS01","MEKSA-EGSS01","到期","Exp Non-0","2","8","1-3 Classes (Low)","2026-04-28 00:00:00","2026-04-28 00:00:00","Last 1v1 Payment","20260428","STANDARD - Re-engagement & Habit Building","0"
"2215","58939719","EGSS-juliamonir01","ME-EGSS01","MEKSA-EGSS01","围场外","outside pool","2","8","1-3 Classes (Low)","2026-05-09 00:00:00","2026-05-09 00:00:00","Last 1v1 Payment","20260509","STANDARD - Re-engagement & Habit Building","0"
"2216","61284442","EGSS-juliamonir01","ME-EGSS01","MEKSA-EGSS01","围场外","outside pool","2","8","1-3 Classes (Low)","2026-05-09 00:00:00","2026-05-09 00:00:00","Last 1v1 Payment","20260509","STANDARD - Re-engagement & Habit Building","0"
"2226","60532849","EGSS-nohayoussry","ME-EGSS01","MEKSA-EGSS01","围场外","outside pool","2","12","1-3 Classes (Low)","2026-05-16 00:00:00","2026-05-16 00:00:00","Last 1v1 Payment","20260516","STANDARD - Re-engagement & Habit Building","0"
"2227","59293268","EGSS-ashraqatal","ME-EGSS01","MEKSA-EGSS01","围场外","outside pool","2","0","1-3 Classes (Low)","2026-05-17 00:00:00","2026-05-17 00:00:00","Last 1v1 Payment","20260517","STANDARD - Re-engagement & Habit Building","0"
"2244","62242232","EGSS-juliamonir01","ME-EGSS01","MEKSA-EGSS01","围场外","outside pool","2","11","1-3 Classes (Low)","2026-05-24 00:00:00","2026-05-24 00:00:00","Last 1v1 Payment","20260524","STANDARD - Re-engagement & Habit Building","0"
"2246","59454823","EGSS-mahmoud04","ME-EGSS01","MEKSA-EGSS01","围场外","outside pool","2","7","1-3 Classes (Low)","2026-05-24 00:00:00","2026-05-24 00:00:00","Last 1v1 Payment","20260524","STANDARD - Re-engagement & Habit Building","0"
"2247","61062573","EGSS-juliamonir01","ME-EGSS01","MEKSA-EGSS01","围场外","outside pool","2","7","1-3 Classes (Low)","2026-05-24 00:00:00","2026-05-24 00:00:00","Last 1v1 Payment","20260524","STANDARD - Re-engagement & Habit Building","0"
"2256","61144039","EGSS-nohayoussry","ME-EGSS01","MEKSA-EGSS01","围场外","outside pool","2","7","1-3 Classes (Low)","2026-05-27 00:00:00","2026-05-27 00:00:00","Last 1v1 Payment","20260527","STANDARD - Re-engagement & Habit Building","0"
"2259","61237127","EGSS-ashraqatal","ME-EGSS01","MEKSA-EGSS01","围场外","outside pool","2","11","1-3 Classes (Low)","2026-06-03 00:00:00","2026-06-03 00:00:00","Last 1v1 Payment","20260603","STANDARD - Re-engagement & Habit Building","0"
"2260","61236165","EGSS-ashraqatal","ME-EGSS01","MEKSA-EGSS01","围场外","outside pool","2","10","1-3 Classes (Low)","2026-06-03 00:00:00","2026-06-03 00:00:00","Last 1v1 Payment","20260603","STANDARD - Re-engagement & Habit Building","0"
"2261","58086978","EGSS-juliamonir01","ME-EGSS01","MEKSA-EGSS01","围场外","outside pool","2","1","1-3 Classes (Low)","2026-06-04 00:00:00","2026-06-04 00:00:00","Last 1v1 Payment","20260604","STANDARD - Re-engagement & Habit Building","0"
"2270","58932549","EGSS-negma","ME-EGSS01","MEKSA-EGSS01","围场外","outside pool","2","7","1-3 Classes (Low)","2026-06-08 00:00:00","2026-06-08 00:00:00","Last 1v1 Payment","20260608","STANDARD - Re-engagement & Habit Building","0"
"2272","61339789","EGSS-mahmoud04","ME-EGSS01","MEKSA-EGSS01","围场外","outside pool","2","9","1-3 Classes (Low)","2026-06-09 00:00:00","2026-06-09 00:00:00","Last 1v1 Payment","20260609","STANDARD - Re-engagement & Habit Building","0"
"2280","61018652","EGSS-juliamonir01","ME-EGSS01","MEKSA-EGSS01","围场外","outside pool","2","6","1-3 Classes (Low)","2026-06-17 00:00:00","2026-06-17 00:00:00","Last 1v1 Payment","20260617","STANDARD - Re-engagement & Habit Building","0"
"2281","62036329","EGSS-juliamonir01","ME-EGSS01","MEKSA-EGSS01","围场外","outside pool","2","9","1-3 Classes (Low)","2026-06-17 00:00:00","2026-06-17 00:00:00","Last 1v1 Payment","20260617","STANDARD - Re-engagement & Habit Building","0"
"2283","62850073","EGSS-negma","ME-EGSS01","MEKSA-EGSS01","围场外","outside pool","2","9","1-3 Classes (Low)","2026-06-17 00:00:00","2026-06-17 00:00:00","Last 1v1 Payment","20260617","STANDARD - Re-engagement & Habit Building","0"
"2284","62839868","EGSS-negma","ME-EGSS01","MEKSA-EGSS01","围场外","outside pool","2","9","1-3 Classes (Low)","2026-06-17 00:00:00","2026-06-17 00:00:00","Last 1v1 Payment","20260617","STANDARD - Re-engagement & Habit Building","0"
"2289","58971660","EGSS-negma","ME-EGSS01","MEKSA-EGSS01","围场外","outside pool","2","11","1-3 Classes (Low)","2026-06-22 00:00:00","2026-06-22 00:00:00","Last 1v1 Payment","20260622","STANDARD - Re-engagement & Habit Building","0"
"2290","62946550","EGSS-juliamonir01","ME-EGSS01","MEKSA-EGSS01","围场外","outside pool","2","9","1-3 Classes (Low)","2026-06-23 00:00:00","2026-06-23 00:00:00","Last 1v1 Payment","20260623","STANDARD - Re-engagement & Habit Building","0"
"2307","58209332","EGSS-ashraqatal","ME-EGSS01","MEKSA-EGSS01","围场外","outside pool","2","4","1-3 Classes (Low)","2026-06-30 00:00:00","2026-06-30 00:00:00","Last 1v1 Payment","20260630","STANDARD - Re-engagement & Habit Building","0"
"2310","58498556","EGSS-juliamonir01","ME-EGSS01","MEKSA-EGSS01","围场外","outside pool","2","7","1-3 Classes (Low)","2026-06-30 00:00:00","2026-06-30 00:00:00","Last 1v1 Payment","20260630","STANDARD - Re-engagement & Habit Building","0"
"2311","60562333","EGSS-juliamonir01","ME-EGSS01","MEKSA-EGSS01","围场外","outside pool","2","7","1-3 Classes (Low)","2026-06-30 00:00:00","2026-06-30 00:00:00","Last 1v1 Payment","20260630","STANDARD - Re-engagement & Habit Building","0"
"2314","59038707","EGSS-nohayoussry","ME-EGSS01","MEKSA-EGSS01","围场外","outside pool","2","6","1-3 Classes (Low)","2026-07-02 00:00:00","2026-07-02 00:00:00","Last 1v1 Payment","20260702","STANDARD - Re-engagement & Habit Building","0"
"2320","62128101","EGSS-mahmoud04","ME-EGSS01","MEKSA-EGSS01","围场外","outside pool","2","9","1-3 Classes (Low)","2026-07-09 00:00:00","2026-07-09 00:00:00","Last 1v1 Payment","20260709","STANDARD - Re-engagement & Habit Building","0"
"2321","63606446","EGSS-ashraqatal","ME-EGSS01","MEKSA-EGSS01","围场外","outside pool","2","2","1-3 Classes (Low)","2026-07-09 00:00:00","2026-07-09 00:00:00","CRM System Outreach","-","STANDARD - Re-engagement & Habit Building","0"
"2322","62127091","EGSS-mahmoud04","ME-EGSS01","MEKSA-EGSS01","围场外","outside pool","2","9","1-3 Classes (Low)","2026-07-09 00:00:00","2026-07-09 00:00:00","Last 1v1 Payment","20260709","STANDARD - Re-engagement & Habit Building","0"
"2328","60152347","EGSS-mahmoud04","ME-EGSS01","MEKSA-EGSS01","围场外","outside pool","2","7","1-3 Classes (Low)","2026-07-14 00:00:00","2026-07-14 00:00:00","Last 1v1 Payment","20260714","STANDARD - Re-engagement & Habit Building","0"
"2329","63577262","EGSS-ashraqatal","ME-EGSS01","MEKSA-EGSS01","围场外","outside pool","2","0","1-3 Classes (Low)","2026-07-16 00:00:00","2026-07-16 00:00:00","CRM System Outreach","20260929","STANDARD - Re-engagement & Habit Building","0"
"2331","62834551","EGSS-nohayoussry","ME-EGSS01","MEKSA-EGSS01","到期","Exp Non-0","2","6","1-3 Classes (Low)","2026-07-18 00:00:00","2026-07-18 00:00:00","CRM System Outreach","-","STANDARD - Re-engagement & Habit Building","0"
"2335","59143569","EGSS-nohayoussry","ME-EGSS01","MEKSA-EGSS01","围场外","outside pool","2","5","1-3 Classes (Low)","2026-07-21 00:00:00","2026-07-21 00:00:00","CRM System Outreach","-","STANDARD - Re-engagement & Habit Building","0"
"2339","63722296","EGSS-nohayoussry","ME-EGSS01","MEKSA-EGSS01","到期","Exp Non-0","2","6","1-3 Classes (Low)","2026-07-23 00:00:00","2026-07-23 00:00:00","CRM System Outreach","-","STANDARD - Re-engagement & Habit Building","0"
"2345","63821044","EGSS-negma","ME-EGSS01","MEKSA-EGSS01","围场外","outside pool","2","10","1-3 Classes (Low)","2026-07-27 00:00:00","2026-07-27 00:00:00","CRM System Outreach","-","STANDARD - Re-engagement & Habit Building","0"
"2356","63154617","EGSS-juliamonir01","ME-EGSS01","MEKSA-EGSS01","围场外","outside pool","2","0","1-3 Classes (Low)","2026-07-30 00:00:00","2026-07-30 00:00:00","Last 1v1 Payment","20260730","STANDARD - Re-engagement & Habit Building","0"
"2359","63155437","EGSS-juliamonir01","ME-EGSS01","MEKSA-EGSS01","围场外","outside pool","2","0","1-3 Classes (Low)","2026-07-30 00:00:00","2026-07-30 00:00:00","Last 1v1 Payment","20260730","STANDARD - Re-engagement & Habit Building","0"
"2362","63375686","EGSS-mahmoud04","ME-EGSS01","MEKSA-EGSS01","围场外","outside pool","2","12","1-3 Classes (Low)","2026-08-01 00:00:00","2026-08-01 00:00:00","Last 1v1 Payment","20260801","STANDARD - Re-engagement & Habit Building","0"
"2363","60176247","EGSS-negma","ME-EGSS01","MEKSA-EGSS01","围场外","outside pool","2","0","1-3 Classes (Low)","2026-08-01 00:00:00","2026-08-01 00:00:00","CRM System Outreach","-","STANDARD - Re-engagement & Habit Building","0"
"2364","59656700","EGSS-mahmoud04","ME-EGSS01","MEKSA-EGSS01","围场外","outside pool","2","9","1-3 Classes (Low)","2026-08-01 00:00:00","2026-08-01 00:00:00","Last 1v1 Payment","20260801","STANDARD - Re-engagement & Habit Building","0"
"2365","63879127","EGSS-negma","ME-EGSS01","MEKSA-EGSS01","围场外","outside pool","2","7","1-3 Classes (Low)","2026-08-01 00:00:00","2026-08-01 00:00:00","CRM System Outreach","-","STANDARD - Re-engagement & Habit Building","0"
"2369","60567264","EGSS-nohayoussry","ME-EGSS01","MEKSA-EGSS01","围场外","outside pool","2","8","1-3 Classes (Low)","2026-08-03 00:00:00","2026-08-03 00:00:00","CRM System Outreach","-","STANDARD - Re-engagement & Habit Building","0"
"2371","62761236","EGSS-negma","ME-EGSS01","MEKSA-EGSS01","围场外","outside pool","2","9","1-3 Classes (Low)","2026-08-04 00:00:00","2026-08-04 00:00:00","Last 1v1 Payment","20260804","STANDARD - Re-engagement & Habit Building","0"
"2373","63831853","EGSS-negma","ME-EGSS01","MEKSA-EGSS01","围场外","outside pool","2","6","1-3 Classes (Low)","2026-08-05 00:00:00","2026-08-05 00:00:00","CRM System Outreach","-","STANDARD - Re-engagement & Habit Building","0"
"2374","61616116","EGSS-mahmoud04","ME-EGSS01","MEKSA-EGSS01","围场外","outside pool","2","7","1-3 Classes (Low)","2026-08-05 00:00:00","2026-08-05 00:00:00","Last 1v1 Payment","20260805","STANDARD - Re-engagement & Habit Building","0"
"2387","62388474","EGSS-negma","ME-EGSS01","MEKSA-EGSS01","围场外","outside pool","2","9","1-3 Classes (Low)","2026-08-08 00:00:00","2026-08-08 00:00:00","Last 1v1 Payment","20260808","STANDARD - Re-engagement & Habit Building","0"
"2388","63590256","EGSS-ashraqatal","ME-EGSS01","MEKSA-EGSS01","围场外","outside pool","2","7","1-3 Classes (Low)","2026-08-09 00:00:00","2026-08-09 00:00:00","CRM System Outreach","20260814","STANDARD - Re-engagement & Habit Building","0"
"2390","63586185","EGSS-nohayoussry","ME-EGSS01","MEKSA-EGSS01","围场外","outside pool","2","8","1-3 Classes (Low)","2026-08-10 00:00:00","2026-08-10 00:00:00","CRM System Outreach","-","STANDARD - Re-engagement & Habit Building","0"
"2395","63508429","EGSS-juliamonir01","ME-EGSS01","MEKSA-EGSS01","围场外","outside pool","2","0","1-3 Classes (Low)","2026-08-11 00:00:00","2026-08-11 00:00:00","CRM System Outreach","-","STANDARD - Re-engagement & Habit Building","0"
"2396","59892214","EGSS-ashraqatal","ME-EGSS01","MEKSA-EGSS01","围场外","outside pool","2","6","1-3 Classes (Low)","2026-08-11 00:00:00","2026-08-11 00:00:00","Last 1v1 Payment","20260811","STANDARD - Re-engagement & Habit Building","0"
"2399","60995017","EGSS-mahmoud04","ME-EGSS01","MEKSA-EGSS01","到期","Exp Non-0","2","13","1-3 Classes (Low)","2026-08-12 00:00:00","2026-08-12 00:00:00","CRM System Outreach","-","STANDARD - Re-engagement & Habit Building","0"
"2400","63799740","EGSS-negma","ME-EGSS01","MEKSA-EGSS01","围场外","outside pool","2","6","1-3 Classes (Low)","2026-08-13 00:00:00","2026-08-13 00:00:00","CRM System Outreach","-","STANDARD - Re-engagement & Habit Building","0"
"2409","63679400","EGSS-ashraqatal","ME-EGSS01","MEKSA-EGSS01","围场外","outside pool","2","0","1-3 Classes (Low)","2026-08-15 00:00:00","2026-08-15 00:00:00","CRM System Outreach","-","STANDARD - Re-engagement & Habit Building","0"
"2410","63887238","EGSS-negma","ME-EGSS01","MEKSA-EGSS01","围场外","outside pool","2","8","1-3 Classes (Low)","2026-08-15 00:00:00","2026-08-15 00:00:00","CRM System Outreach","-","STANDARD - Re-engagement & Habit Building","0"
"2412","63344810","EGSS-nohayoussry","ME-EGSS01","MEKSA-EGSS01","围场外","outside pool","2","7","1-3 Classes (Low)","2026-08-15 00:00:00","2026-08-15 00:00:00","CRM System Outreach","-","STANDARD - Re-engagement & Habit Building","0"
"2413","63578149","EGSS-juliamonir01","ME-EGSS01","MEKSA-EGSS01","围场外","outside pool","2","7","1-3 Classes (Low)","2026-08-16 00:00:00","2026-08-16 00:00:00","CRM System Outreach","-","STANDARD - Re-engagement & Habit Building","0"
"2420","63790869","EGSS-mahmoud04","ME-EGSS01","MEKSA-EGSS01","围场外","outside pool","2","9","1-3 Classes (Low)","2026-08-17 00:00:00","2026-08-17 00:00:00","CRM System Outreach","-","STANDARD - Re-engagement & Habit Building","0"
"2424","59186996","EGSS-negma","ME-EGSS01","MEKSA-EGSS01","围场外","outside pool","2","9","1-3 Classes (Low)","2026-08-18 00:00:00","2026-08-18 00:00:00","CRM System Outreach","-","STANDARD - Re-engagement & Habit Building","0"
"2427","63856017","EGSS-nohayoussry","ME-EGSS01","MEKSA-EGSS01","围场外","outside pool","2","11","1-3 Classes (Low)","2026-08-19 00:00:00","2026-08-19 00:00:00","CRM System Outreach","-","STANDARD - Re-engagement & Habit Building","0"
"2429","63652917","EGSS-nohayoussry","ME-EGSS01","MEKSA-EGSS01","围场外","outside pool","2","9","1-3 Classes (Low)","2026-08-19 00:00:00","2026-08-19 00:00:00","CRM System Outreach","-","STANDARD - Re-engagement & Habit Building","0"
"2430","63747711","EGSS-nohayoussry","ME-EGSS01","MEKSA-EGSS01","围场外","outside pool","2","9","1-3 Classes (Low)","2026-08-20 00:00:00","2026-08-20 00:00:00","CRM System Outreach","-","STANDARD - Re-engagement & Habit Building","0"
"2431","63585133","EGSS-ashraqatal","ME-EGSS01","MEKSA-EGSS01","围场外","outside pool","2","7","1-3 Classes (Low)","2026-08-20 00:00:00","2026-08-20 00:00:00","CRM System Outreach","20260814","STANDARD - Re-engagement & Habit Building","0"
"2434","62483543","EGSS-ashraqatal","ME-EGSS01","MEKSA-EGSS01","围场外","outside pool","2","11","1-3 Classes (Low)","2026-08-22 00:00:00","2026-08-22 00:00:00","CRM System Outreach","-","STANDARD - Re-engagement & Habit Building","0"
"2438","61831257","EGSS-negma","ME-EGSS01","MEKSA-EGSS01","围场外","outside pool","2","9","1-3 Classes (Low)","2026-08-23 00:00:00","2026-08-23 00:00:00","Last 1v1 Payment","20260823","STANDARD - Re-engagement & Habit Building","0"
"2441","62772858","EGSS-nohayoussry","ME-EGSS01","MEKSA-EGSS01","围场外","outside pool","2","9","1-3 Classes (Low)","2026-08-24 00:00:00","2026-08-24 00:00:00","Last 1v1 Payment","20260824","STANDARD - Re-engagement & Habit Building","0"
"2444","63584961","EGSS-mahmoud04","ME-EGSS01","MEKSA-EGSS01","到期","Exp Non-0","2","10","1-3 Classes (Low)","2026-08-25 00:00:00","2026-08-25 00:00:00","CRM System Outreach","-","STANDARD - Re-engagement & Habit Building","0"
"2447","58169287","EGSS-mahmoud04","ME-EGSS01","MEKSA-EGSS01","围场外","outside pool","2","7","1-3 Classes (Low)","2026-08-26 00:00:00","2026-08-26 00:00:00","Last 1v1 Payment","20260826","STANDARD - Re-engagement & Habit Building","0"
"2449","61504844","EGSS-ashraqatal","ME-EGSS01","MEKSA-EGSS01","围场外","outside pool","2","9","1-3 Classes (Low)","2026-08-27 00:00:00","2026-08-27 00:00:00","Last 1v1 Payment","20260827","STANDARD - Re-engagement & Habit Building","0"
"2452","59590582","EGSS-nohayoussry","ME-EGSS01","MEKSA-EGSS01","围场外","outside pool","2","7","1-3 Classes (Low)","2026-08-28 00:00:00","2026-08-28 00:00:00","Last 1v1 Payment","20260828","STANDARD - Re-engagement & Habit Building","0"
"2453","58645085","EGSS-nohayoussry","ME-EGSS01","MEKSA-EGSS01","围场外","outside pool","2","7","1-3 Classes (Low)","2026-08-29 00:00:00","2026-08-29 00:00:00","Last 1v1 Payment","20260829","STANDARD - Re-engagement & Habit Building","0"
"2470","58846048","EGSS-nohayoussry","ME-EGSS01","MEKSA-EGSS01","围场外","outside pool","2","9","1-3 Classes (Low)","2026-09-09 18:59:19","2026-09-09 18:59:19","SOP Completed Touch","-","STANDARD - Re-engagement & Habit Building","0"
"2471","63701689","EGSS-negma","ME-EGSS01","MEKSA-EGSS01","围场外","outside pool","2","6","1-3 Classes (Low)","2026-09-14 18:24:35","2026-09-14 18:24:35","SOP Completed Touch","-","STANDARD - Re-engagement & Habit Building","0"
"2478","63793970","EGSS-mahmoud04","ME-EGSS01","MEKSA-EGSS01","围场外","outside pool","2","7","1-3 Classes (Low)","2026-09-20 19:41:02","2026-09-20 19:41:02","SOP Completed Touch","20260916","STANDARD - Re-engagement & Habit Building","0"
"2496","62870420","EGSS-mahmoud04","ME-EGSS01","MEKSA-EGSS01","围场外","outside pool","2","9","1-3 Classes (Low)","2026-09-29 13:53:27","2026-09-29 13:53:27","SOP Completed Touch","-","STANDARD - Re-engagement & Habit Building","0"
"2500","63766722","EGSS-nohayoussry","ME-EGSS01","MEKSA-EGSS01","围场外","outside pool","2","6","1-3 Classes (Low)","2026-09-29 17:56:57","2026-09-29 17:56:57","SOP Completed Touch","-","STANDARD - Re-engagement & Habit Building","0"
"2501","63558425","EGSS-nohayoussry","ME-EGSS01","MEKSA-EGSS01","围场外","outside pool","2","7","1-3 Classes (Low)","2026-09-29 20:22:07","2026-09-29 20:22:07","SOP Completed Touch","-","STANDARD - Re-engagement & Habit Building","0"
"2509","63518083","EGSS-juliamonir01","ME-EGSS01","MEKSA-EGSS01","围场外","outside pool","2","2","1-3 Classes (Low)","2026-09-30 12:59:25","2026-09-30 12:59:25","SOP Completed Touch","-","STANDARD - Re-engagement & Habit Building","0"
"2510","63782728","EGSS-nohayoussry","ME-EGSS01","MEKSA-EGSS01","围场外","outside pool","2","6","1-3 Classes (Low)","2026-09-30 13:09:00","2026-09-30 13:09:00","SOP Completed Touch","-","STANDARD - Re-engagement & Habit Building","0"
"2520","63511055","EGSS-juliamonir01","ME-EGSS01","MEKSA-EGSS01","围场外","outside pool","2","0","1-3 Classes (Low)","2026-10-01 13:49:19","2026-10-01 13:49:19","SOP Completed Touch","-","STANDARD - Re-engagement & Habit Building","0"
"2521","59699756","EGSS-ashraqatal","ME-EGSS01","MEKSA-EGSS01","围场外","outside pool","2","6","1-3 Classes (Low)","2026-10-01 13:50:46","2026-10-01 13:50:46","SOP Completed Touch","-","STANDARD - Re-engagement & Habit Building","0"
"2523","63026323","EGSS-ashraqatal","ME-EGSS01","MEKSA-EGSS01","围场外","outside pool","2","9","1-3 Classes (Low)","2026-10-01 14:43:34","2026-10-01 14:43:34","SOP Completed Touch","-","STANDARD - Re-engagement & Habit Building","0"
"2524","63538212","EGSS-ashraqatal","ME-EGSS01","MEKSA-EGSS01","围场外","outside pool","2","11","1-3 Classes (Low)","2026-10-01 14:45:54","2026-10-01 14:45:54","SOP Completed Touch","-","STANDARD - Re-engagement & Habit Building","0"
"2525","60150008","EGSS-negma","ME-EGSS01","MEKSA-EGSS01","围场外","outside pool","2","5","1-3 Classes (Low)","2026-10-01 15:20:40","2026-10-01 15:20:40","SOP Completed Touch","-","STANDARD - Re-engagement & Habit Building","0"
"2526","64197764","EGSS-negma","ME-EGSS01","MEKSA-EGSS01","围场外","outside pool","2","2","1-3 Classes (Low)","2026-10-01 15:20:49","2026-10-01 15:20:49","SOP Completed Touch","-","STANDARD - Re-engagement & Habit Building","0"
"2527","64464479","EGSS-negma","ME-EGSS01","MEKSA-EGSS01","围场外","outside pool","2","0","1-3 Classes (Low)","2026-10-01 16:02:42","2026-10-01 16:02:42","SOP Completed Touch","-","STANDARD - Re-engagement & Habit Building","0"
"2535","58905299","EGSS-nohayoussry","ME-EGSS01","MEKSA-EGSS01","升舱","Upgrade M2","2","6","1-3 Classes (Low)","2026-10-03 11:07:17","2026-10-03 11:07:17","SOP Task Assigned","-","STANDARD - Re-engagement & Habit Building","0"
"2538","59228774","EGSS-nohayoussry","ME-EGSS01","MEKSA-EGSS01","升舱","Upgrade M2","2","9","1-3 Classes (Low)","2026-10-03 11:07:55","2026-10-03 11:07:55","SOP Task Assigned","-","STANDARD - Re-engagement & Habit Building","0"
"2541","60413417","EGSS-juliamonir01","ME-EGSS01","MEKSA-EGSS01","升舱","Upgrade M2","2","10","1-3 Classes (Low)","2026-10-03 11:10:32","2026-10-03 11:10:32","SOP Task Assigned","-","STANDARD - Re-engagement & Habit Building","0"
"2542","60623669","EGSS-mahmoud04","ME-EGSS01","MEKSA-EGSS01","升舱","Upgrade M2","2","12","1-3 Classes (Low)","2026-10-03 11:11:10","2026-10-03 11:11:10","SOP Task Assigned","-","STANDARD - Re-engagement & Habit Building","0"
"2543","60907447","EGSS-juliamonir01","ME-EGSS01","MEKSA-EGSS01","升舱","Upgrade M2","2","0","1-3 Classes (Low)","2026-10-03 11:11:38","2026-10-03 11:11:38","SOP Task Assigned","-","STANDARD - Re-engagement & Habit Building","0"
"2545","61048101","EGSS-nohayoussry","ME-EGSS01","MEKSA-EGSS01","升舱","Upgrade M2","2","10","1-3 Classes (Low)","2026-10-03 11:12:19","2026-10-03 11:12:19","SOP Task Assigned","-","STANDARD - Re-engagement & Habit Building","0"
"2547","62534411","EGSS-mahmoud04","ME-EGSS01","MEKSA-EGSS01","升舱","Upgrade M2","2","9","1-3 Classes (Low)","2026-10-03 11:15:13","2026-10-03 11:15:13","SOP Task Assigned","-","STANDARD - Re-engagement & Habit Building","0"
"2548","62789240","EGSS-nohayoussry","ME-EGSS01","MEKSA-EGSS01","升舱","Upgrade M2","2","11","1-3 Classes (Low)","2026-10-03 11:15:23","2026-10-03 11:15:23","SOP Task Assigned","-","STANDARD - Re-engagement & Habit Building","0"
"2550","63605182","EGSS-ashraqatal","ME-EGSS01","MEKSA-EGSS01","升舱","Upgrade M2","2","9","1-3 Classes (Low)","2026-10-03 11:16:49","2026-10-03 11:16:49","SOP Task Assigned","-","STANDARD - Re-engagement & Habit Building","0"
"2551","63859196","EGSS-juliamonir01","ME-EGSS01","MEKSA-EGSS01","升舱","Upgrade M2","2","7","1-3 Classes (Low)","2026-10-03 11:17:34","2026-10-03 11:17:34","SOP Task Assigned","-","STANDARD - Re-engagement & Habit Building","0"
"2553","63923125","EGSS-nohayoussry","ME-EGSS01","MEKSA-EGSS01","升舱","Upgrade M2","2","6","1-3 Classes (Low)","2026-10-03 11:19:15","2026-10-03 11:19:15","SOP Task Assigned","-","STANDARD - Re-engagement & Habit Building","0"
"2554","63927579","EGSS-mahmoud04","ME-EGSS01","MEKSA-EGSS01","升舱","Upgrade M2","2","9","1-3 Classes (Low)","2026-10-03 11:19:25","2026-10-03 11:19:25","SOP Task Assigned","-","STANDARD - Re-engagement & Habit Building","0"
"2558","63994975","EGSS-juliamonir01","ME-EGSS01","MEKSA-EGSS01","升舱","Upgrade M2","2","8","1-3 Classes (Low)","2026-10-03 11:22:51","2026-10-03 11:22:51","SOP Task Assigned","-","STANDARD - Re-engagement & Habit Building","0"
"2562","64059123","EGSS-negma","ME-EGSS01","MEKSA-EGSS01","升舱","Upgrade M2","2","10","1-3 Classes (Low)","2026-10-03 11:25:52","2026-10-03 11:25:52","SOP Task Assigned","-","STANDARD - Re-engagement & Habit Building","0"
"2563","64070142","EGSS-negma","ME-EGSS01","MEKSA-EGSS01","升舱","Upgrade M2","2","7","1-3 Classes (Low)","2026-10-03 11:26:18","2026-10-03 11:26:18","SOP Task Assigned","-","STANDARD - Re-engagement & Habit Building","0"
"2564","64069680","EGSS-negma","ME-EGSS01","MEKSA-EGSS01","升舱","Upgrade M2","2","0","1-3 Classes (Low)","2026-10-03 11:26:20","2026-10-03 11:26:20","SOP Task Assigned","-","STANDARD - Re-engagement & Habit Building","0"
"2566","64126349","EGSS-juliamonir01","ME-EGSS01","MEKSA-EGSS01","升舱","Upgrade M2","2","9","1-3 Classes (Low)","2026-10-03 11:29:24","2026-10-03 11:29:24","SOP Task Assigned","-","STANDARD - Re-engagement & Habit Building","0"
"2567","64131292","EGSS-juliamonir01","ME-EGSS01","MEKSA-EGSS01","升舱","Upgrade M2","2","7","1-3 Classes (Low)","2026-10-03 11:29:34","2026-10-03 11:29:34","SOP Task Assigned","-","STANDARD - Re-engagement & Habit Building","0"
"2572","64181529","EGSS-nohayoussry","ME-EGSS01","MEKSA-EGSS01","升舱","Upgrade M2","2","11","1-3 Classes (Low)","2026-10-03 11:33:16","2026-10-03 11:33:16","SOP Task Assigned","-","STANDARD - Re-engagement & Habit Building","0"
"2586","63538110","EGSS-ashraqatal","ME-EGSS01","MEKSA-EGSS01","围场外","outside pool","2","11","1-3 Classes (Low)","2026-10-03 13:33:12","2026-10-03 13:33:12","SOP Completed Touch","-","STANDARD - Re-engagement & Habit Building","0"
"2588","58441836","EGSS-negma","ME-EGSS01","MEKSA-EGSS01","期间","period","2","4","1-3 Classes (Low)","2026-10-03 13:59:55","2026-10-03 13:59:55","SOP Completed Touch","20260407","STANDARD - Re-engagement & Habit Building","0"
"2589","63400086","EGSS-juliamonir01","ME-EGSS01","MEKSA-EGSS01","围场外","outside pool","2","11","1-3 Classes (Low)","2026-10-03 14:17:46","2026-10-03 14:17:46","SOP Completed Touch","-","STANDARD - Re-engagement & Habit Building","0"
"2596","63224723","EGSS-nohayoussry","ME-EGSS01","MEKSA-EGSS01","期间","period","2","11","1-3 Classes (Low)","2026-10-03 17:03:06","2026-10-03 17:03:06","SOP Completed Touch","-","STANDARD - Re-engagement & Habit Building","0"
"2604","60539845","EGSS-negma","ME-EGSS01","MEKSA-EGSS01","围场外","outside pool","2","5","1-3 Classes (Low)","2026-10-04 12:19:23","2026-10-04 12:19:23","SOP Completed Touch","-","STANDARD - Re-engagement & Habit Building","0"
"2605","63495843","EGSS-negma","ME-EGSS01","MEKSA-EGSS01","围场外","outside pool","2","16","1-3 Classes (Low)","2026-10-04 12:19:57","2026-10-04 12:19:57","SOP Completed Touch","20260828","STANDARD - Re-engagement & Habit Building","0"
"2606","63996839","EGSS-juliamonir01","ME-EGSS01","MEKSA-EGSS01","升舱","Upgrade M2","2","8","1-3 Classes (Low)","2026-10-04 12:34:11","2026-10-04 12:34:11","SOP Completed Touch","-","STANDARD - Re-engagement & Habit Building","0"
"2610","63399495","EGSS-ashraqatal","ME-EGSS01","MEKSA-EGSS01","围场外","outside pool","2","6","1-3 Classes (Low)","2026-10-04 20:56:16","2026-10-04 20:56:16","SOP Completed Touch","-","STANDARD - Re-engagement & Habit Building","0"
"2611","59564586","EGSS-nohayoussry","ME-EGSS01","MEKSA-EGSS01","到期","Exp Non-0","2","8","1-3 Classes (Low)","2026-10-05 10:06:21","2026-10-05 10:06:21","SOP Task Assigned","-","STANDARD - Re-engagement & Habit Building","0"
"2619","64476085","EGSS-ashraqatal","ME-EGSS01","MEKSA-EGSS01","围场外","outside pool","2","1","1-3 Classes (Low)","2026-10-05 13:50:57","2026-10-05 13:50:57","SOP Completed Touch","-","STANDARD - Re-engagement & Habit Building","0"
"2621","63207337","EGSS-negma","ME-EGSS01","MEKSA-EGSS01","围场外","outside pool","2","11","1-3 Classes (Low)","2026-10-05 14:34:44","2026-10-05 14:34:44","SOP Completed Touch","20260725","STANDARD - Re-engagement & Habit Building","0"
"2623","64061782","EGSS-ashraqatal","ME-EGSS01","MEKSA-EGSS01","升舱","Upgrade M2","2","9","1-3 Classes (Low)","2026-10-05 15:44:27","2026-10-05 15:44:27","SOP Completed Touch","-","STANDARD - Re-engagement & Habit Building","0"
"2624","58151985","EGSS-ashraqatal","ME-EGSS01","MEKSA-EGSS01","围场外","outside pool","2","6","1-3 Classes (Low)","2026-10-05 18:54:58","2026-10-05 18:54:58","SOP Completed Touch","-","STANDARD - Re-engagement & Habit Building","0"
"2626","64399270","EGSS-nohayoussry","ME-EGSS01","MEKSA-EGSS01","围场外","outside pool","2","7","1-3 Classes (Low)","2026-10-05 19:39:13","2026-10-05 19:39:13","SOP Task Assigned","-","STANDARD - Re-engagement & Habit Building","0"
"2634","62423558","EGSS-mahmoud04","ME-EGSS01","MEKSA-EGSS01","期间","period","2","7","1-3 Classes (Low)","2026-10-06 10:08:59","2026-10-06 10:08:59","SOP Task Assigned","-","STANDARD - Re-engagement & Habit Building","0"
"2635","61197401","EGSS-mahmoud04","ME-EGSS01","MEKSA-EGSS01","升舱","Upgrade M2","2","11","1-3 Classes (Low)","2026-10-06 11:06:14","2026-10-06 11:06:14","SOP Task Assigned","-","STANDARD - Re-engagement & Habit Building","0"
"2639","64053357","EGSS-nohayoussry","ME-EGSS01","MEKSA-EGSS01","围场外","outside pool","2","0","1-3 Classes (Low)","2026-10-06 11:15:14","2026-10-06 11:15:14","SOP Task Assigned","-","STANDARD - Re-engagement & Habit Building","0"
"2647","63662298","EGSS-negma","ME-EGSS01","MEKSA-EGSS01","围场外","outside pool","2","4","1-3 Classes (Low)","2026-10-06 12:53:46","2026-10-06 12:53:46","SOP Completed Touch","-","STANDARD - Re-engagement & Habit Building","0"
"2648","64142999","EGSS-negma","ME-EGSS01","MEKSA-EGSS01","升舱","Upgrade M2","2","7","1-3 Classes (Low)","2026-10-06 12:54:15","2026-10-06 12:54:15","SOP Completed Touch","-","STANDARD - Re-engagement & Habit Building","0"
"2650","63152139","EGSS-mahmoud04","ME-EGSS01","MEKSA-EGSS01","期间","period","2","7","1-3 Classes (Low)","2026-10-06 13:46:13","2026-10-06 13:46:13","SOP Completed Touch","-","STANDARD - Re-engagement & Habit Building","0"
"2651","63148730","EGSS-mahmoud04","ME-EGSS01","MEKSA-EGSS01","期间","period","2","6","1-3 Classes (Low)","2026-10-06 13:49:08","2026-10-06 13:49:08","SOP Completed Touch","-","STANDARD - Re-engagement & Habit Building","0"
"2660","63556914","EGSS-ashraqatal","ME-EGSS01","MEKSA-EGSS01","升舱","Upgrade M2","2","7","1-3 Classes (Low)","2026-10-06 16:10:07","2026-10-06 16:10:07","SOP Completed Touch","-","STANDARD - Re-engagement & Habit Building","0"
"2661","64159936","EGSS-negma","ME-EGSS01","MEKSA-EGSS01","升舱","Upgrade M2","2","13","1-3 Classes (Low)","2026-10-06 16:21:14","2026-10-06 16:21:14","SOP Completed Touch","-","STANDARD - Re-engagement & Habit Building","0"
"2662","64058388","EGSS-mahmoud04","ME-EGSS01","MEKSA-EGSS01","升舱","Upgrade M2","2","11","1-3 Classes (Low)","2026-10-06 16:22:13","2026-10-06 16:22:13","SOP Completed Touch","-","STANDARD - Re-engagement & Habit Building","0"
"2669","63181496","EGSS-nohayoussry","ME-EGSS01","MEKSA-EGSS01","围场外","outside pool","2","11","1-3 Classes (Low)","2026-10-06 20:07:08","2026-10-06 20:07:08","SOP Completed Touch","20260713","STANDARD - Re-engagement & Habit Building","0"
"2670","63572387","EGSS-nohayoussry","ME-EGSS01","MEKSA-EGSS01","围场外","outside pool","2","11","1-3 Classes (Low)","2026-10-06 20:07:44","2026-10-06 20:07:44","SOP Completed Touch","-","STANDARD - Re-engagement & Habit Building","0"
"2671","63681579","EGSS-nohayoussry","ME-EGSS01","MEKSA-EGSS01","围场外","outside pool","2","0","1-3 Classes (Low)","2026-10-06 20:09:27","2026-10-06 20:09:27","SOP Completed Touch","-","STANDARD - Re-engagement & Habit Building","0"
"2672","63913249","EGSS-negma","ME-EGSS01","MEKSA-EGSS01","升舱","Upgrade M2","2","5","1-3 Classes (Low)","2026-10-06 21:52:58","2026-10-06 21:52:58","SOP Completed Touch","-","STANDARD - Re-engagement & Habit Building","0"
"2673","63935986","EGSS-negma","ME-EGSS01","MEKSA-EGSS01","升舱","Upgrade M2","2","8","1-3 Classes (Low)","2026-10-06 21:53:33","2026-10-06 21:53:33","SOP Completed Touch","-","STANDARD - Re-engagement & Habit Building","0"
"2674","63946961","EGSS-negma","ME-EGSS01","MEKSA-EGSS01","升舱","Upgrade M2","2","6","1-3 Classes (Low)","2026-10-06 22:18:40","2026-10-06 22:18:40","SOP Completed Touch","-","STANDARD - Re-engagement & Habit Building","0"
"2675","62073923","EGSS-nohayoussry","ME-EGSS01","MEKSA-EGSS01","升舱","Upgrade M2","2","7","1-3 Classes (Low)","2026-10-07 07:10:25","2026-10-07 07:10:25","SOP Task Assigned","-","STANDARD - Re-engagement & Habit Building","0"
"2678","62471693","EGSS-mahmoud04","ME-EGSS01","MEKSA-EGSS01","期间","period","2","6","1-3 Classes (Low)","2026-10-07 10:45:18","2026-10-07 10:45:18","SOP Task Assigned","-","STANDARD - Re-engagement & Habit Building","0"
"2681","63481694","EGSS-juliamonir01","ME-EGSS01","MEKSA-EGSS01","围场外","outside pool","2","5","1-3 Classes (Low)","2026-10-07 11:13:21","2026-10-07 11:13:21","SOP Task Assigned","-","STANDARD - Re-engagement & Habit Building","0"
"2684","60298117","EGSS-negma","ME-EGSS01","MEKSA-EGSS01","到期","Exp Non-0","2","7","1-3 Classes (Low)","2026-10-07 12:57:42","2026-10-07 12:57:42","SOP Completed Touch","-","STANDARD - Re-engagement & Habit Building","0"
"2685","61179217","EGSS-negma","ME-EGSS01","MEKSA-EGSS01","围场外","outside pool","2","9","1-3 Classes (Low)","2026-10-07 12:57:50","2026-10-07 12:57:50","SOP Completed Touch","-","STANDARD - Re-engagement & Habit Building","0"
"2687","58344108","EGSS-nohayoussry","ME-EGSS01","MEKSA-EGSS01","围场外","outside pool","2","7","1-3 Classes (Low)","2026-10-07 13:00:44","2026-10-07 13:00:44","SOP Completed Touch","-","STANDARD - Re-engagement & Habit Building","0"
"2693","63213014","EGSS-negma","ME-EGSS01","MEKSA-EGSS01","围场外","outside pool","2","10","1-3 Classes (Low)","2026-10-07 14:12:48","2026-10-07 14:12:48","SOP Completed Touch","20260725","STANDARD - Re-engagement & Habit Building","0"
"2705","58828483","EGSS-mahmoud04","ME-EGSS01","MEKSA-EGSS01","围场外","outside pool","2","9","1-3 Classes (Low)","2026-10-07 16:25:19","2026-10-07 16:25:19","SOP Completed Touch","-","STANDARD - Re-engagement & Habit Building","0"
"2707","64159130","EGSS-ashraqatal","ME-EGSS01","MEKSA-EGSS01","围场外","outside pool","2","7","1-3 Classes (Low)","2026-10-07 16:54:39","2026-10-07 16:54:39","SOP Completed Touch","-","STANDARD - Re-engagement & Habit Building","0"
"2709","63204610","EGSS-ashraqatal","ME-EGSS01","MEKSA-EGSS01","围场外","outside pool","2","6","1-3 Classes (Low)","2026-10-07 17:07:20","2026-10-07 17:07:20","SOP Completed Touch","-","STANDARD - Re-engagement & Habit Building","0"
"2710","57946830","EGSS-ashraqatal","ME-EGSS01","MEKSA-EGSS01","升舱","Upgrade M2","2","7","1-3 Classes (Low)","2026-10-07 17:10:20","2026-10-07 17:10:20","SOP Completed Touch","-","STANDARD - Re-engagement & Habit Building","0"
"2712","64125852","EGSS-ashraqatal","ME-EGSS01","MEKSA-EGSS01","升舱","Upgrade M2","2","6","1-3 Classes (Low)","2026-10-07 17:47:55","2026-10-07 17:47:55","SOP Completed Touch","-","STANDARD - Re-engagement & Habit Building","0"
"2715","62172966","EGSS-juliamonir01","ME-EGSS01","MEKSA-EGSS01","到期","Exp Non-0","1","9","1-3 Classes (Low)","1970-01-01 00:00:00","No Connection Recorded","No Recorded Connection","-","STANDARD - Re-engagement & Habit Building","0"
"2727","59582228","EGSS-juliamonir01","ME-EGSS01","MEKSA-EGSS01","到期","Exp Non-0","1","10","1-3 Classes (Low)","1970-01-01 00:00:00","No Connection Recorded","No Recorded Connection","-","STANDARD - Re-engagement & Habit Building","0"
"2732","62128683","EGSS-juliamonir01","ME-EGSS01","MEKSA-EGSS01","到期","Exp Non-0","1","9","1-3 Classes (Low)","1970-01-01 00:00:00","No Connection Recorded","No Recorded Connection","-","STANDARD - Re-engagement & Habit Building","0"
"2733","62128916","EGSS-juliamonir01","ME-EGSS01","MEKSA-EGSS01","到期","Exp Non-0","1","9","1-3 Classes (Low)","1970-01-01 00:00:00","No Connection Recorded","No Recorded Connection","-","STANDARD - Re-engagement & Habit Building","0"
"2734","61154693","EGSS-juliamonir01","ME-EGSS01","MEKSA-EGSS01","围场外","outside pool","1","0","1-3 Classes (Low)","1970-01-01 00:00:00","No Connection Recorded","No Recorded Connection","-","STANDARD - Re-engagement & Habit Building","0"
"2739","63517197","EGSS-juliamonir01","ME-EGSS01","MEKSA-EGSS01","围场外","outside pool","1","0","1-3 Classes (Low)","1970-01-01 00:00:00","No Connection Recorded","No Recorded Connection","-","STANDARD - Re-engagement & Habit Building","0"
"2740","63315633","EGSS-juliamonir01","ME-EGSS01","MEKSA-EGSS01","围场外","outside pool","1","6","1-3 Classes (Low)","1970-01-01 00:00:00","No Connection Recorded","No Recorded Connection","-","STANDARD - Re-engagement & Habit Building","0"
"2741","63465315","EGSS-juliamonir01","ME-EGSS01","MEKSA-EGSS01","围场外","outside pool","1","7","1-3 Classes (Low)","1970-01-01 00:00:00","No Connection Recorded","No Recorded Connection","-","STANDARD - Re-engagement & Habit Building","0"
"2745","58784585","EGSS-mahmoud04","ME-EGSS01","MEKSA-EGSS01","到期","Exp Non-0","1","6","1-3 Classes (Low)","1970-01-01 00:00:00","No Connection Recorded","No Recorded Connection","-","STANDARD - Re-engagement & Habit Building","0"
"2749","63188153","EGSS-juliamonir01","ME-EGSS01","MEKSA-EGSS01","到期","Exp Non-0","1","7","1-3 Classes (Low)","1970-01-01 00:00:00","No Connection Recorded","No Recorded Connection","-","STANDARD - Re-engagement & Habit Building","0"
"2753","62414668","EGSS-juliamonir01","ME-EGSS01","MEKSA-EGSS01","首单到期","FOE Non-0","1","7","1-3 Classes (Low)","1970-01-01 00:00:00","No Connection Recorded","No Recorded Connection","-","STANDARD - Re-engagement & Habit Building","0"
"2756","62960942","EGSS-juliamonir01","ME-EGSS01","MEKSA-EGSS01","到期","Exp Non-0","1","12","1-3 Classes (Low)","1970-01-01 00:00:00","No Connection Recorded","No Recorded Connection","-","STANDARD - Re-engagement & Habit Building","0"
"2761","62917125","EGSS-juliamonir01","ME-EGSS01","MEKSA-EGSS01","围场外","outside pool","1","8","1-3 Classes (Low)","1970-01-01 00:00:00","No Connection Recorded","No Recorded Connection","-","STANDARD - Re-engagement & Habit Building","0"
"2763","63055927","EGSS-ashraqatal","ME-EGSS01","MEKSA-EGSS01","期间","period","1","0","1-3 Classes (Low)","1970-01-01 00:00:00","No Connection Recorded","No Recorded Connection","-","STANDARD - Re-engagement & Habit Building","0"
"2768","63111555","EGSS-ashraqatal","ME-EGSS01","MEKSA-EGSS01","围场外","outside pool","1","0","1-3 Classes (Low)","1970-01-01 00:00:00","No Connection Recorded","No Recorded Connection","-","STANDARD - Re-engagement & Habit Building","0"
"2773","63081428","EGSS-ashraqatal","ME-EGSS01","MEKSA-EGSS01","期间","period","1","1","1-3 Classes (Low)","1970-01-01 00:00:00","No Connection Recorded","No Recorded Connection","-","STANDARD - Re-engagement & Habit Building","0"
"2775","61957600","EGSS-ashraqatal","ME-EGSS01","MEKSA-EGSS01","期间","period","1","0","1-3 Classes (Low)","1970-01-01 00:00:00","No Connection Recorded","No Recorded Connection","-","STANDARD - Re-engagement & Habit Building","0"
"2776","62199103","EGSS-ashraqatal","ME-EGSS01","MEKSA-EGSS01","到期","Exp Non-0","1","6","1-3 Classes (Low)","1970-01-01 00:00:00","No Connection Recorded","No Recorded Connection","-","STANDARD - Re-engagement & Habit Building","0"
"2787","63316283","EGSS-ashraqatal","ME-EGSS01","MEKSA-EGSS01","围场外","outside pool","1","0","1-3 Classes (Low)","1970-01-01 00:00:00","No Connection Recorded","CRM System Outreach","-","STANDARD - Re-engagement & Habit Building","0"
"2806","63613742","EGSS-ashraqatal","ME-EGSS01","MEKSA-EGSS01","围场外","outside pool","1","0","1-3 Classes (Low)","1970-01-01 00:00:00","No Connection Recorded","CRM System Outreach","-","STANDARD - Re-engagement & Habit Building","0"
"2807","58279083","EGSS-juliamonir01","ME-EGSS01","MEKSA-EGSS01","首单到期","FOE Non-0","1","7","1-3 Classes (Low)","1970-01-01 00:00:00","No Connection Recorded","No Recorded Connection","-","STANDARD - Re-engagement & Habit Building","0"
"2810","63892561","EGSS-ashraqatal","ME-EGSS01","MEKSA-EGSS01","围场外","outside pool","1","0","1-3 Classes (Low)","1970-01-01 00:00:00","No Connection Recorded","CRM System Outreach","-","STANDARD - Re-engagement & Habit Building","0"
"2812","64385379","EGSS-ashraqatal","ME-EGSS01","MEKSA-EGSS01","围场外","outside pool","1","1","1-3 Classes (Low)","1970-01-01 00:00:00","No Connection Recorded","No Recorded Connection","-","STANDARD - Re-engagement & Habit Building","0"
"2813","58662152","EGSS-nohayoussry","ME-EGSS01","MEKSA-EGSS01","围场外","outside pool","1","2","1-3 Classes (Low)","1970-01-01 00:00:00","No Connection Recorded","No Recorded Connection","-","STANDARD - Re-engagement & Habit Building","0"
"2815","58636063","EGSS-nohayoussry","ME-EGSS01","MEKSA-EGSS01","围场外","outside pool","1","5","1-3 Classes (Low)","1970-01-01 00:00:00","No Connection Recorded","No Recorded Connection","-","STANDARD - Re-engagement & Habit Building","0"
"2816","62137031","EGSS-nohayoussry","ME-EGSS01","MEKSA-EGSS01","围场外","outside pool","1","4","1-3 Classes (Low)","1970-01-01 00:00:00","No Connection Recorded","No Recorded Connection","-","STANDARD - Re-engagement & Habit Building","0"
"2819","62499085","EGSS-mahmoud04","ME-EGSS01","MEKSA-EGSS01","围场外","outside pool","1","6","1-3 Classes (Low)","1970-01-01 00:00:00","No Connection Recorded","No Recorded Connection","-","STANDARD - Re-engagement & Habit Building","0"
"2820","63241480","EGSS-negma","ME-EGSS01","MEKSA-EGSS01","到期","Exp Non-0","1","14","1-3 Classes (Low)","1970-01-01 00:00:00","No Connection Recorded","No Recorded Connection","-","STANDARD - Re-engagement & Habit Building","0"
"2821","62686694","EGSS-mahmoud04","ME-EGSS01","MEKSA-EGSS01","首单到期","FOE Non-0","1","6","1-3 Classes (Low)","1970-01-01 00:00:00","No Connection Recorded","No Recorded Connection","-","STANDARD - Re-engagement & Habit Building","0"
"2823","63878111","EGSS-negma","ME-EGSS01","MEKSA-EGSS01","围场外","outside pool","1","0","1-3 Classes (Low)","1970-01-01 00:00:00","No Connection Recorded","CRM System Outreach","-","STANDARD - Re-engagement & Habit Building","0"
"2824","63763270","EGSS-negma","ME-EGSS01","MEKSA-EGSS01","围场外","outside pool","1","7","1-3 Classes (Low)","1970-01-01 00:00:00","No Connection Recorded","CRM System Outreach","-","STANDARD - Re-engagement & Habit Building","0"
"2826","63077995","EGSS-nohayoussry","ME-EGSS01","MEKSA-EGSS01","到期","Exp Non-0","1","0","1-3 Classes (Low)","1970-01-01 00:00:00","No Connection Recorded","No Recorded Connection","-","STANDARD - Re-engagement & Habit Building","0"
"2827","62932958","EGSS-nohayoussry","ME-EGSS01","MEKSA-EGSS01","到期","Exp Non-0","1","17","1-3 Classes (Low)","1970-01-01 00:00:00","No Connection Recorded","No Recorded Connection","-","STANDARD - Re-engagement & Habit Building","0"
"2833","62794330","EGSS-nohayoussry","ME-EGSS01","MEKSA-EGSS01","到期","Exp Non-0","1","6","1-3 Classes (Low)","1970-01-01 00:00:00","No Connection Recorded","No Recorded Connection","-","STANDARD - Re-engagement & Habit Building","0"
"2838","62071195","EGSS-negma","ME-EGSS01","MEKSA-EGSS01","到期","Exp Non-0","1","9","1-3 Classes (Low)","1970-01-01 00:00:00","No Connection Recorded","No Recorded Connection","-","STANDARD - Re-engagement & Habit Building","0"
"2840","63591071","EGSS-mahmoud04","ME-EGSS01","MEKSA-EGSS01","到期","Exp Non-0","1","9","1-3 Classes (Low)","1970-01-01 00:00:00","No Connection Recorded","CRM System Outreach","-","STANDARD - Re-engagement & Habit Building","0"
"2841","63887738","EGSS-mahmoud04","ME-EGSS01","MEKSA-EGSS01","围场外","outside pool","1","2","1-3 Classes (Low)","1970-01-01 00:00:00","No Connection Recorded","CRM System Outreach","-","STANDARD - Re-engagement & Habit Building","0"
"2842","63574349","EGSS-mahmoud04","ME-EGSS01","MEKSA-EGSS01","围场外","outside pool","1","7","1-3 Classes (Low)","1970-01-01 00:00:00","No Connection Recorded","No Recorded Connection","-","STANDARD - Re-engagement & Habit Building","0"
"2845","58345017","EGSS-negma","ME-EGSS01","MEKSA-EGSS01","到期","Exp Non-0","1","6","1-3 Classes (Low)","1970-01-01 00:00:00","No Connection Recorded","No Recorded Connection","-","STANDARD - Re-engagement & Habit Building","0"
"2846","58345768","EGSS-negma","ME-EGSS01","MEKSA-EGSS01","到期","Exp Non-0","1","8","1-3 Classes (Low)","1970-01-01 00:00:00","No Connection Recorded","No Recorded Connection","-","STANDARD - Re-engagement & Habit Building","0"
"2848","63961477","EGSS-mahmoud04","ME-EGSS01","MEKSA-EGSS01","围场外","outside pool","1","7","1-3 Classes (Low)","1970-01-01 00:00:00","No Connection Recorded","No Recorded Connection","-","STANDARD - Re-engagement & Habit Building","0"
"2850","64302017","EGSS-mahmoud04","ME-EGSS01","MEKSA-EGSS01","围场外","outside pool","1","14","1-3 Classes (Low)","1970-01-01 00:00:00","No Connection Recorded","No Recorded Connection","-","STANDARD - Re-engagement & Habit Building","0"
"2852","63072588","EGSS-mahmoud04","ME-EGSS01","MEKSA-EGSS01","到期","Exp Non-0","1","9","1-3 Classes (Low)","1970-01-01 00:00:00","No Connection Recorded","No Recorded Connection","-","STANDARD - Re-engagement & Habit Building","0"
"2853","60802611","EGSS-negma","ME-EGSS01","MEKSA-EGSS01","到期","Exp Non-0","1","7","1-3 Classes (Low)","1970-01-01 00:00:00","No Connection Recorded","No Recorded Connection","-","STANDARD - Re-engagement & Habit Building","0"
"2855","62687659","EGSS-mahmoud04","ME-EGSS01","MEKSA-EGSS01","首单到期","FOE Non-0","1","6","1-3 Classes (Low)","1970-01-01 00:00:00","No Connection Recorded","No Recorded Connection","-","STANDARD - Re-engagement & Habit Building","0"
"2856","62823477","EGSS-mahmoud04","ME-EGSS01","MEKSA-EGSS01","到期","Exp Non-0","1","8","1-3 Classes (Low)","1970-01-01 00:00:00","No Connection Recorded","No Recorded Connection","-","STANDARD - Re-engagement & Habit Building","0"
"2857","62857027","EGSS-mahmoud04","ME-EGSS01","MEKSA-EGSS01","到期","Exp Non-0","1","7","1-3 Classes (Low)","1970-01-01 00:00:00","No Connection Recorded","No Recorded Connection","-","STANDARD - Re-engagement & Habit Building","0"
"2859","63384852","EGSS-mahmoud04","ME-EGSS01","MEKSA-EGSS01","到期","Exp Non-0","1","8","1-3 Classes (Low)","1970-01-01 00:00:00","No Connection Recorded","No Recorded Connection","-","STANDARD - Re-engagement & Habit Building","0"
"2860","63489224","EGSS-mahmoud04","ME-EGSS01","MEKSA-EGSS01","围场外","outside pool","1","6","1-3 Classes (Low)","1970-01-01 00:00:00","No Connection Recorded","No Recorded Connection","-","STANDARD - Re-engagement & Habit Building","0"
"2861","60147951","EGSS-negma","ME-EGSS01","MEKSA-EGSS01","围场外","outside pool","1","9","1-3 Classes (Low)","1970-01-01 00:00:00","No Connection Recorded","No Recorded Connection","-","STANDARD - Re-engagement & Habit Building","0"
"2864","63498717","EGSS-nohayoussry","ME-EGSS01","MEKSA-EGSS01","围场外","outside pool","1","2","1-3 Classes (Low)","1970-01-01 00:00:00","No Connection Recorded","No Recorded Connection","-","STANDARD - Re-engagement & Habit Building","0"
"2876","60253777","EGSS-mahmoud04","ME-EGSS01","MEKSA-EGSS01","到期","Exp Non-0","1","9","1-3 Classes (Low)","1970-01-01 00:00:00","No Connection Recorded","No Recorded Connection","-","STANDARD - Re-engagement & Habit Building","0"
"2881","58872614","EGSS-mahmoud04","ME-EGSS01","MEKSA-EGSS01","围场外","outside pool","1","8","1-3 Classes (Low)","1970-01-01 00:00:00","No Connection Recorded","No Recorded Connection","-","STANDARD - Re-engagement & Habit Building","0"
"2891","61512169","EGSS-mahmoud04","ME-EGSS01","MEKSA-EGSS01","首单到期","FOE Non-0","1","0","1-3 Classes (Low)","1970-01-01 00:00:00","No Connection Recorded","No Recorded Connection","-","STANDARD - Re-engagement & Habit Building","0"
"2899","63557963","EGSS-nohayoussry","ME-EGSS01","MEKSA-EGSS01","围场外","outside pool","1","8","1-3 Classes (Low)","1970-01-01 00:00:00","No Connection Recorded","No Recorded Connection","-","STANDARD - Re-engagement & Habit Building","0"
"2901","64287444","EGSS-nohayoussry","ME-EGSS01","MEKSA-EGSS01","围场外","outside pool","1","4","1-3 Classes (Low)","1970-01-01 00:00:00","No Connection Recorded","No Recorded Connection","-","STANDARD - Re-engagement & Habit Building","0"
"2911","60778908","EGSS-mahmoud04","ME-EGSS01","MEKSA-EGSS01","到期","Exp Non-0","1","7","1-3 Classes (Low)","1970-01-01 00:00:00","No Connection Recorded","No Recorded Connection","-","STANDARD - Re-engagement & Habit Building","0"
"2919","61268309","EGSS-ashraqatal","ME-EGSS01","MEKSA-EGSS01","期间","period","1","7","1-3 Classes (Low)","1970-01-01 00:00:00","No Connection Recorded","No Recorded Connection","-","STANDARD - Re-engagement & Habit Building","0"
"2922","60503646","EGSS-ashraqatal","ME-EGSS01","MEKSA-EGSS01","到期","Exp Non-0","1","8","1-3 Classes (Low)","1970-01-01 00:00:00","No Connection Recorded","No Recorded Connection","-","STANDARD - Re-engagement & Habit Building","0"
"2931","63051040","EGSS-juliamonir01","ME-EGSS01","MEKSA-EGSS01","围场外","outside pool","1","8","1-3 Classes (Low)","1970-01-01 00:00:00","No Connection Recorded","No Recorded Connection","-","STANDARD - Re-engagement & Habit Building","0"
"2935","59088179","EGSS-mahmoud04","ME-EGSS01","MEKSA-EGSS01","到期","Exp Non-0","1","7","1-3 Classes (Low)","2024-11-10 00:00:00","2024-11-10 00:00:00","Last 1v1 Payment","20241110","STANDARD - Re-engagement & Habit Building","0"
"2939","59585613","EGSS-nohayoussry","ME-EGSS01","MEKSA-EGSS01","围场外","outside pool","1","9","1-3 Classes (Low)","2025-02-25 00:00:00","2025-02-25 00:00:00","Last 1v1 Payment","20250225","STANDARD - Re-engagement & Habit Building","0"
"2942","58692487","EGSS-mahmoud04","ME-EGSS01","MEKSA-EGSS01","围场外","outside pool","1","0","1-3 Classes (Low)","2025-05-07 00:00:00","2025-05-07 00:00:00","Last 1v1 Payment","20250507","STANDARD - Re-engagement & Habit Building","0"
"2943","59914881","EGSS-negma","ME-EGSS01","MEKSA-EGSS01","到期","Exp Non-0","1","9","1-3 Classes (Low)","2025-05-15 00:00:00","2025-05-15 00:00:00","Last 1v1 Payment","20250515","STANDARD - Re-engagement & Habit Building","0"
"2948","59904633","EGSS-negma","ME-EGSS01","MEKSA-EGSS01","围场外","outside pool","1","11","1-3 Classes (Low)","2025-07-21 00:00:00","2025-07-21 00:00:00","Last 1v1 Payment","20250721","STANDARD - Re-engagement & Habit Building","0"
"2953","58824169","EGSS-juliamonir01","ME-EGSS01","MEKSA-EGSS01","到期","Exp Non-0","1","9","1-3 Classes (Low)","2025-08-14 00:00:00","2025-08-14 00:00:00","Last 1v1 Payment","20250814","STANDARD - Re-engagement & Habit Building","0"
"2956","60802704","EGSS-ashraqatal","ME-EGSS01","MEKSA-EGSS01","围场外","outside pool","1","11","1-3 Classes (Low)","2025-09-27 00:00:00","2025-09-27 00:00:00","Last 1v1 Payment","20250927","STANDARD - Re-engagement & Habit Building","0"
"2957","58905364","EGSS-ashraqatal","ME-EGSS01","MEKSA-EGSS01","围场外","outside pool","1","11","1-3 Classes (Low)","2025-09-27 00:00:00","2025-09-27 00:00:00","Last 1v1 Payment","20250927","STANDARD - Re-engagement & Habit Building","0"
"2963","61038578","EGSS-negma","ME-EGSS01","MEKSA-EGSS01","到期","Exp Non-0","1","0","1-3 Classes (Low)","2025-10-29 00:00:00","2025-10-29 00:00:00","Last 1v1 Payment","20251029","STANDARD - Re-engagement & Habit Building","0"
"2968","59052015","EGSS-juliamonir01","ME-EGSS01","MEKSA-EGSS01","围场外","outside pool","1","4","1-3 Classes (Low)","2025-11-21 00:00:00","2025-11-21 00:00:00","Last 1v1 Payment","20251121","STANDARD - Re-engagement & Habit Building","0"
"2971","61285575","EGSS-nohayoussry","ME-EGSS01","MEKSA-EGSS01","围场外","outside pool","1","7","1-3 Classes (Low)","2025-11-27 00:00:00","2025-11-27 00:00:00","Last 1v1 Payment","20251127","STANDARD - Re-engagement & Habit Building","0"
"2975","59255310","EGSS-nohayoussry","ME-EGSS01","MEKSA-EGSS01","围场外","outside pool","1","10","1-3 Classes (Low)","2025-12-04 00:00:00","2025-12-04 00:00:00","Last 1v1 Payment","20251204","STANDARD - Re-engagement & Habit Building","0"
"2977","61612369","EGSS-nohayoussry","ME-EGSS01","MEKSA-EGSS01","围场外","outside pool","1","8","1-3 Classes (Low)","2025-12-17 00:00:00","2025-12-17 00:00:00","Last 1v1 Payment","20251217","STANDARD - Re-engagement & Habit Building","0"
"2987","61875215","EGSS-juliamonir01","ME-EGSS01","MEKSA-EGSS01","围场外","outside pool","1","2","1-3 Classes (Low)","2026-01-14 00:00:00","2026-01-14 00:00:00","Last 1v1 Payment","20260114","STANDARD - Re-engagement & Habit Building","0"
"2990","59275677","EGSS-nohayoussry","ME-EGSS01","MEKSA-EGSS01","围场外","outside pool","1","3","1-3 Classes (Low)","2026-01-17 00:00:00","2026-01-17 00:00:00","Last 1v1 Payment","20260117","STANDARD - Re-engagement & Habit Building","0"
"2992","59938060","EGSS-negma","ME-EGSS01","MEKSA-EGSS01","围场外","outside pool","1","11","1-3 Classes (Low)","2026-01-27 00:00:00","2026-01-27 00:00:00","Last 1v1 Payment","20260127","STANDARD - Re-engagement & Habit Building","0"
"2998","59907480","EGSS-negma","ME-EGSS01","MEKSA-EGSS01","围场外","outside pool","1","7","1-3 Classes (Low)","2026-02-08 00:00:00","2026-02-08 00:00:00","Last 1v1 Payment","20260208","STANDARD - Re-engagement & Habit Building","0"
"3002","59914594","EGSS-negma","ME-EGSS01","MEKSA-EGSS01","到期","Exp Non-0","1","3","1-3 Classes (Low)","2026-02-26 00:00:00","2026-02-26 00:00:00","Last 1v1 Payment","20260226","STANDARD - Re-engagement & Habit Building","0"
"3009","58889225","EGSS-mahmoud04","ME-EGSS01","MEKSA-EGSS01","到期","Exp Non-0","1","9","1-3 Classes (Low)","2026-03-05 00:00:00","2026-03-05 00:00:00","Last 1v1 Payment","20260305","STANDARD - Re-engagement & Habit Building","0"
"3014","62248187","EGSS-juliamonir01","ME-EGSS01","MEKSA-EGSS01","围场外","outside pool","1","8","1-3 Classes (Low)","2026-03-11 00:00:00","2026-03-11 00:00:00","Last 1v1 Payment","20260311","STANDARD - Re-engagement & Habit Building","0"
"3022","58515455","EGSS-nohayoussry","ME-EGSS01","MEKSA-EGSS01","围场外","outside pool","1","6","1-3 Classes (Low)","2026-03-29 00:00:00","2026-03-29 00:00:00","Last 1v1 Payment","20260329","STANDARD - Re-engagement & Habit Building","0"
"3026","60234399","EGSS-nohayoussry","ME-EGSS01","MEKSA-EGSS01","围场外","outside pool","1","7","1-3 Classes (Low)","2026-03-30 00:00:00","2026-03-30 00:00:00","Last 1v1 Payment","20260330","STANDARD - Re-engagement & Habit Building","0"
"3028","59929138","EGSS-negma","ME-EGSS01","MEKSA-EGSS01","到期","Exp Non-0","1","10","1-3 Classes (Low)","2026-03-30 00:00:00","2026-03-30 00:00:00","Last 1v1 Payment","20260330","STANDARD - Re-engagement & Habit Building","0"
"3030","59158841","EGSS-nohayoussry","ME-EGSS01","MEKSA-EGSS01","围场外","outside pool","1","4","1-3 Classes (Low)","2026-03-30 00:00:00","2026-03-30 00:00:00","Last 1v1 Payment","20260330","STANDARD - Re-engagement & Habit Building","0"
"3031","58749214","EGSS-juliamonir01","ME-EGSS01","MEKSA-EGSS01","围场外","outside pool","1","0","1-3 Classes (Low)","2026-03-31 00:00:00","2026-03-31 00:00:00","Last 1v1 Payment","20260331","STANDARD - Re-engagement & Habit Building","0"
"3039","61116532","EGSS-juliamonir01","ME-EGSS01","MEKSA-EGSS01","围场外","outside pool","1","0","1-3 Classes (Low)","2026-04-16 00:00:00","2026-04-16 00:00:00","Last 1v1 Payment","20260416","STANDARD - Re-engagement & Habit Building","0"
"3040","61116277","EGSS-juliamonir01","ME-EGSS01","MEKSA-EGSS01","围场外","outside pool","1","0","1-3 Classes (Low)","2026-04-16 00:00:00","2026-04-16 00:00:00","Last 1v1 Payment","20260416","STANDARD - Re-engagement & Habit Building","0"
"3041","59623438","EGSS-juliamonir01","ME-EGSS01","MEKSA-EGSS01","围场外","outside pool","1","0","1-3 Classes (Low)","2026-04-16 00:00:00","2026-04-16 00:00:00","Last 1v1 Payment","20260416","STANDARD - Re-engagement & Habit Building","0"
"3043","60563749","EGSS-ashraqatal","ME-EGSS01","MEKSA-EGSS01","围场外","outside pool","1","6","1-3 Classes (Low)","2026-04-19 00:00:00","2026-04-19 00:00:00","Last 1v1 Payment","20260419","STANDARD - Re-engagement & Habit Building","0"
"3044","61973058","EGSS-mahmoud04","ME-EGSS01","MEKSA-EGSS01","围场外","outside pool","1","8","1-3 Classes (Low)","2026-04-19 00:00:00","2026-04-19 00:00:00","Last 1v1 Payment","20260419","STANDARD - Re-engagement & Habit Building","0"
"3046","62000864","EGSS-juliamonir01","ME-EGSS01","MEKSA-EGSS01","围场外","outside pool","1","8","1-3 Classes (Low)","2026-04-19 00:00:00","2026-04-19 00:00:00","Last 1v1 Payment","20260419","STANDARD - Re-engagement & Habit Building","0"
"3049","62016583","EGSS-negma","ME-EGSS01","MEKSA-EGSS01","围场外","outside pool","1","7","1-3 Classes (Low)","2026-04-26 00:00:00","2026-04-26 00:00:00","Last 1v1 Payment","20260426","STANDARD - Re-engagement & Habit Building","0"
"3050","60457923","EGSS-mahmoud04","ME-EGSS01","MEKSA-EGSS01","围场外","outside pool","1","9","1-3 Classes (Low)","2026-04-27 00:00:00","2026-04-27 00:00:00","Last 1v1 Payment","20260427","STANDARD - Re-engagement & Habit Building","0"
"3058","59101330","EGSS-mahmoud04","ME-EGSS01","MEKSA-EGSS01","围场外","outside pool","1","8","1-3 Classes (Low)","2026-05-04 00:00:00","2026-05-04 00:00:00","Last 1v1 Payment","20260504","STANDARD - Re-engagement & Habit Building","0"
"3061","61923679","EGSS-ashraqatal","ME-EGSS01","MEKSA-EGSS01","围场外","outside pool","1","7","1-3 Classes (Low)","2026-05-07 00:00:00","2026-05-07 00:00:00","Last 1v1 Payment","20260507","STANDARD - Re-engagement & Habit Building","0"
"3064","59900734","EGSS-nohayoussry","ME-EGSS01","MEKSA-EGSS01","围场外","outside pool","1","9","1-3 Classes (Low)","2026-05-11 00:00:00","2026-05-11 00:00:00","Last 1v1 Payment","20260511","STANDARD - Re-engagement & Habit Building","0"
"3065","61064269","EGSS-mahmoud04","ME-EGSS01","MEKSA-EGSS01","围场外","outside pool","1","6","1-3 Classes (Low)","2026-05-11 00:00:00","2026-05-11 00:00:00","Last 1v1 Payment","20260511","STANDARD - Re-engagement & Habit Building","0"
"3069","59936587","EGSS-ashraqatal","ME-EGSS01","MEKSA-EGSS01","到期","Exp Non-0","1","7","1-3 Classes (Low)","2026-05-17 00:00:00","2026-05-17 00:00:00","Last 1v1 Payment","20260517","STANDARD - Re-engagement & Habit Building","0"
"3073","61804073","EGSS-negma","ME-EGSS01","MEKSA-EGSS01","围场外","outside pool","1","11","1-3 Classes (Low)","2026-05-21 00:00:00","2026-05-21 00:00:00","Last 1v1 Payment","20260521","STANDARD - Re-engagement & Habit Building","0"
"3080","60990539","EGSS-ashraqatal","ME-EGSS01","MEKSA-EGSS01","期间","period","1","12","1-3 Classes (Low)","2026-05-26 00:00:00","2026-05-26 00:00:00","Last 1v1 Payment","20260526","STANDARD - Re-engagement & Habit Building","0"
"3085","60597337","EGSS-mahmoud04","ME-EGSS01","MEKSA-EGSS01","围场外","outside pool","1","9","1-3 Classes (Low)","2026-06-04 00:00:00","2026-06-04 00:00:00","Last 1v1 Payment","20260604","STANDARD - Re-engagement & Habit Building","0"
"3086","62976583","EGSS-mahmoud04","ME-EGSS01","MEKSA-EGSS01","围场外","outside pool","1","7","1-3 Classes (Low)","2026-06-04 00:00:00","2026-06-04 00:00:00","Last 1v1 Payment","20260604","STANDARD - Re-engagement & Habit Building","0"
"3095","61420185","EGSS-juliamonir01","ME-EGSS01","MEKSA-EGSS01","围场外","outside pool","1","5","1-3 Classes (Low)","2026-06-26 00:00:00","2026-06-26 00:00:00","Last 1v1 Payment","20260626","STANDARD - Re-engagement & Habit Building","0"
"3104","63095316","EGSS-mahmoud04","ME-EGSS01","MEKSA-EGSS01","围场外","outside pool","1","11","1-3 Classes (Low)","2026-07-06 00:00:00","2026-07-06 00:00:00","Last 1v1 Payment","20260706","STANDARD - Re-engagement & Habit Building","0"
"3106","63036788","EGSS-juliamonir01","ME-EGSS01","MEKSA-EGSS01","围场外","outside pool","1","5","1-3 Classes (Low)","2026-07-11 00:00:00","2026-07-11 00:00:00","Last 1v1 Payment","20260711","STANDARD - Re-engagement & Habit Building","0"
"3108","63129239","EGSS-nohayoussry","ME-EGSS01","MEKSA-EGSS01","围场外","outside pool","1","8","1-3 Classes (Low)","2026-07-13 00:00:00","2026-07-13 00:00:00","Last 1v1 Payment","20260713","STANDARD - Re-engagement & Habit Building","0"
"3109","60901866","EGSS-nohayoussry","ME-EGSS01","MEKSA-EGSS01","围场外","outside pool","1","9","1-3 Classes (Low)","2026-07-13 00:00:00","2026-07-13 00:00:00","CRM System Outreach","20260928","STANDARD - Re-engagement & Habit Building","0"
"3110","63112692","EGSS-mahmoud04","ME-EGSS01","MEKSA-EGSS01","围场外","outside pool","1","11","1-3 Classes (Low)","2026-07-13 00:00:00","2026-07-13 00:00:00","Last 1v1 Payment","20260713","STANDARD - Re-engagement & Habit Building","0"
"3114","63499412","EGSS-juliamonir01","ME-EGSS01","MEKSA-EGSS01","围场外","outside pool","1","0","1-3 Classes (Low)","2026-07-18 00:00:00","2026-07-18 00:00:00","CRM System Outreach","-","STANDARD - Re-engagement & Habit Building","0"
"3115","57880776","EGSS-nohayoussry","ME-EGSS01","MEKSA-EGSS01","围场外","outside pool","1","8","1-3 Classes (Low)","2026-07-19 00:00:00","2026-07-19 00:00:00","CRM System Outreach","-","STANDARD - Re-engagement & Habit Building","0"
"3122","61836473","EGSS-mahmoud04","ME-EGSS01","MEKSA-EGSS01","围场外","outside pool","1","10","1-3 Classes (Low)","2026-07-25 00:00:00","2026-07-25 00:00:00","Last 1v1 Payment","20260725","STANDARD - Re-engagement & Habit Building","0"
"3132","63812711","EGSS-ashraqatal","ME-EGSS01","MEKSA-EGSS01","围场外","outside pool","1","3","1-3 Classes (Low)","2026-07-28 00:00:00","2026-07-28 00:00:00","CRM System Outreach","-","STANDARD - Re-engagement & Habit Building","0"
"3133","63824479","EGSS-negma","ME-EGSS01","MEKSA-EGSS01","围场外","outside pool","1","4","1-3 Classes (Low)","2026-07-29 00:00:00","2026-07-29 00:00:00","CRM System Outreach","-","STANDARD - Re-engagement & Habit Building","0"
"3134","60262488","EGSS-juliamonir01","ME-EGSS01","MEKSA-EGSS01","围场外","outside pool","1","0","1-3 Classes (Low)","2026-08-02 00:00:00","2026-08-02 00:00:00","CRM System Outreach","-","STANDARD - Re-engagement & Habit Building","0"
"3141","63405994","EGSS-ashraqatal","ME-EGSS01","MEKSA-EGSS01","围场外","outside pool","1","8","1-3 Classes (Low)","2026-08-06 00:00:00","2026-08-06 00:00:00","Last 1v1 Payment","20260806","STANDARD - Re-engagement & Habit Building","0"
"3142","63567528","EGSS-juliamonir01","ME-EGSS01","MEKSA-EGSS01","围场外","outside pool","1","6","1-3 Classes (Low)","2026-08-07 00:00:00","2026-08-07 00:00:00","CRM System Outreach","-","STANDARD - Re-engagement & Habit Building","0"
"3143","63736712","EGSS-nohayoussry","ME-EGSS01","MEKSA-EGSS01","围场外","outside pool","1","0","1-3 Classes (Low)","2026-08-07 00:00:00","2026-08-07 00:00:00","CRM System Outreach","-","STANDARD - Re-engagement & Habit Building","0"
"3146","63521479","EGSS-juliamonir01","ME-EGSS01","MEKSA-EGSS01","围场外","outside pool","1","9","1-3 Classes (Low)","2026-08-09 00:00:00","2026-08-09 00:00:00","Last 1v1 Payment","20260809","STANDARD - Re-engagement & Habit Building","0"
"3149","63498516","EGSS-mahmoud04","ME-EGSS01","MEKSA-EGSS01","围场外","outside pool","1","7","1-3 Classes (Low)","2026-08-12 00:00:00","2026-08-12 00:00:00","CRM System Outreach","20260928","STANDARD - Re-engagement & Habit Building","0"
"3157","64031624","EGSS-ashraqatal","ME-EGSS01","MEKSA-EGSS01","围场外","outside pool","1","6","1-3 Classes (Low)","2026-08-17 00:00:00","2026-08-17 00:00:00","Last 1v1 Payment","20260817","STANDARD - Re-engagement & Habit Building","0"
"3158","63895787","EGSS-nohayoussry","ME-EGSS01","MEKSA-EGSS01","围场外","outside pool","1","7","1-3 Classes (Low)","2026-08-18 00:00:00","2026-08-18 00:00:00","CRM System Outreach","-","STANDARD - Re-engagement & Habit Building","0"
"3163","61840825","EGSS-ashraqatal","ME-EGSS01","MEKSA-EGSS01","期间","period","1","0","1-3 Classes (Low)","2026-08-19 00:00:00","2026-08-19 00:00:00","Last 1v1 Payment","20260819","STANDARD - Re-engagement & Habit Building","0"
"3164","61784938","EGSS-ashraqatal","ME-EGSS01","MEKSA-EGSS01","期间","period","1","0","1-3 Classes (Low)","2026-08-19 00:00:00","2026-08-19 00:00:00","Last 1v1 Payment","20260819","STANDARD - Re-engagement & Habit Building","0"
"3165","62424275","EGSS-mahmoud04","ME-EGSS01","MEKSA-EGSS01","围场外","outside pool","1","5","1-3 Classes (Low)","2026-08-20 00:00:00","2026-08-20 00:00:00","CRM System Outreach","20260920","STANDARD - Re-engagement & Habit Building","0"
"3166","63619617","EGSS-negma","ME-EGSS01","MEKSA-EGSS01","围场外","outside pool","1","12","1-3 Classes (Low)","2026-08-20 00:00:00","2026-08-20 00:00:00","CRM System Outreach","-","STANDARD - Re-engagement & Habit Building","0"
"3169","60585470","EGSS-ashraqatal","ME-EGSS01","MEKSA-EGSS01","围场外","outside pool","1","6","1-3 Classes (Low)","2026-08-23 00:00:00","2026-08-23 00:00:00","CRM System Outreach","-","STANDARD - Re-engagement & Habit Building","0"
"3171","59371832","EGSS-mahmoud04","ME-EGSS01","MEKSA-EGSS01","围场外","outside pool","1","7","1-3 Classes (Low)","2026-08-26 00:00:00","2026-08-26 00:00:00","Last 1v1 Payment","20260826","STANDARD - Re-engagement & Habit Building","0"
"3175","61195267","EGSS-negma","ME-EGSS01","MEKSA-EGSS01","围场外","outside pool","1","7","1-3 Classes (Low)","2026-08-29 00:00:00","2026-08-29 00:00:00","Last 1v1 Payment","20260829","STANDARD - Re-engagement & Habit Building","0"
"3187","63606324","EGSS-nohayoussry","ME-EGSS01","MEKSA-EGSS01","围场外","outside pool","1","7","1-3 Classes (Low)","2026-09-17 19:43:51","2026-09-17 19:43:51","SOP Completed Touch","-","STANDARD - Re-engagement & Habit Building","0"
"3189","62969730","EGSS-juliamonir01","ME-EGSS01","MEKSA-EGSS01","围场外","outside pool","1","6","1-3 Classes (Low)","2026-09-19 13:39:26","2026-09-19 13:39:26","SOP Completed Touch","-","STANDARD - Re-engagement & Habit Building","0"
"3194","59237342","EGSS-juliamonir01","ME-EGSS01","MEKSA-EGSS01","围场外","outside pool","1","12","1-3 Classes (Low)","2026-09-29 00:00:00","2026-09-29 00:00:00","Last 1v1 Payment","20260929","STANDARD - Re-engagement & Habit Building","0"
"3209","58343551","EGSS-mahmoud04","ME-EGSS01","MEKSA-EGSS01","围场外","outside pool","1","2","1-3 Classes (Low)","2026-09-30 14:58:44","2026-09-30 14:58:44","SOP Completed Touch","-","STANDARD - Re-engagement & Habit Building","0"
"3211","64179228","EGSS-ashraqatal","ME-EGSS01","MEKSA-EGSS01","围场外","outside pool","1","0","1-3 Classes (Low)","2026-09-30 18:43:01","2026-09-30 18:43:01","SOP Completed Touch","-","STANDARD - Re-engagement & Habit Building","0"
"3217","64179547","EGSS-ashraqatal","ME-EGSS01","MEKSA-EGSS01","围场外","outside pool","1","0","1-3 Classes (Low)","2026-10-01 18:31:18","2026-10-01 18:31:18","SOP Completed Touch","-","STANDARD - Re-engagement & Habit Building","0"
"3220","60854816","EGSS-ashraqatal","ME-EGSS01","MEKSA-EGSS01","升舱","Upgrade M2","1","2","1-3 Classes (Low)","2026-10-03 11:11:48","2026-10-03 11:11:48","SOP Task Assigned","-","STANDARD - Re-engagement & Habit Building","0"
"3221","63451699","EGSS-nohayoussry","ME-EGSS01","MEKSA-EGSS01","升舱","Upgrade M2","1","7","1-3 Classes (Low)","2026-10-03 11:16:16","2026-10-03 11:16:16","SOP Task Assigned","-","STANDARD - Re-engagement & Habit Building","0"
"3223","63651640","EGSS-ashraqatal","ME-EGSS01","MEKSA-EGSS01","升舱","Upgrade M2","1","6","1-3 Classes (Low)","2026-10-03 11:16:50","2026-10-03 11:16:50","SOP Task Assigned","-","STANDARD - Re-engagement & Habit Building","0"
"3225","64007331","EGSS-juliamonir01","ME-EGSS01","MEKSA-EGSS01","升舱","Upgrade M2","1","9","1-3 Classes (Low)","2026-10-03 11:23:39","2026-10-03 11:23:39","SOP Task Assigned","-","STANDARD - Re-engagement & Habit Building","0"
"3231","63095985","EGSS-juliamonir01","ME-EGSS01","MEKSA-EGSS01","到期","Exp Non-0","1","9","1-3 Classes (Low)","2026-10-03 14:17:29","2026-10-03 14:17:29","SOP Completed Touch","-","STANDARD - Re-engagement & Habit Building","0"
"3232","63670248","EGSS-juliamonir01","ME-EGSS01","MEKSA-EGSS01","围场外","outside pool","1","0","1-3 Classes (Low)","2026-10-03 14:18:18","2026-10-03 14:18:18","SOP Completed Touch","-","STANDARD - Re-engagement & Habit Building","0"
"3233","63464175","EGSS-juliamonir01","ME-EGSS01","MEKSA-EGSS01","围场外","outside pool","1","7","1-3 Classes (Low)","2026-10-03 14:19:42","2026-10-03 14:19:42","SOP Completed Touch","-","STANDARD - Re-engagement & Habit Building","0"
"3243","58456102","EGSS-negma","ME-EGSS01","MEKSA-EGSS01","到期","Exp Non-0","1","9","1-3 Classes (Low)","2026-10-04 12:45:36","2026-10-04 12:45:36","SOP Completed Touch","20251231","STANDARD - Re-engagement & Habit Building","0"
"3244","63705740","EGSS-nohayoussry","ME-EGSS01","MEKSA-EGSS01","围场外","outside pool","1","6","1-3 Classes (Low)","2026-10-04 13:14:50","2026-10-04 13:14:50","SOP Completed Touch","-","STANDARD - Re-engagement & Habit Building","0"
"3245","59379324","EGSS-ashraqatal","ME-EGSS01","MEKSA-EGSS01","期间","period","1","9","1-3 Classes (Low)","2026-10-04 18:59:48","2026-10-04 18:59:48","SOP Completed Touch","20260428","STANDARD - Re-engagement & Habit Building","0"
"3247","61232433","EGSS-mahmoud04","ME-EGSS01","MEKSA-EGSS01","期间","period","1","9","1-3 Classes (Low)","2026-10-05 10:08:57","2026-10-05 10:08:57","SOP Task Assigned","-","STANDARD - Re-engagement & Habit Building","0"
"3249","63539607","EGSS-ashraqatal","ME-EGSS01","MEKSA-EGSS01","围场外","outside pool","1","8","1-3 Classes (Low)","2026-10-05 14:03:05","2026-10-05 14:03:05","SOP Completed Touch","-","STANDARD - Re-engagement & Habit Building","0"
"3251","59809643","EGSS-mahmoud04","ME-EGSS01","MEKSA-EGSS01","到期","Exp Non-0","1","9","1-3 Classes (Low)","2026-10-06 10:06:06","2026-10-06 10:06:06","SOP Task Assigned","-","STANDARD - Re-engagement & Habit Building","0"
"3252","60215401","EGSS-ashraqatal","ME-EGSS01","MEKSA-EGSS01","到期","Exp Non-0","1","8","1-3 Classes (Low)","2026-10-06 10:06:30","2026-10-06 10:06:30","SOP Task Assigned","-","STANDARD - Re-engagement & Habit Building","0"
"3254","61873472","EGSS-nohayoussry","ME-EGSS01","MEKSA-EGSS01","升舱","Upgrade M2","1","14","1-3 Classes (Low)","2026-10-06 11:08:29","2026-10-06 11:08:29","SOP Task Assigned","-","STANDARD - Re-engagement & Habit Building","0"
"3256","63258074","EGSS-ashraqatal","ME-EGSS01","MEKSA-EGSS01","围场外","outside pool","1","0","1-3 Classes (Low)","2026-10-06 11:14:40","2026-10-06 11:14:40","SOP Task Assigned","-","STANDARD - Re-engagement & Habit Building","0"
"3268","60971687","EGSS-ashraqatal","ME-EGSS01","MEKSA-EGSS01","围场外","outside pool","1","10","1-3 Classes (Low)","2026-10-06 20:44:27","2026-10-06 20:44:27","SOP Completed Touch","-","STANDARD - Re-engagement & Habit Building","0"
"3269","59895425","EGSS-negma","ME-EGSS01","MEKSA-EGSS01","期间","period","1","0","1-3 Classes (Low)","2026-10-06 21:58:28","2026-10-06 21:58:28","SOP Completed Touch","20260329","STANDARD - Re-engagement & Habit Building","0"
"3271","61801131","EGSS-ashraqatal","ME-EGSS01","MEKSA-EGSS01","到期","Exp Non-0","1","12","1-3 Classes (Low)","2026-10-07 11:15:54","2026-10-07 11:15:54","SOP Task Assigned","-","STANDARD - Re-engagement & Habit Building","0"
"3274","64061011","EGSS-juliamonir01","ME-EGSS01","MEKSA-EGSS01","围场外","outside pool","1","12","1-3 Classes (Low)","2026-10-07 11:23:30","2026-10-07 11:23:30","SOP Task Assigned","-","STANDARD - Re-engagement & Habit Building","0"
"3277","59890588","EGSS-negma","ME-EGSS01","MEKSA-EGSS01","围场外","outside pool","1","9","1-3 Classes (Low)","2026-10-07 13:06:50","2026-10-07 13:06:50","SOP Completed Touch","20250421","STANDARD - Re-engagement & Habit Building","0"
"3278","58780934","EGSS-juliamonir01","ME-EGSS01","MEKSA-EGSS01","到期","Exp Non-0","1","6","1-3 Classes (Low)","2026-10-07 13:15:20","2026-10-07 13:15:20","SOP Completed Touch","20250916","STANDARD - Re-engagement & Habit Building","0"
"3279","59944876","EGSS-negma","ME-EGSS01","MEKSA-EGSS01","围场外","outside pool","1","11","1-3 Classes (Low)","2026-10-07 13:34:41","2026-10-07 13:34:41","SOP Completed Touch","20250509","STANDARD - Re-engagement & Habit Building","0"
"3285","63994914","EGSS-negma","ME-EGSS01","MEKSA-EGSS01","围场外","outside pool","1","11","1-3 Classes (Low)","2026-10-07 14:17:14","2026-10-07 14:17:14","SOP Completed Touch","-","STANDARD - Re-engagement & Habit Building","0"
"3289","60750374","EGSS-mahmoud04","ME-EGSS01","MEKSA-EGSS01","到期","Exp Non-0","1","10","1-3 Classes (Low)","2026-10-07 16:16:55","2026-10-07 16:16:55","SOP Completed Touch","20260302","STANDARD - Re-engagement & Habit Building","0"
"3292","60153790","EGSS-ashraqatal","ME-EGSS01","MEKSA-EGSS01","围场外","outside pool","1","0","1-3 Classes (Low)","2026-10-07 16:57:15","2026-10-07 16:57:15","SOP Completed Touch","20260929","STANDARD - Re-engagement & Habit Building","0"
"3294","63555848","EGSS-ashraqatal","ME-EGSS01","MEKSA-EGSS01","围场外","outside pool","1","1","1-3 Classes (Low)","2026-10-07 17:12:12","2026-10-07 17:12:12","SOP Completed Touch","-","STANDARD - Re-engagement & Habit Building","0"
"3304","61466910","EGSS-nohayoussry","ME-EGSS01","MEKSA-EGSS01","首单到期","FOE 0-cr","0","0","0 Classes (Dormant)","1970-01-01 00:00:00","No Connection Recorded","No Recorded Connection","-","REACTIVATION - Dormant Student Win-Back","0"
"3305","61466360","EGSS-nohayoussry","ME-EGSS01","MEKSA-EGSS01","到期","Exp 0-cr","0","0","0 Classes (Dormant)","1970-01-01 00:00:00","No Connection Recorded","No Recorded Connection","-","REACTIVATION - Dormant Student Win-Back","0"
"3312","61880738","EGSS-nohayoussry","ME-EGSS01","MEKSA-EGSS01","到期","Exp Non-0","0","0","0 Classes (Dormant)","1970-01-01 00:00:00","No Connection Recorded","No Recorded Connection","-","REACTIVATION - Dormant Student Win-Back","0"
"3313","59657775","EGSS-mahmoud04","ME-EGSS01","MEKSA-EGSS01","到期","Exp Non-0","0","0","0 Classes (Dormant)","1970-01-01 00:00:00","No Connection Recorded","No Recorded Connection","-","REACTIVATION - Dormant Student Win-Back","0"
"3314","61998899","EGSS-nohayoussry","ME-EGSS01","MEKSA-EGSS01","首单到期","FOE Non-0","0","0","0 Classes (Dormant)","1970-01-01 00:00:00","No Connection Recorded","No Recorded Connection","-","REACTIVATION - Dormant Student Win-Back","0"
"3315","62279076","EGSS-mahmoud04","ME-EGSS01","MEKSA-EGSS01","首单到期","FOE 0-cr","0","0","0 Classes (Dormant)","1970-01-01 00:00:00","No Connection Recorded","No Recorded Connection","-","REACTIVATION - Dormant Student Win-Back","0"
"3316","59938767","EGSS-mahmoud04","ME-EGSS01","MEKSA-EGSS01","到期","Exp Non-0","0","0","0 Classes (Dormant)","1970-01-01 00:00:00","No Connection Recorded","No Recorded Connection","-","REACTIVATION - Dormant Student Win-Back","0"
"3319","62345722","EGSS-mahmoud04","ME-EGSS01","MEKSA-EGSS01","到期","Exp Non-0","0","0","0 Classes (Dormant)","1970-01-01 00:00:00","No Connection Recorded","No Recorded Connection","-","REACTIVATION - Dormant Student Win-Back","0"
"3323","62815648","EGSS-nohayoussry","ME-EGSS01","MEKSA-EGSS01","到期","Exp Non-0","0","0","0 Classes (Dormant)","1970-01-01 00:00:00","No Connection Recorded","No Recorded Connection","-","REACTIVATION - Dormant Student Win-Back","0"
"3325","62351077","EGSS-mahmoud04","ME-EGSS01","MEKSA-EGSS01","首单到期","FOE Non-0","0","0","0 Classes (Dormant)","1970-01-01 00:00:00","No Connection Recorded","No Recorded Connection","-","REACTIVATION - Dormant Student Win-Back","0"
"3330","61218678","EGSS-nohayoussry","ME-EGSS01","MEKSA-EGSS01","首单到期","FOE Non-0","0","0","0 Classes (Dormant)","1970-01-01 00:00:00","No Connection Recorded","No Recorded Connection","-","REACTIVATION - Dormant Student Win-Back","0"
"3331","62279423","EGSS-mahmoud04","ME-EGSS01","MEKSA-EGSS01","首单到期","FOE 0-cr","0","0","0 Classes (Dormant)","1970-01-01 00:00:00","No Connection Recorded","No Recorded Connection","-","REACTIVATION - Dormant Student Win-Back","0"
"3337","62344970","EGSS-mahmoud04","ME-EGSS01","MEKSA-EGSS01","首单到期","FOE 0-cr","0","0","0 Classes (Dormant)","1970-01-01 00:00:00","No Connection Recorded","No Recorded Connection","-","REACTIVATION - Dormant Student Win-Back","0"
"3338","62310168","EGSS-mahmoud04","ME-EGSS01","MEKSA-EGSS01","到期","Exp Non-0","0","0","0 Classes (Dormant)","1970-01-01 00:00:00","No Connection Recorded","No Recorded Connection","-","REACTIVATION - Dormant Student Win-Back","0"
"3339","62320779","EGSS-mahmoud04","ME-EGSS01","MEKSA-EGSS01","首单到期","FOE Non-0","0","0","0 Classes (Dormant)","1970-01-01 00:00:00","No Connection Recorded","No Recorded Connection","-","REACTIVATION - Dormant Student Win-Back","0"
"3340","59851866","EGSS-ashraqatal","ME-EGSS01","MEKSA-EGSS01","围场外","outside pool","0","0","0 Classes (Dormant)","1970-01-01 00:00:00","No Connection Recorded","No Recorded Connection","-","REACTIVATION - Dormant Student Win-Back","0"
"3344","62346533","EGSS-nohayoussry","ME-EGSS01","MEKSA-EGSS01","首单到期","FOE Non-0","0","0","0 Classes (Dormant)","1970-01-01 00:00:00","No Connection Recorded","No Recorded Connection","-","REACTIVATION - Dormant Student Win-Back","0"
"3359","62795890","EGSS-nohayoussry","ME-EGSS01","MEKSA-EGSS01","首单到期","FOE Non-0","0","0","0 Classes (Dormant)","1970-01-01 00:00:00","No Connection Recorded","No Recorded Connection","-","REACTIVATION - Dormant Student Win-Back","0"
"3363","60898609","EGSS-ashraqatal","ME-EGSS01","MEKSA-EGSS01","首单到期","FOE 0-cr","0","0","0 Classes (Dormant)","1970-01-01 00:00:00","No Connection Recorded","No Recorded Connection","-","REACTIVATION - Dormant Student Win-Back","0"
"3368","62280928","EGSS-nohayoussry","ME-EGSS01","MEKSA-EGSS01","首单到期","FOE Non-0","0","0","0 Classes (Dormant)","1970-01-01 00:00:00","No Connection Recorded","No Recorded Connection","-","REACTIVATION - Dormant Student Win-Back","0"
"3378","60910057","EGSS-ashraqatal","ME-EGSS01","MEKSA-EGSS01","首单到期","FOE 0-cr","0","0","0 Classes (Dormant)","1970-01-01 00:00:00","No Connection Recorded","No Recorded Connection","-","REACTIVATION - Dormant Student Win-Back","0"
"3386","62206279","EGSS-mahmoud04","ME-EGSS01","MEKSA-EGSS01","首单到期","FOE 0-cr","0","0","0 Classes (Dormant)","1970-01-01 00:00:00","No Connection Recorded","No Recorded Connection","-","REACTIVATION - Dormant Student Win-Back","0"
"3387","62395119","EGSS-mahmoud04","ME-EGSS01","MEKSA-EGSS01","首单到期","FOE Non-0","0","0","0 Classes (Dormant)","1970-01-01 00:00:00","No Connection Recorded","No Recorded Connection","-","REACTIVATION - Dormant Student Win-Back","0"
"3388","62675610","EGSS-mahmoud04","ME-EGSS01","MEKSA-EGSS01","到期","Exp Non-0","0","0","0 Classes (Dormant)","1970-01-01 00:00:00","No Connection Recorded","No Recorded Connection","-","REACTIVATION - Dormant Student Win-Back","0"
"3391","62266349","EGSS-negma","ME-EGSS01","MEKSA-EGSS01","围场外","outside pool","0","0","0 Classes (Dormant)","1970-01-01 00:00:00","No Connection Recorded","No Recorded Connection","-","REACTIVATION - Dormant Student Win-Back","0"
"3394","62114553","EGSS-negma","ME-EGSS01","MEKSA-EGSS01","围场外","outside pool","0","0","0 Classes (Dormant)","1970-01-01 00:00:00","No Connection Recorded","No Recorded Connection","-","REACTIVATION - Dormant Student Win-Back","0"
"3395","58440976","EGSS-mahmoud04","ME-EGSS01","MEKSA-EGSS01","到期","Exp 0-cr","0","0","0 Classes (Dormant)","1970-01-01 00:00:00","No Connection Recorded","No Recorded Connection","-","REACTIVATION - Dormant Student Win-Back","0"
"3405","62589986","EGSS-mahmoud04","ME-EGSS01","MEKSA-EGSS01","首单到期","FOE Non-0","0","0","0 Classes (Dormant)","1970-01-01 00:00:00","No Connection Recorded","No Recorded Connection","-","REACTIVATION - Dormant Student Win-Back","0"
"3407","62820008","EGSS-negma","ME-EGSS01","MEKSA-EGSS01","首单到期","FOE Non-0","0","0","0 Classes (Dormant)","1970-01-01 00:00:00","No Connection Recorded","No Recorded Connection","-","REACTIVATION - Dormant Student Win-Back","0"
"3408","61106353","EGSS-negma","ME-EGSS01","MEKSA-EGSS01","到期","Exp 0-cr","0","0","0 Classes (Dormant)","1970-01-01 00:00:00","No Connection Recorded","No Recorded Connection","-","REACTIVATION - Dormant Student Win-Back","0"
"3410","62674764","EGSS-mahmoud04","ME-EGSS01","MEKSA-EGSS01","首单到期","FOE Non-0","0","0","0 Classes (Dormant)","1970-01-01 00:00:00","No Connection Recorded","No Recorded Connection","-","REACTIVATION - Dormant Student Win-Back","0"
"3415","63015323","EGSS-mahmoud04","ME-EGSS01","MEKSA-EGSS01","到期","Exp 0-cr","0","0","0 Classes (Dormant)","1970-01-01 00:00:00","No Connection Recorded","No Recorded Connection","-","REACTIVATION - Dormant Student Win-Back","0"
"3420","61189867","EGSS-negma","ME-EGSS01","MEKSA-EGSS01","到期","Exp 0-cr","0","0","0 Classes (Dormant)","1970-01-01 00:00:00","No Connection Recorded","No Recorded Connection","-","REACTIVATION - Dormant Student Win-Back","0"
"3421","64365096","EGSS-juliamonir01","ME-EGSS01","MEKSA-EGSS01","围场外","outside pool","0","0","0 Classes (Dormant)","1970-01-01 00:00:00","No Connection Recorded","No Recorded Connection","-","REACTIVATION - Dormant Student Win-Back","0"
"3429","61136053","EGSS-negma","ME-EGSS01","MEKSA-EGSS01","首单到期","FOE Non-0","0","0","0 Classes (Dormant)","1970-01-01 00:00:00","No Connection Recorded","No Recorded Connection","-","REACTIVATION - Dormant Student Win-Back","0"
"3430","58239531","EGSS-mahmoud04","ME-EGSS01","MEKSA-EGSS01","首单到期","FOE 0-cr","0","0","0 Classes (Dormant)","1970-01-01 00:00:00","No Connection Recorded","No Recorded Connection","-","REACTIVATION - Dormant Student Win-Back","0"
"3431","63464843","EGSS-mahmoud04","ME-EGSS01","MEKSA-EGSS01","到期","Exp Non-0","0","8","0 Classes (Dormant)","1970-01-01 00:00:00","No Connection Recorded","No Recorded Connection","-","REACTIVATION - Dormant Student Win-Back","0"
"3432","62862962","EGSS-mahmoud04","ME-EGSS01","MEKSA-EGSS01","到期","Exp Non-0","0","0","0 Classes (Dormant)","1970-01-01 00:00:00","No Connection Recorded","No Recorded Connection","-","REACTIVATION - Dormant Student Win-Back","0"
"3434","61910132","EGSS-negma","ME-EGSS01","MEKSA-EGSS01","到期","Exp 0-cr","0","0","0 Classes (Dormant)","1970-01-01 00:00:00","No Connection Recorded","No Recorded Connection","-","REACTIVATION - Dormant Student Win-Back","0"
"3435","61706503","EGSS-negma","ME-EGSS01","MEKSA-EGSS01","首单到期","FOE 0-cr","0","0","0 Classes (Dormant)","1970-01-01 00:00:00","No Connection Recorded","No Recorded Connection","-","REACTIVATION - Dormant Student Win-Back","0"
"3437","61138832","EGSS-negma","ME-EGSS01","MEKSA-EGSS01","首单到期","FOE 0-cr","0","0","0 Classes (Dormant)","1970-01-01 00:00:00","No Connection Recorded","No Recorded Connection","-","REACTIVATION - Dormant Student Win-Back","0"
"3438","58069481","EGSS-mahmoud04","ME-EGSS01","MEKSA-EGSS01","围场外","outside pool","0","0","0 Classes (Dormant)","1970-01-01 00:00:00","No Connection Recorded","No Recorded Connection","-","REACTIVATION - Dormant Student Win-Back","0"
"3443","64328730","EGSS-negma","ME-EGSS01","MEKSA-EGSS01","围场外","outside pool","0","0","0 Classes (Dormant)","1970-01-01 00:00:00","No Connection Recorded","No Recorded Connection","-","REACTIVATION - Dormant Student Win-Back","0"
"3458","62401002","EGSS-mahmoud04","ME-EGSS01","MEKSA-EGSS01","首单到期","FOE 0-cr","0","0","0 Classes (Dormant)","1970-01-01 00:00:00","No Connection Recorded","No Recorded Connection","-","REACTIVATION - Dormant Student Win-Back","0"
"3464","64378434","EGSS-negma","ME-EGSS01","MEKSA-EGSS01","围场外","outside pool","0","0","0 Classes (Dormant)","1970-01-01 00:00:00","No Connection Recorded","No Recorded Connection","-","REACTIVATION - Dormant Student Win-Back","0"
"3466","62419320","EGSS-mahmoud04","ME-EGSS01","MEKSA-EGSS01","首单到期","FOE Non-0","0","0","0 Classes (Dormant)","1970-01-01 00:00:00","No Connection Recorded","No Recorded Connection","-","REACTIVATION - Dormant Student Win-Back","0"
"3468","61077459","EGSS-negma","ME-EGSS01","MEKSA-EGSS01","围场外","outside pool","0","0","0 Classes (Dormant)","1970-01-01 00:00:00","No Connection Recorded","No Recorded Connection","-","REACTIVATION - Dormant Student Win-Back","0"
"3469","59735323","EGSS-ashraqatal","ME-EGSS01","MEKSA-EGSS01","到期","Exp Non-0","0","0","0 Classes (Dormant)","1970-01-01 00:00:00","No Connection Recorded","No Recorded Connection","-","REACTIVATION - Dormant Student Win-Back","0"
"3471","62439178","EGSS-mahmoud04","ME-EGSS01","MEKSA-EGSS01","到期","Exp Non-0","0","0","0 Classes (Dormant)","1970-01-01 00:00:00","No Connection Recorded","No Recorded Connection","-","REACTIVATION - Dormant Student Win-Back","0"
"3476","59082657","EGSS-mahmoud04","ME-EGSS01","MEKSA-EGSS01","到期","Exp Non-0","0","0","0 Classes (Dormant)","1970-01-01 00:00:00","No Connection Recorded","No Recorded Connection","-","REACTIVATION - Dormant Student Win-Back","0"
"3478","59063867","EGSS-mahmoud04","ME-EGSS01","MEKSA-EGSS01","到期","Exp Non-0","0","9","0 Classes (Dormant)","1970-01-01 00:00:00","No Connection Recorded","No Recorded Connection","-","REACTIVATION - Dormant Student Win-Back","0"
"3481","62449528","EGSS-mahmoud04","ME-EGSS01","MEKSA-EGSS01","首单到期","FOE Non-0","0","0","0 Classes (Dormant)","1970-01-01 00:00:00","No Connection Recorded","No Recorded Connection","-","REACTIVATION - Dormant Student Win-Back","0"
"3482","64328643","EGSS-negma","ME-EGSS01","MEKSA-EGSS01","围场外","outside pool","0","0","0 Classes (Dormant)","1970-01-01 00:00:00","No Connection Recorded","No Recorded Connection","-","REACTIVATION - Dormant Student Win-Back","0"
"3483","64117235","EGSS-negma","ME-EGSS01","MEKSA-EGSS01","围场外","outside pool","0","0","0 Classes (Dormant)","1970-01-01 00:00:00","No Connection Recorded","No Recorded Connection","-","REACTIVATION - Dormant Student Win-Back","0"
"3488","62437596","EGSS-mahmoud04","ME-EGSS01","MEKSA-EGSS01","首单到期","FOE Non-0","0","0","0 Classes (Dormant)","1970-01-01 00:00:00","No Connection Recorded","No Recorded Connection","-","REACTIVATION - Dormant Student Win-Back","0"
"3498","64431547","EGSS-nohayoussry","ME-EGSS01","MEKSA-EGSS01","围场外","outside pool","0","6","0 Classes (Dormant)","1970-01-01 00:00:00","No Connection Recorded","No Recorded Connection","-","REACTIVATION - Dormant Student Win-Back","0"
"3502","60938883","EGSS-mahmoud04","ME-EGSS01","MEKSA-EGSS01","围场外","outside pool","0","6","0 Classes (Dormant)","1970-01-01 00:00:00","No Connection Recorded","No Recorded Connection","-","REACTIVATION - Dormant Student Win-Back","0"
"3505","64234109","EGSS-nohayoussry","ME-EGSS01","MEKSA-EGSS01","围场外","outside pool","0","6","0 Classes (Dormant)","1970-01-01 00:00:00","No Connection Recorded","No Recorded Connection","-","REACTIVATION - Dormant Student Win-Back","0"
"3510","61803753","EGSS-mahmoud04","ME-EGSS01","MEKSA-EGSS01","到期","Exp Non-0","0","0","0 Classes (Dormant)","1970-01-01 00:00:00","No Connection Recorded","No Recorded Connection","-","REACTIVATION - Dormant Student Win-Back","0"
"3523","63719265","EGSS-nohayoussry","ME-EGSS01","MEKSA-EGSS01","围场外","outside pool","0","8","0 Classes (Dormant)","1970-01-01 00:00:00","No Connection Recorded","CRM System Outreach","20260910","REACTIVATION - Dormant Student Win-Back","0"
"3524","60643747","EGSS-negma","ME-EGSS01","MEKSA-EGSS01","到期","Exp 0-cr","0","0","0 Classes (Dormant)","1970-01-01 00:00:00","No Connection Recorded","No Recorded Connection","-","REACTIVATION - Dormant Student Win-Back","0"
"3530","62044281","EGSS-mahmoud04","ME-EGSS01","MEKSA-EGSS01","到期","Exp Non-0","0","0","0 Classes (Dormant)","1970-01-01 00:00:00","No Connection Recorded","No Recorded Connection","-","REACTIVATION - Dormant Student Win-Back","0"
"3535","61967081","EGSS-mahmoud04","ME-EGSS01","MEKSA-EGSS01","到期","Exp Non-0","0","0","0 Classes (Dormant)","1970-01-01 00:00:00","No Connection Recorded","No Recorded Connection","-","REACTIVATION - Dormant Student Win-Back","0"
"3536","60909041","EGSS-mahmoud04","ME-EGSS01","MEKSA-EGSS01","首单到期","FOE 0-cr","0","0","0 Classes (Dormant)","1970-01-01 00:00:00","No Connection Recorded","No Recorded Connection","-","REACTIVATION - Dormant Student Win-Back","0"
"3537","60847530","EGSS-mahmoud04","ME-EGSS01","MEKSA-EGSS01","首单到期","FOE 0-cr","0","0","0 Classes (Dormant)","1970-01-01 00:00:00","No Connection Recorded","No Recorded Connection","-","REACTIVATION - Dormant Student Win-Back","0"
"3538","61944445","EGSS-mahmoud04","ME-EGSS01","MEKSA-EGSS01","首单到期","FOE Non-0","0","0","0 Classes (Dormant)","1970-01-01 00:00:00","No Connection Recorded","No Recorded Connection","-","REACTIVATION - Dormant Student Win-Back","0"
"3539","63998215","EGSS-nohayoussry","ME-EGSS01","MEKSA-EGSS01","围场外","outside pool","0","0","0 Classes (Dormant)","1970-01-01 00:00:00","No Connection Recorded","No Recorded Connection","-","REACTIVATION - Dormant Student Win-Back","0"
"3544","63793823","EGSS-nohayoussry","ME-EGSS01","MEKSA-EGSS01","围场外","outside pool","0","0","0 Classes (Dormant)","1970-01-01 00:00:00","No Connection Recorded","CRM System Outreach","-","REACTIVATION - Dormant Student Win-Back","0"
"3555","61462322","EGSS-mahmoud04","ME-EGSS01","MEKSA-EGSS01","首单到期","FOE Non-0","0","0","0 Classes (Dormant)","1970-01-01 00:00:00","No Connection Recorded","No Recorded Connection","-","REACTIVATION - Dormant Student Win-Back","0"
"3564","61683428","EGSS-mahmoud04","ME-EGSS01","MEKSA-EGSS01","到期","Exp 0-cr","0","0","0 Classes (Dormant)","1970-01-01 00:00:00","No Connection Recorded","No Recorded Connection","-","REACTIVATION - Dormant Student Win-Back","0"
"3566","61648270","EGSS-mahmoud04","ME-EGSS01","MEKSA-EGSS01","到期","Exp 0-cr","0","0","0 Classes (Dormant)","1970-01-01 00:00:00","No Connection Recorded","No Recorded Connection","-","REACTIVATION - Dormant Student Win-Back","0"
"3569","61722582","EGSS-mahmoud04","ME-EGSS01","MEKSA-EGSS01","到期","Exp Non-0","0","0","0 Classes (Dormant)","1970-01-01 00:00:00","No Connection Recorded","No Recorded Connection","-","REACTIVATION - Dormant Student Win-Back","0"
"3572","61592512","EGSS-mahmoud04","ME-EGSS01","MEKSA-EGSS01","到期","Exp 0-cr","0","0","0 Classes (Dormant)","1970-01-01 00:00:00","No Connection Recorded","No Recorded Connection","-","REACTIVATION - Dormant Student Win-Back","0"
"3576","61270122","EGSS-mahmoud04","ME-EGSS01","MEKSA-EGSS01","首单到期","FOE Non-0","0","0","0 Classes (Dormant)","1970-01-01 00:00:00","No Connection Recorded","No Recorded Connection","-","REACTIVATION - Dormant Student Win-Back","0"
"3580","61351240","EGSS-mahmoud04","ME-EGSS01","MEKSA-EGSS01","到期","Exp Non-0","0","0","0 Classes (Dormant)","1970-01-01 00:00:00","No Connection Recorded","No Recorded Connection","-","REACTIVATION - Dormant Student Win-Back","0"
"3598","61380011","EGSS-mahmoud04","ME-EGSS01","MEKSA-EGSS01","首单到期","FOE Non-0","0","0","0 Classes (Dormant)","1970-01-01 00:00:00","No Connection Recorded","No Recorded Connection","-","REACTIVATION - Dormant Student Win-Back","0"
"3624","63078320","EGSS-nohayoussry","ME-EGSS01","MEKSA-EGSS01","到期","Exp 0-cr","0","0","0 Classes (Dormant)","1970-01-01 00:00:00","No Connection Recorded","No Recorded Connection","-","REACTIVATION - Dormant Student Win-Back","0"
"3629","59968455","EGSS-negma","ME-EGSS01","MEKSA-EGSS01","到期","Exp Non-0","0","8","0 Classes (Dormant)","1970-01-01 00:00:00","No Connection Recorded","No Recorded Connection","-","REACTIVATION - Dormant Student Win-Back","0"
"3630","63204331","EGSS-mahmoud04","ME-EGSS01","MEKSA-EGSS01","到期","Exp 0-cr","0","0","0 Classes (Dormant)","1970-01-01 00:00:00","No Connection Recorded","No Recorded Connection","-","REACTIVATION - Dormant Student Win-Back","0"
"3632","62926439","EGSS-nohayoussry","ME-EGSS01","MEKSA-EGSS01","到期","Exp Non-0","0","0","0 Classes (Dormant)","1970-01-01 00:00:00","No Connection Recorded","No Recorded Connection","-","REACTIVATION - Dormant Student Win-Back","0"
"3633","62948510","EGSS-nohayoussry","ME-EGSS01","MEKSA-EGSS01","到期","Exp Non-0","0","0","0 Classes (Dormant)","1970-01-01 00:00:00","No Connection Recorded","No Recorded Connection","-","REACTIVATION - Dormant Student Win-Back","0"
"3643","60412782","EGSS-mahmoud04","ME-EGSS01","MEKSA-EGSS01","到期","Exp 0-cr","0","0","0 Classes (Dormant)","1970-01-01 00:00:00","No Connection Recorded","No Recorded Connection","-","REACTIVATION - Dormant Student Win-Back","0"
"3648","63071699","EGSS-nohayoussry","ME-EGSS01","MEKSA-EGSS01","到期","Exp Non-0","0","0","0 Classes (Dormant)","1970-01-01 00:00:00","No Connection Recorded","No Recorded Connection","-","REACTIVATION - Dormant Student Win-Back","0"
"3651","62999150","EGSS-nohayoussry","ME-EGSS01","MEKSA-EGSS01","到期","Exp Non-0","0","0","0 Classes (Dormant)","1970-01-01 00:00:00","No Connection Recorded","No Recorded Connection","-","REACTIVATION - Dormant Student Win-Back","0"
"3653","63188140","EGSS-mahmoud04","ME-EGSS01","MEKSA-EGSS01","到期","Exp Non-0","0","0","0 Classes (Dormant)","1970-01-01 00:00:00","No Connection Recorded","No Recorded Connection","-","REACTIVATION - Dormant Student Win-Back","0"
"3654","60318805","EGSS-mahmoud04","ME-EGSS01","MEKSA-EGSS01","围场外","outside pool","0","0","0 Classes (Dormant)","1970-01-01 00:00:00","No Connection Recorded","No Recorded Connection","-","REACTIVATION - Dormant Student Win-Back","0"
"3655","63047847","EGSS-nohayoussry","ME-EGSS01","MEKSA-EGSS01","到期","Exp Non-0","0","16","0 Classes (Dormant)","1970-01-01 00:00:00","No Connection Recorded","No Recorded Connection","-","REACTIVATION - Dormant Student Win-Back","0"
"3658","63572592","EGSS-nohayoussry","ME-EGSS01","MEKSA-EGSS01","围场外","outside pool","0","9","0 Classes (Dormant)","1970-01-01 00:00:00","No Connection Recorded","No Recorded Connection","-","REACTIVATION - Dormant Student Win-Back","0"
"3665","60672564","EGSS-mahmoud04","ME-EGSS01","MEKSA-EGSS01","到期","Exp Non-0","0","0","0 Classes (Dormant)","1970-01-01 00:00:00","No Connection Recorded","No Recorded Connection","-","REACTIVATION - Dormant Student Win-Back","0"
"3666","62044633","EGSS-mahmoud04","ME-EGSS01","MEKSA-EGSS01","到期","Exp Non-0","0","0","0 Classes (Dormant)","1970-01-01 00:00:00","No Connection Recorded","No Recorded Connection","-","REACTIVATION - Dormant Student Win-Back","0"
"3668","60697183","EGSS-mahmoud04","ME-EGSS01","MEKSA-EGSS01","围场外","outside pool","0","8","0 Classes (Dormant)","1970-01-01 00:00:00","No Connection Recorded","CRM System Outreach","-","REACTIVATION - Dormant Student Win-Back","0"
"3670","63606413","EGSS-nohayoussry","ME-EGSS01","MEKSA-EGSS01","围场外","outside pool","0","7","0 Classes (Dormant)","1970-01-01 00:00:00","No Connection Recorded","CRM System Outreach","-","REACTIVATION - Dormant Student Win-Back","0"
"3676","63596137","EGSS-nohayoussry","ME-EGSS01","MEKSA-EGSS01","围场外","outside pool","0","8","0 Classes (Dormant)","1970-01-01 00:00:00","No Connection Recorded","CRM System Outreach","-","REACTIVATION - Dormant Student Win-Back","0"
"3677","62044544","EGSS-mahmoud04","ME-EGSS01","MEKSA-EGSS01","到期","Exp Non-0","0","0","0 Classes (Dormant)","1970-01-01 00:00:00","No Connection Recorded","No Recorded Connection","-","REACTIVATION - Dormant Student Win-Back","0"
"3687","62073691","EGSS-mahmoud04","ME-EGSS01","MEKSA-EGSS01","到期","Exp Non-0","0","8","0 Classes (Dormant)","1970-01-01 00:00:00","No Connection Recorded","No Recorded Connection","-","REACTIVATION - Dormant Student Win-Back","0"
"3688","60619141","EGSS-mahmoud04","ME-EGSS01","MEKSA-EGSS01","到期","Exp 0-cr","0","0","0 Classes (Dormant)","1970-01-01 00:00:00","No Connection Recorded","No Recorded Connection","-","REACTIVATION - Dormant Student Win-Back","0"
"3697","62051286","EGSS-mahmoud04","ME-EGSS01","MEKSA-EGSS01","到期","Exp 0-cr","0","0","0 Classes (Dormant)","1970-01-01 00:00:00","No Connection Recorded","No Recorded Connection","-","REACTIVATION - Dormant Student Win-Back","0"
"3703","62071116","EGSS-mahmoud04","ME-EGSS01","MEKSA-EGSS01","到期","Exp Non-0","0","0","0 Classes (Dormant)","1970-01-01 00:00:00","No Connection Recorded","No Recorded Connection","-","REACTIVATION - Dormant Student Win-Back","0"
"3722","61783155","EGSS-ashraqatal","ME-EGSS01","MEKSA-EGSS01","到期","Exp Non-0","0","0","0 Classes (Dormant)","1970-01-01 00:00:00","No Connection Recorded","No Recorded Connection","-","REACTIVATION - Dormant Student Win-Back","0"
"3731","61565510","EGSS-ashraqatal","ME-EGSS01","MEKSA-EGSS01","到期","Exp Non-0","0","9","0 Classes (Dormant)","1970-01-01 00:00:00","No Connection Recorded","No Recorded Connection","-","REACTIVATION - Dormant Student Win-Back","0"
"3741","58743101","EGSS-juliamonir01","ME-EGSS01","MEKSA-EGSS01","首单到期","FOE 0-cr","0","0","0 Classes (Dormant)","1970-01-01 00:00:00","No Connection Recorded","No Recorded Connection","-","REACTIVATION - Dormant Student Win-Back","0"
"3747","63581205","EGSS-ashraqatal","ME-EGSS01","MEKSA-EGSS01","到期","Exp Non-0","0","0","0 Classes (Dormant)","1970-01-01 00:00:00","No Connection Recorded","No Recorded Connection","-","REACTIVATION - Dormant Student Win-Back","0"
"3756","63464281","EGSS-ashraqatal","ME-EGSS01","MEKSA-EGSS01","到期","Exp 0-cr","0","0","0 Classes (Dormant)","1970-01-01 00:00:00","No Connection Recorded","No Recorded Connection","-","REACTIVATION - Dormant Student Win-Back","0"
"3758","63466099","EGSS-ashraqatal","ME-EGSS01","MEKSA-EGSS01","到期","Exp Non-0","0","0","0 Classes (Dormant)","1970-01-01 00:00:00","No Connection Recorded","No Recorded Connection","-","REACTIVATION - Dormant Student Win-Back","0"
"3769","63892927","EGSS-ashraqatal","ME-EGSS01","MEKSA-EGSS01","围场外","outside pool","0","2","0 Classes (Dormant)","1970-01-01 00:00:00","No Connection Recorded","CRM System Outreach","-","REACTIVATION - Dormant Student Win-Back","0"
"3771","63661343","EGSS-ashraqatal","ME-EGSS01","MEKSA-EGSS01","围场外","outside pool","0","0","0 Classes (Dormant)","1970-01-01 00:00:00","No Connection Recorded","CRM System Outreach","-","REACTIVATION - Dormant Student Win-Back","0"
"3773","61828562","EGSS-ashraqatal","ME-EGSS01","MEKSA-EGSS01","到期","Exp Non-0","0","7","0 Classes (Dormant)","1970-01-01 00:00:00","No Connection Recorded","No Recorded Connection","-","REACTIVATION - Dormant Student Win-Back","0"
"3783","59275037","EGSS-juliamonir01","ME-EGSS01","MEKSA-EGSS01","到期","Exp Non-0","0","0","0 Classes (Dormant)","1970-01-01 00:00:00","No Connection Recorded","No Recorded Connection","-","REACTIVATION - Dormant Student Win-Back","0"
"3861","62630400","EGSS-ashraqatal","ME-EGSS01","MEKSA-EGSS01","到期","Exp 0-cr","0","0","0 Classes (Dormant)","1970-01-01 00:00:00","No Connection Recorded","No Recorded Connection","-","REACTIVATION - Dormant Student Win-Back","0"
"3864","62809547","EGSS-ashraqatal","ME-EGSS01","MEKSA-EGSS01","到期","Exp Non-0","0","0","0 Classes (Dormant)","1970-01-01 00:00:00","No Connection Recorded","No Recorded Connection","-","REACTIVATION - Dormant Student Win-Back","0"
"3867","62638075","EGSS-ashraqatal","ME-EGSS01","MEKSA-EGSS01","到期","Exp 0-cr","0","0","0 Classes (Dormant)","1970-01-01 00:00:00","No Connection Recorded","No Recorded Connection","-","REACTIVATION - Dormant Student Win-Back","0"
"3874","58867446","EGSS-ashraqatal","ME-EGSS01","MEKSA-EGSS01","围场外","outside pool","0","0","0 Classes (Dormant)","1970-01-01 00:00:00","No Connection Recorded","No Recorded Connection","-","REACTIVATION - Dormant Student Win-Back","0"
"3884","63001390","EGSS-ashraqatal","ME-EGSS01","MEKSA-EGSS01","围场外","outside pool","0","0","0 Classes (Dormant)","1970-01-01 00:00:00","No Connection Recorded","CRM System Outreach","-","REACTIVATION - Dormant Student Win-Back","0"
"3889","61884354","EGSS-ashraqatal","ME-EGSS01","MEKSA-EGSS01","首单到期","FOE Non-0","0","9","0 Classes (Dormant)","1970-01-01 00:00:00","No Connection Recorded","No Recorded Connection","-","REACTIVATION - Dormant Student Win-Back","0"
"3904","62377915","EGSS-ashraqatal","ME-EGSS01","MEKSA-EGSS01","首单到期","FOE 0-cr","0","0","0 Classes (Dormant)","1970-01-01 00:00:00","No Connection Recorded","No Recorded Connection","-","REACTIVATION - Dormant Student Win-Back","0"
"3905","62484303","EGSS-ashraqatal","ME-EGSS01","MEKSA-EGSS01","首单到期","FOE 0-cr","0","0","0 Classes (Dormant)","1970-01-01 00:00:00","No Connection Recorded","No Recorded Connection","-","REACTIVATION - Dormant Student Win-Back","0"
"3907","62317564","EGSS-ashraqatal","ME-EGSS01","MEKSA-EGSS01","首单到期","FOE Non-0","0","0","0 Classes (Dormant)","1970-01-01 00:00:00","No Connection Recorded","No Recorded Connection","-","REACTIVATION - Dormant Student Win-Back","0"
"3914","62213744","EGSS-ashraqatal","ME-EGSS01","MEKSA-EGSS01","首单到期","FOE Non-0","0","0","0 Classes (Dormant)","1970-01-01 00:00:00","No Connection Recorded","No Recorded Connection","-","REACTIVATION - Dormant Student Win-Back","0"
"3918","62317418","EGSS-ashraqatal","ME-EGSS01","MEKSA-EGSS01","首单到期","FOE Non-0","0","0","0 Classes (Dormant)","1970-01-01 00:00:00","No Connection Recorded","No Recorded Connection","-","REACTIVATION - Dormant Student Win-Back","0"
"3920","62317368","EGSS-ashraqatal","ME-EGSS01","MEKSA-EGSS01","首单到期","FOE Non-0","0","0","0 Classes (Dormant)","1970-01-01 00:00:00","No Connection Recorded","No Recorded Connection","-","REACTIVATION - Dormant Student Win-Back","0"
"3923","64259571","EGSS-mahmoud04","ME-EGSS01","MEKSA-EGSS01","围场外","outside pool","0","0","0 Classes (Dormant)","1970-01-01 00:00:00","No Connection Recorded","No Recorded Connection","-","REACTIVATION - Dormant Student Win-Back","0"
"3975","61829388","EGSS-ashraqatal","ME-EGSS01","MEKSA-EGSS01","到期","Exp Non-0","0","0","0 Classes (Dormant)","1970-01-01 00:00:00","No Connection Recorded","No Recorded Connection","-","REACTIVATION - Dormant Student Win-Back","0"
"3980","63142644","EGSS-ashraqatal","ME-EGSS01","MEKSA-EGSS01","到期","Exp Non-0","0","7","0 Classes (Dormant)","1970-01-01 00:00:00","No Connection Recorded","No Recorded Connection","-","REACTIVATION - Dormant Student Win-Back","0"
"4002","62221252","EGSS-juliamonir01","ME-EGSS01","MEKSA-EGSS01","首单到期","FOE 0-cr","0","0","0 Classes (Dormant)","1970-01-01 00:00:00","No Connection Recorded","No Recorded Connection","-","REACTIVATION - Dormant Student Win-Back","0"
"4005","62228686","EGSS-juliamonir01","ME-EGSS01","MEKSA-EGSS01","围场外","outside pool","0","0","0 Classes (Dormant)","1970-01-01 00:00:00","No Connection Recorded","No Recorded Connection","-","REACTIVATION - Dormant Student Win-Back","0"
"4008","61249041","EGSS-ashraqatal","ME-EGSS01","MEKSA-EGSS01","首单到期","FOE 0-cr","0","0","0 Classes (Dormant)","1970-01-01 00:00:00","No Connection Recorded","No Recorded Connection","-","REACTIVATION - Dormant Student Win-Back","0"
"4009","62392322","EGSS-juliamonir01","ME-EGSS01","MEKSA-EGSS01","到期","Exp Non-0","0","5","0 Classes (Dormant)","1970-01-01 00:00:00","No Connection Recorded","No Recorded Connection","-","REACTIVATION - Dormant Student Win-Back","0"
"4018","62271411","EGSS-juliamonir01","ME-EGSS01","MEKSA-EGSS01","首单到期","FOE Non-0","0","0","0 Classes (Dormant)","1970-01-01 00:00:00","No Connection Recorded","No Recorded Connection","-","REACTIVATION - Dormant Student Win-Back","0"
"4020","62384965","EGSS-juliamonir01","ME-EGSS01","MEKSA-EGSS01","围场外","outside pool","0","0","0 Classes (Dormant)","1970-01-01 00:00:00","No Connection Recorded","No Recorded Connection","-","REACTIVATION - Dormant Student Win-Back","0"
"4021","62367475","EGSS-juliamonir01","ME-EGSS01","MEKSA-EGSS01","首单到期","FOE Non-0","0","0","0 Classes (Dormant)","1970-01-01 00:00:00","No Connection Recorded","No Recorded Connection","-","REACTIVATION - Dormant Student Win-Back","0"
"4033","61312990","EGSS-ashraqatal","ME-EGSS01","MEKSA-EGSS01","首单到期","FOE Non-0","0","0","0 Classes (Dormant)","1970-01-01 00:00:00","No Connection Recorded","No Recorded Connection","-","REACTIVATION - Dormant Student Win-Back","0"
"4040","63570574","EGSS-mahmoud04","ME-EGSS01","MEKSA-EGSS01","到期","Exp Non-0","0","9","0 Classes (Dormant)","1970-01-01 00:00:00","No Connection Recorded","No Recorded Connection","-","REACTIVATION - Dormant Student Win-Back","0"
"4050","63456673","EGSS-juliamonir01","ME-EGSS01","MEKSA-EGSS01","围场外","outside pool","0","6","0 Classes (Dormant)","1970-01-01 00:00:00","No Connection Recorded","No Recorded Connection","-","REACTIVATION - Dormant Student Win-Back","0"
"4051","62151771","EGSS-juliamonir01","ME-EGSS01","MEKSA-EGSS01","首单到期","FOE Non-0","0","0","0 Classes (Dormant)","1970-01-01 00:00:00","No Connection Recorded","No Recorded Connection","-","REACTIVATION - Dormant Student Win-Back","0"
"4057","63580888","EGSS-mahmoud04","ME-EGSS01","MEKSA-EGSS01","到期","Exp Non-0","0","9","0 Classes (Dormant)","1970-01-01 00:00:00","No Connection Recorded","No Recorded Connection","-","REACTIVATION - Dormant Student Win-Back","0"
"4068","62983242","EGSS-juliamonir01","ME-EGSS01","MEKSA-EGSS01","到期","Exp Non-0","0","0","0 Classes (Dormant)","1970-01-01 00:00:00","No Connection Recorded","No Recorded Connection","-","REACTIVATION - Dormant Student Win-Back","0"
"4073","63153643","EGSS-juliamonir01","ME-EGSS01","MEKSA-EGSS01","到期","Exp 0-cr","0","0","0 Classes (Dormant)","1970-01-01 00:00:00","No Connection Recorded","No Recorded Connection","-","REACTIVATION - Dormant Student Win-Back","0"
"4081","62884762","EGSS-juliamonir01","ME-EGSS01","MEKSA-EGSS01","到期","Exp Non-0","0","0","0 Classes (Dormant)","1970-01-01 00:00:00","No Connection Recorded","No Recorded Connection","-","REACTIVATION - Dormant Student Win-Back","0"
"4082","62881542","EGSS-juliamonir01","ME-EGSS01","MEKSA-EGSS01","围场外","outside pool","0","0","0 Classes (Dormant)","1970-01-01 00:00:00","No Connection Recorded","No Recorded Connection","-","REACTIVATION - Dormant Student Win-Back","0"
"4084","62512353","EGSS-juliamonir01","ME-EGSS01","MEKSA-EGSS01","到期","Exp Non-0","0","0","0 Classes (Dormant)","1970-01-01 00:00:00","No Connection Recorded","No Recorded Connection","-","REACTIVATION - Dormant Student Win-Back","0"
"4087","63153927","EGSS-juliamonir01","ME-EGSS01","MEKSA-EGSS01","到期","Exp 0-cr","0","0","0 Classes (Dormant)","1970-01-01 00:00:00","No Connection Recorded","No Recorded Connection","-","REACTIVATION - Dormant Student Win-Back","0"
"4089","61165568","EGSS-ashraqatal","ME-EGSS01","MEKSA-EGSS01","首单到期","FOE 0-cr","0","0","0 Classes (Dormant)","1970-01-01 00:00:00","No Connection Recorded","No Recorded Connection","-","REACTIVATION - Dormant Student Win-Back","0"
"4104","62623189","EGSS-juliamonir01","ME-EGSS01","MEKSA-EGSS01","围场外","outside pool","0","0","0 Classes (Dormant)","1970-01-01 00:00:00","No Connection Recorded","No Recorded Connection","-","REACTIVATION - Dormant Student Win-Back","0"
"4110","62540325","EGSS-juliamonir01","ME-EGSS01","MEKSA-EGSS01","首单到期","FOE Non-0","0","0","0 Classes (Dormant)","1970-01-01 00:00:00","No Connection Recorded","No Recorded Connection","-","REACTIVATION - Dormant Student Win-Back","0"
"4116","61422182","EGSS-ashraqatal","ME-EGSS01","MEKSA-EGSS01","首单到期","FOE 0-cr","0","0","0 Classes (Dormant)","1970-01-01 00:00:00","No Connection Recorded","No Recorded Connection","-","REACTIVATION - Dormant Student Win-Back","0"
"4133","61232263","EGSS-juliamonir01","ME-EGSS01","MEKSA-EGSS01","到期","Exp 0-cr","0","0","0 Classes (Dormant)","1970-01-01 00:00:00","No Connection Recorded","No Recorded Connection","-","REACTIVATION - Dormant Student Win-Back","0"
"4136","61236838","EGSS-juliamonir01","ME-EGSS01","MEKSA-EGSS01","首单到期","FOE 0-cr","0","0","0 Classes (Dormant)","1970-01-01 00:00:00","No Connection Recorded","No Recorded Connection","-","REACTIVATION - Dormant Student Win-Back","0"
"4141","63570486","EGSS-mahmoud04","ME-EGSS01","MEKSA-EGSS01","到期","Exp Non-0","0","9","0 Classes (Dormant)","1970-01-01 00:00:00","No Connection Recorded","No Recorded Connection","-","REACTIVATION - Dormant Student Win-Back","0"
"4155","61079616","EGSS-juliamonir01","ME-EGSS01","MEKSA-EGSS01","到期","Exp Non-0","0","0","0 Classes (Dormant)","1970-01-01 00:00:00","No Connection Recorded","No Recorded Connection","-","REACTIVATION - Dormant Student Win-Back","0"
"4156","61074818","EGSS-juliamonir01","ME-EGSS01","MEKSA-EGSS01","首单到期","FOE 0-cr","0","0","0 Classes (Dormant)","1970-01-01 00:00:00","No Connection Recorded","No Recorded Connection","-","REACTIVATION - Dormant Student Win-Back","0"
"4158","61102091","EGSS-juliamonir01","ME-EGSS01","MEKSA-EGSS01","首单到期","FOE 0-cr","0","0","0 Classes (Dormant)","1970-01-01 00:00:00","No Connection Recorded","No Recorded Connection","-","REACTIVATION - Dormant Student Win-Back","0"
"4163","61875263","EGSS-juliamonir01","ME-EGSS01","MEKSA-EGSS01","首单到期","FOE 0-cr","0","0","0 Classes (Dormant)","1970-01-01 00:00:00","No Connection Recorded","No Recorded Connection","-","REACTIVATION - Dormant Student Win-Back","0"
"4170","62115625","EGSS-juliamonir01","ME-EGSS01","MEKSA-EGSS01","首单到期","FOE Non-0","0","0","0 Classes (Dormant)","1970-01-01 00:00:00","No Connection Recorded","No Recorded Connection","-","REACTIVATION - Dormant Student Win-Back","0"
"4171","62028148","EGSS-juliamonir01","ME-EGSS01","MEKSA-EGSS01","到期","Exp Non-0","0","6","0 Classes (Dormant)","1970-01-01 00:00:00","No Connection Recorded","No Recorded Connection","-","REACTIVATION - Dormant Student Win-Back","0"
"4176","61875601","EGSS-juliamonir01","ME-EGSS01","MEKSA-EGSS01","首单到期","FOE 0-cr","0","0","0 Classes (Dormant)","1970-01-01 00:00:00","No Connection Recorded","No Recorded Connection","-","REACTIVATION - Dormant Student Win-Back","0"
"4177","61934203","EGSS-juliamonir01","ME-EGSS01","MEKSA-EGSS01","到期","Exp Non-0","0","0","0 Classes (Dormant)","1970-01-01 00:00:00","No Connection Recorded","No Recorded Connection","-","REACTIVATION - Dormant Student Win-Back","0"
"4178","61912079","EGSS-juliamonir01","ME-EGSS01","MEKSA-EGSS01","到期","Exp Non-0","0","0","0 Classes (Dormant)","1970-01-01 00:00:00","No Connection Recorded","No Recorded Connection","-","REACTIVATION - Dormant Student Win-Back","0"
"4179","61186676","EGSS-juliamonir01","ME-EGSS01","MEKSA-EGSS01","首单到期","FOE 0-cr","0","0","0 Classes (Dormant)","1970-01-01 00:00:00","No Connection Recorded","No Recorded Connection","-","REACTIVATION - Dormant Student Win-Back","0"
"4187","60848962","EGSS-juliamonir01","ME-EGSS01","MEKSA-EGSS01","首单到期","FOE 0-cr","0","0","0 Classes (Dormant)","1970-01-01 00:00:00","No Connection Recorded","No Recorded Connection","-","REACTIVATION - Dormant Student Win-Back","0"
"4202","59097454","EGSS-mahmoud04","ME-EGSS01","MEKSA-EGSS01","到期","Exp Non-0","0","10","0 Classes (Dormant)","2024-10-30 00:00:00","2024-10-30 00:00:00","Last 1v1 Payment","20241030","REACTIVATION - Dormant Student Win-Back","0"
"4207","58863573","EGSS-mahmoud04","ME-EGSS01","MEKSA-EGSS01","围场外","outside pool","0","17","0 Classes (Dormant)","2024-11-30 00:00:00","2024-11-30 00:00:00","Last 1v1 Payment","20241130","REACTIVATION - Dormant Student Win-Back","0"
"4212","59187584","EGSS-negma","ME-EGSS01","MEKSA-EGSS01","到期","Exp 0-cr","0","0","0 Classes (Dormant)","2024-12-21 00:00:00","2024-12-21 00:00:00","Last 1v1 Payment","20241221","REACTIVATION - Dormant Student Win-Back","0"
"4219","59129234","EGSS-ashraqatal","ME-EGSS01","MEKSA-EGSS01","围场外","outside pool","0","0","0 Classes (Dormant)","2025-02-16 00:00:00","2025-02-16 00:00:00","Last 1v1 Payment","20250216","REACTIVATION - Dormant Student Win-Back","0"
"4229","59464440","EGSS-negma","ME-EGSS01","MEKSA-EGSS01","围场外","outside pool","0","6","0 Classes (Dormant)","2025-04-13 00:00:00","2025-04-13 00:00:00","Last 1v1 Payment","20250413","REACTIVATION - Dormant Student Win-Back","0"
"4232","59892703","EGSS-negma","ME-EGSS01","MEKSA-EGSS01","围场外","outside pool","0","11","0 Classes (Dormant)","2025-04-15 00:00:00","2025-04-15 00:00:00","Last 1v1 Payment","20250415","REACTIVATION - Dormant Student Win-Back","0"
"4235","59578673","EGSS-mahmoud04","ME-EGSS01","MEKSA-EGSS01","围场外","outside pool","0","11","0 Classes (Dormant)","2025-04-21 00:00:00","2025-04-21 00:00:00","Last 1v1 Payment","20250421","REACTIVATION - Dormant Student Win-Back","0"
"4243","59925653","EGSS-negma","ME-EGSS01","MEKSA-EGSS01","围场外","outside pool","0","8","0 Classes (Dormant)","2025-05-06 00:00:00","2025-05-06 00:00:00","Last 1v1 Payment","20250506","REACTIVATION - Dormant Student Win-Back","0"
"4244","58788648","EGSS-nohayoussry","ME-EGSS01","MEKSA-EGSS01","围场外","outside pool","0","0","0 Classes (Dormant)","2025-05-07 00:00:00","2025-05-07 00:00:00","Last 1v1 Payment","20250507","REACTIVATION - Dormant Student Win-Back","0"
"4245","58783940","EGSS-nohayoussry","ME-EGSS01","MEKSA-EGSS01","围场外","outside pool","0","0","0 Classes (Dormant)","2025-05-07 00:00:00","2025-05-07 00:00:00","Last 1v1 Payment","20250507","REACTIVATION - Dormant Student Win-Back","0"
"4246","59928368","EGSS-negma","ME-EGSS01","MEKSA-EGSS01","围场外","outside pool","0","4","0 Classes (Dormant)","2025-05-08 00:00:00","2025-05-08 00:00:00","Last 1v1 Payment","20250508","REACTIVATION - Dormant Student Win-Back","0"
"4247","59927786","EGSS-negma","ME-EGSS01","MEKSA-EGSS01","围场外","outside pool","0","0","0 Classes (Dormant)","2025-05-11 00:00:00","2025-05-11 00:00:00","Last 1v1 Payment","20250511","REACTIVATION - Dormant Student Win-Back","0"
"4248","59907033","EGSS-negma","ME-EGSS01","MEKSA-EGSS01","围场外","outside pool","0","7","0 Classes (Dormant)","2025-05-14 00:00:00","2025-05-14 00:00:00","Last 1v1 Payment","20250514","REACTIVATION - Dormant Student Win-Back","0"
"4251","59105294","EGSS-juliamonir01","ME-EGSS01","MEKSA-EGSS01","围场外","outside pool","0","7","0 Classes (Dormant)","2025-05-27 00:00:00","2025-05-27 00:00:00","Last 1v1 Payment","20250527","REACTIVATION - Dormant Student Win-Back","0"
"4267","59922638","EGSS-juliamonir01","ME-EGSS01","MEKSA-EGSS01","到期","Exp Non-0","0","15","0 Classes (Dormant)","2025-07-20 00:00:00","2025-07-20 00:00:00","Last 1v1 Payment","20250720","REACTIVATION - Dormant Student Win-Back","0"
"4270","59057958","EGSS-negma","ME-EGSS01","MEKSA-EGSS01","到期","Exp Non-0","0","0","0 Classes (Dormant)","2025-07-27 00:00:00","2025-07-27 00:00:00","Last 1v1 Payment","20250727","REACTIVATION - Dormant Student Win-Back","0"
"4271","60141044","EGSS-mahmoud04","ME-EGSS01","MEKSA-EGSS01","到期","Exp Non-0","0","0","0 Classes (Dormant)","2025-07-27 00:00:00","2025-07-27 00:00:00","Last 1v1 Payment","20250727","REACTIVATION - Dormant Student Win-Back","0"
"4272","58065282","EGSS-mahmoud04","ME-EGSS01","MEKSA-EGSS01","到期","Exp 0-cr","0","0","0 Classes (Dormant)","2025-07-28 00:00:00","2025-07-28 00:00:00","Last 1v1 Payment","20250728","REACTIVATION - Dormant Student Win-Back","0"
"4273","58910512","EGSS-juliamonir01","ME-EGSS01","MEKSA-EGSS01","围场外","outside pool","0","0","0 Classes (Dormant)","2025-07-28 00:00:00","2025-07-28 00:00:00","Last 1v1 Payment","20250728","REACTIVATION - Dormant Student Win-Back","0"
"4276","58789376","EGSS-negma","ME-EGSS01","MEKSA-EGSS01","围场外","outside pool","0","4","0 Classes (Dormant)","2025-07-29 00:00:00","2025-07-29 00:00:00","Last 1v1 Payment","20250729","REACTIVATION - Dormant Student Win-Back","0"
"4295","58358163","EGSS-mahmoud04","ME-EGSS01","MEKSA-EGSS01","到期","Exp Non-0","0","0","0 Classes (Dormant)","2025-08-23 00:00:00","2025-08-23 00:00:00","Last 1v1 Payment","20250823","REACTIVATION - Dormant Student Win-Back","0"
"4297","60138036","EGSS-juliamonir01","ME-EGSS01","MEKSA-EGSS01","围场外","outside pool","0","9","0 Classes (Dormant)","2025-08-27 00:00:00","2025-08-27 00:00:00","Last 1v1 Payment","20250827","REACTIVATION - Dormant Student Win-Back","0"
"4300","60562065","EGSS-ashraqatal","ME-EGSS01","MEKSA-EGSS01","到期","Exp Non-0","0","0","0 Classes (Dormant)","2025-08-30 00:00:00","2025-08-30 00:00:00","Last 1v1 Payment","20250830","REACTIVATION - Dormant Student Win-Back","0"
"4303","59689461","EGSS-juliamonir01","ME-EGSS01","MEKSA-EGSS01","到期","Exp Non-0","0","0","0 Classes (Dormant)","2025-08-31 00:00:00","2025-08-31 00:00:00","Last 1v1 Payment","20250831","REACTIVATION - Dormant Student Win-Back","0"
"4311","58346858","EGSS-nohayoussry","ME-EGSS01","MEKSA-EGSS01","围场外","outside pool","0","0","0 Classes (Dormant)","2025-09-15 00:00:00","2025-09-15 00:00:00","Last 1v1 Payment","20250915","REACTIVATION - Dormant Student Win-Back","0"
"4330","60743313","EGSS-nohayoussry","ME-EGSS01","MEKSA-EGSS01","围场外","outside pool","0","2","0 Classes (Dormant)","2025-09-29 00:00:00","2025-09-29 00:00:00","Last 1v1 Payment","20250929","REACTIVATION - Dormant Student Win-Back","0"
"4333","60464711","EGSS-mahmoud04","ME-EGSS01","MEKSA-EGSS01","围场外","outside pool","0","0","0 Classes (Dormant)","2025-09-30 00:00:00","2025-09-30 00:00:00","Last 1v1 Payment","20250930","REACTIVATION - Dormant Student Win-Back","0"
"4334","60584854","EGSS-mahmoud04","ME-EGSS01","MEKSA-EGSS01","到期","Exp Non-0","0","11","0 Classes (Dormant)","2025-09-30 00:00:00","2025-09-30 00:00:00","Last 1v1 Payment","20250930","REACTIVATION - Dormant Student Win-Back","0"
"4338","59950091","EGSS-negma","ME-EGSS01","MEKSA-EGSS01","围场外","outside pool","0","0","0 Classes (Dormant)","2025-10-06 00:00:00","2025-10-06 00:00:00","Last 1v1 Payment","20251006","REACTIVATION - Dormant Student Win-Back","0"
"4343","60926660","EGSS-mahmoud04","ME-EGSS01","MEKSA-EGSS01","到期","Exp 0-cr","0","0","0 Classes (Dormant)","2025-10-08 00:00:00","2025-10-08 00:00:00","Last 1v1 Payment","20251008","REACTIVATION - Dormant Student Win-Back","0"
"4344","60950961","EGSS-ashraqatal","ME-EGSS01","MEKSA-EGSS01","围场外","outside pool","0","0","0 Classes (Dormant)","2025-10-09 00:00:00","2025-10-09 00:00:00","Last 1v1 Payment","20251009","REACTIVATION - Dormant Student Win-Back","0"
"4345","59774125","EGSS-ashraqatal","ME-EGSS01","MEKSA-EGSS01","围场外","outside pool","0","0","0 Classes (Dormant)","2025-10-09 00:00:00","2025-10-09 00:00:00","Last 1v1 Payment","20251009","REACTIVATION - Dormant Student Win-Back","0"
"4349","60912344","EGSS-ashraqatal","ME-EGSS01","MEKSA-EGSS01","到期","Exp Non-0","0","0","0 Classes (Dormant)","2025-10-12 00:00:00","2025-10-12 00:00:00","Last 1v1 Payment","20251012","REACTIVATION - Dormant Student Win-Back","0"
"4351","60918496","EGSS-ashraqatal","ME-EGSS01","MEKSA-EGSS01","到期","Exp 0-cr","0","0","0 Classes (Dormant)","2025-10-14 00:00:00","2025-10-14 00:00:00","Last 1v1 Payment","20251014","REACTIVATION - Dormant Student Win-Back","0"
"4352","60943876","EGSS-ashraqatal","ME-EGSS01","MEKSA-EGSS01","到期","Exp 0-cr","0","0","0 Classes (Dormant)","2025-10-14 00:00:00","2025-10-14 00:00:00","Last 1v1 Payment","20251014","REACTIVATION - Dormant Student Win-Back","0"
"4355","59327886","EGSS-juliamonir01","ME-EGSS01","MEKSA-EGSS01","围场外","outside pool","0","2","0 Classes (Dormant)","2025-10-15 00:00:00","2025-10-15 00:00:00","Last 1v1 Payment","20251015","REACTIVATION - Dormant Student Win-Back","0"
"4356","59345381","EGSS-juliamonir01","ME-EGSS01","MEKSA-EGSS01","围场外","outside pool","0","0","0 Classes (Dormant)","2025-10-15 00:00:00","2025-10-15 00:00:00","Last 1v1 Payment","20251015","REACTIVATION - Dormant Student Win-Back","0"
"4362","59942303","EGSS-negma","ME-EGSS01","MEKSA-EGSS01","到期","Exp Non-0","0","0","0 Classes (Dormant)","2025-10-26 00:00:00","2025-10-26 00:00:00","Last 1v1 Payment","20251026","REACTIVATION - Dormant Student Win-Back","0"
"4363","59932407","EGSS-negma","ME-EGSS01","MEKSA-EGSS01","到期","Exp Non-0","0","4","0 Classes (Dormant)","2025-10-27 00:00:00","2025-10-27 00:00:00","Last 1v1 Payment","20251027","REACTIVATION - Dormant Student Win-Back","0"
"4370","60937426","EGSS-ashraqatal","ME-EGSS01","MEKSA-EGSS01","围场外","outside pool","0","0","0 Classes (Dormant)","2025-10-28 00:00:00","2025-10-28 00:00:00","Last 1v1 Payment","20251028","REACTIVATION - Dormant Student Win-Back","0"
"4371","60532782","EGSS-negma","ME-EGSS01","MEKSA-EGSS01","到期","Exp Non-0","0","11","0 Classes (Dormant)","2025-10-28 00:00:00","2025-10-28 00:00:00","Last 1v1 Payment","20251028","REACTIVATION - Dormant Student Win-Back","0"
"4372","60110447","EGSS-mahmoud04","ME-EGSS01","MEKSA-EGSS01","围场外","outside pool","0","0","0 Classes (Dormant)","2025-10-28 00:00:00","2025-10-28 00:00:00","Last 1v1 Payment","20251028","REACTIVATION - Dormant Student Win-Back","0"
"4373","60109556","EGSS-mahmoud04","ME-EGSS01","MEKSA-EGSS01","到期","Exp 0-cr","0","0","0 Classes (Dormant)","2025-10-28 00:00:00","2025-10-28 00:00:00","Last 1v1 Payment","20251028","REACTIVATION - Dormant Student Win-Back","0"
"4387","61337662","EGSS-juliamonir01","ME-EGSS01","MEKSA-EGSS01","围场外","outside pool","0","10","0 Classes (Dormant)","2025-11-10 00:00:00","2025-11-10 00:00:00","Last 1v1 Payment","20251110","REACTIVATION - Dormant Student Win-Back","0"
"4388","61437453","EGSS-ashraqatal","ME-EGSS01","MEKSA-EGSS01","围场外","outside pool","0","0","0 Classes (Dormant)","2025-11-10 00:00:00","2025-11-10 00:00:00","Last 1v1 Payment","20251110","REACTIVATION - Dormant Student Win-Back","0"
"4402","59173294","EGSS-juliamonir01","ME-EGSS01","MEKSA-EGSS01","到期","Exp Non-0","0","0","0 Classes (Dormant)","2025-11-27 00:00:00","2025-11-27 00:00:00","Last 1v1 Payment","20251127","REACTIVATION - Dormant Student Win-Back","0"
"4410","60612920","EGSS-ashraqatal","ME-EGSS01","MEKSA-EGSS01","到期","Exp Non-0","0","0","0 Classes (Dormant)","2025-11-28 00:00:00","2025-11-28 00:00:00","Last 1v1 Payment","20251128","REACTIVATION - Dormant Student Win-Back","0"
"4412","60612578","EGSS-ashraqatal","ME-EGSS01","MEKSA-EGSS01","到期","Exp Non-0","0","9","0 Classes (Dormant)","2025-11-28 00:00:00","2025-11-28 00:00:00","Last 1v1 Payment","20251128","REACTIVATION - Dormant Student Win-Back","0"
"4413","61272828","EGSS-nohayoussry","ME-EGSS01","MEKSA-EGSS01","围场外","outside pool","0","0","0 Classes (Dormant)","2025-11-29 00:00:00","2025-11-29 00:00:00","Last 1v1 Payment","20251129","REACTIVATION - Dormant Student Win-Back","0"
"4415","59899616","EGSS-negma","ME-EGSS01","MEKSA-EGSS01","围场外","outside pool","0","0","0 Classes (Dormant)","2025-11-30 00:00:00","2025-11-30 00:00:00","Last 1v1 Payment","20251130","REACTIVATION - Dormant Student Win-Back","0"
"4420","59730335","EGSS-ashraqatal","ME-EGSS01","MEKSA-EGSS01","到期","Exp 0-cr","0","0","0 Classes (Dormant)","2025-11-30 00:00:00","2025-11-30 00:00:00","Last 1v1 Payment","20251130","REACTIVATION - Dormant Student Win-Back","0"
"4423","60962603","EGSS-mahmoud04","ME-EGSS01","MEKSA-EGSS01","到期","Exp Non-0","0","9","0 Classes (Dormant)","2025-12-06 00:00:00","2025-12-06 00:00:00","Last 1v1 Payment","20251206","REACTIVATION - Dormant Student Win-Back","0"
"4433","61732716","EGSS-mahmoud04","ME-EGSS01","MEKSA-EGSS01","到期","Exp Non-0","0","0","0 Classes (Dormant)","2025-12-11 00:00:00","2025-12-11 00:00:00","Last 1v1 Payment","20251211","REACTIVATION - Dormant Student Win-Back","0"
"4434","60753039","EGSS-mahmoud04","ME-EGSS01","MEKSA-EGSS01","围场外","outside pool","0","0","0 Classes (Dormant)","2025-12-12 00:00:00","2025-12-12 00:00:00","Last 1v1 Payment","20251212","REACTIVATION - Dormant Student Win-Back","0"
"4435","60634354","EGSS-mahmoud04","ME-EGSS01","MEKSA-EGSS01","围场外","outside pool","0","0","0 Classes (Dormant)","2025-12-13 00:00:00","2025-12-13 00:00:00","Last 1v1 Payment","20251213","REACTIVATION - Dormant Student Win-Back","0"
"4445","61479793","EGSS-ashraqatal","ME-EGSS01","MEKSA-EGSS01","围场外","outside pool","0","0","0 Classes (Dormant)","2025-12-21 00:00:00","2025-12-21 00:00:00","Last 1v1 Payment","20251221","REACTIVATION - Dormant Student Win-Back","0"
"4446","61212122","EGSS-ashraqatal","ME-EGSS01","MEKSA-EGSS01","围场外","outside pool","0","0","0 Classes (Dormant)","2025-12-21 00:00:00","2025-12-21 00:00:00","Last 1v1 Payment","20251221","REACTIVATION - Dormant Student Win-Back","0"
"4448","58979371","EGSS-mahmoud04","ME-EGSS01","MEKSA-EGSS01","到期","Exp Non-0","0","0","0 Classes (Dormant)","2025-12-22 00:00:00","2025-12-22 00:00:00","Last 1v1 Payment","20251222","REACTIVATION - Dormant Student Win-Back","0"
"4458","61050768","EGSS-mahmoud04","ME-EGSS01","MEKSA-EGSS01","到期","Exp 0-cr","0","0","0 Classes (Dormant)","2025-12-28 00:00:00","2025-12-28 00:00:00","Last 1v1 Payment","20251228","REACTIVATION - Dormant Student Win-Back","0"
"4467","60234022","EGSS-mahmoud04","ME-EGSS01","MEKSA-EGSS01","围场外","outside pool","0","8","0 Classes (Dormant)","2025-12-31 00:00:00","2025-12-31 00:00:00","Last 1v1 Payment","20251231","REACTIVATION - Dormant Student Win-Back","0"
"4468","61371473","EGSS-nohayoussry","ME-EGSS01","MEKSA-EGSS01","围场外","outside pool","0","11","0 Classes (Dormant)","2025-12-31 00:00:00","2025-12-31 00:00:00","Last 1v1 Payment","20251231","REACTIVATION - Dormant Student Win-Back","0"
"4472","60189696","EGSS-mahmoud04","ME-EGSS01","MEKSA-EGSS01","围场外","outside pool","0","7","0 Classes (Dormant)","2025-12-31 00:00:00","2025-12-31 00:00:00","Last 1v1 Payment","20251231","REACTIVATION - Dormant Student Win-Back","0"
"4481","59566155","EGSS-mahmoud04","ME-EGSS01","MEKSA-EGSS01","到期","Exp 0-cr","0","0","0 Classes (Dormant)","2026-01-11 00:00:00","2026-01-11 00:00:00","Last 1v1 Payment","20260111","REACTIVATION - Dormant Student Win-Back","0"
"4482","61927637","EGSS-nohayoussry","ME-EGSS01","MEKSA-EGSS01","围场外","outside pool","0","0","0 Classes (Dormant)","2026-01-13 00:00:00","2026-01-13 00:00:00","Last 1v1 Payment","20260113","REACTIVATION - Dormant Student Win-Back","0"
"4489","61079455","EGSS-ashraqatal","ME-EGSS01","MEKSA-EGSS01","到期","Exp 0-cr","0","0","0 Classes (Dormant)","2026-01-18 00:00:00","2026-01-18 00:00:00","Last 1v1 Payment","20260118","REACTIVATION - Dormant Student Win-Back","0"
"4490","59764070","EGSS-ashraqatal","ME-EGSS01","MEKSA-EGSS01","到期","Exp 0-cr","0","0","0 Classes (Dormant)","2026-01-18 00:00:00","2026-01-18 00:00:00","Last 1v1 Payment","20260118","REACTIVATION - Dormant Student Win-Back","0"
"4491","59868825","EGSS-ashraqatal","ME-EGSS01","MEKSA-EGSS01","到期","Exp 0-cr","0","0","0 Classes (Dormant)","2026-01-18 00:00:00","2026-01-18 00:00:00","Last 1v1 Payment","20260118","REACTIVATION - Dormant Student Win-Back","0"
"4495","61881202","EGSS-ashraqatal","ME-EGSS01","MEKSA-EGSS01","期间","period","0","0","0 Classes (Dormant)","2026-01-21 00:00:00","2026-01-21 00:00:00","Last 1v1 Payment","20260121","REACTIVATION - Dormant Student Win-Back","0"
"4496","61881204","EGSS-ashraqatal","ME-EGSS01","MEKSA-EGSS01","期间","period","0","0","0 Classes (Dormant)","2026-01-21 00:00:00","2026-01-21 00:00:00","Last 1v1 Payment","20260121","REACTIVATION - Dormant Student Win-Back","0"
"4498","61168915","EGSS-mahmoud04","ME-EGSS01","MEKSA-EGSS01","到期","Exp 0-cr","0","0","0 Classes (Dormant)","2026-01-21 00:00:00","2026-01-21 00:00:00","Last 1v1 Payment","20260121","REACTIVATION - Dormant Student Win-Back","0"
"4501","59761902","EGSS-nohayoussry","ME-EGSS01","MEKSA-EGSS01","围场外","outside pool","0","9","0 Classes (Dormant)","2026-01-24 00:00:00","2026-01-24 00:00:00","Last 1v1 Payment","20260124","REACTIVATION - Dormant Student Win-Back","0"
"4508","59057883","EGSS-ashraqatal","ME-EGSS01","MEKSA-EGSS01","到期","Exp Non-0","0","6","0 Classes (Dormant)","2026-01-27 00:00:00","2026-01-27 00:00:00","Last 1v1 Payment","20260127","REACTIVATION - Dormant Student Win-Back","0"
"4513","61630854","EGSS-mahmoud04","ME-EGSS01","MEKSA-EGSS01","围场外","outside pool","0","0","0 Classes (Dormant)","2026-01-28 00:00:00","2026-01-28 00:00:00","Last 1v1 Payment","20260128","REACTIVATION - Dormant Student Win-Back","0"
"4516","61164207","EGSS-negma","ME-EGSS01","MEKSA-EGSS01","到期","Exp 0-cr","0","0","0 Classes (Dormant)","2026-01-29 00:00:00","2026-01-29 00:00:00","Last 1v1 Payment","20260129","REACTIVATION - Dormant Student Win-Back","0"
"4518","61532856","EGSS-ashraqatal","ME-EGSS01","MEKSA-EGSS01","围场外","outside pool","0","0","0 Classes (Dormant)","2026-01-31 00:00:00","2026-01-31 00:00:00","Last 1v1 Payment","20260131","REACTIVATION - Dormant Student Win-Back","0"
"4520","61786175","EGSS-mahmoud04","ME-EGSS01","MEKSA-EGSS01","到期","Exp Non-0","0","0","0 Classes (Dormant)","2026-01-31 00:00:00","2026-01-31 00:00:00","Last 1v1 Payment","20260131","REACTIVATION - Dormant Student Win-Back","0"
"4530","59973588","EGSS-negma","ME-EGSS01","MEKSA-EGSS01","围场外","outside pool","0","0","0 Classes (Dormant)","2026-02-04 00:00:00","2026-02-04 00:00:00","Last 1v1 Payment","20260204","REACTIVATION - Dormant Student Win-Back","0"
"4538","62048486","EGSS-negma","ME-EGSS01","MEKSA-EGSS01","围场外","outside pool","0","0","0 Classes (Dormant)","2026-02-16 00:00:00","2026-02-16 00:00:00","Last 1v1 Payment","20260216","REACTIVATION - Dormant Student Win-Back","0"
"4542","60721228","EGSS-nohayoussry","ME-EGSS01","MEKSA-EGSS01","到期","Exp 0-cr","0","0","0 Classes (Dormant)","2026-02-22 00:00:00","2026-02-22 00:00:00","Last 1v1 Payment","20260222","REACTIVATION - Dormant Student Win-Back","0"
"4552","62006900","EGSS-mahmoud04","ME-EGSS01","MEKSA-EGSS01","到期","Exp Non-0","0","0","0 Classes (Dormant)","2026-03-04 00:00:00","2026-03-04 00:00:00","Last 1v1 Payment","20260304","REACTIVATION - Dormant Student Win-Back","0"
"4553","58886817","EGSS-mahmoud04","ME-EGSS01","MEKSA-EGSS01","围场外","outside pool","0","7","0 Classes (Dormant)","2026-03-05 00:00:00","2026-03-05 00:00:00","Last 1v1 Payment","20260305","REACTIVATION - Dormant Student Win-Back","0"
"4561","58792423","EGSS-ashraqatal","ME-EGSS01","MEKSA-EGSS01","到期","Exp Non-0","0","0","0 Classes (Dormant)","2026-03-16 00:00:00","2026-03-16 00:00:00","Last 1v1 Payment","20260316","REACTIVATION - Dormant Student Win-Back","0"
"4563","61853335","EGSS-mahmoud04","ME-EGSS01","MEKSA-EGSS01","围场外","outside pool","0","0","0 Classes (Dormant)","2026-03-25 00:00:00","2026-03-25 00:00:00","Last 1v1 Payment","20260325","REACTIVATION - Dormant Student Win-Back","0"
"4564","61796164","EGSS-mahmoud04","ME-EGSS01","MEKSA-EGSS01","围场外","outside pool","0","0","0 Classes (Dormant)","2026-03-26 00:00:00","2026-03-26 00:00:00","Last 1v1 Payment","20260326","REACTIVATION - Dormant Student Win-Back","0"
"4570","62404162","EGSS-ashraqatal","ME-EGSS01","MEKSA-EGSS01","围场外","outside pool","0","0","0 Classes (Dormant)","2026-03-28 00:00:00","2026-03-28 00:00:00","Last 1v1 Payment","20260328","REACTIVATION - Dormant Student Win-Back","0"
"4573","60414699","EGSS-nohayoussry","ME-EGSS01","MEKSA-EGSS01","到期","Exp Non-0","0","0","0 Classes (Dormant)","2026-03-29 00:00:00","2026-03-29 00:00:00","Last 1v1 Payment","20260329","REACTIVATION - Dormant Student Win-Back","0"
"4575","59118181","EGSS-nohayoussry","ME-EGSS01","MEKSA-EGSS01","到期","Exp Non-0","0","0","0 Classes (Dormant)","2026-03-29 00:00:00","2026-03-29 00:00:00","Last 1v1 Payment","20260329","REACTIVATION - Dormant Student Win-Back","0"
"4579","61052482","EGSS-juliamonir01","ME-EGSS01","MEKSA-EGSS01","到期","Exp 0-cr","0","0","0 Classes (Dormant)","2026-03-30 00:00:00","2026-03-30 00:00:00","Last 1v1 Payment","20260330","REACTIVATION - Dormant Student Win-Back","0"
"4585","60143020","EGSS-mahmoud04","ME-EGSS01","MEKSA-EGSS01","围场外","outside pool","0","0","0 Classes (Dormant)","2026-03-31 00:00:00","2026-03-31 00:00:00","Last 1v1 Payment","20260331","REACTIVATION - Dormant Student Win-Back","0"
"4588","59973638","EGSS-negma","ME-EGSS01","MEKSA-EGSS01","到期","Exp Non-0","0","0","0 Classes (Dormant)","2026-04-02 00:00:00","2026-04-02 00:00:00","Last 1v1 Payment","20260402","REACTIVATION - Dormant Student Win-Back","0"
"4592","59155073","EGSS-juliamonir01","ME-EGSS01","MEKSA-EGSS01","到期","Exp Non-0","0","10","0 Classes (Dormant)","2026-04-07 00:00:00","2026-04-07 00:00:00","Last 1v1 Payment","20260407","REACTIVATION - Dormant Student Win-Back","0"
"4593","60852357","EGSS-ashraqatal","ME-EGSS01","MEKSA-EGSS01","到期","Exp Non-0","0","0","0 Classes (Dormant)","2026-04-08 00:00:00","2026-04-08 00:00:00","Last 1v1 Payment","20260408","REACTIVATION - Dormant Student Win-Back","0"
"4597","58524120","EGSS-mahmoud04","ME-EGSS01","MEKSA-EGSS01","到期","Exp Non-0","0","0","0 Classes (Dormant)","2026-04-20 00:00:00","2026-04-20 00:00:00","Last 1v1 Payment","20260420","REACTIVATION - Dormant Student Win-Back","0"
"4598","59326389","EGSS-mahmoud04","ME-EGSS01","MEKSA-EGSS01","到期","Exp Non-0","0","8","0 Classes (Dormant)","2026-04-20 00:00:00","2026-04-20 00:00:00","Last 1v1 Payment","20260420","REACTIVATION - Dormant Student Win-Back","0"
"4603","60332773","EGSS-negma","ME-EGSS01","MEKSA-EGSS01","到期","Exp Non-0","0","0","0 Classes (Dormant)","2026-04-26 00:00:00","2026-04-26 00:00:00","Last 1v1 Payment","20260426","REACTIVATION - Dormant Student Win-Back","0"
"4606","61576247","EGSS-juliamonir01","ME-EGSS01","MEKSA-EGSS01","围场外","outside pool","0","7","0 Classes (Dormant)","2026-04-27 00:00:00","2026-04-27 00:00:00","Last 1v1 Payment","20260427","REACTIVATION - Dormant Student Win-Back","0"
"4609","60433678","EGSS-mahmoud04","ME-EGSS01","MEKSA-EGSS01","围场外","outside pool","0","0","0 Classes (Dormant)","2026-04-29 00:00:00","2026-04-29 00:00:00","Last 1v1 Payment","20260429","REACTIVATION - Dormant Student Win-Back","0"
"4612","62057831","EGSS-nohayoussry","ME-EGSS01","MEKSA-EGSS01","到期","Exp Non-0","0","6","0 Classes (Dormant)","2026-04-30 00:00:00","2026-04-30 00:00:00","Last 1v1 Payment","20260430","REACTIVATION - Dormant Student Win-Back","0"
"4613","61528989","EGSS-mahmoud04","ME-EGSS01","MEKSA-EGSS01","围场外","outside pool","0","0","0 Classes (Dormant)","2026-04-30 00:00:00","2026-04-30 00:00:00","Last 1v1 Payment","20260430","REACTIVATION - Dormant Student Win-Back","0"
"4614","62343944","EGSS-nohayoussry","ME-EGSS01","MEKSA-EGSS01","围场外","outside pool","0","0","0 Classes (Dormant)","2026-05-01 00:00:00","2026-05-01 00:00:00","Last 1v1 Payment","20260501","REACTIVATION - Dormant Student Win-Back","0"
"4621","58349110","EGSS-ashraqatal","ME-EGSS01","MEKSA-EGSS01","围场外","outside pool","0","0","0 Classes (Dormant)","2026-05-17 00:00:00","2026-05-17 00:00:00","Last 1v1 Payment","20260517","REACTIVATION - Dormant Student Win-Back","0"
"4622","60693517","EGSS-mahmoud04","ME-EGSS01","MEKSA-EGSS01","围场外","outside pool","0","0","0 Classes (Dormant)","2026-05-17 00:00:00","2026-05-17 00:00:00","Last 1v1 Payment","20260517","REACTIVATION - Dormant Student Win-Back","0"
"4627","62609058","EGSS-mahmoud04","ME-EGSS01","MEKSA-EGSS01","围场外","outside pool","0","9","0 Classes (Dormant)","2026-05-25 00:00:00","2026-05-25 00:00:00","Last 1v1 Payment","20260525","REACTIVATION - Dormant Student Win-Back","0"
"4628","62597030","EGSS-mahmoud04","ME-EGSS01","MEKSA-EGSS01","围场外","outside pool","0","9","0 Classes (Dormant)","2026-05-25 00:00:00","2026-05-25 00:00:00","Last 1v1 Payment","20260525","REACTIVATION - Dormant Student Win-Back","0"
"4630","62955931","EGSS-mahmoud04","ME-EGSS01","MEKSA-EGSS01","围场外","outside pool","0","7","0 Classes (Dormant)","2026-06-04 00:00:00","2026-06-04 00:00:00","Last 1v1 Payment","20260604","REACTIVATION - Dormant Student Win-Back","0"
"4632","60277322","EGSS-juliamonir01","ME-EGSS01","MEKSA-EGSS01","围场外","outside pool","0","10","0 Classes (Dormant)","2026-06-06 00:00:00","2026-06-06 00:00:00","Last 1v1 Payment","20260606","REACTIVATION - Dormant Student Win-Back","0"
"4640","61702203","EGSS-nohayoussry","ME-EGSS01","MEKSA-EGSS01","期间","period","0","12","0 Classes (Dormant)","2026-06-22 00:00:00","2026-06-22 00:00:00","Last 1v1 Payment","20260622","REACTIVATION - Dormant Student Win-Back","0"
"4644","61420090","EGSS-juliamonir01","ME-EGSS01","MEKSA-EGSS01","围场外","outside pool","0","0","0 Classes (Dormant)","2026-06-26 00:00:00","2026-06-26 00:00:00","Last 1v1 Payment","20260626","REACTIVATION - Dormant Student Win-Back","0"
"4645","61420166","EGSS-juliamonir01","ME-EGSS01","MEKSA-EGSS01","围场外","outside pool","0","0","0 Classes (Dormant)","2026-06-26 00:00:00","2026-06-26 00:00:00","Last 1v1 Payment","20260626","REACTIVATION - Dormant Student Win-Back","0"
"4649","62409093","EGSS-mahmoud04","ME-EGSS01","MEKSA-EGSS01","围场外","outside pool","0","2","0 Classes (Dormant)","2026-06-28 00:00:00","2026-06-28 00:00:00","Last 1v1 Payment","20260628","REACTIVATION - Dormant Student Win-Back","0"
"4665","63121563","EGSS-juliamonir01","ME-EGSS01","MEKSA-EGSS01","围场外","outside pool","0","6","0 Classes (Dormant)","2026-07-13 00:00:00","2026-07-13 00:00:00","Last 1v1 Payment","20260713","REACTIVATION - Dormant Student Win-Back","0"
"4670","62034784","EGSS-negma","ME-EGSS01","MEKSA-EGSS01","围场外","outside pool","0","0","0 Classes (Dormant)","2026-07-16 00:00:00","2026-07-16 00:00:00","CRM System Outreach","-","REACTIVATION - Dormant Student Win-Back","0"
"4685","63661936","EGSS-nohayoussry","ME-EGSS01","MEKSA-EGSS01","围场外","outside pool","0","0","0 Classes (Dormant)","2026-07-22 00:00:00","2026-07-22 00:00:00","CRM System Outreach","-","REACTIVATION - Dormant Student Win-Back","0"
"4690","63582858","EGSS-ashraqatal","ME-EGSS01","MEKSA-EGSS01","围场外","outside pool","0","0","0 Classes (Dormant)","2026-07-26 00:00:00","2026-07-26 00:00:00","CRM System Outreach","-","REACTIVATION - Dormant Student Win-Back","0"
"4693","63658207","EGSS-nohayoussry","ME-EGSS01","MEKSA-EGSS01","围场外","outside pool","0","0","0 Classes (Dormant)","2026-07-27 00:00:00","2026-07-27 00:00:00","CRM System Outreach","-","REACTIVATION - Dormant Student Win-Back","0"
"4698","60757478","EGSS-nohayoussry","ME-EGSS01","MEKSA-EGSS01","围场外","outside pool","0","9","0 Classes (Dormant)","2026-07-28 00:00:00","2026-07-28 00:00:00","CRM System Outreach","-","REACTIVATION - Dormant Student Win-Back","0"
"4701","63481217","EGSS-juliamonir01","ME-EGSS01","MEKSA-EGSS01","到期","Exp Non-0","0","0","0 Classes (Dormant)","2026-07-30 00:00:00","2026-07-30 00:00:00","CRM System Outreach","-","REACTIVATION - Dormant Student Win-Back","0"
"4702","63628747","EGSS-mahmoud04","ME-EGSS01","MEKSA-EGSS01","围场外","outside pool","0","0","0 Classes (Dormant)","2026-07-30 00:00:00","2026-07-30 00:00:00","CRM System Outreach","-","REACTIVATION - Dormant Student Win-Back","0"
"4706","62179770","EGSS-mahmoud04","ME-EGSS01","MEKSA-EGSS01","围场外","outside pool","0","0","0 Classes (Dormant)","2026-08-05 00:00:00","2026-08-05 00:00:00","Last 1v1 Payment","20260805","REACTIVATION - Dormant Student Win-Back","0"
"4711","63651617","EGSS-ashraqatal","ME-EGSS01","MEKSA-EGSS01","围场外","outside pool","0","0","0 Classes (Dormant)","2026-08-07 00:00:00","2026-08-07 00:00:00","CRM System Outreach","-","REACTIVATION - Dormant Student Win-Back","0"
"4715","59140501","EGSS-juliamonir01","ME-EGSS01","MEKSA-EGSS01","围场外","outside pool","0","0","0 Classes (Dormant)","2026-08-09 00:00:00","2026-08-09 00:00:00","Last 1v1 Payment","20260809","REACTIVATION - Dormant Student Win-Back","0"
"4727","63876872","EGSS-ashraqatal","ME-EGSS01","MEKSA-EGSS01","围场外","outside pool","0","12","0 Classes (Dormant)","2026-08-14 00:00:00","2026-08-14 00:00:00","CRM System Outreach","-","REACTIVATION - Dormant Student Win-Back","0"
"4728","58734324","EGSS-ashraqatal","ME-EGSS01","MEKSA-EGSS01","围场外","outside pool","0","0","0 Classes (Dormant)","2026-08-14 00:00:00","2026-08-14 00:00:00","CRM System Outreach","-","REACTIVATION - Dormant Student Win-Back","0"
"4736","63581252","EGSS-nohayoussry","ME-EGSS01","MEKSA-EGSS01","围场外","outside pool","0","7","0 Classes (Dormant)","2026-08-19 00:00:00","2026-08-19 00:00:00","CRM System Outreach","-","REACTIVATION - Dormant Student Win-Back","0"
"4738","63024592","EGSS-mahmoud04","ME-EGSS01","MEKSA-EGSS01","到期","Exp Non-0","0","0","0 Classes (Dormant)","2026-08-19 00:00:00","2026-08-19 00:00:00","CRM System Outreach","-","REACTIVATION - Dormant Student Win-Back","0"
"4739","61204345","EGSS-negma","ME-EGSS01","MEKSA-EGSS01","围场外","outside pool","0","1","0 Classes (Dormant)","2026-08-19 00:00:00","2026-08-19 00:00:00","CRM System Outreach","-","REACTIVATION - Dormant Student Win-Back","0"
"4740","60586858","EGSS-nohayoussry","ME-EGSS01","MEKSA-EGSS01","围场外","outside pool","0","10","0 Classes (Dormant)","2026-08-19 00:00:00","2026-08-19 00:00:00","CRM System Outreach","-","REACTIVATION - Dormant Student Win-Back","0"
"4742","58095475","EGSS-nohayoussry","ME-EGSS01","MEKSA-EGSS01","围场外","outside pool","0","0","0 Classes (Dormant)","2026-08-22 00:00:00","2026-08-22 00:00:00","CRM System Outreach","-","REACTIVATION - Dormant Student Win-Back","0"
"4746","58823778","EGSS-nohayoussry","ME-EGSS01","MEKSA-EGSS01","围场外","outside pool","0","0","0 Classes (Dormant)","2026-08-24 00:00:00","2026-08-24 00:00:00","CRM System Outreach","-","REACTIVATION - Dormant Student Win-Back","0"
"4751","61438126","EGSS-mahmoud04","ME-EGSS01","MEKSA-EGSS01","围场外","outside pool","0","5","0 Classes (Dormant)","2026-08-27 00:00:00","2026-08-27 00:00:00","Last 1v1 Payment","20260827","REACTIVATION - Dormant Student Win-Back","0"
"4754","61195450","EGSS-negma","ME-EGSS01","MEKSA-EGSS01","围场外","outside pool","0","7","0 Classes (Dormant)","2026-08-29 00:00:00","2026-08-29 00:00:00","Last 1v1 Payment","20260829","REACTIVATION - Dormant Student Win-Back","0"
"4755","60201379","EGSS-mahmoud04","ME-EGSS01","MEKSA-EGSS01","围场外","outside pool","0","0","0 Classes (Dormant)","2026-09-01 00:00:00","2026-09-01 00:00:00","Last 1v1 Payment","20260901","REACTIVATION - Dormant Student Win-Back","0"
"4756","59450779","EGSS-mahmoud04","ME-EGSS01","MEKSA-EGSS01","围场外","outside pool","0","6","0 Classes (Dormant)","2026-09-01 00:00:00","2026-09-01 00:00:00","Last 1v1 Payment","20260901","REACTIVATION - Dormant Student Win-Back","0"
"4763","63503004","EGSS-mahmoud04","ME-EGSS01","MEKSA-EGSS01","围场外","outside pool","0","0","0 Classes (Dormant)","2026-09-09 14:44:25","2026-09-09 14:44:25","SOP Completed Touch","-","REACTIVATION - Dormant Student Win-Back","0"
"4764","63876873","EGSS-juliamonir01","ME-EGSS01","MEKSA-EGSS01","围场外","outside pool","0","8","0 Classes (Dormant)","2026-09-09 14:47:28","2026-09-09 14:47:28","SOP Completed Touch","-","REACTIVATION - Dormant Student Win-Back","0"
"4768","63617180","EGSS-negma","ME-EGSS01","MEKSA-EGSS01","到期","Exp Non-0","0","6","0 Classes (Dormant)","2026-09-15 16:33:38","2026-09-15 16:33:38","SOP Completed Touch","-","REACTIVATION - Dormant Student Win-Back","0"
"4770","59907910","EGSS-negma","ME-EGSS01","MEKSA-EGSS01","围场外","outside pool","0","8","0 Classes (Dormant)","2026-09-21 00:00:00","2026-09-21 00:00:00","Last 1v1 Payment","20260921","REACTIVATION - Dormant Student Win-Back","0"
"4781","62880545","EGSS-mahmoud04","ME-EGSS01","MEKSA-EGSS01","围场外","outside pool","0","0","0 Classes (Dormant)","2026-09-29 15:28:14","2026-09-29 15:28:14","SOP Completed Touch","-","REACTIVATION - Dormant Student Win-Back","0"
"4782","63147637","EGSS-nohayoussry","ME-EGSS01","MEKSA-EGSS01","到期","Exp Non-0","0","0","0 Classes (Dormant)","2026-09-29 16:53:59","2026-09-29 16:53:59","SOP Completed Touch","-","REACTIVATION - Dormant Student Win-Back","0"
"4786","62497154","EGSS-negma","ME-EGSS01","MEKSA-EGSS01","到期","Exp Non-0","0","1","0 Classes (Dormant)","2026-10-01 14:13:16","2026-10-01 14:13:16","SOP Completed Touch","-","REACTIVATION - Dormant Student Win-Back","0"
"4794","63987019","EGSS-mahmoud04","ME-EGSS01","MEKSA-EGSS01","升舱","Upgrade M2","0","3","0 Classes (Dormant)","2026-10-03 11:22:12","2026-10-03 11:22:12","SOP Task Assigned","-","REACTIVATION - Dormant Student Win-Back","0"
"4800","59894417","EGSS-negma","ME-EGSS01","MEKSA-EGSS01","围场外","outside pool","0","6","0 Classes (Dormant)","2026-10-03 12:45:51","2026-10-03 12:45:51","SOP Completed Touch","20250419","REACTIVATION - Dormant Student Win-Back","0"
"4807","60646412","EGSS-nohayoussry","ME-EGSS01","MEKSA-EGSS01","围场外","outside pool","0","9","0 Classes (Dormant)","2026-10-03 15:33:07","2026-10-03 15:33:07","SOP Completed Touch","-","REACTIVATION - Dormant Student Win-Back","0"
"4814","63948152","EGSS-nohayoussry","ME-EGSS01","MEKSA-EGSS01","围场外","outside pool","0","8","0 Classes (Dormant)","2026-10-04 11:08:56","2026-10-04 11:08:56","SOP Task Assigned","-","REACTIVATION - Dormant Student Win-Back","0"
"4815","58655748","EGSS-negma","ME-EGSS01","MEKSA-EGSS01","围场外","outside pool","0","8","0 Classes (Dormant)","2026-10-04 12:22:29","2026-10-04 12:22:29","SOP Completed Touch","-","REACTIVATION - Dormant Student Win-Back","0"
"4823","58553254","EGSS-ashraqatal","ME-EGSS01","MEKSA-EGSS01","到期","Exp Non-0","0","0","0 Classes (Dormant)","2026-10-04 15:55:17","2026-10-04 15:55:17","SOP Completed Touch","20241031","REACTIVATION - Dormant Student Win-Back","0"
"4829","64532447","EGSS-juliamonir01","ME-EGSS01","MEKSA-EGSS01","围场外","outside pool","0","0","0 Classes (Dormant)","2026-10-05 13:20:12","2026-10-05 13:20:12","SOP Completed Touch","-","REACTIVATION - Dormant Student Win-Back","0"
"4833","63178748","EGSS-mahmoud04","ME-EGSS01","MEKSA-EGSS01","到期","Exp Non-0","0","0","0 Classes (Dormant)","2026-10-05 13:52:01","2026-10-05 13:52:01","SOP Completed Touch","-","REACTIVATION - Dormant Student Win-Back","0"
"4835","64313359","EGSS-juliamonir01","ME-EGSS01","MEKSA-EGSS01","围场外","outside pool","0","0","0 Classes (Dormant)","2026-10-05 13:58:29","2026-10-05 13:58:29","SOP Completed Touch","-","REACTIVATION - Dormant Student Win-Back","0"
"4841","58633249","EGSS-negma","ME-EGSS01","MEKSA-EGSS01","期间","period","0","7","0 Classes (Dormant)","2026-10-05 15:22:58","2026-10-05 15:22:58","SOP Completed Touch","-","REACTIVATION - Dormant Student Win-Back","0"
"4842","58739262","EGSS-negma","ME-EGSS01","MEKSA-EGSS01","升舱","Upgrade M2","0","6","0 Classes (Dormant)","2026-10-05 15:52:41","2026-10-05 15:52:41","SOP Completed Touch","-","REACTIVATION - Dormant Student Win-Back","0"
"4849","62274364","EGSS-mahmoud04","ME-EGSS01","MEKSA-EGSS01","围场外","outside pool","0","0","0 Classes (Dormant)","2026-10-06 11:14:30","2026-10-06 11:14:30","SOP Task Assigned","-","REACTIVATION - Dormant Student Win-Back","0"
"4858","59855931","EGSS-juliamonir01","ME-EGSS01","MEKSA-EGSS01","期间","period","0","0","0 Classes (Dormant)","2026-10-06 14:13:13","2026-10-06 14:13:13","SOP Completed Touch","20250427","REACTIVATION - Dormant Student Win-Back","0"
"4872","64492072","EGSS-negma","ME-EGSS01","MEKSA-EGSS01","围场外","outside pool","0","0","0 Classes (Dormant)","2026-10-06 15:32:55","2026-10-06 15:32:55","SOP Completed Touch","-","REACTIVATION - Dormant Student Win-Back","0"
"4873","58792434","EGSS-negma","ME-EGSS01","MEKSA-EGSS01","围场外","outside pool","0","12","0 Classes (Dormant)","2026-10-06 15:38:20","2026-10-06 15:38:20","SOP Completed Touch","20251201","REACTIVATION - Dormant Student Win-Back","0"
"4875","59917822","EGSS-negma","ME-EGSS01","MEKSA-EGSS01","围场外","outside pool","0","11","0 Classes (Dormant)","2026-10-06 15:40:17","2026-10-06 15:40:17","SOP Completed Touch","20250821","REACTIVATION - Dormant Student Win-Back","0"
"4876","59938893","EGSS-negma","ME-EGSS01","MEKSA-EGSS01","围场外","outside pool","0","10","0 Classes (Dormant)","2026-10-06 15:42:41","2026-10-06 15:42:41","SOP Completed Touch","20260122","REACTIVATION - Dormant Student Win-Back","0"
"4877","59949963","EGSS-negma","ME-EGSS01","MEKSA-EGSS01","围场外","outside pool","0","11","0 Classes (Dormant)","2026-10-06 15:44:08","2026-10-06 15:44:08","SOP Completed Touch","20250629","REACTIVATION - Dormant Student Win-Back","0"
"4879","59961518","EGSS-negma","ME-EGSS01","MEKSA-EGSS01","到期","Exp Non-0","0","11","0 Classes (Dormant)","2026-10-06 16:03:14","2026-10-06 16:03:14","SOP Completed Touch","20260629","REACTIVATION - Dormant Student Win-Back","0"
"4880","59969620","EGSS-negma","ME-EGSS01","MEKSA-EGSS01","围场外","outside pool","0","0","0 Classes (Dormant)","2026-10-06 16:20:49","2026-10-06 16:20:49","SOP Completed Touch","20250929","REACTIVATION - Dormant Student Win-Back","0"
"4881","59938576","EGSS-negma","ME-EGSS01","MEKSA-EGSS01","围场外","outside pool","0","10","0 Classes (Dormant)","2026-10-06 16:20:58","2026-10-06 16:20:58","SOP Completed Touch","20250528","REACTIVATION - Dormant Student Win-Back","0"
"4882","62548225","EGSS-negma","ME-EGSS01","MEKSA-EGSS01","围场外","outside pool","0","8","0 Classes (Dormant)","2026-10-06 16:21:05","2026-10-06 16:21:05","SOP Completed Touch","20260608","REACTIVATION - Dormant Student Win-Back","0"
"4884","59731674","EGSS-ashraqatal","ME-EGSS01","MEKSA-EGSS01","围场外","outside pool","0","8","0 Classes (Dormant)","2026-10-06 16:47:56","2026-10-06 16:47:56","SOP Completed Touch","20251118","REACTIVATION - Dormant Student Win-Back","0"
"4893","59555249","EGSS-negma","ME-EGSS01","MEKSA-EGSS01","围场外","outside pool","0","0","0 Classes (Dormant)","2026-10-06 21:47:15","2026-10-06 21:47:15","SOP Completed Touch","20260216","REACTIVATION - Dormant Student Win-Back","0"
"4894","59793814","EGSS-negma","ME-EGSS01","MEKSA-EGSS01","到期","Exp Non-0","0","0","0 Classes (Dormant)","2026-10-06 21:55:24","2026-10-06 21:55:24","SOP Completed Touch","20251108","REACTIVATION - Dormant Student Win-Back","0"
"4895","64141903","EGSS-nohayoussry","ME-EGSS01","MEKSA-EGSS01","围场外","outside pool","0","9","0 Classes (Dormant)","2026-10-06 22:04:27","2026-10-06 22:04:27","SOP Completed Touch","-","REACTIVATION - Dormant Student Win-Back","0"
"4896","57728168","EGSS-nohayoussry","ME-EGSS01","MEKSA-EGSS01","围场外","outside pool","0","7","0 Classes (Dormant)","2026-10-07 10:04:19","2026-10-07 10:04:19","SOP Task Assigned","-","REACTIVATION - Dormant Student Win-Back","0"
"4897","58432337","EGSS-juliamonir01","ME-EGSS01","MEKSA-EGSS01","围场外","outside pool","0","0","0 Classes (Dormant)","2026-10-07 10:05:39","2026-10-07 10:05:39","SOP Task Assigned","-","REACTIVATION - Dormant Student Win-Back","0"
"4898","58505359","EGSS-juliamonir01","ME-EGSS01","MEKSA-EGSS01","围场外","outside pool","0","0","0 Classes (Dormant)","2026-10-07 10:06:03","2026-10-07 10:06:03","SOP Task Assigned","-","REACTIVATION - Dormant Student Win-Back","0"
"4899","58551098","EGSS-nohayoussry","ME-EGSS01","MEKSA-EGSS01","首单到期","FOE Non-0","0","0","0 Classes (Dormant)","2026-10-07 10:06:16","2026-10-07 10:06:16","SOP Task Assigned","-","REACTIVATION - Dormant Student Win-Back","0"
"4900","58620248","EGSS-mahmoud04","ME-EGSS01","MEKSA-EGSS01","围场外","outside pool","0","2","0 Classes (Dormant)","2026-10-07 10:06:37","2026-10-07 10:06:37","SOP Task Assigned","-","REACTIVATION - Dormant Student Win-Back","0"
"4904","58904709","EGSS-juliamonir01","ME-EGSS01","MEKSA-EGSS01","围场外","outside pool","0","0","0 Classes (Dormant)","2026-10-07 10:08:34","2026-10-07 10:08:34","SOP Task Assigned","-","REACTIVATION - Dormant Student Win-Back","0"
"4910","59579205","EGSS-mahmoud04","ME-EGSS01","MEKSA-EGSS01","围场外","outside pool","0","0","0 Classes (Dormant)","2026-10-07 10:12:35","2026-10-07 10:12:35","SOP Task Assigned","-","REACTIVATION - Dormant Student Win-Back","0"
"4918","60571553","EGSS-mahmoud04","ME-EGSS01","MEKSA-EGSS01","围场外","outside pool","0","7","0 Classes (Dormant)","2026-10-07 10:18:27","2026-10-07 10:18:27","SOP Task Assigned","-","REACTIVATION - Dormant Student Win-Back","0"
"4922","60692340","EGSS-nohayoussry","ME-EGSS01","MEKSA-EGSS01","到期","Exp Non-0","0","0","0 Classes (Dormant)","2026-10-07 10:19:41","2026-10-07 10:19:41","SOP Task Assigned","-","REACTIVATION - Dormant Student Win-Back","0"
"4928","61383560","EGSS-mahmoud04","ME-EGSS01","MEKSA-EGSS01","围场外","outside pool","0","0","0 Classes (Dormant)","2026-10-07 10:25:22","2026-10-07 10:25:22","SOP Task Assigned","-","REACTIVATION - Dormant Student Win-Back","0"
"4931","61554891","EGSS-nohayoussry","ME-EGSS01","MEKSA-EGSS01","首单到期","FOE Non-0","0","0","0 Classes (Dormant)","2026-10-07 10:26:51","2026-10-07 10:26:51","SOP Task Assigned","-","REACTIVATION - Dormant Student Win-Back","0"
"4933","61613217","EGSS-juliamonir01","ME-EGSS01","MEKSA-EGSS01","首单到期","FOE Non-0","0","8","0 Classes (Dormant)","2026-10-07 10:27:23","2026-10-07 10:27:23","SOP Task Assigned","-","REACTIVATION - Dormant Student Win-Back","0"
"4934","61648088","EGSS-mahmoud04","ME-EGSS01","MEKSA-EGSS01","围场外","outside pool","0","0","0 Classes (Dormant)","2026-10-07 10:27:48","2026-10-07 10:27:48","SOP Task Assigned","-","REACTIVATION - Dormant Student Win-Back","0"
"4935","61716048","EGSS-ashraqatal","ME-EGSS01","MEKSA-EGSS01","围场外","outside pool","0","0","0 Classes (Dormant)","2026-10-07 10:28:38","2026-10-07 10:28:38","SOP Task Assigned","-","REACTIVATION - Dormant Student Win-Back","0"
"4937","61850853","EGSS-negma","ME-EGSS01","MEKSA-EGSS01","围场外","outside pool","0","0","0 Classes (Dormant)","2026-10-07 10:29:35","2026-10-07 10:29:35","SOP Task Assigned","-","REACTIVATION - Dormant Student Win-Back","0"
"4942","61968742","EGSS-ashraqatal","ME-EGSS01","MEKSA-EGSS01","围场外","outside pool","0","2","0 Classes (Dormant)","2026-10-07 10:30:35","2026-10-07 10:30:35","SOP Task Assigned","-","REACTIVATION - Dormant Student Win-Back","0"
"4945","62007963","EGSS-mahmoud04","ME-EGSS01","MEKSA-EGSS01","围场外","outside pool","0","0","0 Classes (Dormant)","2026-10-07 10:30:57","2026-10-07 10:30:57","SOP Task Assigned","-","REACTIVATION - Dormant Student Win-Back","0"
"4952","62350122","EGSS-mahmoud04","ME-EGSS01","MEKSA-EGSS01","围场外","outside pool","0","0","0 Classes (Dormant)","2026-10-07 10:34:34","2026-10-07 10:34:34","SOP Task Assigned","-","REACTIVATION - Dormant Student Win-Back","0"
"4953","62392157","EGSS-juliamonir01","ME-EGSS01","MEKSA-EGSS01","围场外","outside pool","0","0","0 Classes (Dormant)","2026-10-07 10:35:03","2026-10-07 10:35:03","SOP Task Assigned","-","REACTIVATION - Dormant Student Win-Back","0"
"4957","62420874","EGSS-mahmoud04","ME-EGSS01","MEKSA-EGSS01","围场外","outside pool","0","0","0 Classes (Dormant)","2026-10-07 10:35:45","2026-10-07 10:35:45","SOP Task Assigned","-","REACTIVATION - Dormant Student Win-Back","0"
"4963","62520412","EGSS-mahmoud04","ME-EGSS01","MEKSA-EGSS01","围场外","outside pool","0","8","0 Classes (Dormant)","2026-10-07 10:37:24","2026-10-07 10:37:24","SOP Task Assigned","-","REACTIVATION - Dormant Student Win-Back","0"
"4967","62596738","EGSS-ashraqatal","ME-EGSS01","MEKSA-EGSS01","围场外","outside pool","0","0","0 Classes (Dormant)","2026-10-07 10:40:03","2026-10-07 10:40:03","SOP Task Assigned","-","REACTIVATION - Dormant Student Win-Back","0"
"4974","61051552","EGSS-juliamonir01","ME-EGSS01","MEKSA-EGSS01","首单到期","FOE Non-0","0","7","0 Classes (Dormant)","2026-10-07 10:42:48","2026-10-07 10:42:48","SOP Task Assigned","-","REACTIVATION - Dormant Student Win-Back","0"
"4975","62771862","EGSS-juliamonir01","ME-EGSS01","MEKSA-EGSS01","围场外","outside pool","0","8","0 Classes (Dormant)","2026-10-07 10:43:20","2026-10-07 10:43:20","SOP Task Assigned","-","REACTIVATION - Dormant Student Win-Back","0"
"4979","62791349","EGSS-nohayoussry","ME-EGSS01","MEKSA-EGSS01","围场外","outside pool","0","3","0 Classes (Dormant)","2026-10-07 10:44:01","2026-10-07 10:44:01","SOP Task Assigned","-","REACTIVATION - Dormant Student Win-Back","0"
"4981","62808146","EGSS-nohayoussry","ME-EGSS01","MEKSA-EGSS01","围场外","outside pool","0","0","0 Classes (Dormant)","2026-10-07 10:44:23","2026-10-07 10:44:23","SOP Task Assigned","-","REACTIVATION - Dormant Student Win-Back","0"
"4983","62814516","EGSS-nohayoussry","ME-EGSS01","MEKSA-EGSS01","围场外","outside pool","0","0","0 Classes (Dormant)","2026-10-07 10:44:42","2026-10-07 10:44:42","SOP Task Assigned","-","REACTIVATION - Dormant Student Win-Back","0"
"4984","62811790","EGSS-juliamonir01","ME-EGSS01","MEKSA-EGSS01","到期","Exp Non-0","0","0","0 Classes (Dormant)","2026-10-07 10:44:55","2026-10-07 10:44:55","SOP Task Assigned","-","REACTIVATION - Dormant Student Win-Back","0"
"4985","62833919","EGSS-ashraqatal","ME-EGSS01","MEKSA-EGSS01","围场外","outside pool","0","0","0 Classes (Dormant)","2026-10-07 10:45:39","2026-10-07 10:45:39","SOP Task Assigned","-","REACTIVATION - Dormant Student Win-Back","0"
"4990","62916222","EGSS-nohayoussry","ME-EGSS01","MEKSA-EGSS01","到期","Exp Non-0","0","0","0 Classes (Dormant)","2026-10-07 10:48:24","2026-10-07 10:48:24","SOP Task Assigned","-","REACTIVATION - Dormant Student Win-Back","0"
"4997","63102368","EGSS-mahmoud04","ME-EGSS01","MEKSA-EGSS01","围场外","outside pool","0","0","0 Classes (Dormant)","2026-10-07 10:52:17","2026-10-07 10:52:17","SOP Task Assigned","-","REACTIVATION - Dormant Student Win-Back","0"
"5006","63323551","EGSS-nohayoussry","ME-EGSS01","MEKSA-EGSS01","围场外","outside pool","0","0","0 Classes (Dormant)","2026-10-07 10:55:42","2026-10-07 10:55:42","SOP Task Assigned","-","REACTIVATION - Dormant Student Win-Back","0"
"5009","63387981","EGSS-negma","ME-EGSS01","MEKSA-EGSS01","到期","Exp Non-0","0","7","0 Classes (Dormant)","2026-10-07 10:56:26","2026-10-07 10:56:26","SOP Task Assigned","-","REACTIVATION - Dormant Student Win-Back","0"
"5010","63401468","EGSS-negma","ME-EGSS01","MEKSA-EGSS01","围场外","outside pool","0","1","0 Classes (Dormant)","2026-10-07 10:56:33","2026-10-07 10:56:33","SOP Task Assigned","-","REACTIVATION - Dormant Student Win-Back","0"
"5012","63409036","EGSS-mahmoud04","ME-EGSS01","MEKSA-EGSS01","围场外","outside pool","0","7","0 Classes (Dormant)","2026-10-07 10:56:42","2026-10-07 10:56:42","SOP Task Assigned","-","REACTIVATION - Dormant Student Win-Back","0"
"5015","63446817","EGSS-mahmoud04","ME-EGSS01","MEKSA-EGSS01","围场外","outside pool","0","0","0 Classes (Dormant)","2026-10-07 10:57:12","2026-10-07 10:57:12","SOP Task Assigned","-","REACTIVATION - Dormant Student Win-Back","0"
"5017","63447145","EGSS-nohayoussry","ME-EGSS01","MEKSA-EGSS01","围场外","outside pool","0","12","0 Classes (Dormant)","2026-10-07 10:57:21","2026-10-07 10:57:21","SOP Task Assigned","-","REACTIVATION - Dormant Student Win-Back","0"
"5020","63490937","EGSS-ashraqatal","ME-EGSS01","MEKSA-EGSS01","围场外","outside pool","0","0","0 Classes (Dormant)","2026-10-07 10:57:49","2026-10-07 10:57:49","SOP Task Assigned","-","REACTIVATION - Dormant Student Win-Back","0"
"5021","63504490","EGSS-ashraqatal","ME-EGSS01","MEKSA-EGSS01","围场外","outside pool","0","0","0 Classes (Dormant)","2026-10-07 10:58:02","2026-10-07 10:58:02","SOP Task Assigned","-","REACTIVATION - Dormant Student Win-Back","0"
"5022","63505581","EGSS-ashraqatal","ME-EGSS01","MEKSA-EGSS01","围场外","outside pool","0","0","0 Classes (Dormant)","2026-10-07 10:58:03","2026-10-07 10:58:03","SOP Task Assigned","-","REACTIVATION - Dormant Student Win-Back","0"
"5024","63505775","EGSS-ashraqatal","ME-EGSS01","MEKSA-EGSS01","围场外","outside pool","0","0","0 Classes (Dormant)","2026-10-07 10:58:05","2026-10-07 10:58:05","SOP Task Assigned","-","REACTIVATION - Dormant Student Win-Back","0"
"5029","63523117","EGSS-negma","ME-EGSS01","MEKSA-EGSS01","围场外","outside pool","0","1","0 Classes (Dormant)","2026-10-07 10:58:26","2026-10-07 10:58:26","SOP Task Assigned","-","REACTIVATION - Dormant Student Win-Back","0"
"5030","63522668","EGSS-mahmoud04","ME-EGSS01","MEKSA-EGSS01","围场外","outside pool","0","0","0 Classes (Dormant)","2026-10-07 10:58:31","2026-10-07 10:58:31","SOP Task Assigned","-","REACTIVATION - Dormant Student Win-Back","0"
"5031","63523188","EGSS-juliamonir01","ME-EGSS01","MEKSA-EGSS01","围场外","outside pool","0","0","0 Classes (Dormant)","2026-10-07 10:58:31","2026-10-07 10:58:31","SOP Task Assigned","-","REACTIVATION - Dormant Student Win-Back","0"
"5034","63555908","EGSS-juliamonir01","ME-EGSS01","MEKSA-EGSS01","围场外","outside pool","0","17","0 Classes (Dormant)","2026-10-07 10:58:56","2026-10-07 10:58:56","SOP Task Assigned","-","REACTIVATION - Dormant Student Win-Back","0"
"5035","63572765","EGSS-nohayoussry","ME-EGSS01","MEKSA-EGSS01","围场外","outside pool","0","7","0 Classes (Dormant)","2026-10-07 10:59:21","2026-10-07 10:59:21","SOP Task Assigned","-","REACTIVATION - Dormant Student Win-Back","0"
"5036","63572239","EGSS-juliamonir01","ME-EGSS01","MEKSA-EGSS01","围场外","outside pool","0","9","0 Classes (Dormant)","2026-10-07 10:59:27","2026-10-07 10:59:27","SOP Task Assigned","-","REACTIVATION - Dormant Student Win-Back","0"
"5041","63914231","EGSS-ashraqatal","ME-EGSS01","MEKSA-EGSS01","围场外","outside pool","0","9","0 Classes (Dormant)","2026-10-07 11:04:28","2026-10-07 11:04:28","SOP Task Assigned","-","REACTIVATION - Dormant Student Win-Back","0"
"5044","63970734","EGSS-ashraqatal","ME-EGSS01","MEKSA-EGSS01","围场外","outside pool","0","0","0 Classes (Dormant)","2026-10-07 11:05:04","2026-10-07 11:05:04","SOP Task Assigned","-","REACTIVATION - Dormant Student Win-Back","0"
"5045","64046700","EGSS-ashraqatal","ME-EGSS01","MEKSA-EGSS01","升舱","Upgrade M2","0","9","0 Classes (Dormant)","2026-10-07 11:05:35","2026-10-07 11:05:35","SOP Task Assigned","-","REACTIVATION - Dormant Student Win-Back","0"
"5047","64112159","EGSS-mahmoud04","ME-EGSS01","MEKSA-EGSS01","围场外","outside pool","0","0","0 Classes (Dormant)","2026-10-07 11:05:58","2026-10-07 11:05:58","SOP Task Assigned","-","REACTIVATION - Dormant Student Win-Back","0"
"5048","64143642","EGSS-mahmoud04","ME-EGSS01","MEKSA-EGSS01","围场外","outside pool","0","7","0 Classes (Dormant)","2026-10-07 11:06:17","2026-10-07 11:06:17","SOP Task Assigned","-","REACTIVATION - Dormant Student Win-Back","0"
"5049","64192018","EGSS-mahmoud04","ME-EGSS01","MEKSA-EGSS01","围场外","outside pool","0","0","0 Classes (Dormant)","2026-10-07 11:06:38","2026-10-07 11:06:38","SOP Task Assigned","-","REACTIVATION - Dormant Student Win-Back","0"
"5050","64202532","EGSS-nohayoussry","ME-EGSS01","MEKSA-EGSS01","围场外","outside pool","0","6","0 Classes (Dormant)","2026-10-07 11:06:40","2026-10-07 11:06:40","SOP Task Assigned","-","REACTIVATION - Dormant Student Win-Back","0"
"5051","59055672","EGSS-mahmoud04","ME-EGSS01","MEKSA-EGSS01","到期","Exp Non-0","0","9","0 Classes (Dormant)","2026-10-07 11:09:02","2026-10-07 11:09:02","SOP Task Assigned","-","REACTIVATION - Dormant Student Win-Back","0"
"5052","60889960","EGSS-ashraqatal","ME-EGSS01","MEKSA-EGSS01","到期","Exp Non-0","0","9","0 Classes (Dormant)","2026-10-07 11:13:18","2026-10-07 11:13:18","SOP Task Assigned","-","REACTIVATION - Dormant Student Win-Back","0"
"5054","62597208","EGSS-mahmoud04","ME-EGSS01","MEKSA-EGSS01","首单到期","FOE Non-0","0","8","0 Classes (Dormant)","2026-10-07 11:19:14","2026-10-07 11:19:14","SOP Task Assigned","-","REACTIVATION - Dormant Student Win-Back","0"
"5055","62827841","EGSS-juliamonir01","ME-EGSS01","MEKSA-EGSS01","围场外","outside pool","0","14","0 Classes (Dormant)","2026-10-07 11:20:00","2026-10-07 11:20:00","SOP Task Assigned","-","REACTIVATION - Dormant Student Win-Back","0"
"5056","62870326","EGSS-mahmoud04","ME-EGSS01","MEKSA-EGSS01","围场外","outside pool","0","12","0 Classes (Dormant)","2026-10-07 11:20:30","2026-10-07 11:20:30","SOP Task Assigned","-","REACTIVATION - Dormant Student Win-Back","0"
"5057","63000154","EGSS-ashraqatal","ME-EGSS01","MEKSA-EGSS01","围场外","outside pool","0","9","0 Classes (Dormant)","2026-10-07 11:20:46","2026-10-07 11:20:46","SOP Task Assigned","-","REACTIVATION - Dormant Student Win-Back","0"
"5064","64104147","EGSS-nohayoussry","ME-EGSS01","MEKSA-EGSS01","围场外","outside pool","0","7","0 Classes (Dormant)","2026-10-07 11:24:50","2026-10-07 11:24:50","SOP Task Assigned","-","REACTIVATION - Dormant Student Win-Back","0"
"5071","61561058","EGSS-negma","ME-EGSS01","MEKSA-EGSS01","围场外","outside pool","0","6","0 Classes (Dormant)","2026-10-07 13:12:29","2026-10-07 13:12:29","SOP Completed Touch","20260326","REACTIVATION - Dormant Student Win-Back","0"
"5072","61958115","EGSS-negma","ME-EGSS01","MEKSA-EGSS01","围场外","outside pool","0","9","0 Classes (Dormant)","2026-10-07 13:18:28","2026-10-07 13:18:28","SOP Completed Touch","20260204","REACTIVATION - Dormant Student Win-Back","0"
"5073","62591307","EGSS-juliamonir01","ME-EGSS01","MEKSA-EGSS01","围场外","outside pool","0","8","0 Classes (Dormant)","2026-10-07 13:19:57","2026-10-07 13:19:57","SOP Completed Touch","-","REACTIVATION - Dormant Student Win-Back","0"
"5074","58904616","EGSS-juliamonir01","ME-EGSS01","MEKSA-EGSS01","围场外","outside pool","0","0","0 Classes (Dormant)","2026-10-07 13:23:17","2026-10-07 13:23:17","SOP Completed Touch","-","REACTIVATION - Dormant Student Win-Back","0"
"5075","64542884","EGSS-juliamonir01","ME-EGSS01","MEKSA-EGSS01","围场外","outside pool","0","0","0 Classes (Dormant)","2026-10-07 13:27:23","2026-10-07 13:27:23","SOP Completed Touch","-","REACTIVATION - Dormant Student Win-Back","0"
"5078","64551928","EGSS-nohayoussry","ME-EGSS01","MEKSA-EGSS01","围场外","outside pool","0","0","0 Classes (Dormant)","2026-10-07 13:33:16","2026-10-07 13:33:16","SOP Completed Touch","-","REACTIVATION - Dormant Student Win-Back","0"
"5099","59998443","EGSS-negma","ME-EGSS01","MEKSA-EGSS01","围场外","outside pool","0","9","0 Classes (Dormant)","2026-10-07 14:01:46","2026-10-07 14:01:46","SOP Completed Touch","20251221","REACTIVATION - Dormant Student Win-Back","0"
"5132","64159280","EGSS-juliamonir01","ME-EGSS01","MEKSA-EGSS01","围场外","outside pool","0","7","0 Classes (Dormant)","2026-10-07 14:39:25","2026-10-07 14:39:25","SOP Completed Touch","-","REACTIVATION - Dormant Student Win-Back","0"
"5177","60298576","EGSS-mahmoud04","ME-EGSS01","MEKSA-EGSS01","期间","period","0","8","0 Classes (Dormant)","2026-10-07 16:53:17","2026-10-07 16:53:17","SOP Completed Touch","20260428","REACTIVATION - Dormant Student Win-Back","0"
"5178","63998840","EGSS-negma","ME-EGSS01","MEKSA-EGSS01","围场外","outside pool","0","0","0 Classes (Dormant)","2026-10-07 16:53:41","2026-10-07 16:53:41","SOP Completed Touch","-","REACTIVATION - Dormant Student Win-Back","0"
"5181","63443217","EGSS-negma","ME-EGSS01","MEKSA-EGSS01","围场外","outside pool","0","11","0 Classes (Dormant)","2026-10-07 17:00:16","2026-10-07 17:00:16","SOP Completed Touch","-","REACTIVATION - Dormant Student Win-Back","0"
