"PriorityRank","StudentId","Rep","Team","BigTeam","Pool","PoolDetail","AttendedClasses","BookedUnattended","AttendanceTier","LastConnectionTime","ConnectionDisplay","ConnectionSource","LastPaidDate","RecommendedAction","IsCovered"
"20","63831279","EGSS-ahmedshoukry","ME-EGSS10","MEKSA-EGSS01","围场外","outside pool","6","13",">=4 Classes (Medium)","2026-07-30 00:00:00","2026-07-30 00:00:00","CRM System Outreach","-","PRIORITY - Active Student Upgrade Pitch","0"
"22","63803302","EGSS-mahmoudkhamis","ME-EGSS10","MEKSA-EGSS01","围场外","outside pool","6","2",">=4 Classes (Medium)","2026-08-23 00:00:00","2026-08-23 00:00:00","CRM System Outreach","-","PRIORITY - Active Student Upgrade Pitch","0"
"33","64035460","EGSS-abdelrhmanshehata","ME-EGSS10","MEKSA-EGSS01","升舱","Upgrade M2","6","13",">=4 Classes (Medium)","2026-10-03 11:24:46","2026-10-03 11:24:46","SOP Task Assigned","-","PRIORITY - Active Student Upgrade Pitch","0"
"35","64067930","EGSS-abdelrhmanshehata","ME-EGSS10","MEKSA-EGSS01","升舱","Upgrade M2","6","15",">=4 Classes (Medium)","2026-10-03 11:26:22","2026-10-03 11:26:22","SOP Task Assigned","-","PRIORITY - Active Student Upgrade Pitch","0"
"39","63875302","EGSS-ahmedshoukry","ME-EGSS10","MEKSA-EGSS01","围场外","outside pool","6","12",">=4 Classes (Medium)","2026-10-04 13:18:27","2026-10-04 13:18:27","SOP Completed Touch","-","PRIORITY - Active Student Upgrade Pitch","0"
"41","63803060","EGSS-mahmoudkhamis","ME-EGSS10","MEKSA-EGSS01","围场外","outside pool","6","11",">=4 Classes (Medium)","2026-10-06 12:51:59","2026-10-06 12:51:59","SOP Completed Touch","-","PRIORITY - Active Student Upgrade Pitch","0"
"48","62827039","EGSS-abdelrhmanshehata","ME-EGSS10","MEKSA-EGSS01","围场外","outside pool","5","11",">=4 Classes (Medium)","1970-01-01 00:00:00","No Connection Recorded","No Recorded Connection","-","PRIORITY - Active Student Upgrade Pitch","0"
"49","63636528","EGSS-ahmedshoukry","ME-EGSS10","MEKSA-EGSS01","围场外","outside pool","5","13",">=4 Classes (Medium)","1970-01-01 00:00:00","No Connection Recorded","No Recorded Connection","-","PRIORITY - Active Student Upgrade Pitch","0"
"55","62042835","EGSS-ahmedshoukry","ME-EGSS10","MEKSA-EGSS01","到期","Exp Non-0","5","10",">=4 Classes (Medium)","1970-01-01 00:00:00","No Connection Recorded","No Recorded Connection","-","PRIORITY - Active Student Upgrade Pitch","0"
"72","62144483","EGSS-ahmedshoukry","ME-EGSS10","MEKSA-EGSS01","围场外","outside pool","5","3",">=4 Classes (Medium)","2026-05-25 00:00:00","2026-05-25 00:00:00","Last 1v1 Payment","20260525","PRIORITY - Active Student Upgrade Pitch","0"
"77","62838514","EGSS-abdelrhmanshehata","ME-EGSS10","MEKSA-EGSS01","围场外","outside pool","5","9",">=4 Classes (Medium)","2026-06-17 00:00:00","2026-06-17 00:00:00","Last 1v1 Payment","20260617","PRIORITY - Active Student Upgrade Pitch","0"
"78","62864994","EGSS-abdelrhmanshehata","ME-EGSS10","MEKSA-EGSS01","围场外","outside pool","5","11",">=4 Classes (Medium)","2026-06-22 00:00:00","2026-06-22 00:00:00","Last 1v1 Payment","20260622","PRIORITY - Active Student Upgrade Pitch","0"
"90","64280049","EGSS-abdelrhmanshehata","ME-EGSS10","MEKSA-EGSS01","围场外","outside pool","5","13",">=4 Classes (Medium)","2026-09-28 12:10:10","2026-09-28 12:10:10","SOP Completed Touch","-","PRIORITY - Active Student Upgrade Pitch","0"
"94","64003195","EGSS-abdelrhmanshehata","ME-EGSS10","MEKSA-EGSS01","升舱","Upgrade M2","5","13",">=4 Classes (Medium)","2026-10-03 11:23:17","2026-10-03 11:23:17","SOP Task Assigned","-","PRIORITY - Active Student Upgrade Pitch","0"
"95","64340347","EGSS-abdelrhmanshehata","ME-EGSS10","MEKSA-EGSS01","围场外","outside pool","5","13",">=4 Classes (Medium)","2026-10-03 12:53:42","2026-10-03 12:53:42","SOP Completed Touch","-","PRIORITY - Active Student Upgrade Pitch","0"
"96","64175909","EGSS-ahmedshoukry","ME-EGSS10","MEKSA-EGSS01","升舱","Upgrade M2","5","0",">=4 Classes (Medium)","2026-10-03 13:01:54","2026-10-03 13:01:54","SOP Completed Touch","-","PRIORITY - Active Student Upgrade Pitch","0"
"98","59195012","EGSS-mahmoudkhamis","ME-EGSS10","MEKSA-EGSS01","围场外","outside pool","5","14",">=4 Classes (Medium)","2026-10-04 18:10:47","2026-10-04 18:10:47","SOP Completed Touch","-","PRIORITY - Active Student Upgrade Pitch","0"
"101","64270527","EGSS-abdelrhmanshehata","ME-EGSS10","MEKSA-EGSS01","围场外","outside pool","5","14",">=4 Classes (Medium)","2026-10-05 16:57:23","2026-10-05 16:57:23","SOP Completed Touch","-","PRIORITY - Active Student Upgrade Pitch","0"
"104","64279246","EGSS-abdelrhmanshehata","ME-EGSS10","MEKSA-EGSS01","围场外","outside pool","5","13",">=4 Classes (Medium)","2026-10-06 12:46:30","2026-10-06 12:46:30","SOP Completed Touch","-","PRIORITY - Active Student Upgrade Pitch","0"
"106","59115866","EGSS-abdelrhmanshehata","ME-EGSS10","MEKSA-EGSS01","期间","period","5","12",">=4 Classes (Medium)","2026-10-06 14:32:08","2026-10-06 14:32:08","SOP Completed Touch","20260629","PRIORITY - Active Student Upgrade Pitch","0"
"112","63857212","EGSS-ahmedshoukry","ME-EGSS10","MEKSA-EGSS01","围场外","outside pool","5","13",">=4 Classes (Medium)","2026-10-07 13:33:56","2026-10-07 13:33:56","SOP Completed Touch","-","PRIORITY - Active Student Upgrade Pitch","0"
"113","64351360","EGSS-ahmedshoukry","ME-EGSS10","MEKSA-EGSS01","围场外","outside pool","5","16",">=4 Classes (Medium)","2026-10-07 13:34:52","2026-10-07 13:34:52","SOP Completed Touch","-","PRIORITY - Active Student Upgrade Pitch","0"
"117","63697401","EGSS-ahmedshoukry","ME-EGSS10","MEKSA-EGSS01","到期","Exp Non-0","4","11",">=4 Classes (Medium)","1970-01-01 00:00:00","No Connection Recorded","No Recorded Connection","-","PRIORITY - Active Student Upgrade Pitch","0"
"146","63497650","EGSS-ahmedshoukry","ME-EGSS10","MEKSA-EGSS01","围场外","outside pool","4","8",">=4 Classes (Medium)","1970-01-01 00:00:00","No Connection Recorded","No Recorded Connection","-","PRIORITY - Active Student Upgrade Pitch","0"
"152","63530154","EGSS-mahmoudkhamis","ME-EGSS10","MEKSA-EGSS01","围场外","outside pool","4","8",">=4 Classes (Medium)","1970-01-01 00:00:00","No Connection Recorded","No Recorded Connection","-","PRIORITY - Active Student Upgrade Pitch","0"
"155","63692582","EGSS-mahmoudkhamis","ME-EGSS10","MEKSA-EGSS01","围场外","outside pool","4","16",">=4 Classes (Medium)","1970-01-01 00:00:00","No Connection Recorded","CRM System Outreach","20260902","PRIORITY - Active Student Upgrade Pitch","0"
"156","63556897","EGSS-mahmoudkhamis","ME-EGSS10","MEKSA-EGSS01","围场外","outside pool","4","2",">=4 Classes (Medium)","1970-01-01 00:00:00","No Connection Recorded","CRM System Outreach","-","PRIORITY - Active Student Upgrade Pitch","0"
"167","63838953","EGSS-mahmoudkhamis","ME-EGSS10","MEKSA-EGSS01","到期","Exp Non-0","4","11",">=4 Classes (Medium)","1970-01-01 00:00:00","No Connection Recorded","CRM System Outreach","-","PRIORITY - Active Student Upgrade Pitch","0"
"178","59231327","EGSS-mahmoudkhamis","ME-EGSS10","MEKSA-EGSS01","到期","Exp Non-0","4","13",">=4 Classes (Medium)","1970-01-01 00:00:00","No Connection Recorded","No Recorded Connection","-","PRIORITY - Active Student Upgrade Pitch","0"
"199","59988907","EGSS-ahmedshoukry","ME-EGSS10","MEKSA-EGSS01","到期","Exp Non-0","4","4",">=4 Classes (Medium)","1970-01-01 00:00:00","No Connection Recorded","No Recorded Connection","-","PRIORITY - Active Student Upgrade Pitch","0"
"201","62834950","EGSS-abdelrhmanshehata","ME-EGSS10","MEKSA-EGSS01","到期","Exp Non-0","4","11",">=4 Classes (Medium)","1970-01-01 00:00:00","No Connection Recorded","No Recorded Connection","-","PRIORITY - Active Student Upgrade Pitch","0"
"202","62866542","EGSS-abdelrhmanshehata","ME-EGSS10","MEKSA-EGSS01","围场外","outside pool","4","12",">=4 Classes (Medium)","1970-01-01 00:00:00","No Connection Recorded","No Recorded Connection","-","PRIORITY - Active Student Upgrade Pitch","0"
"204","61809926","EGSS-abdelrhmanshehata","ME-EGSS10","MEKSA-EGSS01","围场外","outside pool","4","0",">=4 Classes (Medium)","1970-01-01 00:00:00","No Connection Recorded","No Recorded Connection","-","PRIORITY - Active Student Upgrade Pitch","0"
"209","64165238","EGSS-abdelrhmanshehata","ME-EGSS10","MEKSA-EGSS01","围场外","outside pool","4","8",">=4 Classes (Medium)","1970-01-01 00:00:00","No Connection Recorded","No Recorded Connection","-","PRIORITY - Active Student Upgrade Pitch","0"
"211","64245055","EGSS-abdelrhmanshehata","ME-EGSS10","MEKSA-EGSS01","围场外","outside pool","4","11",">=4 Classes (Medium)","1970-01-01 00:00:00","No Connection Recorded","No Recorded Connection","-","PRIORITY - Active Student Upgrade Pitch","0"
"212","64177872","EGSS-abdelrhmanshehata","ME-EGSS10","MEKSA-EGSS01","围场外","outside pool","4","8",">=4 Classes (Medium)","1970-01-01 00:00:00","No Connection Recorded","No Recorded Connection","-","PRIORITY - Active Student Upgrade Pitch","0"
"223","59797604","EGSS-mahmoudkhamis","ME-EGSS10","MEKSA-EGSS01","围场外","outside pool","4","10",">=4 Classes (Medium)","2025-07-28 00:00:00","2025-07-28 00:00:00","Last 1v1 Payment","20250728","PRIORITY - Active Student Upgrade Pitch","0"
"231","61127805","EGSS-mahmoudkhamis","ME-EGSS10","MEKSA-EGSS01","到期","Exp Non-0","4","9",">=4 Classes (Medium)","2025-10-27 00:00:00","2025-10-27 00:00:00","Last 1v1 Payment","20251027","PRIORITY - Active Student Upgrade Pitch","0"
"232","59312012","EGSS-abdelrhmanshehata","ME-EGSS10","MEKSA-EGSS01","到期","Exp Non-0","4","11",">=4 Classes (Medium)","2025-10-27 00:00:00","2025-10-27 00:00:00","Last 1v1 Payment","20251027","PRIORITY - Active Student Upgrade Pitch","0"
"234","59541167","EGSS-abdelrhmanshehata","ME-EGSS10","MEKSA-EGSS01","围场外","outside pool","4","10",">=4 Classes (Medium)","2025-11-23 00:00:00","2025-11-23 00:00:00","Last 1v1 Payment","20251123","PRIORITY - Active Student Upgrade Pitch","0"
"242","59412067","EGSS-abdelrhmanshehata","ME-EGSS10","MEKSA-EGSS01","围场外","outside pool","4","11",">=4 Classes (Medium)","2026-01-11 00:00:00","2026-01-11 00:00:00","Last 1v1 Payment","20260111","PRIORITY - Active Student Upgrade Pitch","0"
"245","61924857","EGSS-abdelrhmanshehata","ME-EGSS10","MEKSA-EGSS01","围场外","outside pool","4","12",">=4 Classes (Medium)","2026-01-13 00:00:00","2026-01-13 00:00:00","Last 1v1 Payment","20260113","PRIORITY - Active Student Upgrade Pitch","0"
"246","61894119","EGSS-abdelrhmanshehata","ME-EGSS10","MEKSA-EGSS01","期间","period","4","8",">=4 Classes (Medium)","2026-01-17 00:00:00","2026-01-17 00:00:00","Last 1v1 Payment","20260117","PRIORITY - Active Student Upgrade Pitch","0"
"247","61770116","EGSS-mahmoudkhamis","ME-EGSS10","MEKSA-EGSS01","围场外","outside pool","4","8",">=4 Classes (Medium)","2026-01-22 00:00:00","2026-01-22 00:00:00","Last 1v1 Payment","20260122","PRIORITY - Active Student Upgrade Pitch","0"
"252","61625968","EGSS-mahmoudkhamis","ME-EGSS10","MEKSA-EGSS01","围场外","outside pool","4","4",">=4 Classes (Medium)","2026-01-29 00:00:00","2026-01-29 00:00:00","Last 1v1 Payment","20260129","PRIORITY - Active Student Upgrade Pitch","0"
"253","61888926","EGSS-abdelrhmanshehata","ME-EGSS10","MEKSA-EGSS01","围场外","outside pool","4","11",">=4 Classes (Medium)","2026-02-04 00:00:00","2026-02-04 00:00:00","Last 1v1 Payment","20260204","PRIORITY - Active Student Upgrade Pitch","0"
"254","61944715","EGSS-abdelrhmanshehata","ME-EGSS10","MEKSA-EGSS01","围场外","outside pool","4","11",">=4 Classes (Medium)","2026-02-05 00:00:00","2026-02-05 00:00:00","Last 1v1 Payment","20260205","PRIORITY - Active Student Upgrade Pitch","0"
"259","62158507","EGSS-ahmedshoukry","ME-EGSS10","MEKSA-EGSS01","围场外","outside pool","4","11",">=4 Classes (Medium)","2026-02-12 00:00:00","2026-02-12 00:00:00","Last 1v1 Payment","20260212","PRIORITY - Active Student Upgrade Pitch","0"
"260","62151018","EGSS-ahmedshoukry","ME-EGSS10","MEKSA-EGSS01","围场外","outside pool","4","17",">=4 Classes (Medium)","2026-02-12 00:00:00","2026-02-12 00:00:00","Last 1v1 Payment","20260212","PRIORITY - Active Student Upgrade Pitch","0"
"270","59977254","EGSS-abdelrhmanshehata","ME-EGSS10","MEKSA-EGSS01","围场外","outside pool","4","15",">=4 Classes (Medium)","2026-03-29 00:00:00","2026-03-29 00:00:00","Last 1v1 Payment","20260329","PRIORITY - Active Student Upgrade Pitch","0"
"279","60183960","EGSS-ahmedshoukry","ME-EGSS10","MEKSA-EGSS01","围场外","outside pool","4","12",">=4 Classes (Medium)","2026-04-19 00:00:00","2026-04-19 00:00:00","Last 1v1 Payment","20260419","PRIORITY - Active Student Upgrade Pitch","0"
"288","57813524","EGSS-mahmoudkhamis","ME-EGSS10","MEKSA-EGSS01","围场外","outside pool","4","10",">=4 Classes (Medium)","2026-05-14 00:00:00","2026-05-14 00:00:00","Last 1v1 Payment","20260514","PRIORITY - Active Student Upgrade Pitch","0"
"289","61961814","EGSS-mahmoudkhamis","ME-EGSS10","MEKSA-EGSS01","到期","Exp Non-0","4","8",">=4 Classes (Medium)","2026-05-14 00:00:00","2026-05-14 00:00:00","Last 1v1 Payment","20260514","PRIORITY - Active Student Upgrade Pitch","0"
"306","59059005","EGSS-mahmoudkhamis","ME-EGSS10","MEKSA-EGSS01","到期","Exp Non-0","4","9",">=4 Classes (Medium)","2026-06-24 00:00:00","2026-06-24 00:00:00","Last 1v1 Payment","20260624","PRIORITY - Active Student Upgrade Pitch","0"
"309","62903133","EGSS-mahmoudkhamis","ME-EGSS10","MEKSA-EGSS01","围场外","outside pool","4","8",">=4 Classes (Medium)","2026-06-28 00:00:00","2026-06-28 00:00:00","Last 1v1 Payment","20260628","PRIORITY - Active Student Upgrade Pitch","0"
"310","61798574","EGSS-abdelrhmanshehata","ME-EGSS10","MEKSA-EGSS01","围场外","outside pool","4","7",">=4 Classes (Medium)","2026-06-28 00:00:00","2026-06-28 00:00:00","Last 1v1 Payment","20260628","PRIORITY - Active Student Upgrade Pitch","0"
"339","61436945","EGSS-ahmedshoukry","ME-EGSS10","MEKSA-EGSS01","围场外","outside pool","4","0",">=4 Classes (Medium)","2026-08-02 00:00:00","2026-08-02 00:00:00","Last 1v1 Payment","20260802","PRIORITY - Active Student Upgrade Pitch","0"
"340","58424026","EGSS-ahmedshoukry","ME-EGSS10","MEKSA-EGSS01","围场外","outside pool","4","0",">=4 Classes (Medium)","2026-08-02 00:00:00","2026-08-02 00:00:00","Last 1v1 Payment","20260802","PRIORITY - Active Student Upgrade Pitch","0"
"348","63672032","EGSS-ahmedshoukry","ME-EGSS10","MEKSA-EGSS01","围场外","outside pool","4","10",">=4 Classes (Medium)","2026-08-13 00:00:00","2026-08-13 00:00:00","CRM System Outreach","20260927","PRIORITY - Active Student Upgrade Pitch","0"
"358","63895984","EGSS-ahmedshoukry","ME-EGSS10","MEKSA-EGSS01","围场外","outside pool","4","8",">=4 Classes (Medium)","2026-08-22 00:00:00","2026-08-22 00:00:00","CRM System Outreach","-","PRIORITY - Active Student Upgrade Pitch","0"
"370","63032164","EGSS-ahmedshoukry","ME-EGSS10","MEKSA-EGSS01","围场外","outside pool","4","8",">=4 Classes (Medium)","2026-08-31 00:00:00","2026-08-31 00:00:00","Last 1v1 Payment","20260831","PRIORITY - Active Student Upgrade Pitch","0"
"380","58854637","EGSS-abdelrhmanshehata","ME-EGSS10","MEKSA-EGSS01","围场外","outside pool","4","12",">=4 Classes (Medium)","2026-09-26 00:00:00","2026-09-26 00:00:00","Last 1v1 Payment","20260926","PRIORITY - Active Student Upgrade Pitch","0"
"390","63838778","EGSS-mahmoudkhamis","ME-EGSS10","MEKSA-EGSS01","围场外","outside pool","4","14",">=4 Classes (Medium)","2026-09-30 12:40:36","2026-09-30 12:40:36","SOP Completed Touch","-","PRIORITY - Active Student Upgrade Pitch","0"
"399","63583069","EGSS-ahmedshoukry","ME-EGSS10","MEKSA-EGSS01","到期","Exp Non-0","4","11",">=4 Classes (Medium)","2026-10-01 16:14:32","2026-10-01 16:14:32","SOP Completed Touch","-","PRIORITY - Active Student Upgrade Pitch","0"
"400","63888653","EGSS-ahmedshoukry","ME-EGSS10","MEKSA-EGSS01","围场外","outside pool","4","8",">=4 Classes (Medium)","2026-10-01 16:14:45","2026-10-01 16:14:45","SOP Completed Touch","-","PRIORITY - Active Student Upgrade Pitch","0"
"403","60276790","EGSS-mahmoudkhamis","ME-EGSS10","MEKSA-EGSS01","升舱","Upgrade M2","4","11",">=4 Classes (Medium)","2026-10-03 11:10:21","2026-10-03 11:10:21","SOP Task Assigned","-","PRIORITY - Active Student Upgrade Pitch","0"
"405","61432393","EGSS-mahmoudkhamis","ME-EGSS10","MEKSA-EGSS01","升舱","Upgrade M2","4","11",">=4 Classes (Medium)","2026-10-03 11:13:16","2026-10-03 11:13:16","SOP Task Assigned","-","PRIORITY - Active Student Upgrade Pitch","0"
"425","60540732","EGSS-abdelrhmanshehata","ME-EGSS10","MEKSA-EGSS01","围场外","outside pool","4","11",">=4 Classes (Medium)","2026-10-03 12:51:55","2026-10-03 12:51:55","SOP Completed Touch","-","PRIORITY - Active Student Upgrade Pitch","0"
"426","64497183","EGSS-abdelrhmanshehata","ME-EGSS10","MEKSA-EGSS01","围场外","outside pool","4","10",">=4 Classes (Medium)","2026-10-03 13:37:30","2026-10-03 13:37:30","SOP Completed Touch","-","PRIORITY - Active Student Upgrade Pitch","0"
"433","64141651","EGSS-ahmedshoukry","ME-EGSS10","MEKSA-EGSS01","升舱","Upgrade M2","4","11",">=4 Classes (Medium)","2026-10-03 15:23:20","2026-10-03 15:23:20","SOP Completed Touch","-","PRIORITY - Active Student Upgrade Pitch","0"
"435","61952195","EGSS-mahmoudkhamis","ME-EGSS10","MEKSA-EGSS01","期间","period","4","10",">=4 Classes (Medium)","2026-10-03 16:54:51","2026-10-03 16:54:51","SOP Completed Touch","20260331","PRIORITY - Active Student Upgrade Pitch","0"
"437","64031289","EGSS-ahmedshoukry","ME-EGSS10","MEKSA-EGSS01","升舱","Upgrade M2","4","9",">=4 Classes (Medium)","2026-10-04 13:18:32","2026-10-04 13:18:32","SOP Completed Touch","-","PRIORITY - Active Student Upgrade Pitch","0"
"438","58614114","EGSS-ahmedshoukry","ME-EGSS10","MEKSA-EGSS01","到期","Exp Non-0","4","11",">=4 Classes (Medium)","2026-10-04 14:08:32","2026-10-04 14:08:32","SOP Completed Touch","20251130","PRIORITY - Active Student Upgrade Pitch","0"
"439","60191103","EGSS-ahmedshoukry","ME-EGSS10","MEKSA-EGSS01","期间","period","4","1",">=4 Classes (Medium)","2026-10-04 14:18:42","2026-10-04 14:18:42","SOP Completed Touch","20250626","PRIORITY - Active Student Upgrade Pitch","0"
"447","63317253","EGSS-ahmedshoukry","ME-EGSS10","MEKSA-EGSS01","到期","Exp Non-0","4","8",">=4 Classes (Medium)","2026-10-05 12:31:28","2026-10-05 12:31:28","SOP Completed Touch","-","PRIORITY - Active Student Upgrade Pitch","0"
"452","63961952","EGSS-abdelrhmanshehata","ME-EGSS10","MEKSA-EGSS01","升舱","Upgrade M2","4","10",">=4 Classes (Medium)","2026-10-05 19:30:38","2026-10-05 19:30:38","SOP Completed Touch","-","PRIORITY - Active Student Upgrade Pitch","0"
"458","63561139","EGSS-ahmedshoukry","ME-EGSS10","MEKSA-EGSS01","围场外","outside pool","4","8",">=4 Classes (Medium)","2026-10-06 12:14:34","2026-10-06 12:14:34","SOP Completed Touch","-","PRIORITY - Active Student Upgrade Pitch","0"
"459","63822620","EGSS-ahmedshoukry","ME-EGSS10","MEKSA-EGSS01","围场外","outside pool","4","11",">=4 Classes (Medium)","2026-10-06 12:14:42","2026-10-06 12:14:42","SOP Completed Touch","-","PRIORITY - Active Student Upgrade Pitch","0"
"460","63952488","EGSS-abdelrhmanshehata","ME-EGSS10","MEKSA-EGSS01","围场外","outside pool","4","11",">=4 Classes (Medium)","2026-10-06 12:46:11","2026-10-06 12:46:11","SOP Completed Touch","20260926","PRIORITY - Active Student Upgrade Pitch","0"
"463","59358241","EGSS-mahmoudkhamis","ME-EGSS10","MEKSA-EGSS01","围场外","outside pool","4","13",">=4 Classes (Medium)","2026-10-06 13:11:41","2026-10-06 13:11:41","SOP Completed Touch","-","PRIORITY - Active Student Upgrade Pitch","0"
"466","59327162","EGSS-ahmedshoukry","ME-EGSS10","MEKSA-EGSS01","到期","Exp Non-0","4","11",">=4 Classes (Medium)","2026-10-06 14:21:24","2026-10-06 14:21:24","SOP Completed Touch","20250708","PRIORITY - Active Student Upgrade Pitch","0"
"482","63946512","EGSS-ahmedshoukry","ME-EGSS10","MEKSA-EGSS01","围场外","outside pool","4","11",">=4 Classes (Medium)","2026-10-07 11:24:38","2026-10-07 11:24:38","SOP Task Assigned","-","PRIORITY - Active Student Upgrade Pitch","0"
"485","64429829","EGSS-ahmedshoukry","ME-EGSS10","MEKSA-EGSS01","围场外","outside pool","4","8",">=4 Classes (Medium)","2026-10-07 13:14:19","2026-10-07 13:14:19","SOP Completed Touch","-","PRIORITY - Active Student Upgrade Pitch","0"
"489","63670094","EGSS-ahmedshoukry","ME-EGSS10","MEKSA-EGSS01","围场外","outside pool","4","11",">=4 Classes (Medium)","2026-10-07 13:31:02","2026-10-07 13:31:02","SOP Completed Touch","-","PRIORITY - Active Student Upgrade Pitch","0"
"490","63753418","EGSS-ahmedshoukry","ME-EGSS10","MEKSA-EGSS01","围场外","outside pool","4","13",">=4 Classes (Medium)","2026-10-07 13:33:36","2026-10-07 13:33:36","SOP Completed Touch","-","PRIORITY - Active Student Upgrade Pitch","0"
"493","63632047","EGSS-abdelrhmanshehata","ME-EGSS10","MEKSA-EGSS01","围场外","outside pool","4","11",">=4 Classes (Medium)","2026-10-07 15:24:00","2026-10-07 15:24:00","SOP Completed Touch","-","PRIORITY - Active Student Upgrade Pitch","0"
"507","59054491","EGSS-abdelrhmanshehata","ME-EGSS10","MEKSA-EGSS01","到期","Exp Non-0","3","9","1-3 Classes (Low)","1970-01-01 00:00:00","No Connection Recorded","No Recorded Connection","-","STANDARD - Re-engagement & Habit Building","0"
"509","64385114","EGSS-ahmedshoukry","ME-EGSS10","MEKSA-EGSS01","围场外","outside pool","3","7","1-3 Classes (Low)","1970-01-01 00:00:00","No Connection Recorded","No Recorded Connection","-","STANDARD - Re-engagement & Habit Building","0"
"528","63722447","EGSS-ahmedshoukry","ME-EGSS10","MEKSA-EGSS01","围场外","outside pool","3","9","1-3 Classes (Low)","1970-01-01 00:00:00","No Connection Recorded","No Recorded Connection","-","STANDARD - Re-engagement & Habit Building","0"
"529","64202115","EGSS-abdelrhmanshehata","ME-EGSS10","MEKSA-EGSS01","围场外","outside pool","3","5","1-3 Classes (Low)","1970-01-01 00:00:00","No Connection Recorded","No Recorded Connection","-","STANDARD - Re-engagement & Habit Building","0"
"531","63838885","EGSS-ahmedshoukry","ME-EGSS10","MEKSA-EGSS01","围场外","outside pool","3","9","1-3 Classes (Low)","1970-01-01 00:00:00","No Connection Recorded","No Recorded Connection","-","STANDARD - Re-engagement & Habit Building","0"
"532","63811896","EGSS-ahmedshoukry","ME-EGSS10","MEKSA-EGSS01","围场外","outside pool","3","9","1-3 Classes (Low)","1970-01-01 00:00:00","No Connection Recorded","CRM System Outreach","-","STANDARD - Re-engagement & Habit Building","0"
"534","64199146","EGSS-ahmedshoukry","ME-EGSS10","MEKSA-EGSS01","围场外","outside pool","3","11","1-3 Classes (Low)","1970-01-01 00:00:00","No Connection Recorded","No Recorded Connection","-","STANDARD - Re-engagement & Habit Building","0"
"536","64276101","EGSS-ahmedshoukry","ME-EGSS10","MEKSA-EGSS01","围场外","outside pool","3","9","1-3 Classes (Low)","1970-01-01 00:00:00","No Connection Recorded","No Recorded Connection","-","STANDARD - Re-engagement & Habit Building","0"
"548","60652657","EGSS-mahmoudkhamis","ME-EGSS10","MEKSA-EGSS01","围场外","outside pool","3","7","1-3 Classes (Low)","1970-01-01 00:00:00","No Connection Recorded","No Recorded Connection","-","STANDARD - Re-engagement & Habit Building","0"
"558","60778381","EGSS-mahmoudkhamis","ME-EGSS10","MEKSA-EGSS01","到期","Exp Non-0","3","6","1-3 Classes (Low)","1970-01-01 00:00:00","No Connection Recorded","No Recorded Connection","-","STANDARD - Re-engagement & Habit Building","0"
"562","63433917","EGSS-abdelrhmanshehata","ME-EGSS10","MEKSA-EGSS01","到期","Exp Non-0","3","7","1-3 Classes (Low)","1970-01-01 00:00:00","No Connection Recorded","No Recorded Connection","-","STANDARD - Re-engagement & Habit Building","0"
"579","59387628","EGSS-mahmoudkhamis","ME-EGSS10","MEKSA-EGSS01","围场外","outside pool","3","9","1-3 Classes (Low)","1970-01-01 00:00:00","No Connection Recorded","No Recorded Connection","-","STANDARD - Re-engagement & Habit Building","0"
"582","59276371","EGSS-abdelrhmanshehata","ME-EGSS10","MEKSA-EGSS01","围场外","outside pool","3","9","1-3 Classes (Low)","1970-01-01 00:00:00","No Connection Recorded","No Recorded Connection","-","STANDARD - Re-engagement & Habit Building","0"
"585","59370864","EGSS-mahmoudkhamis","ME-EGSS10","MEKSA-EGSS01","围场外","outside pool","3","9","1-3 Classes (Low)","1970-01-01 00:00:00","No Connection Recorded","No Recorded Connection","-","STANDARD - Re-engagement & Habit Building","0"
"592","62451194","EGSS-ahmedshoukry","ME-EGSS10","MEKSA-EGSS01","到期","Exp Non-0","3","9","1-3 Classes (Low)","1970-01-01 00:00:00","No Connection Recorded","No Recorded Connection","-","STANDARD - Re-engagement & Habit Building","0"
"596","58692891","EGSS-ahmedshoukry","ME-EGSS10","MEKSA-EGSS01","到期","Exp Non-0","3","8","1-3 Classes (Low)","1970-01-01 00:00:00","No Connection Recorded","No Recorded Connection","-","STANDARD - Re-engagement & Habit Building","0"
"610","62616120","EGSS-ahmedshoukry","ME-EGSS10","MEKSA-EGSS01","围场外","outside pool","3","8","1-3 Classes (Low)","1970-01-01 00:00:00","No Connection Recorded","No Recorded Connection","-","STANDARD - Re-engagement & Habit Building","0"
"613","59822821","EGSS-ahmedshoukry","ME-EGSS10","MEKSA-EGSS01","围场外","outside pool","3","12","1-3 Classes (Low)","1970-01-01 00:00:00","No Connection Recorded","No Recorded Connection","-","STANDARD - Re-engagement & Habit Building","0"
"617","62319898","EGSS-ahmedshoukry","ME-EGSS10","MEKSA-EGSS01","首单到期","FOE Non-0","3","8","1-3 Classes (Low)","1970-01-01 00:00:00","No Connection Recorded","No Recorded Connection","-","STANDARD - Re-engagement & Habit Building","0"
"623","61835729","EGSS-ahmedshoukry","ME-EGSS10","MEKSA-EGSS01","围场外","outside pool","3","6","1-3 Classes (Low)","1970-01-01 00:00:00","No Connection Recorded","No Recorded Connection","-","STANDARD - Re-engagement & Habit Building","0"
"637","63453500","EGSS-ahmedshoukry","ME-EGSS10","MEKSA-EGSS01","围场外","outside pool","3","13","1-3 Classes (Low)","1970-01-01 00:00:00","No Connection Recorded","No Recorded Connection","-","STANDARD - Re-engagement & Habit Building","0"
"642","63370165","EGSS-ahmedshoukry","ME-EGSS10","MEKSA-EGSS01","围场外","outside pool","3","12","1-3 Classes (Low)","1970-01-01 00:00:00","No Connection Recorded","No Recorded Connection","-","STANDARD - Re-engagement & Habit Building","0"
"650","63529637","EGSS-ahmedshoukry","ME-EGSS10","MEKSA-EGSS01","围场外","outside pool","3","9","1-3 Classes (Low)","1970-01-01 00:00:00","No Connection Recorded","No Recorded Connection","-","STANDARD - Re-engagement & Habit Building","0"
"658","63358100","EGSS-ahmedshoukry","ME-EGSS10","MEKSA-EGSS01","围场外","outside pool","3","9","1-3 Classes (Low)","1970-01-01 00:00:00","No Connection Recorded","No Recorded Connection","-","STANDARD - Re-engagement & Habit Building","0"
"663","64280596","EGSS-abdelrhmanshehata","ME-EGSS10","MEKSA-EGSS01","围场外","outside pool","3","8","1-3 Classes (Low)","1970-01-01 00:00:00","No Connection Recorded","No Recorded Connection","-","STANDARD - Re-engagement & Habit Building","0"
"667","62826591","EGSS-ahmedshoukry","ME-EGSS10","MEKSA-EGSS01","到期","Exp Non-0","3","6","1-3 Classes (Low)","1970-01-01 00:00:00","No Connection Recorded","No Recorded Connection","-","STANDARD - Re-engagement & Habit Building","0"
"670","63333516","EGSS-ahmedshoukry","ME-EGSS10","MEKSA-EGSS01","到期","Exp Non-0","3","9","1-3 Classes (Low)","1970-01-01 00:00:00","No Connection Recorded","No Recorded Connection","-","STANDARD - Re-engagement & Habit Building","0"
"679","63306704","EGSS-ahmedshoukry","ME-EGSS10","MEKSA-EGSS01","到期","Exp Non-0","3","9","1-3 Classes (Low)","1970-01-01 00:00:00","No Connection Recorded","No Recorded Connection","-","STANDARD - Re-engagement & Habit Building","0"
"687","63432882","EGSS-mahmoudkhamis","ME-EGSS10","MEKSA-EGSS01","围场外","outside pool","3","6","1-3 Classes (Low)","1970-01-01 00:00:00","No Connection Recorded","No Recorded Connection","-","STANDARD - Re-engagement & Habit Building","0"
"688","63309644","EGSS-mahmoudkhamis","ME-EGSS10","MEKSA-EGSS01","围场外","outside pool","3","9","1-3 Classes (Low)","1970-01-01 00:00:00","No Connection Recorded","No Recorded Connection","-","STANDARD - Re-engagement & Habit Building","0"
"695","62802056","EGSS-abdelrhmanshehata","ME-EGSS10","MEKSA-EGSS01","围场外","outside pool","3","8","1-3 Classes (Low)","1970-01-01 00:00:00","No Connection Recorded","No Recorded Connection","-","STANDARD - Re-engagement & Habit Building","0"
"700","61871157","EGSS-abdelrhmanshehata","ME-EGSS10","MEKSA-EGSS01","到期","Exp Non-0","3","11","1-3 Classes (Low)","1970-01-01 00:00:00","No Connection Recorded","No Recorded Connection","-","STANDARD - Re-engagement & Habit Building","0"
"704","63309400","EGSS-mahmoudkhamis","ME-EGSS10","MEKSA-EGSS01","围场外","outside pool","3","9","1-3 Classes (Low)","1970-01-01 00:00:00","No Connection Recorded","No Recorded Connection","-","STANDARD - Re-engagement & Habit Building","0"
"705","62823126","EGSS-abdelrhmanshehata","ME-EGSS10","MEKSA-EGSS01","到期","Exp Non-0","3","9","1-3 Classes (Low)","1970-01-01 00:00:00","No Connection Recorded","No Recorded Connection","-","STANDARD - Re-engagement & Habit Building","0"
"711","62904145","EGSS-mahmoudkhamis","ME-EGSS10","MEKSA-EGSS01","围场外","outside pool","3","7","1-3 Classes (Low)","1970-01-01 00:00:00","No Connection Recorded","No Recorded Connection","-","STANDARD - Re-engagement & Habit Building","0"
"714","63114523","EGSS-mahmoudkhamis","ME-EGSS10","MEKSA-EGSS01","围场外","outside pool","3","9","1-3 Classes (Low)","1970-01-01 00:00:00","No Connection Recorded","No Recorded Connection","-","STANDARD - Re-engagement & Habit Building","0"
"718","62817998","EGSS-abdelrhmanshehata","ME-EGSS10","MEKSA-EGSS01","到期","Exp Non-0","3","9","1-3 Classes (Low)","1970-01-01 00:00:00","No Connection Recorded","No Recorded Connection","-","STANDARD - Re-engagement & Habit Building","0"
"721","63181031","EGSS-mahmoudkhamis","ME-EGSS10","MEKSA-EGSS01","期间","period","3","9","1-3 Classes (Low)","1970-01-01 00:00:00","No Connection Recorded","No Recorded Connection","-","STANDARD - Re-engagement & Habit Building","0"
"726","63147817","EGSS-mahmoudkhamis","ME-EGSS10","MEKSA-EGSS01","围场外","outside pool","3","9","1-3 Classes (Low)","1970-01-01 00:00:00","No Connection Recorded","No Recorded Connection","-","STANDARD - Re-engagement & Habit Building","0"
"729","64199106","EGSS-mahmoudkhamis","ME-EGSS10","MEKSA-EGSS01","围场外","outside pool","3","9","1-3 Classes (Low)","1970-01-01 00:00:00","No Connection Recorded","No Recorded Connection","-","STANDARD - Re-engagement & Habit Building","0"
"730","64202795","EGSS-mahmoudkhamis","ME-EGSS10","MEKSA-EGSS01","围场外","outside pool","3","8","1-3 Classes (Low)","1970-01-01 00:00:00","No Connection Recorded","No Recorded Connection","-","STANDARD - Re-engagement & Habit Building","0"
"738","64151114","EGSS-mahmoudkhamis","ME-EGSS10","MEKSA-EGSS01","围场外","outside pool","3","9","1-3 Classes (Low)","1970-01-01 00:00:00","No Connection Recorded","No Recorded Connection","-","STANDARD - Re-engagement & Habit Building","0"
"747","64314782","EGSS-mahmoudkhamis","ME-EGSS10","MEKSA-EGSS01","围场外","outside pool","3","9","1-3 Classes (Low)","1970-01-01 00:00:00","No Connection Recorded","No Recorded Connection","-","STANDARD - Re-engagement & Habit Building","0"
"751","63572572","EGSS-mahmoudkhamis","ME-EGSS10","MEKSA-EGSS01","围场外","outside pool","3","9","1-3 Classes (Low)","1970-01-01 00:00:00","No Connection Recorded","No Recorded Connection","-","STANDARD - Re-engagement & Habit Building","0"
"756","62186237","EGSS-abdelrhmanshehata","ME-EGSS10","MEKSA-EGSS01","围场外","outside pool","3","3","1-3 Classes (Low)","1970-01-01 00:00:00","No Connection Recorded","No Recorded Connection","-","STANDARD - Re-engagement & Habit Building","0"
"764","63864149","EGSS-mahmoudkhamis","ME-EGSS10","MEKSA-EGSS01","围场外","outside pool","3","9","1-3 Classes (Low)","1970-01-01 00:00:00","No Connection Recorded","CRM System Outreach","-","STANDARD - Re-engagement & Habit Building","0"
"768","63681020","EGSS-mahmoudkhamis","ME-EGSS10","MEKSA-EGSS01","围场外","outside pool","3","12","1-3 Classes (Low)","1970-01-01 00:00:00","No Connection Recorded","CRM System Outreach","-","STANDARD - Re-engagement & Habit Building","0"
"780","61361394","EGSS-mahmoudkhamis","ME-EGSS10","MEKSA-EGSS01","首单到期","FOE Non-0","3","5","1-3 Classes (Low)","1970-01-01 00:00:00","No Connection Recorded","No Recorded Connection","-","STANDARD - Re-engagement & Habit Building","0"
"784","62199476","EGSS-mahmoudkhamis","ME-EGSS10","MEKSA-EGSS01","围场外","outside pool","3","4","1-3 Classes (Low)","1970-01-01 00:00:00","No Connection Recorded","No Recorded Connection","-","STANDARD - Re-engagement & Habit Building","0"
"785","62148620","EGSS-mahmoudkhamis","ME-EGSS10","MEKSA-EGSS01","到期","Exp Non-0","3","7","1-3 Classes (Low)","1970-01-01 00:00:00","No Connection Recorded","No Recorded Connection","-","STANDARD - Re-engagement & Habit Building","0"
"787","62338441","EGSS-mahmoudkhamis","ME-EGSS10","MEKSA-EGSS01","到期","Exp Non-0","3","9","1-3 Classes (Low)","1970-01-01 00:00:00","No Connection Recorded","No Recorded Connection","-","STANDARD - Re-engagement & Habit Building","0"
"805","63306991","EGSS-abdelrhmanshehata","ME-EGSS10","MEKSA-EGSS01","期间","period","3","8","1-3 Classes (Low)","1970-01-01 00:00:00","No Connection Recorded","No Recorded Connection","-","STANDARD - Re-engagement & Habit Building","0"
"820","62863259","EGSS-abdelrhmanshehata","ME-EGSS10","MEKSA-EGSS01","到期","Exp Non-0","3","9","1-3 Classes (Low)","1970-01-01 00:00:00","No Connection Recorded","No Recorded Connection","-","STANDARD - Re-engagement & Habit Building","0"
"823","62575442","EGSS-mahmoudkhamis","ME-EGSS10","MEKSA-EGSS01","首单到期","FOE Non-0","3","9","1-3 Classes (Low)","1970-01-01 00:00:00","No Connection Recorded","No Recorded Connection","-","STANDARD - Re-engagement & Habit Building","0"
"831","60669304","EGSS-abdelrhmanshehata","ME-EGSS10","MEKSA-EGSS01","期间","period","3","8","1-3 Classes (Low)","1970-01-01 00:00:00","No Connection Recorded","No Recorded Connection","-","STANDARD - Re-engagement & Habit Building","0"
"833","62900796","EGSS-mahmoudkhamis","ME-EGSS10","MEKSA-EGSS01","围场外","outside pool","3","6","1-3 Classes (Low)","1970-01-01 00:00:00","No Connection Recorded","No Recorded Connection","-","STANDARD - Re-engagement & Habit Building","0"
"834","61338670","EGSS-abdelrhmanshehata","ME-EGSS10","MEKSA-EGSS01","到期","Exp Non-0","3","15","1-3 Classes (Low)","1970-01-01 00:00:00","No Connection Recorded","No Recorded Connection","-","STANDARD - Re-engagement & Habit Building","0"
"836","62855814","EGSS-abdelrhmanshehata","ME-EGSS10","MEKSA-EGSS01","围场外","outside pool","3","10","1-3 Classes (Low)","1970-01-01 00:00:00","No Connection Recorded","No Recorded Connection","-","STANDARD - Re-engagement & Habit Building","0"
"837","62601306","EGSS-mahmoudkhamis","ME-EGSS10","MEKSA-EGSS01","到期","Exp Non-0","3","9","1-3 Classes (Low)","1970-01-01 00:00:00","No Connection Recorded","No Recorded Connection","-","STANDARD - Re-engagement & Habit Building","0"
"838","62595312","EGSS-mahmoudkhamis","ME-EGSS10","MEKSA-EGSS01","围场外","outside pool","3","9","1-3 Classes (Low)","1970-01-01 00:00:00","No Connection Recorded","No Recorded Connection","-","STANDARD - Re-engagement & Habit Building","0"
"839","62653601","EGSS-mahmoudkhamis","ME-EGSS10","MEKSA-EGSS01","到期","Exp Non-0","3","7","1-3 Classes (Low)","1970-01-01 00:00:00","No Connection Recorded","No Recorded Connection","-","STANDARD - Re-engagement & Habit Building","0"
"843","62478520","EGSS-mahmoudkhamis","ME-EGSS10","MEKSA-EGSS01","到期","Exp Non-0","3","8","1-3 Classes (Low)","1970-01-01 00:00:00","No Connection Recorded","No Recorded Connection","-","STANDARD - Re-engagement & Habit Building","0"
"848","59768567","EGSS-abdelrhmanshehata","ME-EGSS10","MEKSA-EGSS01","围场外","outside pool","3","17","1-3 Classes (Low)","1970-01-01 00:00:00","No Connection Recorded","No Recorded Connection","-","STANDARD - Re-engagement & Habit Building","0"
"856","62385207","EGSS-mahmoudkhamis","ME-EGSS10","MEKSA-EGSS01","到期","Exp Non-0","3","11","1-3 Classes (Low)","1970-01-01 00:00:00","No Connection Recorded","No Recorded Connection","-","STANDARD - Re-engagement & Habit Building","0"
"862","59429388","EGSS-abdelrhmanshehata","ME-EGSS10","MEKSA-EGSS01","期间","period","3","11","1-3 Classes (Low)","2025-01-15 00:00:00","2025-01-15 00:00:00","Last 1v1 Payment","20250115","STANDARD - Re-engagement & Habit Building","0"
"873","60180585","EGSS-abdelrhmanshehata","ME-EGSS10","MEKSA-EGSS01","围场外","outside pool","3","11","1-3 Classes (Low)","2025-08-18 00:00:00","2025-08-18 00:00:00","Last 1v1 Payment","20250818","STANDARD - Re-engagement & Habit Building","0"
"888","60958697","EGSS-abdelrhmanshehata","ME-EGSS10","MEKSA-EGSS01","到期","Exp Non-0","3","11","1-3 Classes (Low)","2025-10-19 00:00:00","2025-10-19 00:00:00","Last 1v1 Payment","20251019","STANDARD - Re-engagement & Habit Building","0"
"890","61127764","EGSS-mahmoudkhamis","ME-EGSS10","MEKSA-EGSS01","到期","Exp Non-0","3","9","1-3 Classes (Low)","2025-10-27 00:00:00","2025-10-27 00:00:00","Last 1v1 Payment","20251027","STANDARD - Re-engagement & Habit Building","0"
"891","61127600","EGSS-mahmoudkhamis","ME-EGSS10","MEKSA-EGSS01","到期","Exp Non-0","3","9","1-3 Classes (Low)","2025-10-27 00:00:00","2025-10-27 00:00:00","Last 1v1 Payment","20251027","STANDARD - Re-engagement & Habit Building","0"
"892","61134036","EGSS-mahmoudkhamis","ME-EGSS10","MEKSA-EGSS01","围场外","outside pool","3","9","1-3 Classes (Low)","2025-10-27 00:00:00","2025-10-27 00:00:00","Last 1v1 Payment","20251027","STANDARD - Re-engagement & Habit Building","0"
"893","61124577","EGSS-mahmoudkhamis","ME-EGSS10","MEKSA-EGSS01","到期","Exp Non-0","3","9","1-3 Classes (Low)","2025-10-27 00:00:00","2025-10-27 00:00:00","Last 1v1 Payment","20251027","STANDARD - Re-engagement & Habit Building","0"
"913","60749983","EGSS-abdelrhmanshehata","ME-EGSS10","MEKSA-EGSS01","到期","Exp Non-0","3","9","1-3 Classes (Low)","2025-11-30 00:00:00","2025-11-30 00:00:00","Last 1v1 Payment","20251130","STANDARD - Re-engagement & Habit Building","0"
"914","59216178","EGSS-abdelrhmanshehata","ME-EGSS10","MEKSA-EGSS01","到期","Exp Non-0","3","7","1-3 Classes (Low)","2025-11-30 00:00:00","2025-11-30 00:00:00","Last 1v1 Payment","20251130","STANDARD - Re-engagement & Habit Building","0"
"926","60984950","EGSS-mahmoudkhamis","ME-EGSS10","MEKSA-EGSS01","到期","Exp Non-0","3","6","1-3 Classes (Low)","2025-12-21 00:00:00","2025-12-21 00:00:00","Last 1v1 Payment","20251221","STANDARD - Re-engagement & Habit Building","0"
"942","59237242","EGSS-abdelrhmanshehata","ME-EGSS10","MEKSA-EGSS01","围场外","outside pool","3","8","1-3 Classes (Low)","2026-01-06 00:00:00","2026-01-06 00:00:00","Last 1v1 Payment","20260106","STANDARD - Re-engagement & Habit Building","0"
"944","61891617","EGSS-ahmedshoukry","ME-EGSS10","MEKSA-EGSS01","围场外","outside pool","3","9","1-3 Classes (Low)","2026-01-10 00:00:00","2026-01-10 00:00:00","Last 1v1 Payment","20260110","STANDARD - Re-engagement & Habit Building","0"
"947","61831001","EGSS-mahmoudkhamis","ME-EGSS10","MEKSA-EGSS01","期间","period","3","10","1-3 Classes (Low)","2026-01-11 00:00:00","2026-01-11 00:00:00","Last 1v1 Payment","20260111","STANDARD - Re-engagement & Habit Building","0"
"957","61940854","EGSS-mahmoudkhamis","ME-EGSS10","MEKSA-EGSS01","期间","period","3","5","1-3 Classes (Low)","2026-01-29 00:00:00","2026-01-29 00:00:00","Last 1v1 Payment","20260129","STANDARD - Re-engagement & Habit Building","0"
"960","61880711","EGSS-abdelrhmanshehata","ME-EGSS10","MEKSA-EGSS01","期间","period","3","9","1-3 Classes (Low)","2026-01-31 00:00:00","2026-01-31 00:00:00","Last 1v1 Payment","20260131","STANDARD - Re-engagement & Habit Building","0"
"964","62121277","EGSS-mahmoudkhamis","ME-EGSS10","MEKSA-EGSS01","围场外","outside pool","3","9","1-3 Classes (Low)","2026-02-08 00:00:00","2026-02-08 00:00:00","Last 1v1 Payment","20260208","STANDARD - Re-engagement & Habit Building","0"
"967","61999383","EGSS-ahmedshoukry","ME-EGSS10","MEKSA-EGSS01","到期","Exp Non-0","3","6","1-3 Classes (Low)","2026-02-10 00:00:00","2026-02-10 00:00:00","Last 1v1 Payment","20260210","STANDARD - Re-engagement & Habit Building","0"
"969","62156372","EGSS-mahmoudkhamis","ME-EGSS10","MEKSA-EGSS01","围场外","outside pool","3","6","1-3 Classes (Low)","2026-02-11 00:00:00","2026-02-11 00:00:00","Last 1v1 Payment","20260211","STANDARD - Re-engagement & Habit Building","0"
"970","62065687","EGSS-mahmoudkhamis","ME-EGSS10","MEKSA-EGSS01","围场外","outside pool","3","6","1-3 Classes (Low)","2026-02-11 00:00:00","2026-02-11 00:00:00","Last 1v1 Payment","20260211","STANDARD - Re-engagement & Habit Building","0"
"971","62156537","EGSS-mahmoudkhamis","ME-EGSS10","MEKSA-EGSS01","围场外","outside pool","3","6","1-3 Classes (Low)","2026-02-11 00:00:00","2026-02-11 00:00:00","Last 1v1 Payment","20260211","STANDARD - Re-engagement & Habit Building","0"
"975","61893509","EGSS-ahmedshoukry","ME-EGSS10","MEKSA-EGSS01","围场外","outside pool","3","9","1-3 Classes (Low)","2026-02-22 00:00:00","2026-02-22 00:00:00","Last 1v1 Payment","20260222","STANDARD - Re-engagement & Habit Building","0"
"977","61952623","EGSS-ahmedshoukry","ME-EGSS10","MEKSA-EGSS01","围场外","outside pool","3","11","1-3 Classes (Low)","2026-02-26 00:00:00","2026-02-26 00:00:00","Last 1v1 Payment","20260226","STANDARD - Re-engagement & Habit Building","0"
"984","62186878","EGSS-mahmoudkhamis","ME-EGSS10","MEKSA-EGSS01","到期","Exp Non-0","3","9","1-3 Classes (Low)","2026-03-03 00:00:00","2026-03-03 00:00:00","Last 1v1 Payment","20260303","STANDARD - Re-engagement & Habit Building","0"
"985","62383654","EGSS-mahmoudkhamis","ME-EGSS10","MEKSA-EGSS01","围场外","outside pool","3","9","1-3 Classes (Low)","2026-03-03 00:00:00","2026-03-03 00:00:00","Last 1v1 Payment","20260303","STANDARD - Re-engagement & Habit Building","0"
"988","62290823","EGSS-mahmoudkhamis","ME-EGSS10","MEKSA-EGSS01","围场外","outside pool","3","9","1-3 Classes (Low)","2026-03-04 00:00:00","2026-03-04 00:00:00","Last 1v1 Payment","20260304","STANDARD - Re-engagement & Habit Building","0"
"993","58286402","EGSS-mahmoudkhamis","ME-EGSS10","MEKSA-EGSS01","围场外","outside pool","3","6","1-3 Classes (Low)","2026-03-10 00:00:00","2026-03-10 00:00:00","Last 1v1 Payment","20260310","STANDARD - Re-engagement & Habit Building","0"
"1003","61959583","EGSS-ahmedshoukry","ME-EGSS10","MEKSA-EGSS01","围场外","outside pool","3","9","1-3 Classes (Low)","2026-03-26 00:00:00","2026-03-26 00:00:00","Last 1v1 Payment","20260326","STANDARD - Re-engagement & Habit Building","0"
"1010","61922375","EGSS-mahmoudkhamis","ME-EGSS10","MEKSA-EGSS01","到期","Exp Non-0","3","2","1-3 Classes (Low)","2026-03-27 00:00:00","2026-03-27 00:00:00","Last 1v1 Payment","20260327","STANDARD - Re-engagement & Habit Building","0"
"1017","61900878","EGSS-ahmedshoukry","ME-EGSS10","MEKSA-EGSS01","围场外","outside pool","3","8","1-3 Classes (Low)","2026-03-29 00:00:00","2026-03-29 00:00:00","Last 1v1 Payment","20260329","STANDARD - Re-engagement & Habit Building","0"
"1020","61953314","EGSS-mahmoudkhamis","ME-EGSS10","MEKSA-EGSS01","到期","Exp Non-0","3","9","1-3 Classes (Low)","2026-03-31 00:00:00","2026-03-31 00:00:00","Last 1v1 Payment","20260331","STANDARD - Re-engagement & Habit Building","0"
"1024","59628216","EGSS-abdelrhmanshehata","ME-EGSS10","MEKSA-EGSS01","围场外","outside pool","3","13","1-3 Classes (Low)","2026-04-08 00:00:00","2026-04-08 00:00:00","Last 1v1 Payment","20260408","STANDARD - Re-engagement & Habit Building","0"
"1028","58658722","EGSS-ahmedshoukry","ME-EGSS10","MEKSA-EGSS01","围场外","outside pool","3","6","1-3 Classes (Low)","2026-04-09 00:00:00","2026-04-09 00:00:00","Last 1v1 Payment","20260409","STANDARD - Re-engagement & Habit Building","0"
"1031","62491741","EGSS-abdelrhmanshehata","ME-EGSS10","MEKSA-EGSS01","围场外","outside pool","3","6","1-3 Classes (Low)","2026-04-15 00:00:00","2026-04-15 00:00:00","Last 1v1 Payment","20260415","STANDARD - Re-engagement & Habit Building","0"
"1036","61799812","EGSS-mahmoudkhamis","ME-EGSS10","MEKSA-EGSS01","到期","Exp Non-0","3","6","1-3 Classes (Low)","2026-04-26 00:00:00","2026-04-26 00:00:00","Last 1v1 Payment","20260426","STANDARD - Re-engagement & Habit Building","0"
"1037","61796086","EGSS-mahmoudkhamis","ME-EGSS10","MEKSA-EGSS01","期间","period","3","6","1-3 Classes (Low)","2026-04-26 00:00:00","2026-04-26 00:00:00","Last 1v1 Payment","20260426","STANDARD - Re-engagement & Habit Building","0"
"1038","61926934","EGSS-mahmoudkhamis","ME-EGSS10","MEKSA-EGSS01","围场外","outside pool","3","8","1-3 Classes (Low)","2026-04-27 00:00:00","2026-04-27 00:00:00","Last 1v1 Payment","20260427","STANDARD - Re-engagement & Habit Building","0"
"1042","62539449","EGSS-mahmoudkhamis","ME-EGSS10","MEKSA-EGSS01","期间","period","3","10","1-3 Classes (Low)","2026-04-28 00:00:00","2026-04-28 00:00:00","Last 1v1 Payment","20260428","STANDARD - Re-engagement & Habit Building","0"
"1057","62401761","EGSS-ahmedshoukry","ME-EGSS10","MEKSA-EGSS01","围场外","outside pool","3","9","1-3 Classes (Low)","2026-05-06 00:00:00","2026-05-06 00:00:00","Last 1v1 Payment","20260506","STANDARD - Re-engagement & Habit Building","0"
"1060","61956734","EGSS-mahmoudkhamis","ME-EGSS10","MEKSA-EGSS01","围场外","outside pool","3","9","1-3 Classes (Low)","2026-05-10 00:00:00","2026-05-10 00:00:00","Last 1v1 Payment","20260510","STANDARD - Re-engagement & Habit Building","0"
"1068","62793446","EGSS-ahmedshoukry","ME-EGSS10","MEKSA-EGSS01","围场外","outside pool","3","9","1-3 Classes (Low)","2026-05-12 00:00:00","2026-05-12 00:00:00","Last 1v1 Payment","20260512","STANDARD - Re-engagement & Habit Building","0"
"1073","60111062","EGSS-abdelrhmanshehata","ME-EGSS10","MEKSA-EGSS01","围场外","outside pool","3","6","1-3 Classes (Low)","2026-05-16 00:00:00","2026-05-16 00:00:00","Last 1v1 Payment","20260516","STANDARD - Re-engagement & Habit Building","0"
"1084","61905804","EGSS-ahmedshoukry","ME-EGSS10","MEKSA-EGSS01","围场外","outside pool","3","9","1-3 Classes (Low)","2026-05-20 00:00:00","2026-05-20 00:00:00","Last 1v1 Payment","20260520","STANDARD - Re-engagement & Habit Building","0"
"1085","59807210","EGSS-ahmedshoukry","ME-EGSS10","MEKSA-EGSS01","围场外","outside pool","3","12","1-3 Classes (Low)","2026-05-20 00:00:00","2026-05-20 00:00:00","Last 1v1 Payment","20260520","STANDARD - Re-engagement & Habit Building","0"
"1086","61356901","EGSS-ahmedshoukry","ME-EGSS10","MEKSA-EGSS01","围场外","outside pool","3","11","1-3 Classes (Low)","2026-05-20 00:00:00","2026-05-20 00:00:00","Last 1v1 Payment","20260520","STANDARD - Re-engagement & Habit Building","0"
"1087","61847653","EGSS-mahmoudkhamis","ME-EGSS10","MEKSA-EGSS01","围场外","outside pool","3","7","1-3 Classes (Low)","2026-05-21 00:00:00","2026-05-21 00:00:00","Last 1v1 Payment","20260521","STANDARD - Re-engagement & Habit Building","0"
"1093","62335591","EGSS-ahmedshoukry","ME-EGSS10","MEKSA-EGSS01","围场外","outside pool","3","13","1-3 Classes (Low)","2026-05-23 00:00:00","2026-05-23 00:00:00","Last 1v1 Payment","20260523","STANDARD - Re-engagement & Habit Building","0"
"1094","62325366","EGSS-ahmedshoukry","ME-EGSS10","MEKSA-EGSS01","围场外","outside pool","3","6","1-3 Classes (Low)","2026-05-23 00:00:00","2026-05-23 00:00:00","Last 1v1 Payment","20260523","STANDARD - Re-engagement & Habit Building","0"
"1109","61859701","EGSS-abdelrhmanshehata","ME-EGSS10","MEKSA-EGSS01","围场外","outside pool","3","11","1-3 Classes (Low)","2026-06-02 00:00:00","2026-06-02 00:00:00","Last 1v1 Payment","20260602","STANDARD - Re-engagement & Habit Building","0"
"1132","59443717","EGSS-abdelrhmanshehata","ME-EGSS10","MEKSA-EGSS01","围场外","outside pool","3","6","1-3 Classes (Low)","2026-06-15 00:00:00","2026-06-15 00:00:00","Last 1v1 Payment","20260615","STANDARD - Re-engagement & Habit Building","0"
"1140","62887483","EGSS-mahmoudkhamis","ME-EGSS10","MEKSA-EGSS01","围场外","outside pool","3","7","1-3 Classes (Low)","2026-06-17 00:00:00","2026-06-17 00:00:00","Last 1v1 Payment","20260617","STANDARD - Re-engagement & Habit Building","0"
"1164","57889981","EGSS-ahmedshoukry","ME-EGSS10","MEKSA-EGSS01","围场外","outside pool","3","10","1-3 Classes (Low)","2026-06-30 00:00:00","2026-06-30 00:00:00","Last 1v1 Payment","20260630","STANDARD - Re-engagement & Habit Building","0"
"1177","61950979","EGSS-abdelrhmanshehata","ME-EGSS10","MEKSA-EGSS01","围场外","outside pool","3","6","1-3 Classes (Low)","2026-07-08 00:00:00","2026-07-08 00:00:00","Last 1v1 Payment","20260708","STANDARD - Re-engagement & Habit Building","0"
"1181","62519029","EGSS-ahmedshoukry","ME-EGSS10","MEKSA-EGSS01","围场外","outside pool","3","6","1-3 Classes (Low)","2026-07-11 00:00:00","2026-07-11 00:00:00","Last 1v1 Payment","20260711","STANDARD - Re-engagement & Habit Building","0"
"1182","62518776","EGSS-ahmedshoukry","ME-EGSS10","MEKSA-EGSS01","围场外","outside pool","3","6","1-3 Classes (Low)","2026-07-11 00:00:00","2026-07-11 00:00:00","Last 1v1 Payment","20260711","STANDARD - Re-engagement & Habit Building","0"
"1183","60138948","EGSS-ahmedshoukry","ME-EGSS10","MEKSA-EGSS01","围场外","outside pool","3","9","1-3 Classes (Low)","2026-07-11 00:00:00","2026-07-11 00:00:00","Last 1v1 Payment","20260711","STANDARD - Re-engagement & Habit Building","0"
"1200","63602083","EGSS-mahmoudkhamis","ME-EGSS10","MEKSA-EGSS01","围场外","outside pool","3","9","1-3 Classes (Low)","2026-07-20 00:00:00","2026-07-20 00:00:00","CRM System Outreach","-","STANDARD - Re-engagement & Habit Building","0"
"1204","63784851","EGSS-ahmedshoukry","ME-EGSS10","MEKSA-EGSS01","围场外","outside pool","3","6","1-3 Classes (Low)","2026-07-21 00:00:00","2026-07-21 00:00:00","CRM System Outreach","-","STANDARD - Re-engagement & Habit Building","0"
"1205","63442971","EGSS-mahmoudkhamis","ME-EGSS10","MEKSA-EGSS01","到期","Exp Non-0","3","11","1-3 Classes (Low)","2026-07-21 00:00:00","2026-07-21 00:00:00","CRM System Outreach","-","STANDARD - Re-engagement & Habit Building","0"
"1209","59986243","EGSS-mahmoudkhamis","ME-EGSS10","MEKSA-EGSS01","围场外","outside pool","3","8","1-3 Classes (Low)","2026-07-22 00:00:00","2026-07-22 00:00:00","CRM System Outreach","-","STANDARD - Re-engagement & Habit Building","0"
"1211","62478046","EGSS-mahmoudkhamis","ME-EGSS10","MEKSA-EGSS01","围场外","outside pool","3","12","1-3 Classes (Low)","2026-07-22 00:00:00","2026-07-22 00:00:00","Last 1v1 Payment","20260722","STANDARD - Re-engagement & Habit Building","0"
"1227","58506031","EGSS-abdelrhmanshehata","ME-EGSS10","MEKSA-EGSS01","围场外","outside pool","3","6","1-3 Classes (Low)","2026-07-28 00:00:00","2026-07-28 00:00:00","Last 1v1 Payment","20260728","STANDARD - Re-engagement & Habit Building","0"
"1244","63708811","EGSS-mahmoudkhamis","ME-EGSS10","MEKSA-EGSS01","围场外","outside pool","3","9","1-3 Classes (Low)","2026-08-01 00:00:00","2026-08-01 00:00:00","CRM System Outreach","-","STANDARD - Re-engagement & Habit Building","0"
"1248","63630258","EGSS-ahmedshoukry","ME-EGSS10","MEKSA-EGSS01","围场外","outside pool","3","9","1-3 Classes (Low)","2026-08-02 00:00:00","2026-08-02 00:00:00","CRM System Outreach","-","STANDARD - Re-engagement & Habit Building","0"
"1252","63884854","EGSS-mahmoudkhamis","ME-EGSS10","MEKSA-EGSS01","到期","Exp Non-0","3","9","1-3 Classes (Low)","2026-08-02 00:00:00","2026-08-02 00:00:00","CRM System Outreach","-","STANDARD - Re-engagement & Habit Building","0"
"1277","61775145","EGSS-ahmedshoukry","ME-EGSS10","MEKSA-EGSS01","围场外","outside pool","3","9","1-3 Classes (Low)","2026-08-10 00:00:00","2026-08-10 00:00:00","Last 1v1 Payment","20260810","STANDARD - Re-engagement & Habit Building","0"
"1278","61774790","EGSS-ahmedshoukry","ME-EGSS10","MEKSA-EGSS01","围场外","outside pool","3","12","1-3 Classes (Low)","2026-08-10 00:00:00","2026-08-10 00:00:00","Last 1v1 Payment","20260810","STANDARD - Re-engagement & Habit Building","0"
"1283","63849851","EGSS-ahmedshoukry","ME-EGSS10","MEKSA-EGSS01","围场外","outside pool","3","6","1-3 Classes (Low)","2026-08-11 00:00:00","2026-08-11 00:00:00","CRM System Outreach","-","STANDARD - Re-engagement & Habit Building","0"
"1289","63711757","EGSS-abdelrhmanshehata","ME-EGSS10","MEKSA-EGSS01","围场外","outside pool","3","9","1-3 Classes (Low)","2026-08-12 00:00:00","2026-08-12 00:00:00","CRM System Outreach","-","STANDARD - Re-engagement & Habit Building","0"
"1296","63514953","EGSS-ahmedshoukry","ME-EGSS10","MEKSA-EGSS01","到期","Exp Non-0","3","7","1-3 Classes (Low)","2026-08-15 00:00:00","2026-08-15 00:00:00","CRM System Outreach","-","STANDARD - Re-engagement & Habit Building","0"
"1299","63551032","EGSS-ahmedshoukry","ME-EGSS10","MEKSA-EGSS01","围场外","outside pool","3","9","1-3 Classes (Low)","2026-08-15 00:00:00","2026-08-15 00:00:00","CRM System Outreach","-","STANDARD - Re-engagement & Habit Building","0"
"1307","63163676","EGSS-abdelrhmanshehata","ME-EGSS10","MEKSA-EGSS01","围场外","outside pool","3","11","1-3 Classes (Low)","2026-08-17 00:00:00","2026-08-17 00:00:00","CRM System Outreach","20260908","STANDARD - Re-engagement & Habit Building","0"
"1317","62628560","EGSS-mahmoudkhamis","ME-EGSS10","MEKSA-EGSS01","围场外","outside pool","3","8","1-3 Classes (Low)","2026-08-22 00:00:00","2026-08-22 00:00:00","CRM System Outreach","20260928","STANDARD - Re-engagement & Habit Building","0"
"1320","63711851","EGSS-ahmedshoukry","ME-EGSS10","MEKSA-EGSS01","围场外","outside pool","3","0","1-3 Classes (Low)","2026-08-23 00:00:00","2026-08-23 00:00:00","CRM System Outreach","-","STANDARD - Re-engagement & Habit Building","0"
"1323","63670750","EGSS-mahmoudkhamis","ME-EGSS10","MEKSA-EGSS01","围场外","outside pool","3","9","1-3 Classes (Low)","2026-08-23 00:00:00","2026-08-23 00:00:00","CRM System Outreach","-","STANDARD - Re-engagement & Habit Building","0"
"1328","63680986","EGSS-mahmoudkhamis","ME-EGSS10","MEKSA-EGSS01","围场外","outside pool","3","7","1-3 Classes (Low)","2026-08-24 00:00:00","2026-08-24 00:00:00","CRM System Outreach","-","STANDARD - Re-engagement & Habit Building","0"
"1331","63782464","EGSS-ahmedshoukry","ME-EGSS10","MEKSA-EGSS01","围场外","outside pool","3","6","1-3 Classes (Low)","2026-08-25 00:00:00","2026-08-25 00:00:00","CRM System Outreach","-","STANDARD - Re-engagement & Habit Building","0"
"1336","58726628","EGSS-mahmoudkhamis","ME-EGSS10","MEKSA-EGSS01","围场外","outside pool","3","14","1-3 Classes (Low)","2026-08-26 00:00:00","2026-08-26 00:00:00","CRM System Outreach","-","STANDARD - Re-engagement & Habit Building","0"
"1346","59835838","EGSS-mahmoudkhamis","ME-EGSS10","MEKSA-EGSS01","围场外","outside pool","3","6","1-3 Classes (Low)","2026-08-27 00:00:00","2026-08-27 00:00:00","Last 1v1 Payment","20260827","STANDARD - Re-engagement & Habit Building","0"
"1353","63425289","EGSS-mahmoudkhamis","ME-EGSS10","MEKSA-EGSS01","围场外","outside pool","3","11","1-3 Classes (Low)","2026-08-29 00:00:00","2026-08-29 00:00:00","Last 1v1 Payment","20260829","STANDARD - Re-engagement & Habit Building","0"
"1366","63059931","EGSS-ahmedshoukry","ME-EGSS10","MEKSA-EGSS01","围场外","outside pool","3","8","1-3 Classes (Low)","2026-08-31 00:00:00","2026-08-31 00:00:00","Last 1v1 Payment","20260831","STANDARD - Re-engagement & Habit Building","0"
"1373","58218093","EGSS-abdelrhmanshehata","ME-EGSS10","MEKSA-EGSS01","围场外","outside pool","3","9","1-3 Classes (Low)","2026-09-05 00:00:00","2026-09-05 00:00:00","Last 1v1 Payment","20260905","STANDARD - Re-engagement & Habit Building","0"
"1397","62492714","EGSS-mahmoudkhamis","ME-EGSS10","MEKSA-EGSS01","围场外","outside pool","3","11","1-3 Classes (Low)","2026-09-18 00:00:00","2026-09-18 00:00:00","Last 1v1 Payment","20260918","STANDARD - Re-engagement & Habit Building","0"
"1402","58136099","EGSS-ahmedshoukry","ME-EGSS10","MEKSA-EGSS01","围场外","outside pool","3","0","1-3 Classes (Low)","2026-09-20 00:00:00","2026-09-20 00:00:00","Last 1v1 Payment","20260920","STANDARD - Re-engagement & Habit Building","0"
"1408","57854386","EGSS-ahmedshoukry","ME-EGSS10","MEKSA-EGSS01","围场外","outside pool","3","9","1-3 Classes (Low)","2026-09-23 00:00:00","2026-09-23 00:00:00","Last 1v1 Payment","20260923","STANDARD - Re-engagement & Habit Building","0"
"1410","61866314","EGSS-mahmoudkhamis","ME-EGSS10","MEKSA-EGSS01","围场外","outside pool","3","11","1-3 Classes (Low)","2026-09-23 00:00:00","2026-09-23 00:00:00","Last 1v1 Payment","20260923","STANDARD - Re-engagement & Habit Building","0"
"1418","60853692","EGSS-mahmoudkhamis","ME-EGSS10","MEKSA-EGSS01","围场外","outside pool","3","9","1-3 Classes (Low)","2026-09-27 00:00:00","2026-09-27 00:00:00","Last 1v1 Payment","20260927","STANDARD - Re-engagement & Habit Building","0"
"1422","64115306","EGSS-mahmoudkhamis","ME-EGSS10","MEKSA-EGSS01","围场外","outside pool","3","7","1-3 Classes (Low)","2026-09-28 15:42:22","2026-09-28 15:42:22","SOP Completed Touch","-","STANDARD - Re-engagement & Habit Building","0"
"1428","59474391","EGSS-abdelrhmanshehata","ME-EGSS10","MEKSA-EGSS01","围场外","outside pool","3","9","1-3 Classes (Low)","2026-09-29 14:07:29","2026-09-29 14:07:29","SOP Completed Touch","-","STANDARD - Re-engagement & Habit Building","0"
"1432","61089985","EGSS-ahmedshoukry","ME-EGSS10","MEKSA-EGSS01","围场外","outside pool","3","9","1-3 Classes (Low)","2026-09-29 18:45:44","2026-09-29 18:45:44","SOP Completed Touch","-","STANDARD - Re-engagement & Habit Building","0"
"1459","64015511","EGSS-ahmedshoukry","ME-EGSS10","MEKSA-EGSS01","升舱","Upgrade M2","3","9","1-3 Classes (Low)","2026-10-01 16:14:55","2026-10-01 16:14:55","SOP Completed Touch","-","STANDARD - Re-engagement & Habit Building","0"
"1460","64015512","EGSS-ahmedshoukry","ME-EGSS10","MEKSA-EGSS01","升舱","Upgrade M2","3","9","1-3 Classes (Low)","2026-10-01 16:14:59","2026-10-01 16:14:59","SOP Completed Touch","-","STANDARD - Re-engagement & Habit Building","0"
"1463","63997697","EGSS-abdelrhmanshehata","ME-EGSS10","MEKSA-EGSS01","升舱","Upgrade M2","3","9","1-3 Classes (Low)","2026-10-01 16:37:32","2026-10-01 16:37:32","SOP Completed Touch","-","STANDARD - Re-engagement & Habit Building","0"
"1464","63204215","EGSS-abdelrhmanshehata","ME-EGSS10","MEKSA-EGSS01","围场外","outside pool","3","9","1-3 Classes (Low)","2026-10-01 16:37:55","2026-10-01 16:37:55","SOP Completed Touch","-","STANDARD - Re-engagement & Habit Building","0"
"1466","64240437","EGSS-mahmoudkhamis","ME-EGSS10","MEKSA-EGSS01","围场外","outside pool","3","9","1-3 Classes (Low)","2026-10-01 18:44:10","2026-10-01 18:44:10","SOP Completed Touch","-","STANDARD - Re-engagement & Habit Building","0"
"1467","64208589","EGSS-mahmoudkhamis","ME-EGSS10","MEKSA-EGSS01","围场外","outside pool","3","6","1-3 Classes (Low)","2026-10-01 18:45:30","2026-10-01 18:45:30","SOP Completed Touch","-","STANDARD - Re-engagement & Habit Building","0"
"1474","61230404","EGSS-mahmoudkhamis","ME-EGSS10","MEKSA-EGSS01","升舱","Upgrade M2","3","8","1-3 Classes (Low)","2026-10-03 11:12:46","2026-10-03 11:12:46","SOP Task Assigned","-","STANDARD - Re-engagement & Habit Building","0"
"1477","62540593","EGSS-ahmedshoukry","ME-EGSS10","MEKSA-EGSS01","升舱","Upgrade M2","3","9","1-3 Classes (Low)","2026-10-03 11:15:13","2026-10-03 11:15:13","SOP Task Assigned","-","STANDARD - Re-engagement & Habit Building","0"
"1484","63887629","EGSS-abdelrhmanshehata","ME-EGSS10","MEKSA-EGSS01","升舱","Upgrade M2","3","8","1-3 Classes (Low)","2026-10-03 11:17:43","2026-10-03 11:17:43","SOP Task Assigned","-","STANDARD - Re-engagement & Habit Building","0"
"1488","63927894","EGSS-mahmoudkhamis","ME-EGSS10","MEKSA-EGSS01","升舱","Upgrade M2","3","12","1-3 Classes (Low)","2026-10-03 11:19:25","2026-10-03 11:19:25","SOP Task Assigned","-","STANDARD - Re-engagement & Habit Building","0"
"1494","63997745","EGSS-ahmedshoukry","ME-EGSS10","MEKSA-EGSS01","升舱","Upgrade M2","3","11","1-3 Classes (Low)","2026-10-03 11:23:01","2026-10-03 11:23:01","SOP Task Assigned","-","STANDARD - Re-engagement & Habit Building","0"
"1495","64005686","EGSS-ahmedshoukry","ME-EGSS10","MEKSA-EGSS01","升舱","Upgrade M2","3","11","1-3 Classes (Low)","2026-10-03 11:23:24","2026-10-03 11:23:24","SOP Task Assigned","-","STANDARD - Re-engagement & Habit Building","0"
"1496","64032455","EGSS-abdelrhmanshehata","ME-EGSS10","MEKSA-EGSS01","升舱","Upgrade M2","3","14","1-3 Classes (Low)","2026-10-03 11:24:19","2026-10-03 11:24:19","SOP Task Assigned","-","STANDARD - Re-engagement & Habit Building","0"
"1502","64062200","EGSS-ahmedshoukry","ME-EGSS10","MEKSA-EGSS01","升舱","Upgrade M2","3","9","1-3 Classes (Low)","2026-10-03 11:25:56","2026-10-03 11:25:56","SOP Task Assigned","-","STANDARD - Re-engagement & Habit Building","0"
"1503","64063477","EGSS-ahmedshoukry","ME-EGSS10","MEKSA-EGSS01","升舱","Upgrade M2","3","8","1-3 Classes (Low)","2026-10-03 11:26:09","2026-10-03 11:26:09","SOP Task Assigned","-","STANDARD - Re-engagement & Habit Building","0"
"1509","64160586","EGSS-mahmoudkhamis","ME-EGSS10","MEKSA-EGSS01","升舱","Upgrade M2","3","10","1-3 Classes (Low)","2026-10-03 11:32:00","2026-10-03 11:32:00","SOP Task Assigned","-","STANDARD - Re-engagement & Habit Building","0"
"1512","58355382","EGSS-ahmedshoukry","ME-EGSS10","MEKSA-EGSS01","围场外","outside pool","3","0","1-3 Classes (Low)","2026-10-03 11:33:22","2026-10-03 11:33:22","SOP Task Assigned","-","STANDARD - Re-engagement & Habit Building","0"
"1513","60826872","EGSS-mahmoudkhamis","ME-EGSS10","MEKSA-EGSS01","围场外","outside pool","3","9","1-3 Classes (Low)","2026-10-03 11:34:09","2026-10-03 11:34:09","SOP Task Assigned","-","STANDARD - Re-engagement & Habit Building","0"
"1515","58614264","EGSS-ahmedshoukry","ME-EGSS10","MEKSA-EGSS01","围场外","outside pool","3","9","1-3 Classes (Low)","2026-10-03 12:21:27","2026-10-03 12:21:27","SOP Completed Touch","-","STANDARD - Re-engagement & Habit Building","0"
"1516","59192323","EGSS-ahmedshoukry","ME-EGSS10","MEKSA-EGSS01","到期","Exp Non-0","3","11","1-3 Classes (Low)","2026-10-03 12:21:32","2026-10-03 12:21:32","SOP Completed Touch","-","STANDARD - Re-engagement & Habit Building","0"
"1517","63348204","EGSS-ahmedshoukry","ME-EGSS10","MEKSA-EGSS01","围场外","outside pool","3","9","1-3 Classes (Low)","2026-10-03 12:21:41","2026-10-03 12:21:41","SOP Completed Touch","-","STANDARD - Re-engagement & Habit Building","0"
"1518","64209109","EGSS-ahmedshoukry","ME-EGSS10","MEKSA-EGSS01","围场外","outside pool","3","11","1-3 Classes (Low)","2026-10-03 12:22:00","2026-10-03 12:22:00","SOP Completed Touch","-","STANDARD - Re-engagement & Habit Building","0"
"1519","60534277","EGSS-ahmedshoukry","ME-EGSS10","MEKSA-EGSS01","围场外","outside pool","3","6","1-3 Classes (Low)","2026-10-03 12:22:03","2026-10-03 12:22:03","SOP Completed Touch","-","STANDARD - Re-engagement & Habit Building","0"
"1524","57962078","EGSS-abdelrhmanshehata","ME-EGSS10","MEKSA-EGSS01","围场外","outside pool","3","12","1-3 Classes (Low)","2026-10-03 12:51:00","2026-10-03 12:51:00","SOP Completed Touch","20260817","STANDARD - Re-engagement & Habit Building","0"
"1525","63868767","EGSS-abdelrhmanshehata","ME-EGSS10","MEKSA-EGSS01","围场外","outside pool","3","2","1-3 Classes (Low)","2026-10-03 12:54:05","2026-10-03 12:54:05","SOP Completed Touch","-","STANDARD - Re-engagement & Habit Building","0"
"1527","60855362","EGSS-ahmedshoukry","ME-EGSS10","MEKSA-EGSS01","升舱","Upgrade M2","3","0","1-3 Classes (Low)","2026-10-03 13:07:44","2026-10-03 13:07:44","SOP Completed Touch","-","STANDARD - Re-engagement & Habit Building","0"
"1549","64225112","EGSS-mahmoudkhamis","ME-EGSS10","MEKSA-EGSS01","围场外","outside pool","3","8","1-3 Classes (Low)","2026-10-03 17:39:07","2026-10-03 17:39:07","SOP Completed Touch","-","STANDARD - Re-engagement & Habit Building","0"
"1562","61975775","EGSS-ahmedshoukry","ME-EGSS10","MEKSA-EGSS01","围场外","outside pool","3","0","1-3 Classes (Low)","2026-10-04 13:18:14","2026-10-04 13:18:14","SOP Completed Touch","-","STANDARD - Re-engagement & Habit Building","0"
"1563","63137174","EGSS-ahmedshoukry","ME-EGSS10","MEKSA-EGSS01","围场外","outside pool","3","7","1-3 Classes (Low)","2026-10-04 13:18:18","2026-10-04 13:18:18","SOP Completed Touch","-","STANDARD - Re-engagement & Habit Building","0"
"1564","63138002","EGSS-ahmedshoukry","ME-EGSS10","MEKSA-EGSS01","围场外","outside pool","3","7","1-3 Classes (Low)","2026-10-04 13:18:23","2026-10-04 13:18:23","SOP Completed Touch","-","STANDARD - Re-engagement & Habit Building","0"
"1565","60255406","EGSS-ahmedshoukry","ME-EGSS10","MEKSA-EGSS01","围场外","outside pool","3","6","1-3 Classes (Low)","2026-10-04 13:52:57","2026-10-04 13:52:57","SOP Completed Touch","-","STANDARD - Re-engagement & Habit Building","0"
"1571","59390183","EGSS-mahmoudkhamis","ME-EGSS10","MEKSA-EGSS01","围场外","outside pool","3","0","1-3 Classes (Low)","2026-10-04 18:10:14","2026-10-04 18:10:14","SOP Completed Touch","-","STANDARD - Re-engagement & Habit Building","0"
"1573","63884677","EGSS-mahmoudkhamis","ME-EGSS10","MEKSA-EGSS01","到期","Exp Non-0","3","9","1-3 Classes (Low)","2026-10-04 19:18:23","2026-10-04 19:18:23","SOP Completed Touch","-","STANDARD - Re-engagement & Habit Building","0"
"1574","64190795","EGSS-mahmoudkhamis","ME-EGSS10","MEKSA-EGSS01","围场外","outside pool","3","8","1-3 Classes (Low)","2026-10-04 19:27:46","2026-10-04 19:27:46","SOP Completed Touch","-","STANDARD - Re-engagement & Habit Building","0"
"1575","63539081","EGSS-mahmoudkhamis","ME-EGSS10","MEKSA-EGSS01","围场外","outside pool","3","8","1-3 Classes (Low)","2026-10-04 19:43:48","2026-10-04 19:43:48","SOP Completed Touch","-","STANDARD - Re-engagement & Habit Building","0"
"1576","63904509","EGSS-mahmoudkhamis","ME-EGSS10","MEKSA-EGSS01","围场外","outside pool","3","0","1-3 Classes (Low)","2026-10-04 19:49:25","2026-10-04 19:49:25","SOP Completed Touch","-","STANDARD - Re-engagement & Habit Building","0"
"1583","64285760","EGSS-ahmedshoukry","ME-EGSS10","MEKSA-EGSS01","围场外","outside pool","3","7","1-3 Classes (Low)","2026-10-05 12:31:38","2026-10-05 12:31:38","SOP Completed Touch","-","STANDARD - Re-engagement & Habit Building","0"
"1584","61543283","EGSS-ahmedshoukry","ME-EGSS10","MEKSA-EGSS01","围场外","outside pool","3","14","1-3 Classes (Low)","2026-10-05 12:32:13","2026-10-05 12:32:13","SOP Completed Touch","-","STANDARD - Re-engagement & Habit Building","0"
"1597","64212022","EGSS-abdelrhmanshehata","ME-EGSS10","MEKSA-EGSS01","围场外","outside pool","3","6","1-3 Classes (Low)","2026-10-05 16:57:53","2026-10-05 16:57:53","SOP Completed Touch","-","STANDARD - Re-engagement & Habit Building","0"
"1598","64258456","EGSS-abdelrhmanshehata","ME-EGSS10","MEKSA-EGSS01","围场外","outside pool","3","11","1-3 Classes (Low)","2026-10-05 16:58:12","2026-10-05 16:58:12","SOP Completed Touch","-","STANDARD - Re-engagement & Habit Building","0"
"1612","63783496","EGSS-mahmoudkhamis","ME-EGSS10","MEKSA-EGSS01","升舱","Upgrade M2","3","6","1-3 Classes (Low)","2026-10-06 11:10:43","2026-10-06 11:10:43","SOP Task Assigned","-","STANDARD - Re-engagement & Habit Building","0"
"1618","63946511","EGSS-ahmedshoukry","ME-EGSS10","MEKSA-EGSS01","围场外","outside pool","3","3","1-3 Classes (Low)","2026-10-06 11:14:57","2026-10-06 11:14:57","SOP Task Assigned","-","STANDARD - Re-engagement & Habit Building","0"
"1621","63412378","EGSS-mahmoudkhamis","ME-EGSS10","MEKSA-EGSS01","围场外","outside pool","3","7","1-3 Classes (Low)","2026-10-06 12:02:04","2026-10-06 12:02:04","SOP Completed Touch","-","STANDARD - Re-engagement & Habit Building","0"
"1622","64192279","EGSS-mahmoudkhamis","ME-EGSS10","MEKSA-EGSS01","围场外","outside pool","3","7","1-3 Classes (Low)","2026-10-06 12:02:23","2026-10-06 12:02:23","SOP Completed Touch","-","STANDARD - Re-engagement & Habit Building","0"
"1624","63122092","EGSS-ahmedshoukry","ME-EGSS10","MEKSA-EGSS01","到期","Exp Non-0","3","11","1-3 Classes (Low)","2026-10-06 12:14:25","2026-10-06 12:14:25","SOP Completed Touch","-","STANDARD - Re-engagement & Habit Building","0"
"1628","58785135","EGSS-abdelrhmanshehata","ME-EGSS10","MEKSA-EGSS01","围场外","outside pool","3","6","1-3 Classes (Low)","2026-10-06 12:44:06","2026-10-06 12:44:06","SOP Completed Touch","-","STANDARD - Re-engagement & Habit Building","0"
"1629","63508228","EGSS-abdelrhmanshehata","ME-EGSS10","MEKSA-EGSS01","围场外","outside pool","3","10","1-3 Classes (Low)","2026-10-06 12:45:40","2026-10-06 12:45:40","SOP Completed Touch","-","STANDARD - Re-engagement & Habit Building","0"
"1630","64411934","EGSS-abdelrhmanshehata","ME-EGSS10","MEKSA-EGSS01","围场外","outside pool","3","12","1-3 Classes (Low)","2026-10-06 12:46:46","2026-10-06 12:46:46","SOP Completed Touch","-","STANDARD - Re-engagement & Habit Building","0"
"1632","60393843","EGSS-mahmoudkhamis","ME-EGSS10","MEKSA-EGSS01","围场外","outside pool","3","11","1-3 Classes (Low)","2026-10-06 13:13:52","2026-10-06 13:13:52","SOP Completed Touch","-","STANDARD - Re-engagement & Habit Building","0"
"1633","64355638","EGSS-ahmedshoukry","ME-EGSS10","MEKSA-EGSS01","围场外","outside pool","3","9","1-3 Classes (Low)","2026-10-06 13:27:31","2026-10-06 13:27:31","SOP Completed Touch","-","STANDARD - Re-engagement & Habit Building","0"
"1643","60663878","EGSS-mahmoudkhamis","ME-EGSS10","MEKSA-EGSS01","期间","period","3","9","1-3 Classes (Low)","2026-10-06 16:49:21","2026-10-06 16:49:21","SOP Completed Touch","20260112","STANDARD - Re-engagement & Habit Building","0"
"1654","63086322","EGSS-abdelrhmanshehata","ME-EGSS10","MEKSA-EGSS01","期间","period","3","9","1-3 Classes (Low)","2026-10-06 19:35:48","2026-10-06 19:35:48","SOP Completed Touch","-","STANDARD - Re-engagement & Habit Building","0"
"1661","59257559","EGSS-mahmoudkhamis","ME-EGSS10","MEKSA-EGSS01","围场外","outside pool","3","9","1-3 Classes (Low)","2026-10-06 20:15:36","2026-10-06 20:15:36","SOP Completed Touch","20260130","STANDARD - Re-engagement & Habit Building","0"
"1662","59257481","EGSS-mahmoudkhamis","ME-EGSS10","MEKSA-EGSS01","围场外","outside pool","3","9","1-3 Classes (Low)","2026-10-06 20:15:42","2026-10-06 20:15:42","SOP Completed Touch","20260130","STANDARD - Re-engagement & Habit Building","0"
"1663","59200393","EGSS-mahmoudkhamis","ME-EGSS10","MEKSA-EGSS01","首单到期","FOE Non-0","3","8","1-3 Classes (Low)","2026-10-06 20:38:50","2026-10-06 20:38:50","SOP Completed Touch","-","STANDARD - Re-engagement & Habit Building","0"
"1664","64362689","EGSS-ahmedshoukry","ME-EGSS10","MEKSA-EGSS01","围场外","outside pool","3","0","1-3 Classes (Low)","2026-10-06 21:31:51","2026-10-06 21:31:51","SOP Completed Touch","-","STANDARD - Re-engagement & Habit Building","0"
"1677","64150481","EGSS-mahmoudkhamis","ME-EGSS10","MEKSA-EGSS01","升舱","Upgrade M2","3","9","1-3 Classes (Low)","2026-10-07 11:18:31","2026-10-07 11:18:31","SOP Task Assigned","-","STANDARD - Re-engagement & Habit Building","0"
"1679","64190504","EGSS-mahmoudkhamis","ME-EGSS10","MEKSA-EGSS01","围场外","outside pool","3","9","1-3 Classes (Low)","2026-10-07 11:18:38","2026-10-07 11:18:38","SOP Task Assigned","-","STANDARD - Re-engagement & Habit Building","0"
"1688","63120286","EGSS-ahmedshoukry","ME-EGSS10","MEKSA-EGSS01","围场外","outside pool","3","12","1-3 Classes (Low)","2026-10-07 13:33:02","2026-10-07 13:33:02","SOP Completed Touch","20260706","STANDARD - Re-engagement & Habit Building","0"
"1689","63857049","EGSS-ahmedshoukry","ME-EGSS10","MEKSA-EGSS01","围场外","outside pool","3","9","1-3 Classes (Low)","2026-10-07 13:33:45","2026-10-07 13:33:45","SOP Completed Touch","-","STANDARD - Re-engagement & Habit Building","0"
"1691","59794944","EGSS-mahmoudkhamis","ME-EGSS10","MEKSA-EGSS01","期间","period","3","6","1-3 Classes (Low)","2026-10-07 13:38:42","2026-10-07 13:38:42","SOP Completed Touch","20251221","STANDARD - Re-engagement & Habit Building","0"
"1695","63975618","EGSS-ahmedshoukry","ME-EGSS10","MEKSA-EGSS01","升舱","Upgrade M2","3","6","1-3 Classes (Low)","2026-10-07 14:22:18","2026-10-07 14:22:18","SOP Completed Touch","-","STANDARD - Re-engagement & Habit Building","0"
"1720","62657833","EGSS-mahmoudkhamis","ME-EGSS10","MEKSA-EGSS01","首单到期","FOE Non-0","2","9","1-3 Classes (Low)","1970-01-01 00:00:00","No Connection Recorded","No Recorded Connection","-","STANDARD - Re-engagement & Habit Building","0"
"1725","62637869","EGSS-mahmoudkhamis","ME-EGSS10","MEKSA-EGSS01","围场外","outside pool","2","7","1-3 Classes (Low)","1970-01-01 00:00:00","No Connection Recorded","No Recorded Connection","-","STANDARD - Re-engagement & Habit Building","0"
"1728","62863351","EGSS-mahmoudkhamis","ME-EGSS10","MEKSA-EGSS01","首单到期","FOE Non-0","2","7","1-3 Classes (Low)","1970-01-01 00:00:00","No Connection Recorded","No Recorded Connection","-","STANDARD - Re-engagement & Habit Building","0"
"1729","62850208","EGSS-mahmoudkhamis","ME-EGSS10","MEKSA-EGSS01","到期","Exp Non-0","2","7","1-3 Classes (Low)","1970-01-01 00:00:00","No Connection Recorded","No Recorded Connection","-","STANDARD - Re-engagement & Habit Building","0"
"1730","62863398","EGSS-mahmoudkhamis","ME-EGSS10","MEKSA-EGSS01","围场外","outside pool","2","9","1-3 Classes (Low)","1970-01-01 00:00:00","No Connection Recorded","No Recorded Connection","-","STANDARD - Re-engagement & Habit Building","0"
"1733","62843597","EGSS-mahmoudkhamis","ME-EGSS10","MEKSA-EGSS01","到期","Exp Non-0","2","7","1-3 Classes (Low)","1970-01-01 00:00:00","No Connection Recorded","No Recorded Connection","-","STANDARD - Re-engagement & Habit Building","0"
"1738","62811182","EGSS-mahmoudkhamis","ME-EGSS10","MEKSA-EGSS01","围场外","outside pool","2","7","1-3 Classes (Low)","1970-01-01 00:00:00","No Connection Recorded","No Recorded Connection","-","STANDARD - Re-engagement & Habit Building","0"
"1743","61833003","EGSS-abdelrhmanshehata","ME-EGSS10","MEKSA-EGSS01","到期","Exp Non-0","2","0","1-3 Classes (Low)","1970-01-01 00:00:00","No Connection Recorded","No Recorded Connection","-","STANDARD - Re-engagement & Habit Building","0"
"1751","62539815","EGSS-mahmoudkhamis","ME-EGSS10","MEKSA-EGSS01","到期","Exp Non-0","2","7","1-3 Classes (Low)","1970-01-01 00:00:00","No Connection Recorded","No Recorded Connection","-","STANDARD - Re-engagement & Habit Building","0"
"1762","63637169","EGSS-ahmedshoukry","ME-EGSS10","MEKSA-EGSS01","围场外","outside pool","2","5","1-3 Classes (Low)","1970-01-01 00:00:00","No Connection Recorded","No Recorded Connection","-","STANDARD - Re-engagement & Habit Building","0"
"1764","63556880","EGSS-ahmedshoukry","ME-EGSS10","MEKSA-EGSS01","围场外","outside pool","2","7","1-3 Classes (Low)","1970-01-01 00:00:00","No Connection Recorded","No Recorded Connection","-","STANDARD - Re-engagement & Habit Building","0"
"1768","63711248","EGSS-ahmedshoukry","ME-EGSS10","MEKSA-EGSS01","围场外","outside pool","2","0","1-3 Classes (Low)","1970-01-01 00:00:00","No Connection Recorded","No Recorded Connection","-","STANDARD - Re-engagement & Habit Building","0"
"1770","63436748","EGSS-mahmoudkhamis","ME-EGSS10","MEKSA-EGSS01","围场外","outside pool","2","7","1-3 Classes (Low)","1970-01-01 00:00:00","No Connection Recorded","No Recorded Connection","-","STANDARD - Re-engagement & Habit Building","0"
"1778","63556993","EGSS-mahmoudkhamis","ME-EGSS10","MEKSA-EGSS01","围场外","outside pool","2","7","1-3 Classes (Low)","1970-01-01 00:00:00","No Connection Recorded","No Recorded Connection","-","STANDARD - Re-engagement & Habit Building","0"
"1779","63581051","EGSS-mahmoudkhamis","ME-EGSS10","MEKSA-EGSS01","围场外","outside pool","2","7","1-3 Classes (Low)","1970-01-01 00:00:00","No Connection Recorded","No Recorded Connection","-","STANDARD - Re-engagement & Habit Building","0"
"1783","62941812","EGSS-mahmoudkhamis","ME-EGSS10","MEKSA-EGSS01","围场外","outside pool","2","7","1-3 Classes (Low)","1970-01-01 00:00:00","No Connection Recorded","No Recorded Connection","-","STANDARD - Re-engagement & Habit Building","0"
"1804","58141729","EGSS-mahmoudkhamis","ME-EGSS10","MEKSA-EGSS01","围场外","outside pool","2","8","1-3 Classes (Low)","1970-01-01 00:00:00","No Connection Recorded","No Recorded Connection","-","STANDARD - Re-engagement & Habit Building","0"
"1807","64406971","EGSS-ahmedshoukry","ME-EGSS10","MEKSA-EGSS01","围场外","outside pool","2","7","1-3 Classes (Low)","1970-01-01 00:00:00","No Connection Recorded","No Recorded Connection","-","STANDARD - Re-engagement & Habit Building","0"
"1809","59129700","EGSS-mahmoudkhamis","ME-EGSS10","MEKSA-EGSS01","围场外","outside pool","2","7","1-3 Classes (Low)","1970-01-01 00:00:00","No Connection Recorded","No Recorded Connection","-","STANDARD - Re-engagement & Habit Building","0"
"1811","61070647","EGSS-mahmoudkhamis","ME-EGSS10","MEKSA-EGSS01","到期","Exp Non-0","2","6","1-3 Classes (Low)","1970-01-01 00:00:00","No Connection Recorded","No Recorded Connection","-","STANDARD - Re-engagement & Habit Building","0"
"1819","62812042","EGSS-abdelrhmanshehata","ME-EGSS10","MEKSA-EGSS01","到期","Exp Non-0","2","9","1-3 Classes (Low)","1970-01-01 00:00:00","No Connection Recorded","No Recorded Connection","-","STANDARD - Re-engagement & Habit Building","0"
"1826","62859309","EGSS-abdelrhmanshehata","ME-EGSS10","MEKSA-EGSS01","到期","Exp Non-0","2","2","1-3 Classes (Low)","1970-01-01 00:00:00","No Connection Recorded","No Recorded Connection","-","STANDARD - Re-engagement & Habit Building","0"
"1828","60640398","EGSS-mahmoudkhamis","ME-EGSS10","MEKSA-EGSS01","首单到期","FOE Non-0","2","6","1-3 Classes (Low)","1970-01-01 00:00:00","No Connection Recorded","No Recorded Connection","-","STANDARD - Re-engagement & Habit Building","0"
"1835","62861782","EGSS-abdelrhmanshehata","ME-EGSS10","MEKSA-EGSS01","围场外","outside pool","2","15","1-3 Classes (Low)","1970-01-01 00:00:00","No Connection Recorded","No Recorded Connection","-","STANDARD - Re-engagement & Habit Building","0"
"1837","62843602","EGSS-abdelrhmanshehata","ME-EGSS10","MEKSA-EGSS01","到期","Exp Non-0","2","0","1-3 Classes (Low)","1970-01-01 00:00:00","No Connection Recorded","No Recorded Connection","-","STANDARD - Re-engagement & Habit Building","0"
"1838","62871974","EGSS-abdelrhmanshehata","ME-EGSS10","MEKSA-EGSS01","围场外","outside pool","2","9","1-3 Classes (Low)","1970-01-01 00:00:00","No Connection Recorded","No Recorded Connection","-","STANDARD - Re-engagement & Habit Building","0"
"1851","64077352","EGSS-ahmedshoukry","ME-EGSS10","MEKSA-EGSS01","围场外","outside pool","2","7","1-3 Classes (Low)","1970-01-01 00:00:00","No Connection Recorded","No Recorded Connection","-","STANDARD - Re-engagement & Habit Building","0"
"1861","61903097","EGSS-abdelrhmanshehata","ME-EGSS10","MEKSA-EGSS01","围场外","outside pool","2","9","1-3 Classes (Low)","1970-01-01 00:00:00","No Connection Recorded","No Recorded Connection","-","STANDARD - Re-engagement & Habit Building","0"
"1864","63426901","EGSS-abdelrhmanshehata","ME-EGSS10","MEKSA-EGSS01","围场外","outside pool","2","7","1-3 Classes (Low)","1970-01-01 00:00:00","No Connection Recorded","No Recorded Connection","-","STANDARD - Re-engagement & Habit Building","0"
"1866","61976092","EGSS-mahmoudkhamis","ME-EGSS10","MEKSA-EGSS01","围场外","outside pool","2","6","1-3 Classes (Low)","1970-01-01 00:00:00","No Connection Recorded","No Recorded Connection","-","STANDARD - Re-engagement & Habit Building","0"
"1873","63196156","EGSS-abdelrhmanshehata","ME-EGSS10","MEKSA-EGSS01","期间","period","2","6","1-3 Classes (Low)","1970-01-01 00:00:00","No Connection Recorded","No Recorded Connection","-","STANDARD - Re-engagement & Habit Building","0"
"1875","61783011","EGSS-mahmoudkhamis","ME-EGSS10","MEKSA-EGSS01","首单到期","FOE Non-0","2","7","1-3 Classes (Low)","1970-01-01 00:00:00","No Connection Recorded","No Recorded Connection","-","STANDARD - Re-engagement & Habit Building","0"
"1883","61893212","EGSS-mahmoudkhamis","ME-EGSS10","MEKSA-EGSS01","到期","Exp Non-0","2","2","1-3 Classes (Low)","1970-01-01 00:00:00","No Connection Recorded","No Recorded Connection","-","STANDARD - Re-engagement & Habit Building","0"
"1887","64170162","EGSS-ahmedshoukry","ME-EGSS10","MEKSA-EGSS01","围场外","outside pool","2","6","1-3 Classes (Low)","1970-01-01 00:00:00","No Connection Recorded","No Recorded Connection","-","STANDARD - Re-engagement & Habit Building","0"
"1902","62168998","EGSS-ahmedshoukry","ME-EGSS10","MEKSA-EGSS01","到期","Exp Non-0","2","9","1-3 Classes (Low)","1970-01-01 00:00:00","No Connection Recorded","No Recorded Connection","-","STANDARD - Re-engagement & Habit Building","0"
"1903","60603425","EGSS-ahmedshoukry","ME-EGSS10","MEKSA-EGSS01","围场外","outside pool","2","7","1-3 Classes (Low)","1970-01-01 00:00:00","No Connection Recorded","No Recorded Connection","-","STANDARD - Re-engagement & Habit Building","0"
"1913","62378475","EGSS-ahmedshoukry","ME-EGSS10","MEKSA-EGSS01","首单到期","FOE Non-0","2","7","1-3 Classes (Low)","1970-01-01 00:00:00","No Connection Recorded","No Recorded Connection","-","STANDARD - Re-engagement & Habit Building","0"
"1929","59208506","EGSS-ahmedshoukry","ME-EGSS10","MEKSA-EGSS01","围场外","outside pool","2","0","1-3 Classes (Low)","1970-01-01 00:00:00","No Connection Recorded","No Recorded Connection","-","STANDARD - Re-engagement & Habit Building","0"
"1960","62054358","EGSS-ahmedshoukry","ME-EGSS10","MEKSA-EGSS01","到期","Exp Non-0","2","6","1-3 Classes (Low)","1970-01-01 00:00:00","No Connection Recorded","No Recorded Connection","-","STANDARD - Re-engagement & Habit Building","0"
"1980","64034449","EGSS-mahmoudkhamis","ME-EGSS10","MEKSA-EGSS01","围场外","outside pool","2","6","1-3 Classes (Low)","1970-01-01 00:00:00","No Connection Recorded","No Recorded Connection","-","STANDARD - Re-engagement & Habit Building","0"
"1987","59362221","EGSS-abdelrhmanshehata","ME-EGSS10","MEKSA-EGSS01","到期","Exp Non-0","2","6","1-3 Classes (Low)","1970-01-01 00:00:00","No Connection Recorded","No Recorded Connection","-","STANDARD - Re-engagement & Habit Building","0"
"2005","63735735","EGSS-mahmoudkhamis","ME-EGSS10","MEKSA-EGSS01","围场外","outside pool","2","8","1-3 Classes (Low)","1970-01-01 00:00:00","No Connection Recorded","CRM System Outreach","-","STANDARD - Re-engagement & Habit Building","0"
"2010","64180345","EGSS-abdelrhmanshehata","ME-EGSS10","MEKSA-EGSS01","围场外","outside pool","2","6","1-3 Classes (Low)","1970-01-01 00:00:00","No Connection Recorded","No Recorded Connection","-","STANDARD - Re-engagement & Habit Building","0"
"2012","63397811","EGSS-ahmedshoukry","ME-EGSS10","MEKSA-EGSS01","围场外","outside pool","2","9","1-3 Classes (Low)","1970-01-01 00:00:00","No Connection Recorded","No Recorded Connection","-","STANDARD - Re-engagement & Habit Building","0"
"2014","63144000","EGSS-ahmedshoukry","ME-EGSS10","MEKSA-EGSS01","期间","period","2","6","1-3 Classes (Low)","1970-01-01 00:00:00","No Connection Recorded","No Recorded Connection","-","STANDARD - Re-engagement & Habit Building","0"
"2019","62545134","EGSS-ahmedshoukry","ME-EGSS10","MEKSA-EGSS01","首单到期","FOE Non-0","2","9","1-3 Classes (Low)","1970-01-01 00:00:00","No Connection Recorded","No Recorded Connection","-","STANDARD - Re-engagement & Habit Building","0"
"2029","62464575","EGSS-ahmedshoukry","ME-EGSS10","MEKSA-EGSS01","期间","period","2","9","1-3 Classes (Low)","1970-01-01 00:00:00","No Connection Recorded","No Recorded Connection","-","STANDARD - Re-engagement & Habit Building","0"
"2036","64160486","EGSS-mahmoudkhamis","ME-EGSS10","MEKSA-EGSS01","围场外","outside pool","2","7","1-3 Classes (Low)","1970-01-01 00:00:00","No Connection Recorded","No Recorded Connection","-","STANDARD - Re-engagement & Habit Building","0"
"2041","62918034","EGSS-ahmedshoukry","ME-EGSS10","MEKSA-EGSS01","期间","period","2","6","1-3 Classes (Low)","1970-01-01 00:00:00","No Connection Recorded","No Recorded Connection","-","STANDARD - Re-engagement & Habit Building","0"
"2052","60472583","EGSS-abdelrhmanshehata","ME-EGSS10","MEKSA-EGSS01","围场外","outside pool","2","9","1-3 Classes (Low)","2025-07-20 00:00:00","2025-07-20 00:00:00","Last 1v1 Payment","20250720","STANDARD - Re-engagement & Habit Building","0"
"2057","60422038","EGSS-ahmedshoukry","ME-EGSS10","MEKSA-EGSS01","围场外","outside pool","2","6","1-3 Classes (Low)","2025-08-11 00:00:00","2025-08-11 00:00:00","Last 1v1 Payment","20250811","STANDARD - Re-engagement & Habit Building","0"
"2058","60412988","EGSS-abdelrhmanshehata","ME-EGSS10","MEKSA-EGSS01","围场外","outside pool","2","13","1-3 Classes (Low)","2025-08-26 00:00:00","2025-08-26 00:00:00","Last 1v1 Payment","20250826","STANDARD - Re-engagement & Habit Building","0"
"2060","59472134","EGSS-ahmedshoukry","ME-EGSS10","MEKSA-EGSS01","到期","Exp Non-0","2","12","1-3 Classes (Low)","2025-09-03 00:00:00","2025-09-03 00:00:00","Last 1v1 Payment","20250903","STANDARD - Re-engagement & Habit Building","0"
"2072","60947491","EGSS-mahmoudkhamis","ME-EGSS10","MEKSA-EGSS01","到期","Exp Non-0","2","9","1-3 Classes (Low)","2025-10-18 00:00:00","2025-10-18 00:00:00","Last 1v1 Payment","20251018","STANDARD - Re-engagement & Habit Building","0"
"2091","61149123","EGSS-ahmedshoukry","ME-EGSS10","MEKSA-EGSS01","到期","Exp Non-0","2","7","1-3 Classes (Low)","2025-11-27 00:00:00","2025-11-27 00:00:00","Last 1v1 Payment","20251127","STANDARD - Re-engagement & Habit Building","0"
"2095","61335385","EGSS-mahmoudkhamis","ME-EGSS10","MEKSA-EGSS01","到期","Exp Non-0","2","7","1-3 Classes (Low)","2025-11-27 00:00:00","2025-11-27 00:00:00","Last 1v1 Payment","20251127","STANDARD - Re-engagement & Habit Building","0"
"2097","60112465","EGSS-abdelrhmanshehata","ME-EGSS10","MEKSA-EGSS01","围场外","outside pool","2","9","1-3 Classes (Low)","2025-11-28 00:00:00","2025-11-28 00:00:00","Last 1v1 Payment","20251128","STANDARD - Re-engagement & Habit Building","0"
"2098","60444555","EGSS-abdelrhmanshehata","ME-EGSS10","MEKSA-EGSS01","围场外","outside pool","2","9","1-3 Classes (Low)","2025-11-28 00:00:00","2025-11-28 00:00:00","Last 1v1 Payment","20251128","STANDARD - Re-engagement & Habit Building","0"
"2102","60209927","EGSS-mahmoudkhamis","ME-EGSS10","MEKSA-EGSS01","围场外","outside pool","2","9","1-3 Classes (Low)","2025-12-10 00:00:00","2025-12-10 00:00:00","Last 1v1 Payment","20251210","STANDARD - Re-engagement & Habit Building","0"
"2107","60516620","EGSS-ahmedshoukry","ME-EGSS10","MEKSA-EGSS01","到期","Exp Non-0","2","11","1-3 Classes (Low)","2025-12-30 00:00:00","2025-12-30 00:00:00","Last 1v1 Payment","20251230","STANDARD - Re-engagement & Habit Building","0"
"2113","61842260","EGSS-abdelrhmanshehata","ME-EGSS10","MEKSA-EGSS01","围场外","outside pool","2","9","1-3 Classes (Low)","2026-01-12 00:00:00","2026-01-12 00:00:00","Last 1v1 Payment","20260112","STANDARD - Re-engagement & Habit Building","0"
"2128","60713557","EGSS-ahmedshoukry","ME-EGSS10","MEKSA-EGSS01","到期","Exp Non-0","2","6","1-3 Classes (Low)","2026-01-31 00:00:00","2026-01-31 00:00:00","Last 1v1 Payment","20260131","STANDARD - Re-engagement & Habit Building","0"
"2129","61827975","EGSS-ahmedshoukry","ME-EGSS10","MEKSA-EGSS01","到期","Exp Non-0","2","10","1-3 Classes (Low)","2026-01-31 00:00:00","2026-01-31 00:00:00","Last 1v1 Payment","20260131","STANDARD - Re-engagement & Habit Building","0"
"2134","61949157","EGSS-ahmedshoukry","ME-EGSS10","MEKSA-EGSS01","到期","Exp Non-0","2","0","1-3 Classes (Low)","2026-02-10 00:00:00","2026-02-10 00:00:00","Last 1v1 Payment","20260210","STANDARD - Re-engagement & Habit Building","0"
"2135","61879176","EGSS-mahmoudkhamis","ME-EGSS10","MEKSA-EGSS01","围场外","outside pool","2","9","1-3 Classes (Low)","2026-02-11 00:00:00","2026-02-11 00:00:00","Last 1v1 Payment","20260211","STANDARD - Re-engagement & Habit Building","0"
"2143","61775939","EGSS-ahmedshoukry","ME-EGSS10","MEKSA-EGSS01","到期","Exp Non-0","2","9","1-3 Classes (Low)","2026-02-28 00:00:00","2026-02-28 00:00:00","Last 1v1 Payment","20260228","STANDARD - Re-engagement & Habit Building","0"
"2149","58439076","EGSS-ahmedshoukry","ME-EGSS10","MEKSA-EGSS01","围场外","outside pool","2","9","1-3 Classes (Low)","2026-03-03 00:00:00","2026-03-03 00:00:00","Last 1v1 Payment","20260303","STANDARD - Re-engagement & Habit Building","0"
"2164","62256973","EGSS-ahmedshoukry","ME-EGSS10","MEKSA-EGSS01","围场外","outside pool","2","8","1-3 Classes (Low)","2026-03-17 00:00:00","2026-03-17 00:00:00","Last 1v1 Payment","20260317","STANDARD - Re-engagement & Habit Building","0"
"2166","59041885","EGSS-ahmedshoukry","ME-EGSS10","MEKSA-EGSS01","到期","Exp Non-0","2","10","1-3 Classes (Low)","2026-03-25 00:00:00","2026-03-25 00:00:00","Last 1v1 Payment","20260325","STANDARD - Re-engagement & Habit Building","0"
"2186","61954656","EGSS-mahmoudkhamis","ME-EGSS10","MEKSA-EGSS01","期间","period","2","9","1-3 Classes (Low)","2026-04-06 00:00:00","2026-04-06 00:00:00","Last 1v1 Payment","20260406","STANDARD - Re-engagement & Habit Building","0"
"2219","61080453","EGSS-ahmedshoukry","ME-EGSS10","MEKSA-EGSS01","到期","Exp Non-0","2","9","1-3 Classes (Low)","2026-05-11 00:00:00","2026-05-11 00:00:00","Last 1v1 Payment","20260511","STANDARD - Re-engagement & Habit Building","0"
"2230","61956874","EGSS-ahmedshoukry","ME-EGSS10","MEKSA-EGSS01","围场外","outside pool","2","6","1-3 Classes (Low)","2026-05-18 00:00:00","2026-05-18 00:00:00","Last 1v1 Payment","20260518","STANDARD - Re-engagement & Habit Building","0"
"2233","61889732","EGSS-ahmedshoukry","ME-EGSS10","MEKSA-EGSS01","围场外","outside pool","2","8","1-3 Classes (Low)","2026-05-19 00:00:00","2026-05-19 00:00:00","Last 1v1 Payment","20260519","STANDARD - Re-engagement & Habit Building","0"
"2235","62130938","EGSS-ahmedshoukry","ME-EGSS10","MEKSA-EGSS01","围场外","outside pool","2","6","1-3 Classes (Low)","2026-05-20 00:00:00","2026-05-20 00:00:00","Last 1v1 Payment","20260520","STANDARD - Re-engagement & Habit Building","0"
"2240","61917599","EGSS-ahmedshoukry","ME-EGSS10","MEKSA-EGSS01","围场外","outside pool","2","9","1-3 Classes (Low)","2026-05-21 00:00:00","2026-05-21 00:00:00","Last 1v1 Payment","20260521","STANDARD - Re-engagement & Habit Building","0"
"2249","60576809","EGSS-ahmedshoukry","ME-EGSS10","MEKSA-EGSS01","围场外","outside pool","2","7","1-3 Classes (Low)","2026-05-25 00:00:00","2026-05-25 00:00:00","Last 1v1 Payment","20260525","STANDARD - Re-engagement & Habit Building","0"
"2250","62148205","EGSS-ahmedshoukry","ME-EGSS10","MEKSA-EGSS01","围场外","outside pool","2","2","1-3 Classes (Low)","2026-05-25 00:00:00","2026-05-25 00:00:00","Last 1v1 Payment","20260525","STANDARD - Re-engagement & Habit Building","0"
"2268","62864928","EGSS-mahmoudkhamis","ME-EGSS10","MEKSA-EGSS01","围场外","outside pool","2","9","1-3 Classes (Low)","2026-06-08 00:00:00","2026-06-08 00:00:00","Last 1v1 Payment","20260608","STANDARD - Re-engagement & Habit Building","0"
"2271","62953641","EGSS-mahmoudkhamis","ME-EGSS10","MEKSA-EGSS01","围场外","outside pool","2","7","1-3 Classes (Low)","2026-06-09 00:00:00","2026-06-09 00:00:00","Last 1v1 Payment","20260609","STANDARD - Re-engagement & Habit Building","0"
"2273","62375272","EGSS-mahmoudkhamis","ME-EGSS10","MEKSA-EGSS01","围场外","outside pool","2","7","1-3 Classes (Low)","2026-06-09 00:00:00","2026-06-09 00:00:00","Last 1v1 Payment","20260609","STANDARD - Re-engagement & Habit Building","0"
"2286","62864160","EGSS-abdelrhmanshehata","ME-EGSS10","MEKSA-EGSS01","围场外","outside pool","2","8","1-3 Classes (Low)","2026-06-20 00:00:00","2026-06-20 00:00:00","Last 1v1 Payment","20260620","STANDARD - Re-engagement & Habit Building","0"
"2299","61924299","EGSS-mahmoudkhamis","ME-EGSS10","MEKSA-EGSS01","围场外","outside pool","2","9","1-3 Classes (Low)","2026-06-28 00:00:00","2026-06-28 00:00:00","Last 1v1 Payment","20260628","STANDARD - Re-engagement & Habit Building","0"
"2300","60539502","EGSS-mahmoudkhamis","ME-EGSS10","MEKSA-EGSS01","围场外","outside pool","2","9","1-3 Classes (Low)","2026-06-29 00:00:00","2026-06-29 00:00:00","Last 1v1 Payment","20260629","STANDARD - Re-engagement & Habit Building","0"
"2301","62819854","EGSS-abdelrhmanshehata","ME-EGSS10","MEKSA-EGSS01","围场外","outside pool","2","7","1-3 Classes (Low)","2026-06-29 00:00:00","2026-06-29 00:00:00","Last 1v1 Payment","20260629","STANDARD - Re-engagement & Habit Building","0"
"2316","62337354","EGSS-ahmedshoukry","ME-EGSS10","MEKSA-EGSS01","围场外","outside pool","2","4","1-3 Classes (Low)","2026-07-05 00:00:00","2026-07-05 00:00:00","Last 1v1 Payment","20260705","STANDARD - Re-engagement & Habit Building","0"
"2340","61282856","EGSS-ahmedshoukry","ME-EGSS10","MEKSA-EGSS01","围场外","outside pool","2","7","1-3 Classes (Low)","2026-07-23 00:00:00","2026-07-23 00:00:00","Last 1v1 Payment","20260723","STANDARD - Re-engagement & Habit Building","0"
"2348","63838129","EGSS-mahmoudkhamis","ME-EGSS10","MEKSA-EGSS01","到期","Exp Non-0","2","11","1-3 Classes (Low)","2026-07-28 00:00:00","2026-07-28 00:00:00","CRM System Outreach","-","STANDARD - Re-engagement & Habit Building","0"
"2368","62940978","EGSS-ahmedshoukry","ME-EGSS10","MEKSA-EGSS01","围场外","outside pool","2","6","1-3 Classes (Low)","2026-08-03 00:00:00","2026-08-03 00:00:00","CRM System Outreach","-","STANDARD - Re-engagement & Habit Building","0"
"2392","63875552","EGSS-abdelrhmanshehata","ME-EGSS10","MEKSA-EGSS01","围场外","outside pool","2","0","1-3 Classes (Low)","2026-08-10 00:00:00","2026-08-10 00:00:00","CRM System Outreach","-","STANDARD - Re-engagement & Habit Building","0"
"2397","63712577","EGSS-mahmoudkhamis","ME-EGSS10","MEKSA-EGSS01","围场外","outside pool","2","8","1-3 Classes (Low)","2026-08-12 00:00:00","2026-08-12 00:00:00","CRM System Outreach","-","STANDARD - Re-engagement & Habit Building","0"
"2398","63803377","EGSS-mahmoudkhamis","ME-EGSS10","MEKSA-EGSS01","围场外","outside pool","2","7","1-3 Classes (Low)","2026-08-12 00:00:00","2026-08-12 00:00:00","CRM System Outreach","-","STANDARD - Re-engagement & Habit Building","0"
"2415","60901719","EGSS-mahmoudkhamis","ME-EGSS10","MEKSA-EGSS01","围场外","outside pool","2","8","1-3 Classes (Low)","2026-08-16 00:00:00","2026-08-16 00:00:00","CRM System Outreach","-","STANDARD - Re-engagement & Habit Building","0"
"2417","59485525","EGSS-ahmedshoukry","ME-EGSS10","MEKSA-EGSS01","围场外","outside pool","2","0","1-3 Classes (Low)","2026-08-17 00:00:00","2026-08-17 00:00:00","Last 1v1 Payment","20260817","STANDARD - Re-engagement & Habit Building","0"
"2422","58807177","EGSS-ahmedshoukry","ME-EGSS10","MEKSA-EGSS01","围场外","outside pool","2","3","1-3 Classes (Low)","2026-08-17 00:00:00","2026-08-17 00:00:00","Last 1v1 Payment","20260817","STANDARD - Re-engagement & Habit Building","0"
"2428","63813407","EGSS-abdelrhmanshehata","ME-EGSS10","MEKSA-EGSS01","围场外","outside pool","2","7","1-3 Classes (Low)","2026-08-19 00:00:00","2026-08-19 00:00:00","CRM System Outreach","-","STANDARD - Re-engagement & Habit Building","0"
"2433","63822354","EGSS-mahmoudkhamis","ME-EGSS10","MEKSA-EGSS01","围场外","outside pool","2","9","1-3 Classes (Low)","2026-08-22 00:00:00","2026-08-22 00:00:00","CRM System Outreach","-","STANDARD - Re-engagement & Habit Building","0"
"2446","63742225","EGSS-ahmedshoukry","ME-EGSS10","MEKSA-EGSS01","围场外","outside pool","2","7","1-3 Classes (Low)","2026-08-26 00:00:00","2026-08-26 00:00:00","CRM System Outreach","-","STANDARD - Re-engagement & Habit Building","0"
"2451","60939361","EGSS-mahmoudkhamis","ME-EGSS10","MEKSA-EGSS01","围场外","outside pool","2","10","1-3 Classes (Low)","2026-08-28 00:00:00","2026-08-28 00:00:00","Last 1v1 Payment","20260828","STANDARD - Re-engagement & Habit Building","0"
"2455","59718612","EGSS-mahmoudkhamis","ME-EGSS10","MEKSA-EGSS01","围场外","outside pool","2","11","1-3 Classes (Low)","2026-08-30 00:00:00","2026-08-30 00:00:00","Last 1v1 Payment","20260830","STANDARD - Re-engagement & Habit Building","0"
"2458","62410175","EGSS-ahmedshoukry","ME-EGSS10","MEKSA-EGSS01","围场外","outside pool","2","9","1-3 Classes (Low)","2026-09-01 00:00:00","2026-09-01 00:00:00","Last 1v1 Payment","20260901","STANDARD - Re-engagement & Habit Building","0"
"2462","60480714","EGSS-mahmoudkhamis","ME-EGSS10","MEKSA-EGSS01","围场外","outside pool","2","10","1-3 Classes (Low)","2026-09-02 00:00:00","2026-09-02 00:00:00","Last 1v1 Payment","20260902","STANDARD - Re-engagement & Habit Building","0"
"2477","62682579","EGSS-ahmedshoukry","ME-EGSS10","MEKSA-EGSS01","围场外","outside pool","2","0","1-3 Classes (Low)","2026-09-20 00:00:00","2026-09-20 00:00:00","Last 1v1 Payment","20260920","STANDARD - Re-engagement & Habit Building","0"
"2490","62874125","EGSS-mahmoudkhamis","ME-EGSS10","MEKSA-EGSS01","围场外","outside pool","2","7","1-3 Classes (Low)","2026-09-29 12:23:31","2026-09-29 12:23:31","SOP Completed Touch","20260603","STANDARD - Re-engagement & Habit Building","0"
"2492","63273811","EGSS-mahmoudkhamis","ME-EGSS10","MEKSA-EGSS01","期间","period","2","8","1-3 Classes (Low)","2026-09-29 12:32:22","2026-09-29 12:32:22","SOP Completed Touch","-","STANDARD - Re-engagement & Habit Building","0"
"2497","63058549","EGSS-abdelrhmanshehata","ME-EGSS10","MEKSA-EGSS01","期间","period","2","0","1-3 Classes (Low)","2026-09-29 14:14:13","2026-09-29 14:14:13","SOP Completed Touch","-","STANDARD - Re-engagement & Habit Building","0"
"2498","64148527","EGSS-abdelrhmanshehata","ME-EGSS10","MEKSA-EGSS01","升舱","Upgrade M2","2","0","1-3 Classes (Low)","2026-09-29 14:19:22","2026-09-29 14:19:22","SOP Completed Touch","-","STANDARD - Re-engagement & Habit Building","0"
"2499","64430780","EGSS-mahmoudkhamis","ME-EGSS10","MEKSA-EGSS01","围场外","outside pool","2","8","1-3 Classes (Low)","2026-09-29 14:50:14","2026-09-29 14:50:14","SOP Completed Touch","-","STANDARD - Re-engagement & Habit Building","0"
"2502","62352340","EGSS-ahmedshoukry","ME-EGSS10","MEKSA-EGSS01","围场外","outside pool","2","2","1-3 Classes (Low)","2026-09-30 00:00:00","2026-09-30 00:00:00","Last 1v1 Payment","20260930","STANDARD - Re-engagement & Habit Building","0"
"2503","62352341","EGSS-ahmedshoukry","ME-EGSS10","MEKSA-EGSS01","围场外","outside pool","2","2","1-3 Classes (Low)","2026-09-30 00:00:00","2026-09-30 00:00:00","Last 1v1 Payment","20260930","STANDARD - Re-engagement & Habit Building","0"
"2504","64244452","EGSS-ahmedshoukry","ME-EGSS10","MEKSA-EGSS01","围场外","outside pool","2","7","1-3 Classes (Low)","2026-09-30 11:56:49","2026-09-30 11:56:49","SOP Completed Touch","-","STANDARD - Re-engagement & Habit Building","0"
"2505","60885391","EGSS-ahmedshoukry","ME-EGSS10","MEKSA-EGSS01","围场外","outside pool","2","6","1-3 Classes (Low)","2026-09-30 11:57:49","2026-09-30 11:57:49","SOP Completed Touch","20260211","STANDARD - Re-engagement & Habit Building","0"
"2512","64477987","EGSS-abdelrhmanshehata","ME-EGSS10","MEKSA-EGSS01","围场外","outside pool","2","0","1-3 Classes (Low)","2026-09-30 15:17:01","2026-09-30 15:17:01","SOP Completed Touch","-","STANDARD - Re-engagement & Habit Building","0"
"2516","64427516","EGSS-ahmedshoukry","ME-EGSS10","MEKSA-EGSS01","围场外","outside pool","2","7","1-3 Classes (Low)","2026-09-30 19:47:19","2026-09-30 19:47:19","SOP Completed Touch","-","STANDARD - Re-engagement & Habit Building","0"
"2517","64456946","EGSS-ahmedshoukry","ME-EGSS10","MEKSA-EGSS01","围场外","outside pool","2","7","1-3 Classes (Low)","2026-09-30 19:47:31","2026-09-30 19:47:31","SOP Completed Touch","-","STANDARD - Re-engagement & Habit Building","0"
"2528","63652057","EGSS-ahmedshoukry","ME-EGSS10","MEKSA-EGSS01","围场外","outside pool","2","2","1-3 Classes (Low)","2026-10-01 16:14:41","2026-10-01 16:14:41","SOP Completed Touch","-","STANDARD - Re-engagement & Habit Building","0"
"2533","57785962","EGSS-ahmedshoukry","ME-EGSS10","MEKSA-EGSS01","升舱","Upgrade M2","2","1","1-3 Classes (Low)","2026-10-03 11:04:23","2026-10-03 11:04:23","SOP Task Assigned","-","STANDARD - Re-engagement & Habit Building","0"
"2534","58499893","EGSS-abdelrhmanshehata","ME-EGSS10","MEKSA-EGSS01","升舱","Upgrade M2","2","0","1-3 Classes (Low)","2026-10-03 11:05:36","2026-10-03 11:05:36","SOP Task Assigned","-","STANDARD - Re-engagement & Habit Building","0"
"2539","60286556","EGSS-mahmoudkhamis","ME-EGSS10","MEKSA-EGSS01","升舱","Upgrade M2","2","7","1-3 Classes (Low)","2026-10-03 11:10:21","2026-10-03 11:10:21","SOP Task Assigned","-","STANDARD - Re-engagement & Habit Building","0"
"2546","61911772","EGSS-ahmedshoukry","ME-EGSS10","MEKSA-EGSS01","升舱","Upgrade M2","2","12","1-3 Classes (Low)","2026-10-03 11:14:21","2026-10-03 11:14:21","SOP Task Assigned","-","STANDARD - Re-engagement & Habit Building","0"
"2552","63911535","EGSS-mahmoudkhamis","ME-EGSS10","MEKSA-EGSS01","升舱","Upgrade M2","2","7","1-3 Classes (Low)","2026-10-03 11:18:28","2026-10-03 11:18:28","SOP Task Assigned","-","STANDARD - Re-engagement & Habit Building","0"
"2556","63971790","EGSS-ahmedshoukry","ME-EGSS10","MEKSA-EGSS01","升舱","Upgrade M2","2","9","1-3 Classes (Low)","2026-10-03 11:21:25","2026-10-03 11:21:25","SOP Task Assigned","-","STANDARD - Re-engagement & Habit Building","0"
"2561","64050014","EGSS-mahmoudkhamis","ME-EGSS10","MEKSA-EGSS01","升舱","Upgrade M2","2","9","1-3 Classes (Low)","2026-10-03 11:25:18","2026-10-03 11:25:18","SOP Task Assigned","-","STANDARD - Re-engagement & Habit Building","0"
"2569","64150953","EGSS-abdelrhmanshehata","ME-EGSS10","MEKSA-EGSS01","升舱","Upgrade M2","2","7","1-3 Classes (Low)","2026-10-03 11:31:06","2026-10-03 11:31:06","SOP Task Assigned","-","STANDARD - Re-engagement & Habit Building","0"
"2573","58571776","EGSS-abdelrhmanshehata","ME-EGSS10","MEKSA-EGSS01","围场外","outside pool","2","6","1-3 Classes (Low)","2026-10-03 11:33:33","2026-10-03 11:33:33","SOP Task Assigned","-","STANDARD - Re-engagement & Habit Building","0"
"2578","60272333","EGSS-ahmedshoukry","ME-EGSS10","MEKSA-EGSS01","围场外","outside pool","2","0","1-3 Classes (Low)","2026-10-03 12:21:36","2026-10-03 12:21:36","SOP Completed Touch","-","STANDARD - Re-engagement & Habit Building","0"
"2579","64249285","EGSS-ahmedshoukry","ME-EGSS10","MEKSA-EGSS01","围场外","outside pool","2","7","1-3 Classes (Low)","2026-10-03 12:21:55","2026-10-03 12:21:55","SOP Completed Touch","-","STANDARD - Re-engagement & Habit Building","0"
"2580","63863997","EGSS-ahmedshoukry","ME-EGSS10","MEKSA-EGSS01","围场外","outside pool","2","7","1-3 Classes (Low)","2026-10-03 12:22:12","2026-10-03 12:22:12","SOP Completed Touch","-","STANDARD - Re-engagement & Habit Building","0"
"2581","62280759","EGSS-ahmedshoukry","ME-EGSS10","MEKSA-EGSS01","围场外","outside pool","2","6","1-3 Classes (Low)","2026-10-03 12:22:20","2026-10-03 12:22:20","SOP Completed Touch","-","STANDARD - Re-engagement & Habit Building","0"
"2590","64141621","EGSS-ahmedshoukry","ME-EGSS10","MEKSA-EGSS01","升舱","Upgrade M2","2","0","1-3 Classes (Low)","2026-10-03 15:23:41","2026-10-03 15:23:41","SOP Completed Touch","-","STANDARD - Re-engagement & Habit Building","0"
"2592","64501637","EGSS-abdelrhmanshehata","ME-EGSS10","MEKSA-EGSS01","围场外","outside pool","2","0","1-3 Classes (Low)","2026-10-03 15:39:25","2026-10-03 15:39:25","SOP Completed Touch","-","STANDARD - Re-engagement & Habit Building","0"
"2597","63627295","EGSS-mahmoudkhamis","ME-EGSS10","MEKSA-EGSS01","围场外","outside pool","2","2","1-3 Classes (Low)","2026-10-03 17:07:20","2026-10-03 17:07:20","SOP Completed Touch","-","STANDARD - Re-engagement & Habit Building","0"
"2598","64062532","EGSS-ahmedshoukry","ME-EGSS10","MEKSA-EGSS01","升舱","Upgrade M2","2","8","1-3 Classes (Low)","2026-10-03 17:09:23","2026-10-03 17:09:23","SOP Completed Touch","-","STANDARD - Re-engagement & Habit Building","0"
"2613","63783362","EGSS-mahmoudkhamis","ME-EGSS10","MEKSA-EGSS01","围场外","outside pool","2","7","1-3 Classes (Low)","2026-10-05 11:10:08","2026-10-05 11:10:08","SOP Task Assigned","-","STANDARD - Re-engagement & Habit Building","0"
"2615","62332751","EGSS-ahmedshoukry","ME-EGSS10","MEKSA-EGSS01","围场外","outside pool","2","7","1-3 Classes (Low)","2026-10-05 12:31:24","2026-10-05 12:31:24","SOP Completed Touch","-","STANDARD - Re-engagement & Habit Building","0"
"2616","63822519","EGSS-ahmedshoukry","ME-EGSS10","MEKSA-EGSS01","围场外","outside pool","2","11","1-3 Classes (Low)","2026-10-05 12:31:33","2026-10-05 12:31:33","SOP Completed Touch","-","STANDARD - Re-engagement & Habit Building","0"
"2617","58036307","EGSS-ahmedshoukry","ME-EGSS10","MEKSA-EGSS01","首单到期","FOE Non-0","2","7","1-3 Classes (Low)","2026-10-05 12:51:53","2026-10-05 12:51:53","SOP Completed Touch","-","STANDARD - Re-engagement & Habit Building","0"
"2627","63630333","EGSS-mahmoudkhamis","ME-EGSS10","MEKSA-EGSS01","围场外","outside pool","2","9","1-3 Classes (Low)","2026-10-05 19:56:04","2026-10-05 19:56:04","SOP Completed Touch","-","STANDARD - Re-engagement & Habit Building","0"
"2628","63529325","EGSS-mahmoudkhamis","ME-EGSS10","MEKSA-EGSS01","升舱","Upgrade M2","2","7","1-3 Classes (Low)","2026-10-05 20:13:43","2026-10-05 20:13:43","SOP Completed Touch","-","STANDARD - Re-engagement & Habit Building","0"
"2629","63529343","EGSS-mahmoudkhamis","ME-EGSS10","MEKSA-EGSS01","升舱","Upgrade M2","2","6","1-3 Classes (Low)","2026-10-05 20:13:49","2026-10-05 20:13:49","SOP Completed Touch","-","STANDARD - Re-engagement & Habit Building","0"
"2630","64102669","EGSS-ahmedshoukry","ME-EGSS10","MEKSA-EGSS01","升舱","Upgrade M2","2","7","1-3 Classes (Low)","2026-10-05 20:19:58","2026-10-05 20:19:58","SOP Completed Touch","-","STANDARD - Re-engagement & Habit Building","0"
"2631","59402536","EGSS-abdelrhmanshehata","ME-EGSS10","MEKSA-EGSS01","到期","Exp Non-0","2","11","1-3 Classes (Low)","2026-10-05 20:44:10","2026-10-05 20:44:10","SOP Completed Touch","20251106","STANDARD - Re-engagement & Habit Building","0"
"2632","63965181","EGSS-ahmedshoukry","ME-EGSS10","MEKSA-EGSS01","升舱","Upgrade M2","2","6","1-3 Classes (Low)","2026-10-05 20:49:25","2026-10-05 20:49:25","SOP Completed Touch","-","STANDARD - Re-engagement & Habit Building","0"
"2638","61196918","EGSS-abdelrhmanshehata","ME-EGSS10","MEKSA-EGSS01","围场外","outside pool","2","6","1-3 Classes (Low)","2026-10-06 11:14:23","2026-10-06 11:14:23","SOP Task Assigned","-","STANDARD - Re-engagement & Habit Building","0"
"2641","63732141","EGSS-mahmoudkhamis","ME-EGSS10","MEKSA-EGSS01","到期","Exp Non-0","2","9","1-3 Classes (Low)","2026-10-06 12:01:36","2026-10-06 12:01:36","SOP Completed Touch","-","STANDARD - Re-engagement & Habit Building","0"
"2643","63509483","EGSS-ahmedshoukry","ME-EGSS10","MEKSA-EGSS01","围场外","outside pool","2","6","1-3 Classes (Low)","2026-10-06 12:14:30","2026-10-06 12:14:30","SOP Completed Touch","-","STANDARD - Re-engagement & Habit Building","0"
"2646","62576978","EGSS-abdelrhmanshehata","ME-EGSS10","MEKSA-EGSS01","围场外","outside pool","2","16","1-3 Classes (Low)","2026-10-06 12:48:43","2026-10-06 12:48:43","SOP Completed Touch","20260905","STANDARD - Re-engagement & Habit Building","0"
"2658","58676812","EGSS-ahmedshoukry","ME-EGSS10","MEKSA-EGSS01","到期","Exp Non-0","2","8","1-3 Classes (Low)","2026-10-06 14:37:53","2026-10-06 14:37:53","SOP Completed Touch","20250130","STANDARD - Re-engagement & Habit Building","0"
"2677","62422333","EGSS-ahmedshoukry","ME-EGSS10","MEKSA-EGSS01","期间","period","2","9","1-3 Classes (Low)","2026-10-07 10:45:15","2026-10-07 10:45:15","SOP Task Assigned","-","STANDARD - Re-engagement & Habit Building","0"
"2682","62848843","EGSS-abdelrhmanshehata","ME-EGSS10","MEKSA-EGSS01","围场外","outside pool","2","15","1-3 Classes (Low)","2026-10-07 11:20:12","2026-10-07 11:20:12","SOP Task Assigned","-","STANDARD - Re-engagement & Habit Building","0"
"2688","63101102","EGSS-ahmedshoukry","ME-EGSS10","MEKSA-EGSS01","到期","Exp Non-0","2","6","1-3 Classes (Low)","2026-10-07 13:32:49","2026-10-07 13:32:49","SOP Completed Touch","-","STANDARD - Re-engagement & Habit Building","0"
"2711","59888789","EGSS-abdelrhmanshehata","ME-EGSS10","MEKSA-EGSS01","到期","Exp Non-0","2","11","1-3 Classes (Low)","2026-10-07 17:39:26","2026-10-07 17:39:26","SOP Completed Touch","20260222","STANDARD - Re-engagement & Habit Building","0"
"2721","62594782","EGSS-mahmoudkhamis","ME-EGSS10","MEKSA-EGSS01","到期","Exp Non-0","1","8","1-3 Classes (Low)","1970-01-01 00:00:00","No Connection Recorded","No Recorded Connection","-","STANDARD - Re-engagement & Habit Building","0"
"2723","62283120","EGSS-mahmoudkhamis","ME-EGSS10","MEKSA-EGSS01","首单到期","FOE Non-0","1","9","1-3 Classes (Low)","1970-01-01 00:00:00","No Connection Recorded","No Recorded Connection","-","STANDARD - Re-engagement & Habit Building","0"
"2725","61277256","EGSS-mahmoudkhamis","ME-EGSS10","MEKSA-EGSS01","围场外","outside pool","1","0","1-3 Classes (Low)","1970-01-01 00:00:00","No Connection Recorded","No Recorded Connection","-","STANDARD - Re-engagement & Habit Building","0"
"2726","61752735","EGSS-mahmoudkhamis","ME-EGSS10","MEKSA-EGSS01","到期","Exp Non-0","1","7","1-3 Classes (Low)","1970-01-01 00:00:00","No Connection Recorded","No Recorded Connection","-","STANDARD - Re-engagement & Habit Building","0"
"2728","58808699","EGSS-mahmoudkhamis","ME-EGSS10","MEKSA-EGSS01","围场外","outside pool","1","7","1-3 Classes (Low)","1970-01-01 00:00:00","No Connection Recorded","No Recorded Connection","-","STANDARD - Re-engagement & Habit Building","0"
"2730","61834532","EGSS-mahmoudkhamis","ME-EGSS10","MEKSA-EGSS01","围场外","outside pool","1","5","1-3 Classes (Low)","1970-01-01 00:00:00","No Connection Recorded","No Recorded Connection","-","STANDARD - Re-engagement & Habit Building","0"
"2735","61883506","EGSS-mahmoudkhamis","ME-EGSS10","MEKSA-EGSS01","到期","Exp Non-0","1","9","1-3 Classes (Low)","1970-01-01 00:00:00","No Connection Recorded","No Recorded Connection","-","STANDARD - Re-engagement & Habit Building","0"
"2750","63050560","EGSS-mahmoudkhamis","ME-EGSS10","MEKSA-EGSS01","到期","Exp Non-0","1","10","1-3 Classes (Low)","1970-01-01 00:00:00","No Connection Recorded","No Recorded Connection","-","STANDARD - Re-engagement & Habit Building","0"
"2752","63649872","EGSS-mahmoudkhamis","ME-EGSS10","MEKSA-EGSS01","围场外","outside pool","1","6","1-3 Classes (Low)","1970-01-01 00:00:00","No Connection Recorded","CRM System Outreach","-","STANDARD - Re-engagement & Habit Building","0"
"2754","62919493","EGSS-mahmoudkhamis","ME-EGSS10","MEKSA-EGSS01","到期","Exp Non-0","1","7","1-3 Classes (Low)","1970-01-01 00:00:00","No Connection Recorded","No Recorded Connection","-","STANDARD - Re-engagement & Habit Building","0"
"2755","63019226","EGSS-mahmoudkhamis","ME-EGSS10","MEKSA-EGSS01","到期","Exp Non-0","1","7","1-3 Classes (Low)","1970-01-01 00:00:00","No Connection Recorded","No Recorded Connection","-","STANDARD - Re-engagement & Habit Building","0"
"2774","64306096","EGSS-abdelrhmanshehata","ME-EGSS10","MEKSA-EGSS01","围场外","outside pool","1","0","1-3 Classes (Low)","1970-01-01 00:00:00","No Connection Recorded","No Recorded Connection","-","STANDARD - Re-engagement & Habit Building","0"
"2788","63670999","EGSS-ahmedshoukry","ME-EGSS10","MEKSA-EGSS01","围场外","outside pool","1","12","1-3 Classes (Low)","1970-01-01 00:00:00","No Connection Recorded","No Recorded Connection","-","STANDARD - Re-engagement & Habit Building","0"
"2793","63557088","EGSS-ahmedshoukry","ME-EGSS10","MEKSA-EGSS01","围场外","outside pool","1","7","1-3 Classes (Low)","1970-01-01 00:00:00","No Connection Recorded","No Recorded Connection","-","STANDARD - Re-engagement & Habit Building","0"
"2796","64418889","EGSS-ahmedshoukry","ME-EGSS10","MEKSA-EGSS01","围场外","outside pool","1","7","1-3 Classes (Low)","1970-01-01 00:00:00","No Connection Recorded","No Recorded Connection","-","STANDARD - Re-engagement & Habit Building","0"
"2798","63793087","EGSS-ahmedshoukry","ME-EGSS10","MEKSA-EGSS01","围场外","outside pool","1","6","1-3 Classes (Low)","1970-01-01 00:00:00","No Connection Recorded","CRM System Outreach","-","STANDARD - Re-engagement & Habit Building","0"
"2801","62223485","EGSS-ahmedshoukry","ME-EGSS10","MEKSA-EGSS01","围场外","outside pool","1","0","1-3 Classes (Low)","1970-01-01 00:00:00","No Connection Recorded","No Recorded Connection","-","STANDARD - Re-engagement & Habit Building","0"
"2802","62309579","EGSS-ahmedshoukry","ME-EGSS10","MEKSA-EGSS01","首单到期","FOE Non-0","1","9","1-3 Classes (Low)","1970-01-01 00:00:00","No Connection Recorded","No Recorded Connection","-","STANDARD - Re-engagement & Habit Building","0"
"2804","61920117","EGSS-ahmedshoukry","ME-EGSS10","MEKSA-EGSS01","首单到期","FOE Non-0","1","9","1-3 Classes (Low)","1970-01-01 00:00:00","No Connection Recorded","No Recorded Connection","-","STANDARD - Re-engagement & Habit Building","0"
"2805","61991828","EGSS-ahmedshoukry","ME-EGSS10","MEKSA-EGSS01","到期","Exp Non-0","1","9","1-3 Classes (Low)","1970-01-01 00:00:00","No Connection Recorded","No Recorded Connection","-","STANDARD - Re-engagement & Habit Building","0"
"2811","62470304","EGSS-ahmedshoukry","ME-EGSS10","MEKSA-EGSS01","围场外","outside pool","1","6","1-3 Classes (Low)","1970-01-01 00:00:00","No Connection Recorded","No Recorded Connection","-","STANDARD - Re-engagement & Habit Building","0"
"2916","62840642","EGSS-abdelrhmanshehata","ME-EGSS10","MEKSA-EGSS01","到期","Exp Non-0","1","12","1-3 Classes (Low)","1970-01-01 00:00:00","No Connection Recorded","No Recorded Connection","-","STANDARD - Re-engagement & Habit Building","0"
"2917","61953046","EGSS-abdelrhmanshehata","ME-EGSS10","MEKSA-EGSS01","到期","Exp Non-0","1","7","1-3 Classes (Low)","1970-01-01 00:00:00","No Connection Recorded","No Recorded Connection","-","STANDARD - Re-engagement & Habit Building","0"
"2955","59051883","EGSS-ahmedshoukry","ME-EGSS10","MEKSA-EGSS01","围场外","outside pool","1","10","1-3 Classes (Low)","2025-09-23 00:00:00","2025-09-23 00:00:00","Last 1v1 Payment","20250923","STANDARD - Re-engagement & Habit Building","0"
"2958","60390184","EGSS-mahmoudkhamis","ME-EGSS10","MEKSA-EGSS01","围场外","outside pool","1","7","1-3 Classes (Low)","2025-09-29 00:00:00","2025-09-29 00:00:00","Last 1v1 Payment","20250929","STANDARD - Re-engagement & Habit Building","0"
"2991","58267408","EGSS-abdelrhmanshehata","ME-EGSS10","MEKSA-EGSS01","围场外","outside pool","1","0","1-3 Classes (Low)","2026-01-17 00:00:00","2026-01-17 00:00:00","Last 1v1 Payment","20260117","STANDARD - Re-engagement & Habit Building","0"
"2994","58445891","EGSS-abdelrhmanshehata","ME-EGSS10","MEKSA-EGSS01","到期","Exp Non-0","1","0","1-3 Classes (Low)","2026-01-30 00:00:00","2026-01-30 00:00:00","Last 1v1 Payment","20260130","STANDARD - Re-engagement & Habit Building","0"
"2995","60883483","EGSS-ahmedshoukry","ME-EGSS10","MEKSA-EGSS01","到期","Exp Non-0","1","6","1-3 Classes (Low)","2026-02-01 00:00:00","2026-02-01 00:00:00","Last 1v1 Payment","20260201","STANDARD - Re-engagement & Habit Building","0"
"2999","61923413","EGSS-abdelrhmanshehata","ME-EGSS10","MEKSA-EGSS01","围场外","outside pool","1","6","1-3 Classes (Low)","2026-02-11 00:00:00","2026-02-11 00:00:00","Last 1v1 Payment","20260211","STANDARD - Re-engagement & Habit Building","0"
"3006","58516358","EGSS-mahmoudkhamis","ME-EGSS10","MEKSA-EGSS01","围场外","outside pool","1","8","1-3 Classes (Low)","2026-03-03 00:00:00","2026-03-03 00:00:00","Last 1v1 Payment","20260303","STANDARD - Re-engagement & Habit Building","0"
"3017","61842956","EGSS-abdelrhmanshehata","ME-EGSS10","MEKSA-EGSS01","期间","period","1","11","1-3 Classes (Low)","2026-03-26 00:00:00","2026-03-26 00:00:00","Last 1v1 Payment","20260326","STANDARD - Re-engagement & Habit Building","0"
"3018","61422904","EGSS-mahmoudkhamis","ME-EGSS10","MEKSA-EGSS01","围场外","outside pool","1","8","1-3 Classes (Low)","2026-03-27 00:00:00","2026-03-27 00:00:00","Last 1v1 Payment","20260327","STANDARD - Re-engagement & Habit Building","0"
"3047","60433288","EGSS-ahmedshoukry","ME-EGSS10","MEKSA-EGSS01","围场外","outside pool","1","7","1-3 Classes (Low)","2026-04-21 00:00:00","2026-04-21 00:00:00","Last 1v1 Payment","20260421","STANDARD - Re-engagement & Habit Building","0"
"3063","61919234","EGSS-ahmedshoukry","ME-EGSS10","MEKSA-EGSS01","围场外","outside pool","1","9","1-3 Classes (Low)","2026-05-10 00:00:00","2026-05-10 00:00:00","Last 1v1 Payment","20260510","STANDARD - Re-engagement & Habit Building","0"
"3083","61837528","EGSS-mahmoudkhamis","ME-EGSS10","MEKSA-EGSS01","围场外","outside pool","1","0","1-3 Classes (Low)","2026-05-31 00:00:00","2026-05-31 00:00:00","Last 1v1 Payment","20260531","STANDARD - Re-engagement & Habit Building","0"
"3093","62887484","EGSS-mahmoudkhamis","ME-EGSS10","MEKSA-EGSS01","围场外","outside pool","1","7","1-3 Classes (Low)","2026-06-17 00:00:00","2026-06-17 00:00:00","Last 1v1 Payment","20260617","STANDARD - Re-engagement & Habit Building","0"
"3096","60904055","EGSS-abdelrhmanshehata","ME-EGSS10","MEKSA-EGSS01","围场外","outside pool","1","9","1-3 Classes (Low)","2026-06-28 00:00:00","2026-06-28 00:00:00","Last 1v1 Payment","20260628","STANDARD - Re-engagement & Habit Building","0"
"3121","62523142","EGSS-mahmoudkhamis","ME-EGSS10","MEKSA-EGSS01","围场外","outside pool","1","11","1-3 Classes (Low)","2026-07-22 00:00:00","2026-07-22 00:00:00","Last 1v1 Payment","20260722","STANDARD - Re-engagement & Habit Building","0"
"3124","63639212","EGSS-mahmoudkhamis","ME-EGSS10","MEKSA-EGSS01","围场外","outside pool","1","9","1-3 Classes (Low)","2026-07-26 00:00:00","2026-07-26 00:00:00","CRM System Outreach","-","STANDARD - Re-engagement & Habit Building","0"
"3144","60760718","EGSS-abdelrhmanshehata","ME-EGSS10","MEKSA-EGSS01","围场外","outside pool","1","1","1-3 Classes (Low)","2026-08-08 00:00:00","2026-08-08 00:00:00","Last 1v1 Payment","20260808","STANDARD - Re-engagement & Habit Building","0"
"3180","61983513","EGSS-mahmoudkhamis","ME-EGSS10","MEKSA-EGSS01","围场外","outside pool","1","9","1-3 Classes (Low)","2026-09-06 00:00:00","2026-09-06 00:00:00","Last 1v1 Payment","20260906","STANDARD - Re-engagement & Habit Building","0"
"3182","62378896","EGSS-ahmedshoukry","ME-EGSS10","MEKSA-EGSS01","到期","Exp Non-0","1","7","1-3 Classes (Low)","2026-09-06 00:00:00","2026-09-06 00:00:00","Last 1v1 Payment","20260906","STANDARD - Re-engagement & Habit Building","0"
"3186","61529193","EGSS-mahmoudkhamis","ME-EGSS10","MEKSA-EGSS01","围场外","outside pool","1","6","1-3 Classes (Low)","2026-09-17 00:00:00","2026-09-17 00:00:00","Last 1v1 Payment","20260917","STANDARD - Re-engagement & Habit Building","0"
"3188","62400637","EGSS-ahmedshoukry","ME-EGSS10","MEKSA-EGSS01","围场外","outside pool","1","11","1-3 Classes (Low)","2026-09-19 00:00:00","2026-09-19 00:00:00","Last 1v1 Payment","20260919","STANDARD - Re-engagement & Habit Building","0"
"3195","63265206","EGSS-mahmoudkhamis","ME-EGSS10","MEKSA-EGSS01","到期","Exp Non-0","1","6","1-3 Classes (Low)","2026-09-29 12:33:23","2026-09-29 12:33:23","SOP Completed Touch","-","STANDARD - Re-engagement & Habit Building","0"
"3202","60475775","EGSS-ahmedshoukry","ME-EGSS10","MEKSA-EGSS01","围场外","outside pool","1","2","1-3 Classes (Low)","2026-09-30 00:00:00","2026-09-30 00:00:00","Last 1v1 Payment","20260930","STANDARD - Re-engagement & Habit Building","0"
"3203","61962604","EGSS-ahmedshoukry","ME-EGSS10","MEKSA-EGSS01","到期","Exp Non-0","1","22","1-3 Classes (Low)","2026-09-30 11:57:21","2026-09-30 11:57:21","SOP Completed Touch","20260407","STANDARD - Re-engagement & Habit Building","0"
"3216","63647101","EGSS-ahmedshoukry","ME-EGSS10","MEKSA-EGSS01","围场外","outside pool","1","0","1-3 Classes (Low)","2026-10-01 16:14:36","2026-10-01 16:14:36","SOP Completed Touch","-","STANDARD - Re-engagement & Habit Building","0"
"3235","61664150","EGSS-ahmedshoukry","ME-EGSS10","MEKSA-EGSS01","升舱","Upgrade M2","1","7","1-3 Classes (Low)","2026-10-03 15:37:58","2026-10-03 15:37:58","SOP Completed Touch","-","STANDARD - Re-engagement & Habit Building","0"
"3242","62556182","EGSS-mahmoudkhamis","ME-EGSS10","MEKSA-EGSS01","围场外","outside pool","1","7","1-3 Classes (Low)","2026-10-04 11:08:14","2026-10-04 11:08:14","SOP Task Assigned","-","STANDARD - Re-engagement & Habit Building","0"
"3258","60474847","EGSS-abdelrhmanshehata","ME-EGSS10","MEKSA-EGSS01","围场外","outside pool","1","11","1-3 Classes (Low)","2026-10-06 12:52:23","2026-10-06 12:52:23","SOP Completed Touch","20260313","STANDARD - Re-engagement & Habit Building","0"
"3263","63164709","EGSS-mahmoudkhamis","ME-EGSS10","MEKSA-EGSS01","到期","Exp Non-0","1","9","1-3 Classes (Low)","2026-10-06 16:44:24","2026-10-06 16:44:24","SOP Completed Touch","-","STANDARD - Re-engagement & Habit Building","0"
"3272","63424787","EGSS-abdelrhmanshehata","ME-EGSS10","MEKSA-EGSS01","围场外","outside pool","1","11","1-3 Classes (Low)","2026-10-07 11:21:50","2026-10-07 11:21:50","SOP Task Assigned","-","STANDARD - Re-engagement & Habit Building","0"
"3276","59198723","EGSS-mahmoudkhamis","ME-EGSS10","MEKSA-EGSS01","围场外","outside pool","1","8","1-3 Classes (Low)","2026-10-07 11:58:20","2026-10-07 11:58:20","SOP Completed Touch","20260222","STANDARD - Re-engagement & Habit Building","0"
"3280","60205923","EGSS-ahmedshoukry","ME-EGSS10","MEKSA-EGSS01","围场外","outside pool","1","10","1-3 Classes (Low)","2026-10-07 13:42:02","2026-10-07 13:42:02","SOP Completed Touch","20260418","STANDARD - Re-engagement & Habit Building","0"
"3282","61875874","EGSS-ahmedshoukry","ME-EGSS10","MEKSA-EGSS01","围场外","outside pool","1","12","1-3 Classes (Low)","2026-10-07 13:55:06","2026-10-07 13:55:06","SOP Completed Touch","20260124","STANDARD - Re-engagement & Habit Building","0"
"3284","64370563","EGSS-ahmedshoukry","ME-EGSS10","MEKSA-EGSS01","围场外","outside pool","1","17","1-3 Classes (Low)","2026-10-07 14:16:36","2026-10-07 14:16:36","SOP Completed Touch","-","STANDARD - Re-engagement & Habit Building","0"
"3321","58811104","EGSS-abdelrhmanshehata","ME-EGSS10","MEKSA-EGSS01","围场外","outside pool","0","0","0 Classes (Dormant)","1970-01-01 00:00:00","No Connection Recorded","No Recorded Connection","-","REACTIVATION - Dormant Student Win-Back","0"
"3334","58793238","EGSS-abdelrhmanshehata","ME-EGSS10","MEKSA-EGSS01","围场外","outside pool","0","0","0 Classes (Dormant)","1970-01-01 00:00:00","No Connection Recorded","No Recorded Connection","-","REACTIVATION - Dormant Student Win-Back","0"
"3345","58661585","EGSS-abdelrhmanshehata","ME-EGSS10","MEKSA-EGSS01","围场外","outside pool","0","0","0 Classes (Dormant)","1970-01-01 00:00:00","No Connection Recorded","No Recorded Connection","-","REACTIVATION - Dormant Student Win-Back","0"
"3347","58778143","EGSS-abdelrhmanshehata","ME-EGSS10","MEKSA-EGSS01","围场外","outside pool","0","0","0 Classes (Dormant)","1970-01-01 00:00:00","No Connection Recorded","No Recorded Connection","-","REACTIVATION - Dormant Student Win-Back","0"
"3355","58505600","EGSS-abdelrhmanshehata","ME-EGSS10","MEKSA-EGSS01","围场外","outside pool","0","0","0 Classes (Dormant)","1970-01-01 00:00:00","No Connection Recorded","No Recorded Connection","-","REACTIVATION - Dormant Student Win-Back","0"
"3356","58457122","EGSS-abdelrhmanshehata","ME-EGSS10","MEKSA-EGSS01","围场外","outside pool","0","0","0 Classes (Dormant)","1970-01-01 00:00:00","No Connection Recorded","No Recorded Connection","-","REACTIVATION - Dormant Student Win-Back","0"
"3385","58453737","EGSS-abdelrhmanshehata","ME-EGSS10","MEKSA-EGSS01","围场外","outside pool","0","0","0 Classes (Dormant)","1970-01-01 00:00:00","No Connection Recorded","No Recorded Connection","-","REACTIVATION - Dormant Student Win-Back","0"
"3413","59209102","EGSS-abdelrhmanshehata","ME-EGSS10","MEKSA-EGSS01","围场外","outside pool","0","0","0 Classes (Dormant)","1970-01-01 00:00:00","No Connection Recorded","No Recorded Connection","-","REACTIVATION - Dormant Student Win-Back","0"
"3693","57841985","EGSS-abdelrhmanshehata","ME-EGSS10","MEKSA-EGSS01","到期","Exp Non-0","0","0","0 Classes (Dormant)","1970-01-01 00:00:00","No Connection Recorded","No Recorded Connection","-","REACTIVATION - Dormant Student Win-Back","0"
"3710","62556539","EGSS-ahmedshoukry","ME-EGSS10","MEKSA-EGSS01","围场外","outside pool","0","0","0 Classes (Dormant)","1970-01-01 00:00:00","No Connection Recorded","No Recorded Connection","-","REACTIVATION - Dormant Student Win-Back","0"
"3711","62568591","EGSS-ahmedshoukry","ME-EGSS10","MEKSA-EGSS01","首单到期","FOE Non-0","0","0","0 Classes (Dormant)","1970-01-01 00:00:00","No Connection Recorded","No Recorded Connection","-","REACTIVATION - Dormant Student Win-Back","0"
"3712","62498773","EGSS-ahmedshoukry","ME-EGSS10","MEKSA-EGSS01","到期","Exp Non-0","0","0","0 Classes (Dormant)","1970-01-01 00:00:00","No Connection Recorded","No Recorded Connection","-","REACTIVATION - Dormant Student Win-Back","0"
"3713","62555698","EGSS-ahmedshoukry","ME-EGSS10","MEKSA-EGSS01","到期","Exp Non-0","0","0","0 Classes (Dormant)","1970-01-01 00:00:00","No Connection Recorded","No Recorded Connection","-","REACTIVATION - Dormant Student Win-Back","0"
"3714","62629969","EGSS-ahmedshoukry","ME-EGSS10","MEKSA-EGSS01","首单到期","FOE 0-cr","0","0","0 Classes (Dormant)","1970-01-01 00:00:00","No Connection Recorded","No Recorded Connection","-","REACTIVATION - Dormant Student Win-Back","0"
"3715","62630638","EGSS-ahmedshoukry","ME-EGSS10","MEKSA-EGSS01","到期","Exp 0-cr","0","0","0 Classes (Dormant)","1970-01-01 00:00:00","No Connection Recorded","No Recorded Connection","-","REACTIVATION - Dormant Student Win-Back","0"
"3716","62603624","EGSS-ahmedshoukry","ME-EGSS10","MEKSA-EGSS01","到期","Exp Non-0","0","0","0 Classes (Dormant)","1970-01-01 00:00:00","No Connection Recorded","No Recorded Connection","-","REACTIVATION - Dormant Student Win-Back","0"
"3718","62496791","EGSS-ahmedshoukry","ME-EGSS10","MEKSA-EGSS01","到期","Exp 0-cr","0","0","0 Classes (Dormant)","1970-01-01 00:00:00","No Connection Recorded","No Recorded Connection","-","REACTIVATION - Dormant Student Win-Back","0"
"3719","62476509","EGSS-ahmedshoukry","ME-EGSS10","MEKSA-EGSS01","首单到期","FOE 0-cr","0","0","0 Classes (Dormant)","1970-01-01 00:00:00","No Connection Recorded","No Recorded Connection","-","REACTIVATION - Dormant Student Win-Back","0"
"3720","62477210","EGSS-ahmedshoukry","ME-EGSS10","MEKSA-EGSS01","首单到期","FOE Non-0","0","0","0 Classes (Dormant)","1970-01-01 00:00:00","No Connection Recorded","No Recorded Connection","-","REACTIVATION - Dormant Student Win-Back","0"
"3721","62456727","EGSS-ahmedshoukry","ME-EGSS10","MEKSA-EGSS01","到期","Exp Non-0","0","0","0 Classes (Dormant)","1970-01-01 00:00:00","No Connection Recorded","No Recorded Connection","-","REACTIVATION - Dormant Student Win-Back","0"
"3723","62491239","EGSS-ahmedshoukry","ME-EGSS10","MEKSA-EGSS01","首单到期","FOE Non-0","0","0","0 Classes (Dormant)","1970-01-01 00:00:00","No Connection Recorded","No Recorded Connection","-","REACTIVATION - Dormant Student Win-Back","0"
"3724","62495085","EGSS-ahmedshoukry","ME-EGSS10","MEKSA-EGSS01","到期","Exp 0-cr","0","0","0 Classes (Dormant)","1970-01-01 00:00:00","No Connection Recorded","No Recorded Connection","-","REACTIVATION - Dormant Student Win-Back","0"
"3725","62478533","EGSS-ahmedshoukry","ME-EGSS10","MEKSA-EGSS01","到期","Exp Non-0","0","0","0 Classes (Dormant)","1970-01-01 00:00:00","No Connection Recorded","No Recorded Connection","-","REACTIVATION - Dormant Student Win-Back","0"
"3726","62483376","EGSS-ahmedshoukry","ME-EGSS10","MEKSA-EGSS01","到期","Exp Non-0","0","0","0 Classes (Dormant)","1970-01-01 00:00:00","No Connection Recorded","No Recorded Connection","-","REACTIVATION - Dormant Student Win-Back","0"
"3727","62630645","EGSS-ahmedshoukry","ME-EGSS10","MEKSA-EGSS01","到期","Exp 0-cr","0","0","0 Classes (Dormant)","1970-01-01 00:00:00","No Connection Recorded","No Recorded Connection","-","REACTIVATION - Dormant Student Win-Back","0"
"3732","63316699","EGSS-ahmedshoukry","ME-EGSS10","MEKSA-EGSS01","到期","Exp Non-0","0","0","0 Classes (Dormant)","1970-01-01 00:00:00","No Connection Recorded","No Recorded Connection","-","REACTIVATION - Dormant Student Win-Back","0"
"3734","63180951","EGSS-ahmedshoukry","ME-EGSS10","MEKSA-EGSS01","到期","Exp Non-0","0","0","0 Classes (Dormant)","1970-01-01 00:00:00","No Connection Recorded","No Recorded Connection","-","REACTIVATION - Dormant Student Win-Back","0"
"3738","62796312","EGSS-ahmedshoukry","ME-EGSS10","MEKSA-EGSS01","首单到期","FOE 0-cr","0","0","0 Classes (Dormant)","1970-01-01 00:00:00","No Connection Recorded","No Recorded Connection","-","REACTIVATION - Dormant Student Win-Back","0"
"3739","62636041","EGSS-ahmedshoukry","ME-EGSS10","MEKSA-EGSS01","到期","Exp Non-0","0","6","0 Classes (Dormant)","1970-01-01 00:00:00","No Connection Recorded","No Recorded Connection","-","REACTIVATION - Dormant Student Win-Back","0"
"3740","62652479","EGSS-ahmedshoukry","ME-EGSS10","MEKSA-EGSS01","首单到期","FOE Non-0","0","0","0 Classes (Dormant)","1970-01-01 00:00:00","No Connection Recorded","No Recorded Connection","-","REACTIVATION - Dormant Student Win-Back","0"
"3742","62961966","EGSS-ahmedshoukry","ME-EGSS10","MEKSA-EGSS01","到期","Exp 0-cr","0","0","0 Classes (Dormant)","1970-01-01 00:00:00","No Connection Recorded","No Recorded Connection","-","REACTIVATION - Dormant Student Win-Back","0"
"3744","62869718","EGSS-ahmedshoukry","ME-EGSS10","MEKSA-EGSS01","到期","Exp Non-0","0","0","0 Classes (Dormant)","1970-01-01 00:00:00","No Connection Recorded","No Recorded Connection","-","REACTIVATION - Dormant Student Win-Back","0"
"3748","62028525","EGSS-ahmedshoukry","ME-EGSS10","MEKSA-EGSS01","到期","Exp Non-0","0","0","0 Classes (Dormant)","1970-01-01 00:00:00","No Connection Recorded","No Recorded Connection","-","REACTIVATION - Dormant Student Win-Back","0"
"3750","62149731","EGSS-ahmedshoukry","ME-EGSS10","MEKSA-EGSS01","首单到期","FOE 0-cr","0","0","0 Classes (Dormant)","1970-01-01 00:00:00","No Connection Recorded","No Recorded Connection","-","REACTIVATION - Dormant Student Win-Back","0"
"3751","62122533","EGSS-ahmedshoukry","ME-EGSS10","MEKSA-EGSS01","到期","Exp Non-0","0","0","0 Classes (Dormant)","1970-01-01 00:00:00","No Connection Recorded","No Recorded Connection","-","REACTIVATION - Dormant Student Win-Back","0"
"3754","61941826","EGSS-ahmedshoukry","ME-EGSS10","MEKSA-EGSS01","首单到期","FOE 0-cr","0","0","0 Classes (Dormant)","1970-01-01 00:00:00","No Connection Recorded","No Recorded Connection","-","REACTIVATION - Dormant Student Win-Back","0"
"3755","61946327","EGSS-ahmedshoukry","ME-EGSS10","MEKSA-EGSS01","首单到期","FOE Non-0","0","0","0 Classes (Dormant)","1970-01-01 00:00:00","No Connection Recorded","No Recorded Connection","-","REACTIVATION - Dormant Student Win-Back","0"
"3757","61941732","EGSS-ahmedshoukry","ME-EGSS10","MEKSA-EGSS01","围场外","outside pool","0","0","0 Classes (Dormant)","1970-01-01 00:00:00","No Connection Recorded","No Recorded Connection","-","REACTIVATION - Dormant Student Win-Back","0"
"3762","62160583","EGSS-ahmedshoukry","ME-EGSS10","MEKSA-EGSS01","到期","Exp Non-0","0","0","0 Classes (Dormant)","1970-01-01 00:00:00","No Connection Recorded","No Recorded Connection","-","REACTIVATION - Dormant Student Win-Back","0"
"3763","62378470","EGSS-ahmedshoukry","ME-EGSS10","MEKSA-EGSS01","首单到期","FOE Non-0","0","0","0 Classes (Dormant)","1970-01-01 00:00:00","No Connection Recorded","No Recorded Connection","-","REACTIVATION - Dormant Student Win-Back","0"
"3766","62337672","EGSS-ahmedshoukry","ME-EGSS10","MEKSA-EGSS01","围场外","outside pool","0","0","0 Classes (Dormant)","1970-01-01 00:00:00","No Connection Recorded","No Recorded Connection","-","REACTIVATION - Dormant Student Win-Back","0"
"3767","62423141","EGSS-ahmedshoukry","ME-EGSS10","MEKSA-EGSS01","首单到期","FOE Non-0","0","0","0 Classes (Dormant)","1970-01-01 00:00:00","No Connection Recorded","No Recorded Connection","-","REACTIVATION - Dormant Student Win-Back","0"
"3768","62425391","EGSS-ahmedshoukry","ME-EGSS10","MEKSA-EGSS01","围场外","outside pool","0","0","0 Classes (Dormant)","1970-01-01 00:00:00","No Connection Recorded","No Recorded Connection","-","REACTIVATION - Dormant Student Win-Back","0"
"3770","62401932","EGSS-ahmedshoukry","ME-EGSS10","MEKSA-EGSS01","围场外","outside pool","0","0","0 Classes (Dormant)","1970-01-01 00:00:00","No Connection Recorded","No Recorded Connection","-","REACTIVATION - Dormant Student Win-Back","0"
"3772","62217647","EGSS-ahmedshoukry","ME-EGSS10","MEKSA-EGSS01","首单到期","FOE 0-cr","0","0","0 Classes (Dormant)","1970-01-01 00:00:00","No Connection Recorded","No Recorded Connection","-","REACTIVATION - Dormant Student Win-Back","0"
"3774","62160804","EGSS-ahmedshoukry","ME-EGSS10","MEKSA-EGSS01","围场外","outside pool","0","0","0 Classes (Dormant)","1970-01-01 00:00:00","No Connection Recorded","No Recorded Connection","-","REACTIVATION - Dormant Student Win-Back","0"
"3775","62199258","EGSS-ahmedshoukry","ME-EGSS10","MEKSA-EGSS01","到期","Exp 0-cr","0","0","0 Classes (Dormant)","1970-01-01 00:00:00","No Connection Recorded","No Recorded Connection","-","REACTIVATION - Dormant Student Win-Back","0"
"3777","62320737","EGSS-ahmedshoukry","ME-EGSS10","MEKSA-EGSS01","首单到期","FOE Non-0","0","0","0 Classes (Dormant)","1970-01-01 00:00:00","No Connection Recorded","No Recorded Connection","-","REACTIVATION - Dormant Student Win-Back","0"
"3778","62224449","EGSS-ahmedshoukry","ME-EGSS10","MEKSA-EGSS01","首单到期","FOE Non-0","0","0","0 Classes (Dormant)","1970-01-01 00:00:00","No Connection Recorded","No Recorded Connection","-","REACTIVATION - Dormant Student Win-Back","0"
"3779","62263004","EGSS-ahmedshoukry","ME-EGSS10","MEKSA-EGSS01","首单到期","FOE Non-0","0","0","0 Classes (Dormant)","1970-01-01 00:00:00","No Connection Recorded","No Recorded Connection","-","REACTIVATION - Dormant Student Win-Back","0"
"3782","61617286","EGSS-abdelrhmanshehata","ME-EGSS10","MEKSA-EGSS01","到期","Exp 0-cr","0","0","0 Classes (Dormant)","1970-01-01 00:00:00","No Connection Recorded","No Recorded Connection","-","REACTIVATION - Dormant Student Win-Back","0"
"3786","58456891","EGSS-mahmoudkhamis","ME-EGSS10","MEKSA-EGSS01","到期","Exp Non-0","0","0","0 Classes (Dormant)","1970-01-01 00:00:00","No Connection Recorded","No Recorded Connection","-","REACTIVATION - Dormant Student Win-Back","0"
"3794","61658191","EGSS-abdelrhmanshehata","ME-EGSS10","MEKSA-EGSS01","到期","Exp 0-cr","0","0","0 Classes (Dormant)","1970-01-01 00:00:00","No Connection Recorded","No Recorded Connection","-","REACTIVATION - Dormant Student Win-Back","0"
"3798","58549740","EGSS-mahmoudkhamis","ME-EGSS10","MEKSA-EGSS01","首单到期","FOE Non-0","0","0","0 Classes (Dormant)","1970-01-01 00:00:00","No Connection Recorded","No Recorded Connection","-","REACTIVATION - Dormant Student Win-Back","0"
"3799","60539585","EGSS-mahmoudkhamis","ME-EGSS10","MEKSA-EGSS01","首单到期","FOE 0-cr","0","0","0 Classes (Dormant)","1970-01-01 00:00:00","No Connection Recorded","No Recorded Connection","-","REACTIVATION - Dormant Student Win-Back","0"
"3800","60539639","EGSS-mahmoudkhamis","ME-EGSS10","MEKSA-EGSS01","首单到期","FOE 0-cr","0","0","0 Classes (Dormant)","1970-01-01 00:00:00","No Connection Recorded","No Recorded Connection","-","REACTIVATION - Dormant Student Win-Back","0"
"3801","60439303","EGSS-mahmoudkhamis","ME-EGSS10","MEKSA-EGSS01","首单到期","FOE Non-0","0","0","0 Classes (Dormant)","1970-01-01 00:00:00","No Connection Recorded","No Recorded Connection","-","REACTIVATION - Dormant Student Win-Back","0"
"3802","60511202","EGSS-mahmoudkhamis","ME-EGSS10","MEKSA-EGSS01","首单到期","FOE 0-cr","0","0","0 Classes (Dormant)","1970-01-01 00:00:00","No Connection Recorded","No Recorded Connection","-","REACTIVATION - Dormant Student Win-Back","0"
"3803","60678956","EGSS-mahmoudkhamis","ME-EGSS10","MEKSA-EGSS01","到期","Exp Non-0","0","0","0 Classes (Dormant)","1970-01-01 00:00:00","No Connection Recorded","No Recorded Connection","-","REACTIVATION - Dormant Student Win-Back","0"
"3806","61310771","EGSS-abdelrhmanshehata","ME-EGSS10","MEKSA-EGSS01","首单到期","FOE 0-cr","0","0","0 Classes (Dormant)","1970-01-01 00:00:00","No Connection Recorded","No Recorded Connection","-","REACTIVATION - Dormant Student Win-Back","0"
"3809","59566003","EGSS-mahmoudkhamis","ME-EGSS10","MEKSA-EGSS01","到期","Exp Non-0","0","0","0 Classes (Dormant)","1970-01-01 00:00:00","No Connection Recorded","No Recorded Connection","-","REACTIVATION - Dormant Student Win-Back","0"
"3810","61331666","EGSS-abdelrhmanshehata","ME-EGSS10","MEKSA-EGSS01","首单到期","FOE 0-cr","0","0","0 Classes (Dormant)","1970-01-01 00:00:00","No Connection Recorded","No Recorded Connection","-","REACTIVATION - Dormant Student Win-Back","0"
"3812","59822115","EGSS-mahmoudkhamis","ME-EGSS10","MEKSA-EGSS01","首单到期","FOE Non-0","0","6","0 Classes (Dormant)","1970-01-01 00:00:00","No Connection Recorded","No Recorded Connection","-","REACTIVATION - Dormant Student Win-Back","0"
"3813","60243681","EGSS-mahmoudkhamis","ME-EGSS10","MEKSA-EGSS01","围场外","outside pool","0","0","0 Classes (Dormant)","1970-01-01 00:00:00","No Connection Recorded","No Recorded Connection","-","REACTIVATION - Dormant Student Win-Back","0"
"3831","63453948","EGSS-ahmedshoukry","ME-EGSS10","MEKSA-EGSS01","围场外","outside pool","0","0","0 Classes (Dormant)","1970-01-01 00:00:00","No Connection Recorded","No Recorded Connection","-","REACTIVATION - Dormant Student Win-Back","0"
"3837","61663740","EGSS-abdelrhmanshehata","ME-EGSS10","MEKSA-EGSS01","首单到期","FOE Non-0","0","0","0 Classes (Dormant)","1970-01-01 00:00:00","No Connection Recorded","No Recorded Connection","-","REACTIVATION - Dormant Student Win-Back","0"
"3845","63734706","EGSS-ahmedshoukry","ME-EGSS10","MEKSA-EGSS01","到期","Exp Non-0","0","0","0 Classes (Dormant)","1970-01-01 00:00:00","No Connection Recorded","CRM System Outreach","-","REACTIVATION - Dormant Student Win-Back","0"
"3856","62623201","EGSS-abdelrhmanshehata","ME-EGSS10","MEKSA-EGSS01","首单到期","FOE Non-0","0","0","0 Classes (Dormant)","1970-01-01 00:00:00","No Connection Recorded","No Recorded Connection","-","REACTIVATION - Dormant Student Win-Back","0"
"3858","62627344","EGSS-abdelrhmanshehata","ME-EGSS10","MEKSA-EGSS01","到期","Exp Non-0","0","0","0 Classes (Dormant)","1970-01-01 00:00:00","No Connection Recorded","No Recorded Connection","-","REACTIVATION - Dormant Student Win-Back","0"
"3860","62807927","EGSS-abdelrhmanshehata","ME-EGSS10","MEKSA-EGSS01","到期","Exp Non-0","0","18","0 Classes (Dormant)","1970-01-01 00:00:00","No Connection Recorded","No Recorded Connection","-","REACTIVATION - Dormant Student Win-Back","0"
"3870","62560046","EGSS-abdelrhmanshehata","ME-EGSS10","MEKSA-EGSS01","首单到期","FOE Non-0","0","0","0 Classes (Dormant)","1970-01-01 00:00:00","No Connection Recorded","No Recorded Connection","-","REACTIVATION - Dormant Student Win-Back","0"
"3876","58631084","EGSS-ahmedshoukry","ME-EGSS10","MEKSA-EGSS01","首单到期","FOE 0-cr","0","0","0 Classes (Dormant)","1970-01-01 00:00:00","No Connection Recorded","No Recorded Connection","-","REACTIVATION - Dormant Student Win-Back","0"
"3877","58347148","EGSS-ahmedshoukry","ME-EGSS10","MEKSA-EGSS01","到期","Exp Non-0","0","0","0 Classes (Dormant)","1970-01-01 00:00:00","No Connection Recorded","No Recorded Connection","-","REACTIVATION - Dormant Student Win-Back","0"
"3883","58346785","EGSS-ahmedshoukry","ME-EGSS10","MEKSA-EGSS01","围场外","outside pool","0","0","0 Classes (Dormant)","1970-01-01 00:00:00","No Connection Recorded","No Recorded Connection","-","REACTIVATION - Dormant Student Win-Back","0"
"3886","62894830","EGSS-abdelrhmanshehata","ME-EGSS10","MEKSA-EGSS01","到期","Exp Non-0","0","0","0 Classes (Dormant)","1970-01-01 00:00:00","No Connection Recorded","No Recorded Connection","-","REACTIVATION - Dormant Student Win-Back","0"
"3887","62944827","EGSS-abdelrhmanshehata","ME-EGSS10","MEKSA-EGSS01","到期","Exp Non-0","0","0","0 Classes (Dormant)","1970-01-01 00:00:00","No Connection Recorded","No Recorded Connection","-","REACTIVATION - Dormant Student Win-Back","0"
"3888","62869751","EGSS-abdelrhmanshehata","ME-EGSS10","MEKSA-EGSS01","首单到期","FOE Non-0","0","8","0 Classes (Dormant)","1970-01-01 00:00:00","No Connection Recorded","No Recorded Connection","-","REACTIVATION - Dormant Student Win-Back","0"
"3890","63151548","EGSS-abdelrhmanshehata","ME-EGSS10","MEKSA-EGSS01","到期","Exp Non-0","0","7","0 Classes (Dormant)","1970-01-01 00:00:00","No Connection Recorded","No Recorded Connection","-","REACTIVATION - Dormant Student Win-Back","0"
"3891","63164251","EGSS-abdelrhmanshehata","ME-EGSS10","MEKSA-EGSS01","到期","Exp Non-0","0","7","0 Classes (Dormant)","1970-01-01 00:00:00","No Connection Recorded","No Recorded Connection","-","REACTIVATION - Dormant Student Win-Back","0"
"3892","62970249","EGSS-abdelrhmanshehata","ME-EGSS10","MEKSA-EGSS01","到期","Exp Non-0","0","0","0 Classes (Dormant)","1970-01-01 00:00:00","No Connection Recorded","No Recorded Connection","-","REACTIVATION - Dormant Student Win-Back","0"
"3897","62851914","EGSS-abdelrhmanshehata","ME-EGSS10","MEKSA-EGSS01","到期","Exp 0-cr","0","0","0 Classes (Dormant)","1970-01-01 00:00:00","No Connection Recorded","No Recorded Connection","-","REACTIVATION - Dormant Student Win-Back","0"
"3900","62865688","EGSS-abdelrhmanshehata","ME-EGSS10","MEKSA-EGSS01","到期","Exp Non-0","0","0","0 Classes (Dormant)","1970-01-01 00:00:00","No Connection Recorded","No Recorded Connection","-","REACTIVATION - Dormant Student Win-Back","0"
"3901","62862484","EGSS-abdelrhmanshehata","ME-EGSS10","MEKSA-EGSS01","到期","Exp Non-0","0","5","0 Classes (Dormant)","1970-01-01 00:00:00","No Connection Recorded","No Recorded Connection","-","REACTIVATION - Dormant Student Win-Back","0"
"3909","62812918","EGSS-abdelrhmanshehata","ME-EGSS10","MEKSA-EGSS01","到期","Exp Non-0","0","0","0 Classes (Dormant)","1970-01-01 00:00:00","No Connection Recorded","No Recorded Connection","-","REACTIVATION - Dormant Student Win-Back","0"
"3910","63932127","EGSS-abdelrhmanshehata","ME-EGSS10","MEKSA-EGSS01","围场外","outside pool","0","0","0 Classes (Dormant)","1970-01-01 00:00:00","No Connection Recorded","No Recorded Connection","-","REACTIVATION - Dormant Student Win-Back","0"
"3913","62824416","EGSS-abdelrhmanshehata","ME-EGSS10","MEKSA-EGSS01","到期","Exp Non-0","0","6","0 Classes (Dormant)","1970-01-01 00:00:00","No Connection Recorded","No Recorded Connection","-","REACTIVATION - Dormant Student Win-Back","0"
"3915","62832422","EGSS-abdelrhmanshehata","ME-EGSS10","MEKSA-EGSS01","到期","Exp Non-0","0","0","0 Classes (Dormant)","1970-01-01 00:00:00","No Connection Recorded","No Recorded Connection","-","REACTIVATION - Dormant Student Win-Back","0"
"3922","61427436","EGSS-ahmedshoukry","ME-EGSS10","MEKSA-EGSS01","到期","Exp 0-cr","0","0","0 Classes (Dormant)","1970-01-01 00:00:00","No Connection Recorded","No Recorded Connection","-","REACTIVATION - Dormant Student Win-Back","0"
"3924","61392772","EGSS-ahmedshoukry","ME-EGSS10","MEKSA-EGSS01","首单到期","FOE 0-cr","0","0","0 Classes (Dormant)","1970-01-01 00:00:00","No Connection Recorded","No Recorded Connection","-","REACTIVATION - Dormant Student Win-Back","0"
"3925","61422479","EGSS-ahmedshoukry","ME-EGSS10","MEKSA-EGSS01","到期","Exp Non-0","0","0","0 Classes (Dormant)","1970-01-01 00:00:00","No Connection Recorded","No Recorded Connection","-","REACTIVATION - Dormant Student Win-Back","0"
"3926","61485865","EGSS-ahmedshoukry","ME-EGSS10","MEKSA-EGSS01","首单到期","FOE 0-cr","0","0","0 Classes (Dormant)","1970-01-01 00:00:00","No Connection Recorded","No Recorded Connection","-","REACTIVATION - Dormant Student Win-Back","0"
"3927","61513662","EGSS-ahmedshoukry","ME-EGSS10","MEKSA-EGSS01","首单到期","FOE 0-cr","0","0","0 Classes (Dormant)","1970-01-01 00:00:00","No Connection Recorded","No Recorded Connection","-","REACTIVATION - Dormant Student Win-Back","0"
"3928","61457321","EGSS-ahmedshoukry","ME-EGSS10","MEKSA-EGSS01","到期","Exp 0-cr","0","0","0 Classes (Dormant)","1970-01-01 00:00:00","No Connection Recorded","No Recorded Connection","-","REACTIVATION - Dormant Student Win-Back","0"
"3929","61464984","EGSS-ahmedshoukry","ME-EGSS10","MEKSA-EGSS01","到期","Exp 0-cr","0","0","0 Classes (Dormant)","1970-01-01 00:00:00","No Connection Recorded","No Recorded Connection","-","REACTIVATION - Dormant Student Win-Back","0"
"3932","61216363","EGSS-ahmedshoukry","ME-EGSS10","MEKSA-EGSS01","首单到期","FOE 0-cr","0","0","0 Classes (Dormant)","1970-01-01 00:00:00","No Connection Recorded","No Recorded Connection","-","REACTIVATION - Dormant Student Win-Back","0"
"3934","61141245","EGSS-ahmedshoukry","ME-EGSS10","MEKSA-EGSS01","首单到期","FOE 0-cr","0","0","0 Classes (Dormant)","1970-01-01 00:00:00","No Connection Recorded","No Recorded Connection","-","REACTIVATION - Dormant Student Win-Back","0"
"3935","61331661","EGSS-ahmedshoukry","ME-EGSS10","MEKSA-EGSS01","首单到期","FOE Non-0","0","0","0 Classes (Dormant)","1970-01-01 00:00:00","No Connection Recorded","No Recorded Connection","-","REACTIVATION - Dormant Student Win-Back","0"
"3936","61338197","EGSS-ahmedshoukry","ME-EGSS10","MEKSA-EGSS01","首单到期","FOE 0-cr","0","0","0 Classes (Dormant)","1970-01-01 00:00:00","No Connection Recorded","No Recorded Connection","-","REACTIVATION - Dormant Student Win-Back","0"
"3937","61286142","EGSS-ahmedshoukry","ME-EGSS10","MEKSA-EGSS01","首单到期","FOE 0-cr","0","0","0 Classes (Dormant)","1970-01-01 00:00:00","No Connection Recorded","No Recorded Connection","-","REACTIVATION - Dormant Student Win-Back","0"
"3938","61302951","EGSS-ahmedshoukry","ME-EGSS10","MEKSA-EGSS01","首单到期","FOE 0-cr","0","0","0 Classes (Dormant)","1970-01-01 00:00:00","No Connection Recorded","No Recorded Connection","-","REACTIVATION - Dormant Student Win-Back","0"
"3939","61618855","EGSS-ahmedshoukry","ME-EGSS10","MEKSA-EGSS01","首单到期","FOE 0-cr","0","0","0 Classes (Dormant)","1970-01-01 00:00:00","No Connection Recorded","No Recorded Connection","-","REACTIVATION - Dormant Student Win-Back","0"
"3940","61851362","EGSS-ahmedshoukry","ME-EGSS10","MEKSA-EGSS01","到期","Exp 0-cr","0","0","0 Classes (Dormant)","1970-01-01 00:00:00","No Connection Recorded","No Recorded Connection","-","REACTIVATION - Dormant Student Win-Back","0"
"3941","61855576","EGSS-ahmedshoukry","ME-EGSS10","MEKSA-EGSS01","到期","Exp 0-cr","0","0","0 Classes (Dormant)","1970-01-01 00:00:00","No Connection Recorded","No Recorded Connection","-","REACTIVATION - Dormant Student Win-Back","0"
"3943","61837241","EGSS-ahmedshoukry","ME-EGSS10","MEKSA-EGSS01","围场外","outside pool","0","0","0 Classes (Dormant)","1970-01-01 00:00:00","No Connection Recorded","No Recorded Connection","-","REACTIVATION - Dormant Student Win-Back","0"
"3944","61909273","EGSS-ahmedshoukry","ME-EGSS10","MEKSA-EGSS01","首单到期","FOE Non-0","0","0","0 Classes (Dormant)","1970-01-01 00:00:00","No Connection Recorded","No Recorded Connection","-","REACTIVATION - Dormant Student Win-Back","0"
"3948","61829425","EGSS-ahmedshoukry","ME-EGSS10","MEKSA-EGSS01","围场外","outside pool","0","0","0 Classes (Dormant)","1970-01-01 00:00:00","No Connection Recorded","No Recorded Connection","-","REACTIVATION - Dormant Student Win-Back","0"
"3949","61958507","EGSS-abdelrhmanshehata","ME-EGSS10","MEKSA-EGSS01","围场外","outside pool","0","0","0 Classes (Dormant)","1970-01-01 00:00:00","No Connection Recorded","No Recorded Connection","-","REACTIVATION - Dormant Student Win-Back","0"
"3951","61683082","EGSS-ahmedshoukry","ME-EGSS10","MEKSA-EGSS01","首单到期","FOE Non-0","0","0","0 Classes (Dormant)","1970-01-01 00:00:00","No Connection Recorded","No Recorded Connection","-","REACTIVATION - Dormant Student Win-Back","0"
"3952","61773295","EGSS-ahmedshoukry","ME-EGSS10","MEKSA-EGSS01","首单到期","FOE Non-0","0","0","0 Classes (Dormant)","1970-01-01 00:00:00","No Connection Recorded","No Recorded Connection","-","REACTIVATION - Dormant Student Win-Back","0"
"3953","61790301","EGSS-ahmedshoukry","ME-EGSS10","MEKSA-EGSS01","到期","Exp Non-0","0","0","0 Classes (Dormant)","1970-01-01 00:00:00","No Connection Recorded","No Recorded Connection","-","REACTIVATION - Dormant Student Win-Back","0"
"3956","61785860","EGSS-ahmedshoukry","ME-EGSS10","MEKSA-EGSS01","到期","Exp Non-0","0","0","0 Classes (Dormant)","1970-01-01 00:00:00","No Connection Recorded","No Recorded Connection","-","REACTIVATION - Dormant Student Win-Back","0"
"3957","62387246","EGSS-abdelrhmanshehata","ME-EGSS10","MEKSA-EGSS01","到期","Exp 0-cr","0","0","0 Classes (Dormant)","1970-01-01 00:00:00","No Connection Recorded","No Recorded Connection","-","REACTIVATION - Dormant Student Win-Back","0"
"3960","62392112","EGSS-abdelrhmanshehata","ME-EGSS10","MEKSA-EGSS01","围场外","outside pool","0","0","0 Classes (Dormant)","1970-01-01 00:00:00","No Connection Recorded","No Recorded Connection","-","REACTIVATION - Dormant Student Win-Back","0"
"3961","59823261","EGSS-ahmedshoukry","ME-EGSS10","MEKSA-EGSS01","到期","Exp 0-cr","0","0","0 Classes (Dormant)","1970-01-01 00:00:00","No Connection Recorded","No Recorded Connection","-","REACTIVATION - Dormant Student Win-Back","0"
"3964","62255656","EGSS-abdelrhmanshehata","ME-EGSS10","MEKSA-EGSS01","首单到期","FOE Non-0","0","0","0 Classes (Dormant)","1970-01-01 00:00:00","No Connection Recorded","No Recorded Connection","-","REACTIVATION - Dormant Student Win-Back","0"
"3965","59216168","EGSS-ahmedshoukry","ME-EGSS10","MEKSA-EGSS01","到期","Exp Non-0","0","16","0 Classes (Dormant)","1970-01-01 00:00:00","No Connection Recorded","No Recorded Connection","-","REACTIVATION - Dormant Student Win-Back","0"
"3967","58812837","EGSS-ahmedshoukry","ME-EGSS10","MEKSA-EGSS01","到期","Exp Non-0","0","0","0 Classes (Dormant)","1970-01-01 00:00:00","No Connection Recorded","No Recorded Connection","-","REACTIVATION - Dormant Student Win-Back","0"
"3973","58973263","EGSS-ahmedshoukry","ME-EGSS10","MEKSA-EGSS01","首单到期","FOE 0-cr","0","0","0 Classes (Dormant)","1970-01-01 00:00:00","No Connection Recorded","No Recorded Connection","-","REACTIVATION - Dormant Student Win-Back","0"
"3974","60092612","EGSS-ahmedshoukry","ME-EGSS10","MEKSA-EGSS01","首单到期","FOE Non-0","0","0","0 Classes (Dormant)","1970-01-01 00:00:00","No Connection Recorded","No Recorded Connection","-","REACTIVATION - Dormant Student Win-Back","0"
"3978","60668857","EGSS-ahmedshoukry","ME-EGSS10","MEKSA-EGSS01","到期","Exp Non-0","0","0","0 Classes (Dormant)","1970-01-01 00:00:00","No Connection Recorded","No Recorded Connection","-","REACTIVATION - Dormant Student Win-Back","0"
"3979","60977757","EGSS-ahmedshoukry","ME-EGSS10","MEKSA-EGSS01","首单到期","FOE Non-0","0","0","0 Classes (Dormant)","1970-01-01 00:00:00","No Connection Recorded","No Recorded Connection","-","REACTIVATION - Dormant Student Win-Back","0"
"3982","60919238","EGSS-ahmedshoukry","ME-EGSS10","MEKSA-EGSS01","首单到期","FOE Non-0","0","0","0 Classes (Dormant)","1970-01-01 00:00:00","No Connection Recorded","No Recorded Connection","-","REACTIVATION - Dormant Student Win-Back","0"
"3988","60405276","EGSS-ahmedshoukry","ME-EGSS10","MEKSA-EGSS01","到期","Exp 0-cr","0","0","0 Classes (Dormant)","1970-01-01 00:00:00","No Connection Recorded","No Recorded Connection","-","REACTIVATION - Dormant Student Win-Back","0"
"3991","60349376","EGSS-ahmedshoukry","ME-EGSS10","MEKSA-EGSS01","围场外","outside pool","0","0","0 Classes (Dormant)","1970-01-01 00:00:00","No Connection Recorded","No Recorded Connection","-","REACTIVATION - Dormant Student Win-Back","0"
"3992","62596340","EGSS-mahmoudkhamis","ME-EGSS10","MEKSA-EGSS01","到期","Exp Non-0","0","0","0 Classes (Dormant)","1970-01-01 00:00:00","No Connection Recorded","No Recorded Connection","-","REACTIVATION - Dormant Student Win-Back","0"
"3995","62596506","EGSS-mahmoudkhamis","ME-EGSS10","MEKSA-EGSS01","到期","Exp Non-0","0","0","0 Classes (Dormant)","1970-01-01 00:00:00","No Connection Recorded","No Recorded Connection","-","REACTIVATION - Dormant Student Win-Back","0"
"3997","62600095","EGSS-mahmoudkhamis","ME-EGSS10","MEKSA-EGSS01","到期","Exp Non-0","0","8","0 Classes (Dormant)","1970-01-01 00:00:00","No Connection Recorded","No Recorded Connection","-","REACTIVATION - Dormant Student Win-Back","0"
"3999","62575176","EGSS-mahmoudkhamis","ME-EGSS10","MEKSA-EGSS01","首单到期","FOE 0-cr","0","0","0 Classes (Dormant)","1970-01-01 00:00:00","No Connection Recorded","No Recorded Connection","-","REACTIVATION - Dormant Student Win-Back","0"
"4000","62481887","EGSS-mahmoudkhamis","ME-EGSS10","MEKSA-EGSS01","到期","Exp Non-0","0","0","0 Classes (Dormant)","1970-01-01 00:00:00","No Connection Recorded","No Recorded Connection","-","REACTIVATION - Dormant Student Win-Back","0"
"4001","60614812","EGSS-abdelrhmanshehata","ME-EGSS10","MEKSA-EGSS01","到期","Exp Non-0","0","0","0 Classes (Dormant)","1970-01-01 00:00:00","No Connection Recorded","No Recorded Connection","-","REACTIVATION - Dormant Student Win-Back","0"
"4003","62482105","EGSS-mahmoudkhamis","ME-EGSS10","MEKSA-EGSS01","到期","Exp Non-0","0","8","0 Classes (Dormant)","1970-01-01 00:00:00","No Connection Recorded","No Recorded Connection","-","REACTIVATION - Dormant Student Win-Back","0"
"4006","62501302","EGSS-mahmoudkhamis","ME-EGSS10","MEKSA-EGSS01","首单到期","FOE Non-0","0","0","0 Classes (Dormant)","1970-01-01 00:00:00","No Connection Recorded","No Recorded Connection","-","REACTIVATION - Dormant Student Win-Back","0"
"4007","62818577","EGSS-mahmoudkhamis","ME-EGSS10","MEKSA-EGSS01","首单到期","FOE Non-0","0","0","0 Classes (Dormant)","1970-01-01 00:00:00","No Connection Recorded","No Recorded Connection","-","REACTIVATION - Dormant Student Win-Back","0"
"4010","62835040","EGSS-mahmoudkhamis","ME-EGSS10","MEKSA-EGSS01","围场外","outside pool","0","0","0 Classes (Dormant)","1970-01-01 00:00:00","No Connection Recorded","No Recorded Connection","-","REACTIVATION - Dormant Student Win-Back","0"
"4016","62603217","EGSS-mahmoudkhamis","ME-EGSS10","MEKSA-EGSS01","首单到期","FOE Non-0","0","0","0 Classes (Dormant)","1970-01-01 00:00:00","No Connection Recorded","No Recorded Connection","-","REACTIVATION - Dormant Student Win-Back","0"
"4017","62603095","EGSS-mahmoudkhamis","ME-EGSS10","MEKSA-EGSS01","首单到期","FOE Non-0","0","0","0 Classes (Dormant)","1970-01-01 00:00:00","No Connection Recorded","No Recorded Connection","-","REACTIVATION - Dormant Student Win-Back","0"
"4019","62660317","EGSS-mahmoudkhamis","ME-EGSS10","MEKSA-EGSS01","首单到期","FOE 0-cr","0","0","0 Classes (Dormant)","1970-01-01 00:00:00","No Connection Recorded","No Recorded Connection","-","REACTIVATION - Dormant Student Win-Back","0"
"4022","62217331","EGSS-mahmoudkhamis","ME-EGSS10","MEKSA-EGSS01","首单到期","FOE 0-cr","0","0","0 Classes (Dormant)","1970-01-01 00:00:00","No Connection Recorded","No Recorded Connection","-","REACTIVATION - Dormant Student Win-Back","0"
"4024","62174278","EGSS-mahmoudkhamis","ME-EGSS10","MEKSA-EGSS01","到期","Exp 0-cr","0","0","0 Classes (Dormant)","1970-01-01 00:00:00","No Connection Recorded","No Recorded Connection","-","REACTIVATION - Dormant Student Win-Back","0"
"4025","62217342","EGSS-mahmoudkhamis","ME-EGSS10","MEKSA-EGSS01","首单到期","FOE 0-cr","0","0","0 Classes (Dormant)","1970-01-01 00:00:00","No Connection Recorded","No Recorded Connection","-","REACTIVATION - Dormant Student Win-Back","0"
"4026","62275624","EGSS-mahmoudkhamis","ME-EGSS10","MEKSA-EGSS01","首单到期","FOE 0-cr","0","0","0 Classes (Dormant)","1970-01-01 00:00:00","No Connection Recorded","No Recorded Connection","-","REACTIVATION - Dormant Student Win-Back","0"
"4027","62241615","EGSS-mahmoudkhamis","ME-EGSS10","MEKSA-EGSS01","首单到期","FOE Non-0","0","0","0 Classes (Dormant)","1970-01-01 00:00:00","No Connection Recorded","No Recorded Connection","-","REACTIVATION - Dormant Student Win-Back","0"
"4028","62225517","EGSS-mahmoudkhamis","ME-EGSS10","MEKSA-EGSS01","首单到期","FOE 0-cr","0","0","0 Classes (Dormant)","1970-01-01 00:00:00","No Connection Recorded","No Recorded Connection","-","REACTIVATION - Dormant Student Win-Back","0"
"4036","62159902","EGSS-mahmoudkhamis","ME-EGSS10","MEKSA-EGSS01","首单到期","FOE 0-cr","0","0","0 Classes (Dormant)","1970-01-01 00:00:00","No Connection Recorded","No Recorded Connection","-","REACTIVATION - Dormant Student Win-Back","0"
"4037","62416496","EGSS-mahmoudkhamis","ME-EGSS10","MEKSA-EGSS01","到期","Exp Non-0","0","7","0 Classes (Dormant)","1970-01-01 00:00:00","No Connection Recorded","No Recorded Connection","-","REACTIVATION - Dormant Student Win-Back","0"
"4041","62441728","EGSS-mahmoudkhamis","ME-EGSS10","MEKSA-EGSS01","首单到期","FOE 0-cr","0","0","0 Classes (Dormant)","1970-01-01 00:00:00","No Connection Recorded","No Recorded Connection","-","REACTIVATION - Dormant Student Win-Back","0"
"4043","62431650","EGSS-mahmoudkhamis","ME-EGSS10","MEKSA-EGSS01","到期","Exp 0-cr","0","0","0 Classes (Dormant)","1970-01-01 00:00:00","No Connection Recorded","No Recorded Connection","-","REACTIVATION - Dormant Student Win-Back","0"
"4044","62399485","EGSS-mahmoudkhamis","ME-EGSS10","MEKSA-EGSS01","首单到期","FOE Non-0","0","0","0 Classes (Dormant)","1970-01-01 00:00:00","No Connection Recorded","No Recorded Connection","-","REACTIVATION - Dormant Student Win-Back","0"
"4045","62338705","EGSS-mahmoudkhamis","ME-EGSS10","MEKSA-EGSS01","到期","Exp Non-0","0","0","0 Classes (Dormant)","1970-01-01 00:00:00","No Connection Recorded","No Recorded Connection","-","REACTIVATION - Dormant Student Win-Back","0"
"4046","62324291","EGSS-mahmoudkhamis","ME-EGSS10","MEKSA-EGSS01","到期","Exp Non-0","0","2","0 Classes (Dormant)","1970-01-01 00:00:00","No Connection Recorded","No Recorded Connection","-","REACTIVATION - Dormant Student Win-Back","0"
"4058","59937554","EGSS-abdelrhmanshehata","ME-EGSS10","MEKSA-EGSS01","围场外","outside pool","0","0","0 Classes (Dormant)","1970-01-01 00:00:00","No Connection Recorded","No Recorded Connection","-","REACTIVATION - Dormant Student Win-Back","0"
"4062","63510075","EGSS-mahmoudkhamis","ME-EGSS10","MEKSA-EGSS01","到期","Exp Non-0","0","0","0 Classes (Dormant)","1970-01-01 00:00:00","No Connection Recorded","No Recorded Connection","-","REACTIVATION - Dormant Student Win-Back","0"
"4063","63499717","EGSS-mahmoudkhamis","ME-EGSS10","MEKSA-EGSS01","到期","Exp Non-0","0","8","0 Classes (Dormant)","1970-01-01 00:00:00","No Connection Recorded","No Recorded Connection","-","REACTIVATION - Dormant Student Win-Back","0"
"4070","59565178","EGSS-abdelrhmanshehata","ME-EGSS10","MEKSA-EGSS01","首单到期","FOE 0-cr","0","0","0 Classes (Dormant)","1970-01-01 00:00:00","No Connection Recorded","No Recorded Connection","-","REACTIVATION - Dormant Student Win-Back","0"
"4085","60307808","EGSS-abdelrhmanshehata","ME-EGSS10","MEKSA-EGSS01","到期","Exp 0-cr","0","0","0 Classes (Dormant)","1970-01-01 00:00:00","No Connection Recorded","No Recorded Connection","-","REACTIVATION - Dormant Student Win-Back","0"
"4086","62954800","EGSS-mahmoudkhamis","ME-EGSS10","MEKSA-EGSS01","到期","Exp Non-0","0","0","0 Classes (Dormant)","1970-01-01 00:00:00","No Connection Recorded","No Recorded Connection","-","REACTIVATION - Dormant Student Win-Back","0"
"4088","63021589","EGSS-mahmoudkhamis","ME-EGSS10","MEKSA-EGSS01","到期","Exp Non-0","0","0","0 Classes (Dormant)","1970-01-01 00:00:00","No Connection Recorded","No Recorded Connection","-","REACTIVATION - Dormant Student Win-Back","0"
"4091","62871565","EGSS-mahmoudkhamis","ME-EGSS10","MEKSA-EGSS01","到期","Exp Non-0","0","0","0 Classes (Dormant)","1970-01-01 00:00:00","No Connection Recorded","No Recorded Connection","-","REACTIVATION - Dormant Student Win-Back","0"
"4097","62878381","EGSS-mahmoudkhamis","ME-EGSS10","MEKSA-EGSS01","首单到期","FOE 0-cr","0","0","0 Classes (Dormant)","1970-01-01 00:00:00","No Connection Recorded","No Recorded Connection","-","REACTIVATION - Dormant Student Win-Back","0"
"4102","63466014","EGSS-mahmoudkhamis","ME-EGSS10","MEKSA-EGSS01","围场外","outside pool","0","0","0 Classes (Dormant)","1970-01-01 00:00:00","No Connection Recorded","No Recorded Connection","-","REACTIVATION - Dormant Student Win-Back","0"
"4103","63465341","EGSS-mahmoudkhamis","ME-EGSS10","MEKSA-EGSS01","围场外","outside pool","0","0","0 Classes (Dormant)","1970-01-01 00:00:00","No Connection Recorded","No Recorded Connection","-","REACTIVATION - Dormant Student Win-Back","0"
"4105","63309626","EGSS-mahmoudkhamis","ME-EGSS10","MEKSA-EGSS01","围场外","outside pool","0","8","0 Classes (Dormant)","1970-01-01 00:00:00","No Connection Recorded","No Recorded Connection","-","REACTIVATION - Dormant Student Win-Back","0"
"4108","63107211","EGSS-mahmoudkhamis","ME-EGSS10","MEKSA-EGSS01","到期","Exp Non-0","0","0","0 Classes (Dormant)","1970-01-01 00:00:00","No Connection Recorded","No Recorded Connection","-","REACTIVATION - Dormant Student Win-Back","0"
"4111","63225332","EGSS-mahmoudkhamis","ME-EGSS10","MEKSA-EGSS01","到期","Exp Non-0","0","0","0 Classes (Dormant)","1970-01-01 00:00:00","No Connection Recorded","No Recorded Connection","-","REACTIVATION - Dormant Student Win-Back","0"
"4112","63216516","EGSS-mahmoudkhamis","ME-EGSS10","MEKSA-EGSS01","到期","Exp Non-0","0","10","0 Classes (Dormant)","1970-01-01 00:00:00","No Connection Recorded","No Recorded Connection","-","REACTIVATION - Dormant Student Win-Back","0"
"4117","60978730","EGSS-abdelrhmanshehata","ME-EGSS10","MEKSA-EGSS01","到期","Exp 0-cr","0","0","0 Classes (Dormant)","1970-01-01 00:00:00","No Connection Recorded","No Recorded Connection","-","REACTIVATION - Dormant Student Win-Back","0"
"4119","61766174","EGSS-mahmoudkhamis","ME-EGSS10","MEKSA-EGSS01","首单到期","FOE 0-cr","0","0","0 Classes (Dormant)","1970-01-01 00:00:00","No Connection Recorded","No Recorded Connection","-","REACTIVATION - Dormant Student Win-Back","0"
"4121","61760856","EGSS-mahmoudkhamis","ME-EGSS10","MEKSA-EGSS01","首单到期","FOE Non-0","0","6","0 Classes (Dormant)","1970-01-01 00:00:00","No Connection Recorded","No Recorded Connection","-","REACTIVATION - Dormant Student Win-Back","0"
"4124","61782695","EGSS-mahmoudkhamis","ME-EGSS10","MEKSA-EGSS01","首单到期","FOE 0-cr","0","0","0 Classes (Dormant)","1970-01-01 00:00:00","No Connection Recorded","No Recorded Connection","-","REACTIVATION - Dormant Student Win-Back","0"
"4126","61874579","EGSS-mahmoudkhamis","ME-EGSS10","MEKSA-EGSS01","到期","Exp 0-cr","0","0","0 Classes (Dormant)","1970-01-01 00:00:00","No Connection Recorded","No Recorded Connection","-","REACTIVATION - Dormant Student Win-Back","0"
"4127","61873668","EGSS-mahmoudkhamis","ME-EGSS10","MEKSA-EGSS01","到期","Exp Non-0","0","0","0 Classes (Dormant)","1970-01-01 00:00:00","No Connection Recorded","No Recorded Connection","-","REACTIVATION - Dormant Student Win-Back","0"
"4129","61908751","EGSS-mahmoudkhamis","ME-EGSS10","MEKSA-EGSS01","到期","Exp Non-0","0","0","0 Classes (Dormant)","1970-01-01 00:00:00","No Connection Recorded","No Recorded Connection","-","REACTIVATION - Dormant Student Win-Back","0"
"4130","60821631","EGSS-abdelrhmanshehata","ME-EGSS10","MEKSA-EGSS01","围场外","outside pool","0","0","0 Classes (Dormant)","1970-01-01 00:00:00","No Connection Recorded","No Recorded Connection","-","REACTIVATION - Dormant Student Win-Back","0"
"4131","61859841","EGSS-mahmoudkhamis","ME-EGSS10","MEKSA-EGSS01","首单到期","FOE 0-cr","0","0","0 Classes (Dormant)","1970-01-01 00:00:00","No Connection Recorded","No Recorded Connection","-","REACTIVATION - Dormant Student Win-Back","0"
"4132","61090118","EGSS-mahmoudkhamis","ME-EGSS10","MEKSA-EGSS01","首单到期","FOE 0-cr","0","0","0 Classes (Dormant)","1970-01-01 00:00:00","No Connection Recorded","No Recorded Connection","-","REACTIVATION - Dormant Student Win-Back","0"
"4134","61867056","EGSS-mahmoudkhamis","ME-EGSS10","MEKSA-EGSS01","到期","Exp 0-cr","0","0","0 Classes (Dormant)","1970-01-01 00:00:00","No Connection Recorded","No Recorded Connection","-","REACTIVATION - Dormant Student Win-Back","0"
"4135","60925886","EGSS-mahmoudkhamis","ME-EGSS10","MEKSA-EGSS01","首单到期","FOE 0-cr","0","0","0 Classes (Dormant)","1970-01-01 00:00:00","No Connection Recorded","No Recorded Connection","-","REACTIVATION - Dormant Student Win-Back","0"
"4139","61207338","EGSS-abdelrhmanshehata","ME-EGSS10","MEKSA-EGSS01","围场外","outside pool","0","0","0 Classes (Dormant)","1970-01-01 00:00:00","No Connection Recorded","No Recorded Connection","-","REACTIVATION - Dormant Student Win-Back","0"
"4143","61260568","EGSS-mahmoudkhamis","ME-EGSS10","MEKSA-EGSS01","围场外","outside pool","0","0","0 Classes (Dormant)","1970-01-01 00:00:00","No Connection Recorded","No Recorded Connection","-","REACTIVATION - Dormant Student Win-Back","0"
"4144","61243263","EGSS-mahmoudkhamis","ME-EGSS10","MEKSA-EGSS01","围场外","outside pool","0","0","0 Classes (Dormant)","1970-01-01 00:00:00","No Connection Recorded","No Recorded Connection","-","REACTIVATION - Dormant Student Win-Back","0"
"4145","61138786","EGSS-mahmoudkhamis","ME-EGSS10","MEKSA-EGSS01","首单到期","FOE Non-0","0","0","0 Classes (Dormant)","1970-01-01 00:00:00","No Connection Recorded","No Recorded Connection","-","REACTIVATION - Dormant Student Win-Back","0"
"4147","61260771","EGSS-mahmoudkhamis","ME-EGSS10","MEKSA-EGSS01","围场外","outside pool","0","0","0 Classes (Dormant)","1970-01-01 00:00:00","No Connection Recorded","No Recorded Connection","-","REACTIVATION - Dormant Student Win-Back","0"
"4149","61210498","EGSS-abdelrhmanshehata","ME-EGSS10","MEKSA-EGSS01","围场外","outside pool","0","0","0 Classes (Dormant)","1970-01-01 00:00:00","No Connection Recorded","No Recorded Connection","-","REACTIVATION - Dormant Student Win-Back","0"
"4150","61001485","EGSS-mahmoudkhamis","ME-EGSS10","MEKSA-EGSS01","首单到期","FOE 0-cr","0","0","0 Classes (Dormant)","1970-01-01 00:00:00","No Connection Recorded","No Recorded Connection","-","REACTIVATION - Dormant Student Win-Back","0"
"4152","61684187","EGSS-mahmoudkhamis","ME-EGSS10","MEKSA-EGSS01","围场外","outside pool","0","0","0 Classes (Dormant)","1970-01-01 00:00:00","No Connection Recorded","No Recorded Connection","-","REACTIVATION - Dormant Student Win-Back","0"
"4154","61514239","EGSS-mahmoudkhamis","ME-EGSS10","MEKSA-EGSS01","到期","Exp Non-0","0","0","0 Classes (Dormant)","1970-01-01 00:00:00","No Connection Recorded","No Recorded Connection","-","REACTIVATION - Dormant Student Win-Back","0"
"4165","61943021","EGSS-mahmoudkhamis","ME-EGSS10","MEKSA-EGSS01","到期","Exp Non-0","0","0","0 Classes (Dormant)","1970-01-01 00:00:00","No Connection Recorded","No Recorded Connection","-","REACTIVATION - Dormant Student Win-Back","0"
"4168","61941253","EGSS-mahmoudkhamis","ME-EGSS10","MEKSA-EGSS01","围场外","outside pool","0","0","0 Classes (Dormant)","1970-01-01 00:00:00","No Connection Recorded","No Recorded Connection","-","REACTIVATION - Dormant Student Win-Back","0"
"4175","62108203","EGSS-mahmoudkhamis","ME-EGSS10","MEKSA-EGSS01","围场外","outside pool","0","0","0 Classes (Dormant)","1970-01-01 00:00:00","No Connection Recorded","No Recorded Connection","-","REACTIVATION - Dormant Student Win-Back","0"
"4181","61912836","EGSS-mahmoudkhamis","ME-EGSS10","MEKSA-EGSS01","围场外","outside pool","0","7","0 Classes (Dormant)","1970-01-01 00:00:00","No Connection Recorded","No Recorded Connection","-","REACTIVATION - Dormant Student Win-Back","0"
"4182","62121263","EGSS-mahmoudkhamis","ME-EGSS10","MEKSA-EGSS01","围场外","outside pool","0","0","0 Classes (Dormant)","1970-01-01 00:00:00","No Connection Recorded","No Recorded Connection","-","REACTIVATION - Dormant Student Win-Back","0"
"4183","61922287","EGSS-mahmoudkhamis","ME-EGSS10","MEKSA-EGSS01","到期","Exp Non-0","0","0","0 Classes (Dormant)","1970-01-01 00:00:00","No Connection Recorded","No Recorded Connection","-","REACTIVATION - Dormant Student Win-Back","0"
"4184","61911555","EGSS-mahmoudkhamis","ME-EGSS10","MEKSA-EGSS01","围场外","outside pool","0","8","0 Classes (Dormant)","1970-01-01 00:00:00","No Connection Recorded","No Recorded Connection","-","REACTIVATION - Dormant Student Win-Back","0"
"4193","62115315","EGSS-mahmoudkhamis","ME-EGSS10","MEKSA-EGSS01","首单到期","FOE 0-cr","0","0","0 Classes (Dormant)","1970-01-01 00:00:00","No Connection Recorded","No Recorded Connection","-","REACTIVATION - Dormant Student Win-Back","0"
"4194","58114083","EGSS-ahmedshoukry","ME-EGSS10","MEKSA-EGSS01","围场外","outside pool","0","0","0 Classes (Dormant)","2024-01-07 00:00:00","2024-01-07 00:00:00","Last 1v1 Payment","20240107","REACTIVATION - Dormant Student Win-Back","0"
"4197","58841081","EGSS-ahmedshoukry","ME-EGSS10","MEKSA-EGSS01","围场外","outside pool","0","0","0 Classes (Dormant)","2024-09-27 00:00:00","2024-09-27 00:00:00","Last 1v1 Payment","20240927","REACTIVATION - Dormant Student Win-Back","0"
"4198","58841379","EGSS-ahmedshoukry","ME-EGSS10","MEKSA-EGSS01","围场外","outside pool","0","0","0 Classes (Dormant)","2024-09-28 00:00:00","2024-09-28 00:00:00","Last 1v1 Payment","20240928","REACTIVATION - Dormant Student Win-Back","0"
"4200","58311756","EGSS-abdelrhmanshehata","ME-EGSS10","MEKSA-EGSS01","围场外","outside pool","0","0","0 Classes (Dormant)","2024-10-23 00:00:00","2024-10-23 00:00:00","Last 1v1 Payment","20241023","REACTIVATION - Dormant Student Win-Back","0"
"4203","59088156","EGSS-abdelrhmanshehata","ME-EGSS10","MEKSA-EGSS01","围场外","outside pool","0","10","0 Classes (Dormant)","2024-11-10 00:00:00","2024-11-10 00:00:00","Last 1v1 Payment","20241110","REACTIVATION - Dormant Student Win-Back","0"
"4217","59365668","EGSS-ahmedshoukry","ME-EGSS10","MEKSA-EGSS01","到期","Exp Non-0","0","0","0 Classes (Dormant)","2025-01-29 00:00:00","2025-01-29 00:00:00","Last 1v1 Payment","20250129","REACTIVATION - Dormant Student Win-Back","0"
"4223","59755664","EGSS-ahmedshoukry","ME-EGSS10","MEKSA-EGSS01","到期","Exp Non-0","0","0","0 Classes (Dormant)","2025-03-05 00:00:00","2025-03-05 00:00:00","Last 1v1 Payment","20250305","REACTIVATION - Dormant Student Win-Back","0"
"4224","59669317","EGSS-ahmedshoukry","ME-EGSS10","MEKSA-EGSS01","到期","Exp Non-0","0","0","0 Classes (Dormant)","2025-03-19 00:00:00","2025-03-19 00:00:00","Last 1v1 Payment","20250319","REACTIVATION - Dormant Student Win-Back","0"
"4225","59669428","EGSS-ahmedshoukry","ME-EGSS10","MEKSA-EGSS01","围场外","outside pool","0","0","0 Classes (Dormant)","2025-03-19 00:00:00","2025-03-19 00:00:00","Last 1v1 Payment","20250319","REACTIVATION - Dormant Student Win-Back","0"
"4226","59605742","EGSS-ahmedshoukry","ME-EGSS10","MEKSA-EGSS01","到期","Exp Non-0","0","11","0 Classes (Dormant)","2025-03-19 00:00:00","2025-03-19 00:00:00","Last 1v1 Payment","20250319","REACTIVATION - Dormant Student Win-Back","0"
"4228","59742778","EGSS-ahmedshoukry","ME-EGSS10","MEKSA-EGSS01","围场外","outside pool","0","8","0 Classes (Dormant)","2025-03-27 00:00:00","2025-03-27 00:00:00","Last 1v1 Payment","20250327","REACTIVATION - Dormant Student Win-Back","0"
"4234","59697763","EGSS-ahmedshoukry","ME-EGSS10","MEKSA-EGSS01","到期","Exp Non-0","0","0","0 Classes (Dormant)","2025-04-16 00:00:00","2025-04-16 00:00:00","Last 1v1 Payment","20250416","REACTIVATION - Dormant Student Win-Back","0"
"4238","59788506","EGSS-abdelrhmanshehata","ME-EGSS10","MEKSA-EGSS01","到期","Exp 0-cr","0","0","0 Classes (Dormant)","2025-04-27 00:00:00","2025-04-27 00:00:00","Last 1v1 Payment","20250427","REACTIVATION - Dormant Student Win-Back","0"
"4239","59667015","EGSS-ahmedshoukry","ME-EGSS10","MEKSA-EGSS01","到期","Exp 0-cr","0","0","0 Classes (Dormant)","2025-04-27 00:00:00","2025-04-27 00:00:00","Last 1v1 Payment","20250427","REACTIVATION - Dormant Student Win-Back","0"
"4253","59975219","EGSS-ahmedshoukry","ME-EGSS10","MEKSA-EGSS01","到期","Exp Non-0","0","0","0 Classes (Dormant)","2025-05-28 00:00:00","2025-05-28 00:00:00","Last 1v1 Payment","20250528","REACTIVATION - Dormant Student Win-Back","0"
"4265","59742482","EGSS-ahmedshoukry","ME-EGSS10","MEKSA-EGSS01","围场外","outside pool","0","9","0 Classes (Dormant)","2025-07-02 00:00:00","2025-07-02 00:00:00","Last 1v1 Payment","20250702","REACTIVATION - Dormant Student Win-Back","0"
"4275","60424397","EGSS-abdelrhmanshehata","ME-EGSS10","MEKSA-EGSS01","围场外","outside pool","0","0","0 Classes (Dormant)","2025-07-28 00:00:00","2025-07-28 00:00:00","Last 1v1 Payment","20250728","REACTIVATION - Dormant Student Win-Back","0"
"4279","60149892","EGSS-mahmoudkhamis","ME-EGSS10","MEKSA-EGSS01","到期","Exp Non-0","0","0","0 Classes (Dormant)","2025-07-31 00:00:00","2025-07-31 00:00:00","Last 1v1 Payment","20250731","REACTIVATION - Dormant Student Win-Back","0"
"4294","59718096","EGSS-ahmedshoukry","ME-EGSS10","MEKSA-EGSS01","到期","Exp Non-0","0","0","0 Classes (Dormant)","2025-08-23 00:00:00","2025-08-23 00:00:00","Last 1v1 Payment","20250823","REACTIVATION - Dormant Student Win-Back","0"
"4306","59742199","EGSS-ahmedshoukry","ME-EGSS10","MEKSA-EGSS01","到期","Exp Non-0","0","0","0 Classes (Dormant)","2025-09-08 00:00:00","2025-09-08 00:00:00","Last 1v1 Payment","20250908","REACTIVATION - Dormant Student Win-Back","0"
"4308","60152007","EGSS-ahmedshoukry","ME-EGSS10","MEKSA-EGSS01","到期","Exp 0-cr","0","0","0 Classes (Dormant)","2025-09-08 00:00:00","2025-09-08 00:00:00","Last 1v1 Payment","20250908","REACTIVATION - Dormant Student Win-Back","0"
"4310","59680006","EGSS-mahmoudkhamis","ME-EGSS10","MEKSA-EGSS01","到期","Exp 0-cr","0","0","0 Classes (Dormant)","2025-09-15 00:00:00","2025-09-15 00:00:00","Last 1v1 Payment","20250915","REACTIVATION - Dormant Student Win-Back","0"
"4313","60704139","EGSS-mahmoudkhamis","ME-EGSS10","MEKSA-EGSS01","到期","Exp Non-0","0","0","0 Classes (Dormant)","2025-09-16 00:00:00","2025-09-16 00:00:00","Last 1v1 Payment","20250916","REACTIVATION - Dormant Student Win-Back","0"
"4316","60735433","EGSS-ahmedshoukry","ME-EGSS10","MEKSA-EGSS01","围场外","outside pool","0","0","0 Classes (Dormant)","2025-09-23 00:00:00","2025-09-23 00:00:00","Last 1v1 Payment","20250923","REACTIVATION - Dormant Student Win-Back","0"
"4320","59864993","EGSS-mahmoudkhamis","ME-EGSS10","MEKSA-EGSS01","到期","Exp Non-0","0","0","0 Classes (Dormant)","2025-09-27 00:00:00","2025-09-27 00:00:00","Last 1v1 Payment","20250927","REACTIVATION - Dormant Student Win-Back","0"
"4340","60925243","EGSS-mahmoudkhamis","ME-EGSS10","MEKSA-EGSS01","到期","Exp 0-cr","0","0","0 Classes (Dormant)","2025-10-07 00:00:00","2025-10-07 00:00:00","Last 1v1 Payment","20251007","REACTIVATION - Dormant Student Win-Back","0"
"4342","60437563","EGSS-abdelrhmanshehata","ME-EGSS10","MEKSA-EGSS01","到期","Exp Non-0","0","13","0 Classes (Dormant)","2025-10-08 00:00:00","2025-10-08 00:00:00","Last 1v1 Payment","20251008","REACTIVATION - Dormant Student Win-Back","0"
"4350","61010425","EGSS-ahmedshoukry","ME-EGSS10","MEKSA-EGSS01","到期","Exp Non-0","0","0","0 Classes (Dormant)","2025-10-14 00:00:00","2025-10-14 00:00:00","Last 1v1 Payment","20251014","REACTIVATION - Dormant Student Win-Back","0"
"4359","60978074","EGSS-mahmoudkhamis","ME-EGSS10","MEKSA-EGSS01","到期","Exp Non-0","0","8","0 Classes (Dormant)","2025-10-21 00:00:00","2025-10-21 00:00:00","Last 1v1 Payment","20251021","REACTIVATION - Dormant Student Win-Back","0"
"4361","60954036","EGSS-ahmedshoukry","ME-EGSS10","MEKSA-EGSS01","到期","Exp Non-0","0","0","0 Classes (Dormant)","2025-10-25 00:00:00","2025-10-25 00:00:00","Last 1v1 Payment","20251025","REACTIVATION - Dormant Student Win-Back","0"
"4368","61073362","EGSS-mahmoudkhamis","ME-EGSS10","MEKSA-EGSS01","到期","Exp 0-cr","0","0","0 Classes (Dormant)","2025-10-28 00:00:00","2025-10-28 00:00:00","Last 1v1 Payment","20251028","REACTIVATION - Dormant Student Win-Back","0"
"4369","61073628","EGSS-mahmoudkhamis","ME-EGSS10","MEKSA-EGSS01","到期","Exp Non-0","0","0","0 Classes (Dormant)","2025-10-28 00:00:00","2025-10-28 00:00:00","Last 1v1 Payment","20251028","REACTIVATION - Dormant Student Win-Back","0"
"4377","59350814","EGSS-abdelrhmanshehata","ME-EGSS10","MEKSA-EGSS01","围场外","outside pool","0","0","0 Classes (Dormant)","2025-10-31 00:00:00","2025-10-31 00:00:00","Last 1v1 Payment","20251031","REACTIVATION - Dormant Student Win-Back","0"
"4399","59631355","EGSS-ahmedshoukry","ME-EGSS10","MEKSA-EGSS01","到期","Exp Non-0","0","0","0 Classes (Dormant)","2025-11-26 00:00:00","2025-11-26 00:00:00","Last 1v1 Payment","20251126","REACTIVATION - Dormant Student Win-Back","0"
"4422","60372860","EGSS-abdelrhmanshehata","ME-EGSS10","MEKSA-EGSS01","期间","period","0","11","0 Classes (Dormant)","2025-12-03 00:00:00","2025-12-03 00:00:00","Last 1v1 Payment","20251203","REACTIVATION - Dormant Student Win-Back","0"
"4430","59581025","EGSS-mahmoudkhamis","ME-EGSS10","MEKSA-EGSS01","到期","Exp Non-0","0","0","0 Classes (Dormant)","2025-12-10 00:00:00","2025-12-10 00:00:00","Last 1v1 Payment","20251210","REACTIVATION - Dormant Student Win-Back","0"
"4439","58673629","EGSS-ahmedshoukry","ME-EGSS10","MEKSA-EGSS01","到期","Exp Non-0","0","0","0 Classes (Dormant)","2025-12-17 00:00:00","2025-12-17 00:00:00","Last 1v1 Payment","20251217","REACTIVATION - Dormant Student Win-Back","0"
"4449","60259904","EGSS-mahmoudkhamis","ME-EGSS10","MEKSA-EGSS01","到期","Exp 0-cr","0","0","0 Classes (Dormant)","2025-12-23 00:00:00","2025-12-23 00:00:00","Last 1v1 Payment","20251223","REACTIVATION - Dormant Student Win-Back","0"
"4466","60515901","EGSS-ahmedshoukry","ME-EGSS10","MEKSA-EGSS01","到期","Exp Non-0","0","0","0 Classes (Dormant)","2025-12-30 00:00:00","2025-12-30 00:00:00","Last 1v1 Payment","20251230","REACTIVATION - Dormant Student Win-Back","0"
"4476","60803007","EGSS-ahmedshoukry","ME-EGSS10","MEKSA-EGSS01","到期","Exp 0-cr","0","0","0 Classes (Dormant)","2026-01-04 00:00:00","2026-01-04 00:00:00","Last 1v1 Payment","20260104","REACTIVATION - Dormant Student Win-Back","0"
"4478","61800134","EGSS-abdelrhmanshehata","ME-EGSS10","MEKSA-EGSS01","到期","Exp Non-0","0","0","0 Classes (Dormant)","2026-01-05 00:00:00","2026-01-05 00:00:00","Last 1v1 Payment","20260105","REACTIVATION - Dormant Student Win-Back","0"
"4483","60802725","EGSS-ahmedshoukry","ME-EGSS10","MEKSA-EGSS01","到期","Exp Non-0","0","0","0 Classes (Dormant)","2026-01-13 00:00:00","2026-01-13 00:00:00","Last 1v1 Payment","20260113","REACTIVATION - Dormant Student Win-Back","0"
"4486","58311400","EGSS-abdelrhmanshehata","ME-EGSS10","MEKSA-EGSS01","围场外","outside pool","0","0","0 Classes (Dormant)","2026-01-17 00:00:00","2026-01-17 00:00:00","Last 1v1 Payment","20260117","REACTIVATION - Dormant Student Win-Back","0"
"4527","61959320","EGSS-mahmoudkhamis","ME-EGSS10","MEKSA-EGSS01","到期","Exp Non-0","0","0","0 Classes (Dormant)","2026-02-04 00:00:00","2026-02-04 00:00:00","Last 1v1 Payment","20260204","REACTIVATION - Dormant Student Win-Back","0"
"4528","61320402","EGSS-mahmoudkhamis","ME-EGSS10","MEKSA-EGSS01","到期","Exp Non-0","0","0","0 Classes (Dormant)","2026-02-04 00:00:00","2026-02-04 00:00:00","Last 1v1 Payment","20260204","REACTIVATION - Dormant Student Win-Back","0"
"4529","61309925","EGSS-mahmoudkhamis","ME-EGSS10","MEKSA-EGSS01","到期","Exp Non-0","0","0","0 Classes (Dormant)","2026-02-04 00:00:00","2026-02-04 00:00:00","Last 1v1 Payment","20260204","REACTIVATION - Dormant Student Win-Back","0"
"4532","62018238","EGSS-ahmedshoukry","ME-EGSS10","MEKSA-EGSS01","到期","Exp Non-0","0","0","0 Classes (Dormant)","2026-02-07 00:00:00","2026-02-07 00:00:00","Last 1v1 Payment","20260207","REACTIVATION - Dormant Student Win-Back","0"
"4533","59287810","EGSS-abdelrhmanshehata","ME-EGSS10","MEKSA-EGSS01","到期","Exp 0-cr","0","0","0 Classes (Dormant)","2026-02-08 00:00:00","2026-02-08 00:00:00","Last 1v1 Payment","20260208","REACTIVATION - Dormant Student Win-Back","0"
"4537","61937646","EGSS-ahmedshoukry","ME-EGSS10","MEKSA-EGSS01","围场外","outside pool","0","0","0 Classes (Dormant)","2026-02-16 00:00:00","2026-02-16 00:00:00","Last 1v1 Payment","20260216","REACTIVATION - Dormant Student Win-Back","0"
"4541","60679121","EGSS-abdelrhmanshehata","ME-EGSS10","MEKSA-EGSS01","到期","Exp 0-cr","0","0","0 Classes (Dormant)","2026-02-22 00:00:00","2026-02-22 00:00:00","Last 1v1 Payment","20260222","REACTIVATION - Dormant Student Win-Back","0"
"4544","61724768","EGSS-ahmedshoukry","ME-EGSS10","MEKSA-EGSS01","到期","Exp Non-0","0","0","0 Classes (Dormant)","2026-02-25 00:00:00","2026-02-25 00:00:00","Last 1v1 Payment","20260225","REACTIVATION - Dormant Student Win-Back","0"
"4545","62002878","EGSS-ahmedshoukry","ME-EGSS10","MEKSA-EGSS01","到期","Exp 0-cr","0","0","0 Classes (Dormant)","2026-02-26 00:00:00","2026-02-26 00:00:00","Last 1v1 Payment","20260226","REACTIVATION - Dormant Student Win-Back","0"
"4546","60345586","EGSS-ahmedshoukry","ME-EGSS10","MEKSA-EGSS01","到期","Exp Non-0","0","0","0 Classes (Dormant)","2026-02-26 00:00:00","2026-02-26 00:00:00","Last 1v1 Payment","20260226","REACTIVATION - Dormant Student Win-Back","0"
"4555","59611665","EGSS-ahmedshoukry","ME-EGSS10","MEKSA-EGSS01","到期","Exp Non-0","0","0","0 Classes (Dormant)","2026-03-08 00:00:00","2026-03-08 00:00:00","Last 1v1 Payment","20260308","REACTIVATION - Dormant Student Win-Back","0"
"4556","62376739","EGSS-ahmedshoukry","ME-EGSS10","MEKSA-EGSS01","到期","Exp Non-0","0","0","0 Classes (Dormant)","2026-03-08 00:00:00","2026-03-08 00:00:00","Last 1v1 Payment","20260308","REACTIVATION - Dormant Student Win-Back","0"
"4562","59487132","EGSS-mahmoudkhamis","ME-EGSS10","MEKSA-EGSS01","围场外","outside pool","0","0","0 Classes (Dormant)","2026-03-18 00:00:00","2026-03-18 00:00:00","Last 1v1 Payment","20260318","REACTIVATION - Dormant Student Win-Back","0"
"4572","60442191","EGSS-abdelrhmanshehata","ME-EGSS10","MEKSA-EGSS01","围场外","outside pool","0","6","0 Classes (Dormant)","2026-03-28 00:00:00","2026-03-28 00:00:00","Last 1v1 Payment","20260328","REACTIVATION - Dormant Student Win-Back","0"
"4580","61909432","EGSS-abdelrhmanshehata","ME-EGSS10","MEKSA-EGSS01","到期","Exp Non-0","0","0","0 Classes (Dormant)","2026-03-30 00:00:00","2026-03-30 00:00:00","Last 1v1 Payment","20260330","REACTIVATION - Dormant Student Win-Back","0"
"4584","59132021","EGSS-abdelrhmanshehata","ME-EGSS10","MEKSA-EGSS01","围场外","outside pool","0","0","0 Classes (Dormant)","2026-03-31 00:00:00","2026-03-31 00:00:00","Last 1v1 Payment","20260331","REACTIVATION - Dormant Student Win-Back","0"
"4607","61940430","EGSS-abdelrhmanshehata","ME-EGSS10","MEKSA-EGSS01","期间","period","0","5","0 Classes (Dormant)","2026-04-28 00:00:00","2026-04-28 00:00:00","Last 1v1 Payment","20260428","REACTIVATION - Dormant Student Win-Back","0"
"4611","58115949","EGSS-ahmedshoukry","ME-EGSS10","MEKSA-EGSS01","围场外","outside pool","0","0","0 Classes (Dormant)","2026-04-30 00:00:00","2026-04-30 00:00:00","Last 1v1 Payment","20260430","REACTIVATION - Dormant Student Win-Back","0"
"4618","62794510","EGSS-ahmedshoukry","ME-EGSS10","MEKSA-EGSS01","围场外","outside pool","0","8","0 Classes (Dormant)","2026-05-12 00:00:00","2026-05-12 00:00:00","Last 1v1 Payment","20260512","REACTIVATION - Dormant Student Win-Back","0"
"4625","59169936","EGSS-abdelrhmanshehata","ME-EGSS10","MEKSA-EGSS01","围场外","outside pool","0","0","0 Classes (Dormant)","2026-05-17 00:00:00","2026-05-17 00:00:00","Last 1v1 Payment","20260517","REACTIVATION - Dormant Student Win-Back","0"
"4646","59038874","EGSS-abdelrhmanshehata","ME-EGSS10","MEKSA-EGSS01","围场外","outside pool","0","0","0 Classes (Dormant)","2026-06-27 00:00:00","2026-06-27 00:00:00","Last 1v1 Payment","20260627","REACTIVATION - Dormant Student Win-Back","0"
"4668","63710428","EGSS-mahmoudkhamis","ME-EGSS10","MEKSA-EGSS01","到期","Exp Non-0","0","0","0 Classes (Dormant)","2026-07-15 00:00:00","2026-07-15 00:00:00","CRM System Outreach","-","REACTIVATION - Dormant Student Win-Back","0"
"4681","63765605","EGSS-mahmoudkhamis","ME-EGSS10","MEKSA-EGSS01","围场外","outside pool","0","0","0 Classes (Dormant)","2026-07-20 00:00:00","2026-07-20 00:00:00","CRM System Outreach","-","REACTIVATION - Dormant Student Win-Back","0"
"4714","62171763","EGSS-abdelrhmanshehata","ME-EGSS10","MEKSA-EGSS01","围场外","outside pool","0","0","0 Classes (Dormant)","2026-08-08 00:00:00","2026-08-08 00:00:00","Last 1v1 Payment","20260808","REACTIVATION - Dormant Student Win-Back","0"
"4722","63661133","EGSS-mahmoudkhamis","ME-EGSS10","MEKSA-EGSS01","围场外","outside pool","0","7","0 Classes (Dormant)","2026-08-13 00:00:00","2026-08-13 00:00:00","CRM System Outreach","-","REACTIVATION - Dormant Student Win-Back","0"
"4726","58196833","EGSS-mahmoudkhamis","ME-EGSS10","MEKSA-EGSS01","到期","Exp Non-0","0","0","0 Classes (Dormant)","2026-08-13 00:00:00","2026-08-13 00:00:00","Last 1v1 Payment","20260813","REACTIVATION - Dormant Student Win-Back","0"
"4752","61948879","EGSS-mahmoudkhamis","ME-EGSS10","MEKSA-EGSS01","围场外","outside pool","0","0","0 Classes (Dormant)","2026-08-27 00:00:00","2026-08-27 00:00:00","Last 1v1 Payment","20260827","REACTIVATION - Dormant Student Win-Back","0"
"4757","58362628","EGSS-ahmedshoukry","ME-EGSS10","MEKSA-EGSS01","围场外","outside pool","0","0","0 Classes (Dormant)","2026-09-01 00:00:00","2026-09-01 00:00:00","Last 1v1 Payment","20260901","REACTIVATION - Dormant Student Win-Back","0"
"4760","58316212","EGSS-ahmedshoukry","ME-EGSS10","MEKSA-EGSS01","围场外","outside pool","0","0","0 Classes (Dormant)","2026-09-03 00:00:00","2026-09-03 00:00:00","Last 1v1 Payment","20260903","REACTIVATION - Dormant Student Win-Back","0"
"4790","64176184","EGSS-abdelrhmanshehata","ME-EGSS10","MEKSA-EGSS01","围场外","outside pool","0","0","0 Classes (Dormant)","2026-10-01 16:17:32","2026-10-01 16:17:32","SOP Completed Touch","-","REACTIVATION - Dormant Student Win-Back","0"
"4792","62521442","EGSS-mahmoudkhamis","ME-EGSS10","MEKSA-EGSS01","升舱","Upgrade M2","0","11","0 Classes (Dormant)","2026-10-03 11:15:08","2026-10-03 11:15:08","SOP Task Assigned","-","REACTIVATION - Dormant Student Win-Back","0"
"4793","63977600","EGSS-ahmedshoukry","ME-EGSS10","MEKSA-EGSS01","升舱","Upgrade M2","0","8","0 Classes (Dormant)","2026-10-03 11:21:42","2026-10-03 11:21:42","SOP Task Assigned","-","REACTIVATION - Dormant Student Win-Back","0"
"4795","64012334","EGSS-mahmoudkhamis","ME-EGSS10","MEKSA-EGSS01","升舱","Upgrade M2","0","0","0 Classes (Dormant)","2026-10-03 11:23:41","2026-10-03 11:23:41","SOP Task Assigned","-","REACTIVATION - Dormant Student Win-Back","0"
"4798","63453561","EGSS-ahmedshoukry","ME-EGSS10","MEKSA-EGSS01","围场外","outside pool","0","0","0 Classes (Dormant)","2026-10-03 12:22:07","2026-10-03 12:22:07","SOP Completed Touch","-","REACTIVATION - Dormant Student Win-Back","0"
"4801","63198804","EGSS-abdelrhmanshehata","ME-EGSS10","MEKSA-EGSS01","期间","period","0","0","0 Classes (Dormant)","2026-10-03 12:49:48","2026-10-03 12:49:48","SOP Completed Touch","-","REACTIVATION - Dormant Student Win-Back","0"
"4805","64472730","EGSS-mahmoudkhamis","ME-EGSS10","MEKSA-EGSS01","围场外","outside pool","0","0","0 Classes (Dormant)","2026-10-03 13:56:28","2026-10-03 13:56:28","SOP Completed Touch","-","REACTIVATION - Dormant Student Win-Back","0"
"4808","63343742","EGSS-abdelrhmanshehata","ME-EGSS10","MEKSA-EGSS01","围场外","outside pool","0","0","0 Classes (Dormant)","2026-10-03 15:36:01","2026-10-03 15:36:01","SOP Completed Touch","-","REACTIVATION - Dormant Student Win-Back","0"
"4809","61348293","EGSS-mahmoudkhamis","ME-EGSS10","MEKSA-EGSS01","围场外","outside pool","0","0","0 Classes (Dormant)","2026-10-03 16:55:38","2026-10-03 16:55:38","SOP Completed Touch","-","REACTIVATION - Dormant Student Win-Back","0"
"4825","63682169","EGSS-mahmoudkhamis","ME-EGSS10","MEKSA-EGSS01","到期","Exp Non-0","0","0","0 Classes (Dormant)","2026-10-04 19:46:41","2026-10-04 19:46:41","SOP Completed Touch","-","REACTIVATION - Dormant Student Win-Back","0"
"4826","63682349","EGSS-mahmoudkhamis","ME-EGSS10","MEKSA-EGSS01","到期","Exp Non-0","0","0","0 Classes (Dormant)","2026-10-04 19:47:11","2026-10-04 19:47:11","SOP Completed Touch","-","REACTIVATION - Dormant Student Win-Back","0"
"4843","64535091","EGSS-abdelrhmanshehata","ME-EGSS10","MEKSA-EGSS01","围场外","outside pool","0","0","0 Classes (Dormant)","2026-10-05 19:06:35","2026-10-05 19:06:35","SOP Completed Touch","-","REACTIVATION - Dormant Student Win-Back","0"
"4844","63232816","EGSS-abdelrhmanshehata","ME-EGSS10","MEKSA-EGSS01","到期","Exp Non-0","0","0","0 Classes (Dormant)","2026-10-05 19:40:58","2026-10-05 19:40:58","SOP Completed Touch","-","REACTIVATION - Dormant Student Win-Back","0"
"4845","58794138","EGSS-abdelrhmanshehata","ME-EGSS10","MEKSA-EGSS01","首单到期","FOE Non-0","0","0","0 Classes (Dormant)","2026-10-05 21:29:02","2026-10-05 21:29:02","SOP Completed Touch","-","REACTIVATION - Dormant Student Win-Back","0"
"4848","60122480","EGSS-abdelrhmanshehata","ME-EGSS10","MEKSA-EGSS01","到期","Exp Non-0","0","0","0 Classes (Dormant)","2026-10-06 10:06:25","2026-10-06 10:06:25","SOP Task Assigned","-","REACTIVATION - Dormant Student Win-Back","0"
"4851","59211430","EGSS-abdelrhmanshehata","ME-EGSS10","MEKSA-EGSS01","首单到期","FOE Non-0","0","0","0 Classes (Dormant)","2026-10-06 12:44:50","2026-10-06 12:44:50","SOP Completed Touch","-","REACTIVATION - Dormant Student Win-Back","0"
"4862","59223521","EGSS-ahmedshoukry","ME-EGSS10","MEKSA-EGSS01","到期","Exp Non-0","0","3","0 Classes (Dormant)","2026-10-06 14:21:49","2026-10-06 14:21:49","SOP Completed Touch","20250428","REACTIVATION - Dormant Student Win-Back","0"
"4869","64527807","EGSS-mahmoudkhamis","ME-EGSS10","MEKSA-EGSS01","围场外","outside pool","0","0","0 Classes (Dormant)","2026-10-06 14:46:49","2026-10-06 14:46:49","SOP Completed Touch","-","REACTIVATION - Dormant Student Win-Back","0"
"4902","58763370","EGSS-ahmedshoukry","ME-EGSS10","MEKSA-EGSS01","围场外","outside pool","0","4","0 Classes (Dormant)","2026-10-07 10:07:31","2026-10-07 10:07:31","SOP Task Assigned","-","REACTIVATION - Dormant Student Win-Back","0"
"4905","58968975","EGSS-ahmedshoukry","ME-EGSS10","MEKSA-EGSS01","围场外","outside pool","0","6","0 Classes (Dormant)","2026-10-07 10:08:56","2026-10-07 10:08:56","SOP Task Assigned","-","REACTIVATION - Dormant Student Win-Back","0"
"4923","60707245","EGSS-abdelrhmanshehata","ME-EGSS10","MEKSA-EGSS01","围场外","outside pool","0","0","0 Classes (Dormant)","2026-10-07 10:19:42","2026-10-07 10:19:42","SOP Task Assigned","-","REACTIVATION - Dormant Student Win-Back","0"
"4929","61410343","EGSS-abdelrhmanshehata","ME-EGSS10","MEKSA-EGSS01","围场外","outside pool","0","0","0 Classes (Dormant)","2026-10-07 10:25:33","2026-10-07 10:25:33","SOP Task Assigned","-","REACTIVATION - Dormant Student Win-Back","0"
"4936","61756257","EGSS-abdelrhmanshehata","ME-EGSS10","MEKSA-EGSS01","围场外","outside pool","0","0","0 Classes (Dormant)","2026-10-07 10:28:48","2026-10-07 10:28:48","SOP Task Assigned","-","REACTIVATION - Dormant Student Win-Back","0"
"4938","61874175","EGSS-abdelrhmanshehata","ME-EGSS10","MEKSA-EGSS01","首单到期","FOE Non-0","0","0","0 Classes (Dormant)","2026-10-07 10:29:43","2026-10-07 10:29:43","SOP Task Assigned","-","REACTIVATION - Dormant Student Win-Back","0"
"4940","61938509","EGSS-abdelrhmanshehata","ME-EGSS10","MEKSA-EGSS01","围场外","outside pool","0","0","0 Classes (Dormant)","2026-10-07 10:30:24","2026-10-07 10:30:24","SOP Task Assigned","-","REACTIVATION - Dormant Student Win-Back","0"
"4941","61959498","EGSS-abdelrhmanshehata","ME-EGSS10","MEKSA-EGSS01","围场外","outside pool","0","0","0 Classes (Dormant)","2026-10-07 10:30:34","2026-10-07 10:30:34","SOP Task Assigned","-","REACTIVATION - Dormant Student Win-Back","0"
"4943","61952790","EGSS-ahmedshoukry","ME-EGSS10","MEKSA-EGSS01","围场外","outside pool","0","0","0 Classes (Dormant)","2026-10-07 10:30:35","2026-10-07 10:30:35","SOP Task Assigned","-","REACTIVATION - Dormant Student Win-Back","0"
"4964","62513206","EGSS-abdelrhmanshehata","ME-EGSS10","MEKSA-EGSS01","围场外","outside pool","0","0","0 Classes (Dormant)","2026-10-07 10:37:34","2026-10-07 10:37:34","SOP Task Assigned","-","REACTIVATION - Dormant Student Win-Back","0"
"4982","62815432","EGSS-abdelrhmanshehata","ME-EGSS10","MEKSA-EGSS01","围场外","outside pool","0","7","0 Classes (Dormant)","2026-10-07 10:44:36","2026-10-07 10:44:36","SOP Task Assigned","-","REACTIVATION - Dormant Student Win-Back","0"
"4988","62864654","EGSS-abdelrhmanshehata","ME-EGSS10","MEKSA-EGSS01","围场外","outside pool","0","7","0 Classes (Dormant)","2026-10-07 10:46:39","2026-10-07 10:46:39","SOP Task Assigned","-","REACTIVATION - Dormant Student Win-Back","0"
"5001","63216527","EGSS-abdelrhmanshehata","ME-EGSS10","MEKSA-EGSS01","围场外","outside pool","0","8","0 Classes (Dormant)","2026-10-07 10:54:19","2026-10-07 10:54:19","SOP Task Assigned","-","REACTIVATION - Dormant Student Win-Back","0"
"5063","63859081","EGSS-mahmoudkhamis","ME-EGSS10","MEKSA-EGSS01","围场外","outside pool","0","0","0 Classes (Dormant)","2026-10-07 11:24:22","2026-10-07 11:24:22","SOP Task Assigned","-","REACTIVATION - Dormant Student Win-Back","0"
"5081","61031408","EGSS-ahmedshoukry","ME-EGSS10","MEKSA-EGSS01","期间","period","0","2","0 Classes (Dormant)","2026-10-07 13:36:13","2026-10-07 13:36:13","SOP Completed Touch","20251226","REACTIVATION - Dormant Student Win-Back","0"
"5083","61778461","EGSS-mahmoudkhamis","ME-EGSS10","MEKSA-EGSS01","围场外","outside pool","0","8","0 Classes (Dormant)","2026-10-07 13:42:23","2026-10-07 13:42:23","SOP Completed Touch","20260119","REACTIVATION - Dormant Student Win-Back","0"
"5087","61850384","EGSS-mahmoudkhamis","ME-EGSS10","MEKSA-EGSS01","期间","period","0","9","0 Classes (Dormant)","2026-10-07 13:48:08","2026-10-07 13:48:08","SOP Completed Touch","-","REACTIVATION - Dormant Student Win-Back","0"
"5108","61894104","EGSS-mahmoudkhamis","ME-EGSS10","MEKSA-EGSS01","到期","Exp Non-0","0","9","0 Classes (Dormant)","2026-10-07 14:10:53","2026-10-07 14:10:53","SOP Completed Touch","-","REACTIVATION - Dormant Student Win-Back","0"
"5120","60515788","EGSS-mahmoudkhamis","ME-EGSS10","MEKSA-EGSS01","围场外","outside pool","0","2","0 Classes (Dormant)","2026-10-07 14:24:38","2026-10-07 14:24:38","SOP Completed Touch","-","REACTIVATION - Dormant Student Win-Back","0"
"5128","60802191","EGSS-mahmoudkhamis","ME-EGSS10","MEKSA-EGSS01","围场外","outside pool","0","0","0 Classes (Dormant)","2026-10-07 14:35:55","2026-10-07 14:35:55","SOP Completed Touch","-","REACTIVATION - Dormant Student Win-Back","0"
"5133","61838388","EGSS-mahmoudkhamis","ME-EGSS10","MEKSA-EGSS01","到期","Exp Non-0","0","0","0 Classes (Dormant)","2026-10-07 14:41:16","2026-10-07 14:41:16","SOP Completed Touch","20260106","REACTIVATION - Dormant Student Win-Back","0"
"5139","61852725","EGSS-mahmoudkhamis","ME-EGSS10","MEKSA-EGSS01","围场外","outside pool","0","0","0 Classes (Dormant)","2026-10-07 14:56:48","2026-10-07 14:56:48","SOP Completed Touch","20260119","REACTIVATION - Dormant Student Win-Back","0"
"5143","63868841","EGSS-abdelrhmanshehata","ME-EGSS10","MEKSA-EGSS01","围场外","outside pool","0","0","0 Classes (Dormant)","2026-10-07 15:25:25","2026-10-07 15:25:25","SOP Completed Touch","-","REACTIVATION - Dormant Student Win-Back","0"
"5145","61893224","EGSS-mahmoudkhamis","ME-EGSS10","MEKSA-EGSS01","围场外","outside pool","0","0","0 Classes (Dormant)","2026-10-07 15:45:07","2026-10-07 15:45:07","SOP Completed Touch","-","REACTIVATION - Dormant Student Win-Back","0"
"5147","62048291","EGSS-mahmoudkhamis","ME-EGSS10","MEKSA-EGSS01","围场外","outside pool","0","9","0 Classes (Dormant)","2026-10-07 15:45:42","2026-10-07 15:45:42","SOP Completed Touch","20260906","REACTIVATION - Dormant Student Win-Back","0"
"5150","62116241","EGSS-mahmoudkhamis","ME-EGSS10","MEKSA-EGSS01","围场外","outside pool","0","0","0 Classes (Dormant)","2026-10-07 15:51:15","2026-10-07 15:51:15","SOP Completed Touch","-","REACTIVATION - Dormant Student Win-Back","0"
"5151","63056829","EGSS-ahmedshoukry","ME-EGSS10","MEKSA-EGSS01","围场外","outside pool","0","0","0 Classes (Dormant)","2026-10-07 16:01:34","2026-10-07 16:01:34","SOP Completed Touch","-","REACTIVATION - Dormant Student Win-Back","0"
"5162","62165484","EGSS-mahmoudkhamis","ME-EGSS10","MEKSA-EGSS01","围场外","outside pool","0","0","0 Classes (Dormant)","2026-10-07 16:30:55","2026-10-07 16:30:55","SOP Completed Touch","20260228","REACTIVATION - Dormant Student Win-Back","0"
"5169","62438044","EGSS-mahmoudkhamis","ME-EGSS10","MEKSA-EGSS01","围场外","outside pool","0","0","0 Classes (Dormant)","2026-10-07 16:41:00","2026-10-07 16:41:00","SOP Completed Touch","-","REACTIVATION - Dormant Student Win-Back","0"
"5182","62600038","EGSS-mahmoudkhamis","ME-EGSS10","MEKSA-EGSS01","围场外","outside pool","0","0","0 Classes (Dormant)","2026-10-07 17:01:44","2026-10-07 17:01:44","SOP Completed Touch","-","REACTIVATION - Dormant Student Win-Back","0"
"5183","62675771","EGSS-mahmoudkhamis","ME-EGSS10","MEKSA-EGSS01","围场外","outside pool","0","0","0 Classes (Dormant)","2026-10-07 17:04:11","2026-10-07 17:04:11","SOP Completed Touch","-","REACTIVATION - Dormant Student Win-Back","0"
"5185","62682787","EGSS-mahmoudkhamis","ME-EGSS10","MEKSA-EGSS01","围场外","outside pool","0","6","0 Classes (Dormant)","2026-10-07 17:04:21","2026-10-07 17:04:21","SOP Completed Touch","-","REACTIVATION - Dormant Student Win-Back","0"
"5186","63802832","EGSS-ahmedshoukry","ME-EGSS10","MEKSA-EGSS01","围场外","outside pool","0","8","0 Classes (Dormant)","2026-10-07 17:07:38","2026-10-07 17:07:38","SOP Completed Touch","-","REACTIVATION - Dormant Student Win-Back","0"
"5187","63658673","EGSS-ahmedshoukry","ME-EGSS10","MEKSA-EGSS01","围场外","outside pool","0","0","0 Classes (Dormant)","2026-10-07 17:08:57","2026-10-07 17:08:57","SOP Completed Touch","-","REACTIVATION - Dormant Student Win-Back","0"
"5188","63582317","EGSS-ahmedshoukry","ME-EGSS10","MEKSA-EGSS01","围场外","outside pool","0","5","0 Classes (Dormant)","2026-10-07 17:11:44","2026-10-07 17:11:44","SOP Completed Touch","-","REACTIVATION - Dormant Student Win-Back","0"
"5189","63571611","EGSS-ahmedshoukry","ME-EGSS10","MEKSA-EGSS01","围场外","outside pool","0","7","0 Classes (Dormant)","2026-10-07 17:19:48","2026-10-07 17:19:48","SOP Completed Touch","-","REACTIVATION - Dormant Student Win-Back","0"
"5190","63416230","EGSS-ahmedshoukry","ME-EGSS10","MEKSA-EGSS01","围场外","outside pool","0","2","0 Classes (Dormant)","2026-10-07 17:21:46","2026-10-07 17:21:46","SOP Completed Touch","-","REACTIVATION - Dormant Student Win-Back","0"
"5191","63368136","EGSS-ahmedshoukry","ME-EGSS10","MEKSA-EGSS01","围场外","outside pool","0","6","0 Classes (Dormant)","2026-10-07 17:22:45","2026-10-07 17:22:45","SOP Completed Touch","-","REACTIVATION - Dormant Student Win-Back","0"
"5192","62493653","EGSS-ahmedshoukry","ME-EGSS10","MEKSA-EGSS01","围场外","outside pool","0","8","0 Classes (Dormant)","2026-10-07 18:03:49","2026-10-07 18:03:49","SOP Completed Touch","-","REACTIVATION - Dormant Student Win-Back","0"
"5193","62840843","EGSS-mahmoudkhamis","ME-EGSS10","MEKSA-EGSS01","围场外","outside pool","0","0","0 Classes (Dormant)","2026-10-07 18:08:04","2026-10-07 18:08:04","SOP Completed Touch","-","REACTIVATION - Dormant Student Win-Back","0"
"5194","62855291","EGSS-mahmoudkhamis","ME-EGSS10","MEKSA-EGSS01","围场外","outside pool","0","9","0 Classes (Dormant)","2026-10-07 18:14:34","2026-10-07 18:14:34","SOP Completed Touch","20260608","REACTIVATION - Dormant Student Win-Back","0"
"5195","63614200","EGSS-mahmoudkhamis","ME-EGSS10","MEKSA-EGSS01","围场外","outside pool","0","0","0 Classes (Dormant)","2026-10-07 18:22:26","2026-10-07 18:22:26","SOP Completed Touch","-","REACTIVATION - Dormant Student Win-Back","0"
"5196","63980171","EGSS-mahmoudkhamis","ME-EGSS10","MEKSA-EGSS01","围场外","outside pool","0","7","0 Classes (Dormant)","2026-10-07 18:25:01","2026-10-07 18:25:01","SOP Completed Touch","-","REACTIVATION - Dormant Student Win-Back","0"
