"PriorityRank","StudentId","Rep","Team","BigTeam","Pool","PoolDetail","AttendedClasses","BookedUnattended","AttendanceTier","LastConnectionTime","ConnectionDisplay","ConnectionSource","LastPaidDate","RecommendedAction","IsCovered"
"3","63256233","EGSS-amrsafwat","ME-EGSS13","MEKSA-EGSS01","期间","period","8","22",">=8 Classes (Medium-High)","2026-10-06 13:09:01","2026-10-06 13:09:01","SOP Completed Touch","-","HIGH PRIORITY - Serious Student Retention","0"
"11","62609737","EGSS-marwaahmed","ME-EGSS13","MEKSA-EGSS01","首单到期","FOE Non-0","6","10",">=4 Classes (Medium)","1970-01-01 00:00:00","No Connection Recorded","No Recorded Connection","-","PRIORITY - Active Student Upgrade Pitch","0"
"12","60208608","EGSS-marwaahmed","ME-EGSS13","MEKSA-EGSS01","围场外","outside pool","6","11",">=4 Classes (Medium)","2025-07-06 00:00:00","2025-07-06 00:00:00","Last 1v1 Payment","20250706","PRIORITY - Active Student Upgrade Pitch","0"
"19","63510284","EGSS-marwaahmed","ME-EGSS13","MEKSA-EGSS01","围场外","outside pool","6","16",">=4 Classes (Medium)","2026-07-30 00:00:00","2026-07-30 00:00:00","Last 1v1 Payment","20260730","PRIORITY - Active Student Upgrade Pitch","0"
"38","63920433","EGSS-mohamedha","ME-EGSS13","MEKSA-EGSS01","升舱","Upgrade M2","6","16",">=4 Classes (Medium)","2026-10-04 11:07:05","2026-10-04 11:07:05","SOP Task Assigned","-","PRIORITY - Active Student Upgrade Pitch","0"
"46","64316696","EGSS-hayamhassan","ME-EGSS13","MEKSA-EGSS01","围场外","outside pool","5","13",">=4 Classes (Medium)","1970-01-01 00:00:00","No Connection Recorded","No Recorded Connection","-","PRIORITY - Active Student Upgrade Pitch","0"
"70","60840317","EGSS-mohamedha","ME-EGSS13","MEKSA-EGSS01","围场外","outside pool","5","13",">=4 Classes (Medium)","2026-05-21 00:00:00","2026-05-21 00:00:00","Last 1v1 Payment","20260521","PRIORITY - Active Student Upgrade Pitch","0"
"71","59308147","EGSS-mohamedha","ME-EGSS13","MEKSA-EGSS01","围场外","outside pool","5","12",">=4 Classes (Medium)","2026-05-24 00:00:00","2026-05-24 00:00:00","Last 1v1 Payment","20260524","PRIORITY - Active Student Upgrade Pitch","0"
"81","63162634","EGSS-marwaahmed","ME-EGSS13","MEKSA-EGSS01","围场外","outside pool","5","13",">=4 Classes (Medium)","2026-07-30 00:00:00","2026-07-30 00:00:00","Last 1v1 Payment","20260730","PRIORITY - Active Student Upgrade Pitch","0"
"85","60211984","EGSS-mohamedha","ME-EGSS13","MEKSA-EGSS01","围场外","outside pool","5","14",">=4 Classes (Medium)","2026-08-15 00:00:00","2026-08-15 00:00:00","Last 1v1 Payment","20260815","PRIORITY - Active Student Upgrade Pitch","0"
"93","64478090","EGSS-hayamhassan","ME-EGSS13","MEKSA-EGSS01","围场外","outside pool","5","14",">=4 Classes (Medium)","2026-10-01 20:17:39","2026-10-01 20:17:39","SOP Completed Touch","-","PRIORITY - Active Student Upgrade Pitch","0"
"111","63252200","EGSS-amrsafwat","ME-EGSS13","MEKSA-EGSS01","期间","period","5","17",">=4 Classes (Medium)","2026-10-07 13:00:55","2026-10-07 13:00:55","SOP Completed Touch","-","PRIORITY - Active Student Upgrade Pitch","0"
"114","60385405","EGSS-amrsafwat","ME-EGSS13","MEKSA-EGSS01","围场外","outside pool","5","13",">=4 Classes (Medium)","2026-10-07 14:02:45","2026-10-07 14:02:45","SOP Completed Touch","-","PRIORITY - Active Student Upgrade Pitch","0"
"118","63510274","EGSS-marwaahmed","ME-EGSS13","MEKSA-EGSS01","围场外","outside pool","4","11",">=4 Classes (Medium)","1970-01-01 00:00:00","No Connection Recorded","No Recorded Connection","-","PRIORITY - Active Student Upgrade Pitch","0"
"122","60988810","EGSS-marwaahmed","ME-EGSS13","MEKSA-EGSS01","到期","Exp Non-0","4","8",">=4 Classes (Medium)","1970-01-01 00:00:00","No Connection Recorded","No Recorded Connection","-","PRIORITY - Active Student Upgrade Pitch","0"
"129","59812488","EGSS-marwaahmed","ME-EGSS13","MEKSA-EGSS01","围场外","outside pool","4","2",">=4 Classes (Medium)","1970-01-01 00:00:00","No Connection Recorded","No Recorded Connection","-","PRIORITY - Active Student Upgrade Pitch","0"
"134","63150155","EGSS-mohamedha","ME-EGSS13","MEKSA-EGSS01","围场外","outside pool","4","3",">=4 Classes (Medium)","1970-01-01 00:00:00","No Connection Recorded","No Recorded Connection","-","PRIORITY - Active Student Upgrade Pitch","0"
"135","62865091","EGSS-mohamedha","ME-EGSS13","MEKSA-EGSS01","围场外","outside pool","4","4",">=4 Classes (Medium)","1970-01-01 00:00:00","No Connection Recorded","No Recorded Connection","-","PRIORITY - Active Student Upgrade Pitch","0"
"137","61793992","EGSS-amrsafwat","ME-EGSS13","MEKSA-EGSS01","围场外","outside pool","4","10",">=4 Classes (Medium)","1970-01-01 00:00:00","No Connection Recorded","No Recorded Connection","-","PRIORITY - Active Student Upgrade Pitch","0"
"142","63532762","EGSS-marwaahmed","ME-EGSS13","MEKSA-EGSS01","围场外","outside pool","4","11",">=4 Classes (Medium)","1970-01-01 00:00:00","No Connection Recorded","No Recorded Connection","-","PRIORITY - Active Student Upgrade Pitch","0"
"143","63583008","EGSS-marwaahmed","ME-EGSS13","MEKSA-EGSS01","到期","Exp Non-0","4","8",">=4 Classes (Medium)","1970-01-01 00:00:00","No Connection Recorded","No Recorded Connection","-","PRIORITY - Active Student Upgrade Pitch","0"
"145","63521092","EGSS-marwaahmed","ME-EGSS13","MEKSA-EGSS01","围场外","outside pool","4","11",">=4 Classes (Medium)","1970-01-01 00:00:00","No Connection Recorded","No Recorded Connection","-","PRIORITY - Active Student Upgrade Pitch","0"
"148","58452428","EGSS-mohamedha","ME-EGSS13","MEKSA-EGSS01","到期","Exp Non-0","4","12",">=4 Classes (Medium)","1970-01-01 00:00:00","No Connection Recorded","No Recorded Connection","-","PRIORITY - Active Student Upgrade Pitch","0"
"157","63571445","EGSS-amrsafwat","ME-EGSS13","MEKSA-EGSS01","到期","Exp Non-0","4","11",">=4 Classes (Medium)","1970-01-01 00:00:00","No Connection Recorded","No Recorded Connection","-","PRIORITY - Active Student Upgrade Pitch","0"
"158","63584285","EGSS-amrsafwat","ME-EGSS13","MEKSA-EGSS01","围场外","outside pool","4","8",">=4 Classes (Medium)","1970-01-01 00:00:00","No Connection Recorded","No Recorded Connection","-","PRIORITY - Active Student Upgrade Pitch","0"
"159","63570646","EGSS-amrsafwat","ME-EGSS13","MEKSA-EGSS01","围场外","outside pool","4","10",">=4 Classes (Medium)","1970-01-01 00:00:00","No Connection Recorded","No Recorded Connection","-","PRIORITY - Active Student Upgrade Pitch","0"
"160","63443012","EGSS-amrsafwat","ME-EGSS13","MEKSA-EGSS01","围场外","outside pool","4","11",">=4 Classes (Medium)","1970-01-01 00:00:00","No Connection Recorded","No Recorded Connection","-","PRIORITY - Active Student Upgrade Pitch","0"
"163","61173402","EGSS-amrsafwat","ME-EGSS13","MEKSA-EGSS01","围场外","outside pool","4","11",">=4 Classes (Medium)","1970-01-01 00:00:00","No Connection Recorded","No Recorded Connection","-","PRIORITY - Active Student Upgrade Pitch","0"
"166","60671435","EGSS-amrsafwat","ME-EGSS13","MEKSA-EGSS01","围场外","outside pool","4","9",">=4 Classes (Medium)","1970-01-01 00:00:00","No Connection Recorded","No Recorded Connection","-","PRIORITY - Active Student Upgrade Pitch","0"
"169","63240824","EGSS-amrsafwat","ME-EGSS13","MEKSA-EGSS01","围场外","outside pool","4","9",">=4 Classes (Medium)","1970-01-01 00:00:00","No Connection Recorded","No Recorded Connection","-","PRIORITY - Active Student Upgrade Pitch","0"
"173","63661801","EGSS-hayamhassan","ME-EGSS13","MEKSA-EGSS01","到期","Exp Non-0","4","8",">=4 Classes (Medium)","1970-01-01 00:00:00","No Connection Recorded","CRM System Outreach","-","PRIORITY - Active Student Upgrade Pitch","0"
"177","62861314","EGSS-hayamhassan","ME-EGSS13","MEKSA-EGSS01","到期","Exp Non-0","4","11",">=4 Classes (Medium)","1970-01-01 00:00:00","No Connection Recorded","No Recorded Connection","-","PRIORITY - Active Student Upgrade Pitch","0"
"180","64341723","EGSS-hayamhassan","ME-EGSS13","MEKSA-EGSS01","围场外","outside pool","4","11",">=4 Classes (Medium)","1970-01-01 00:00:00","No Connection Recorded","No Recorded Connection","-","PRIORITY - Active Student Upgrade Pitch","0"
"182","64207640","EGSS-hayamhassan","ME-EGSS13","MEKSA-EGSS01","围场外","outside pool","4","11",">=4 Classes (Medium)","1970-01-01 00:00:00","No Connection Recorded","No Recorded Connection","-","PRIORITY - Active Student Upgrade Pitch","0"
"217","60123119","EGSS-amrsafwat","ME-EGSS13","MEKSA-EGSS01","围场外","outside pool","4","11",">=4 Classes (Medium)","2025-05-20 00:00:00","2025-05-20 00:00:00","Last 1v1 Payment","20250520","PRIORITY - Active Student Upgrade Pitch","0"
"219","60193500","EGSS-marwaahmed","ME-EGSS13","MEKSA-EGSS01","围场外","outside pool","4","11",">=4 Classes (Medium)","2025-06-12 00:00:00","2025-06-12 00:00:00","Last 1v1 Payment","20250612","PRIORITY - Active Student Upgrade Pitch","0"
"235","58159049","EGSS-mohamedha","ME-EGSS13","MEKSA-EGSS01","到期","Exp Non-0","4","8",">=4 Classes (Medium)","2025-11-24 00:00:00","2025-11-24 00:00:00","Last 1v1 Payment","20251124","PRIORITY - Active Student Upgrade Pitch","0"
"248","61885389","EGSS-mohamedha","ME-EGSS13","MEKSA-EGSS01","到期","Exp Non-0","4","14",">=4 Classes (Medium)","2026-01-25 00:00:00","2026-01-25 00:00:00","Last 1v1 Payment","20260125","PRIORITY - Active Student Upgrade Pitch","0"
"256","62015729","EGSS-mohamedha","ME-EGSS13","MEKSA-EGSS01","围场外","outside pool","4","11",">=4 Classes (Medium)","2026-02-08 00:00:00","2026-02-08 00:00:00","Last 1v1 Payment","20260208","PRIORITY - Active Student Upgrade Pitch","0"
"262","60697035","EGSS-amrsafwat","ME-EGSS13","MEKSA-EGSS01","围场外","outside pool","4","12",">=4 Classes (Medium)","2026-02-18 00:00:00","2026-02-18 00:00:00","Last 1v1 Payment","20260218","PRIORITY - Active Student Upgrade Pitch","0"
"267","58261778","EGSS-amrsafwat","ME-EGSS13","MEKSA-EGSS01","围场外","outside pool","4","11",">=4 Classes (Medium)","2026-03-04 00:00:00","2026-03-04 00:00:00","Last 1v1 Payment","20260304","PRIORITY - Active Student Upgrade Pitch","0"
"282","60207982","EGSS-marwaahmed","ME-EGSS13","MEKSA-EGSS01","围场外","outside pool","4","7",">=4 Classes (Medium)","2026-04-29 00:00:00","2026-04-29 00:00:00","Last 1v1 Payment","20260429","PRIORITY - Active Student Upgrade Pitch","0"
"292","58678501","EGSS-mohamedha","ME-EGSS13","MEKSA-EGSS01","围场外","outside pool","4","10",">=4 Classes (Medium)","2026-05-25 00:00:00","2026-05-25 00:00:00","Last 1v1 Payment","20260525","PRIORITY - Active Student Upgrade Pitch","0"
"308","61741665","EGSS-mohamedha","ME-EGSS13","MEKSA-EGSS01","围场外","outside pool","4","0",">=4 Classes (Medium)","2026-06-28 00:00:00","2026-06-28 00:00:00","Last 1v1 Payment","20260628","PRIORITY - Active Student Upgrade Pitch","0"
"315","62826545","EGSS-hayamhassan","ME-EGSS13","MEKSA-EGSS01","围场外","outside pool","4","11",">=4 Classes (Medium)","2026-07-01 00:00:00","2026-07-01 00:00:00","CRM System Outreach","-","PRIORITY - Active Student Upgrade Pitch","0"
"316","63594195","EGSS-amrsafwat","ME-EGSS13","MEKSA-EGSS01","围场外","outside pool","4","11",">=4 Classes (Medium)","2026-07-05 00:00:00","2026-07-05 00:00:00","CRM System Outreach","-","PRIORITY - Active Student Upgrade Pitch","0"
"321","63661394","EGSS-hayamhassan","ME-EGSS13","MEKSA-EGSS01","到期","Exp Non-0","4","8",">=4 Classes (Medium)","2026-07-12 00:00:00","2026-07-12 00:00:00","CRM System Outreach","-","PRIORITY - Active Student Upgrade Pitch","0"
"323","62629798","EGSS-mohamedha","ME-EGSS13","MEKSA-EGSS01","围场外","outside pool","4","0",">=4 Classes (Medium)","2026-07-15 00:00:00","2026-07-15 00:00:00","CRM System Outreach","-","PRIORITY - Active Student Upgrade Pitch","0"
"324","63648653","EGSS-mohamedha","ME-EGSS13","MEKSA-EGSS01","围场外","outside pool","4","1",">=4 Classes (Medium)","2026-07-18 00:00:00","2026-07-18 00:00:00","CRM System Outreach","-","PRIORITY - Active Student Upgrade Pitch","0"
"325","63784567","EGSS-marwaahmed","ME-EGSS13","MEKSA-EGSS01","围场外","outside pool","4","12",">=4 Classes (Medium)","2026-07-20 00:00:00","2026-07-20 00:00:00","CRM System Outreach","-","PRIORITY - Active Student Upgrade Pitch","0"
"327","58653432","EGSS-hayamhassan","ME-EGSS13","MEKSA-EGSS01","围场外","outside pool","4","10",">=4 Classes (Medium)","2026-07-27 00:00:00","2026-07-27 00:00:00","CRM System Outreach","-","PRIORITY - Active Student Upgrade Pitch","0"
"333","63863357","EGSS-hayamhassan","ME-EGSS13","MEKSA-EGSS01","围场外","outside pool","4","11",">=4 Classes (Medium)","2026-07-29 00:00:00","2026-07-29 00:00:00","CRM System Outreach","-","PRIORITY - Active Student Upgrade Pitch","0"
"337","63518038","EGSS-marwaahmed","ME-EGSS13","MEKSA-EGSS01","围场外","outside pool","4","12",">=4 Classes (Medium)","2026-08-02 00:00:00","2026-08-02 00:00:00","Last 1v1 Payment","20260802","PRIORITY - Active Student Upgrade Pitch","0"
"342","62346000","EGSS-mohamedha","ME-EGSS13","MEKSA-EGSS01","围场外","outside pool","4","11",">=4 Classes (Medium)","2026-08-06 00:00:00","2026-08-06 00:00:00","Last 1v1 Payment","20260806","PRIORITY - Active Student Upgrade Pitch","0"
"364","63018568","EGSS-amrsafwat","ME-EGSS13","MEKSA-EGSS01","围场外","outside pool","4","11",">=4 Classes (Medium)","2026-08-27 00:00:00","2026-08-27 00:00:00","Last 1v1 Payment","20260827","PRIORITY - Active Student Upgrade Pitch","0"
"373","58948874","EGSS-mohamedha","ME-EGSS13","MEKSA-EGSS01","围场外","outside pool","4","13",">=4 Classes (Medium)","2026-09-09 00:00:00","2026-09-09 00:00:00","Last 1v1 Payment","20260909","PRIORITY - Active Student Upgrade Pitch","0"
"374","58944508","EGSS-mohamedha","ME-EGSS13","MEKSA-EGSS01","围场外","outside pool","4","11",">=4 Classes (Medium)","2026-09-09 00:00:00","2026-09-09 00:00:00","Last 1v1 Payment","20260909","PRIORITY - Active Student Upgrade Pitch","0"
"379","61329350","EGSS-amrsafwat","ME-EGSS13","MEKSA-EGSS01","围场外","outside pool","4","11",">=4 Classes (Medium)","2026-09-26 00:00:00","2026-09-26 00:00:00","Last 1v1 Payment","20260926","PRIORITY - Active Student Upgrade Pitch","0"
"381","58586724","EGSS-marwaahmed","ME-EGSS13","MEKSA-EGSS01","围场外","outside pool","4","8",">=4 Classes (Medium)","2026-09-27 00:00:00","2026-09-27 00:00:00","Last 1v1 Payment","20260927","PRIORITY - Active Student Upgrade Pitch","0"
"389","60150335","EGSS-amrsafwat","ME-EGSS13","MEKSA-EGSS01","围场外","outside pool","4","14",">=4 Classes (Medium)","2026-09-30 12:32:42","2026-09-30 12:32:42","SOP Completed Touch","20260913","PRIORITY - Active Student Upgrade Pitch","0"
"392","63855260","EGSS-amrsafwat","ME-EGSS13","MEKSA-EGSS01","围场外","outside pool","4","10",">=4 Classes (Medium)","2026-09-30 13:21:10","2026-09-30 13:21:10","SOP Completed Touch","-","PRIORITY - Active Student Upgrade Pitch","0"
"402","59551178","EGSS-marwaahmed","ME-EGSS13","MEKSA-EGSS01","升舱","Upgrade M2","4","10",">=4 Classes (Medium)","2026-10-03 11:08:59","2026-10-03 11:08:59","SOP Task Assigned","-","PRIORITY - Active Student Upgrade Pitch","0"
"409","63960732","EGSS-mohamedha","ME-EGSS13","MEKSA-EGSS01","升舱","Upgrade M2","4","2",">=4 Classes (Medium)","2026-10-03 11:20:52","2026-10-03 11:20:52","SOP Task Assigned","-","PRIORITY - Active Student Upgrade Pitch","0"
"414","64057886","EGSS-marwaahmed","ME-EGSS13","MEKSA-EGSS01","升舱","Upgrade M2","4","10",">=4 Classes (Medium)","2026-10-03 11:25:40","2026-10-03 11:25:40","SOP Task Assigned","-","PRIORITY - Active Student Upgrade Pitch","0"
"417","64115142","EGSS-marwaahmed","ME-EGSS13","MEKSA-EGSS01","升舱","Upgrade M2","4","11",">=4 Classes (Medium)","2026-10-03 11:28:43","2026-10-03 11:28:43","SOP Task Assigned","-","PRIORITY - Active Student Upgrade Pitch","0"
"421","63445750","EGSS-marwaahmed","ME-EGSS13","MEKSA-EGSS01","围场外","outside pool","4","11",">=4 Classes (Medium)","2026-10-03 12:26:31","2026-10-03 12:26:31","SOP Completed Touch","20260811","PRIORITY - Active Student Upgrade Pitch","0"
"431","63462442","EGSS-hayamhassan","ME-EGSS13","MEKSA-EGSS01","围场外","outside pool","4","8",">=4 Classes (Medium)","2026-10-03 14:53:19","2026-10-03 14:53:19","SOP Completed Touch","-","PRIORITY - Active Student Upgrade Pitch","0"
"432","63603120","EGSS-hayamhassan","ME-EGSS13","MEKSA-EGSS01","到期","Exp Non-0","4","13",">=4 Classes (Medium)","2026-10-03 14:53:39","2026-10-03 14:53:39","SOP Completed Touch","-","PRIORITY - Active Student Upgrade Pitch","0"
"442","64105746","EGSS-hayamhassan","ME-EGSS13","MEKSA-EGSS01","升舱","Upgrade M2","4","9",">=4 Classes (Medium)","2026-10-04 18:21:15","2026-10-04 18:21:15","SOP Completed Touch","-","PRIORITY - Active Student Upgrade Pitch","0"
"445","64053360","EGSS-mohamedha","ME-EGSS13","MEKSA-EGSS01","围场外","outside pool","4","4",">=4 Classes (Medium)","2026-10-05 11:09:02","2026-10-05 11:09:02","SOP Task Assigned","-","PRIORITY - Active Student Upgrade Pitch","0"
"448","58183484","EGSS-marwaahmed","ME-EGSS13","MEKSA-EGSS01","期间","period","4","9",">=4 Classes (Medium)","2026-10-05 13:23:12","2026-10-05 13:23:12","SOP Completed Touch","20260310","PRIORITY - Active Student Upgrade Pitch","0"
"464","62204897","EGSS-amrsafwat","ME-EGSS13","MEKSA-EGSS01","围场外","outside pool","4","10",">=4 Classes (Medium)","2026-10-06 14:09:59","2026-10-06 14:09:59","SOP Completed Touch","-","PRIORITY - Active Student Upgrade Pitch","0"
"465","64330620","EGSS-amrsafwat","ME-EGSS13","MEKSA-EGSS01","围场外","outside pool","4","11",">=4 Classes (Medium)","2026-10-06 14:11:15","2026-10-06 14:11:15","SOP Completed Touch","-","PRIORITY - Active Student Upgrade Pitch","0"
"468","61412595","EGSS-mohamedha","ME-EGSS13","MEKSA-EGSS01","围场外","outside pool","4","7",">=4 Classes (Medium)","2026-10-06 18:58:24","2026-10-06 18:58:24","SOP Completed Touch","-","PRIORITY - Active Student Upgrade Pitch","0"
"469","63885961","EGSS-mohamedha","ME-EGSS13","MEKSA-EGSS01","围场外","outside pool","4","5",">=4 Classes (Medium)","2026-10-06 18:58:27","2026-10-06 18:58:27","SOP Completed Touch","-","PRIORITY - Active Student Upgrade Pitch","0"
"471","63887212","EGSS-mohamedha","ME-EGSS13","MEKSA-EGSS01","围场外","outside pool","4","2",">=4 Classes (Medium)","2026-10-06 18:58:28","2026-10-06 18:58:28","SOP Completed Touch","-","PRIORITY - Active Student Upgrade Pitch","0"
"473","63901944","EGSS-mohamedha","ME-EGSS13","MEKSA-EGSS01","围场外","outside pool","4","1",">=4 Classes (Medium)","2026-10-06 18:59:09","2026-10-06 18:59:09","SOP Completed Touch","20260908","PRIORITY - Active Student Upgrade Pitch","0"
"474","63997466","EGSS-mohamedha","ME-EGSS13","MEKSA-EGSS01","升舱","Upgrade M2","4","12",">=4 Classes (Medium)","2026-10-06 19:08:10","2026-10-06 19:08:10","SOP Completed Touch","-","PRIORITY - Active Student Upgrade Pitch","0"
"486","63267129","EGSS-marwaahmed","ME-EGSS13","MEKSA-EGSS01","期间","period","4","1",">=4 Classes (Medium)","2026-10-07 13:25:26","2026-10-07 13:25:26","SOP Completed Touch","-","PRIORITY - Active Student Upgrade Pitch","0"
"487","63403111","EGSS-marwaahmed","ME-EGSS13","MEKSA-EGSS01","到期","Exp Non-0","4","8",">=4 Classes (Medium)","2026-10-07 13:25:53","2026-10-07 13:25:53","SOP Completed Touch","-","PRIORITY - Active Student Upgrade Pitch","0"
"488","64112747","EGSS-marwaahmed","ME-EGSS13","MEKSA-EGSS01","升舱","Upgrade M2","4","11",">=4 Classes (Medium)","2026-10-07 13:26:30","2026-10-07 13:26:30","SOP Completed Touch","-","PRIORITY - Active Student Upgrade Pitch","0"
"492","63673288","EGSS-hayamhassan","ME-EGSS13","MEKSA-EGSS01","围场外","outside pool","4","11",">=4 Classes (Medium)","2026-10-07 14:31:47","2026-10-07 14:31:47","SOP Completed Touch","-","PRIORITY - Active Student Upgrade Pitch","0"
"498","64170513","EGSS-marwaahmed","ME-EGSS13","MEKSA-EGSS01","升舱","Upgrade M2","4","1",">=4 Classes (Medium)","2026-10-07 16:34:44","2026-10-07 16:34:44","SOP Completed Touch","-","PRIORITY - Active Student Upgrade Pitch","0"
"506","58661629","EGSS-marwaahmed","ME-EGSS13","MEKSA-EGSS01","到期","Exp Non-0","3","10","1-3 Classes (Low)","1970-01-01 00:00:00","No Connection Recorded","No Recorded Connection","-","STANDARD - Re-engagement & Habit Building","0"
"508","59166212","EGSS-marwaahmed","ME-EGSS13","MEKSA-EGSS01","围场外","outside pool","3","11","1-3 Classes (Low)","1970-01-01 00:00:00","No Connection Recorded","No Recorded Connection","-","STANDARD - Re-engagement & Habit Building","0"
"512","59327819","EGSS-marwaahmed","ME-EGSS13","MEKSA-EGSS01","围场外","outside pool","3","6","1-3 Classes (Low)","1970-01-01 00:00:00","No Connection Recorded","No Recorded Connection","-","STANDARD - Re-engagement & Habit Building","0"
"520","58688653","EGSS-marwaahmed","ME-EGSS13","MEKSA-EGSS01","首单到期","FOE Non-0","3","2","1-3 Classes (Low)","1970-01-01 00:00:00","No Connection Recorded","No Recorded Connection","-","STANDARD - Re-engagement & Habit Building","0"
"523","64465247","EGSS-mohamedha","ME-EGSS13","MEKSA-EGSS01","围场外","outside pool","3","1","1-3 Classes (Low)","1970-01-01 00:00:00","No Connection Recorded","No Recorded Connection","-","STANDARD - Re-engagement & Habit Building","0"
"541","63313846","EGSS-mohamedha","ME-EGSS13","MEKSA-EGSS01","围场外","outside pool","3","9","1-3 Classes (Low)","1970-01-01 00:00:00","No Connection Recorded","No Recorded Connection","-","STANDARD - Re-engagement & Habit Building","0"
"552","64171406","EGSS-hayamhassan","ME-EGSS13","MEKSA-EGSS01","围场外","outside pool","3","8","1-3 Classes (Low)","1970-01-01 00:00:00","No Connection Recorded","No Recorded Connection","-","STANDARD - Re-engagement & Habit Building","0"
"557","63782743","EGSS-hayamhassan","ME-EGSS13","MEKSA-EGSS01","围场外","outside pool","3","9","1-3 Classes (Low)","1970-01-01 00:00:00","No Connection Recorded","CRM System Outreach","-","STANDARD - Re-engagement & Habit Building","0"
"563","63877766","EGSS-hayamhassan","ME-EGSS13","MEKSA-EGSS01","围场外","outside pool","3","10","1-3 Classes (Low)","1970-01-01 00:00:00","No Connection Recorded","CRM System Outreach","20260801","STANDARD - Re-engagement & Habit Building","0"
"565","62972770","EGSS-mohamedha","ME-EGSS13","MEKSA-EGSS01","围场外","outside pool","3","3","1-3 Classes (Low)","1970-01-01 00:00:00","No Connection Recorded","No Recorded Connection","-","STANDARD - Re-engagement & Habit Building","0"
"566","63868002","EGSS-hayamhassan","ME-EGSS13","MEKSA-EGSS01","围场外","outside pool","3","0","1-3 Classes (Low)","1970-01-01 00:00:00","No Connection Recorded","CRM System Outreach","-","STANDARD - Re-engagement & Habit Building","0"
"577","63730359","EGSS-hayamhassan","ME-EGSS13","MEKSA-EGSS01","围场外","outside pool","3","6","1-3 Classes (Low)","1970-01-01 00:00:00","No Connection Recorded","CRM System Outreach","-","STANDARD - Re-engagement & Habit Building","0"
"581","64202682","EGSS-hayamhassan","ME-EGSS13","MEKSA-EGSS01","围场外","outside pool","3","6","1-3 Classes (Low)","1970-01-01 00:00:00","No Connection Recorded","No Recorded Connection","-","STANDARD - Re-engagement & Habit Building","0"
"583","64180190","EGSS-hayamhassan","ME-EGSS13","MEKSA-EGSS01","围场外","outside pool","3","9","1-3 Classes (Low)","1970-01-01 00:00:00","No Connection Recorded","No Recorded Connection","-","STANDARD - Re-engagement & Habit Building","0"
"586","64258408","EGSS-hayamhassan","ME-EGSS13","MEKSA-EGSS01","围场外","outside pool","3","9","1-3 Classes (Low)","1970-01-01 00:00:00","No Connection Recorded","No Recorded Connection","-","STANDARD - Re-engagement & Habit Building","0"
"589","64258334","EGSS-hayamhassan","ME-EGSS13","MEKSA-EGSS01","围场外","outside pool","3","9","1-3 Classes (Low)","1970-01-01 00:00:00","No Connection Recorded","No Recorded Connection","-","STANDARD - Re-engagement & Habit Building","0"
"598","63532074","EGSS-marwaahmed","ME-EGSS13","MEKSA-EGSS01","围场外","outside pool","3","12","1-3 Classes (Low)","1970-01-01 00:00:00","No Connection Recorded","No Recorded Connection","-","STANDARD - Re-engagement & Habit Building","0"
"599","63521613","EGSS-marwaahmed","ME-EGSS13","MEKSA-EGSS01","围场外","outside pool","3","11","1-3 Classes (Low)","1970-01-01 00:00:00","No Connection Recorded","No Recorded Connection","-","STANDARD - Re-engagement & Habit Building","0"
"600","63521837","EGSS-marwaahmed","ME-EGSS13","MEKSA-EGSS01","围场外","outside pool","3","9","1-3 Classes (Low)","1970-01-01 00:00:00","No Connection Recorded","No Recorded Connection","-","STANDARD - Re-engagement & Habit Building","0"
"612","63533009","EGSS-marwaahmed","ME-EGSS13","MEKSA-EGSS01","围场外","outside pool","3","12","1-3 Classes (Low)","1970-01-01 00:00:00","No Connection Recorded","No Recorded Connection","-","STANDARD - Re-engagement & Habit Building","0"
"614","63559882","EGSS-mohamedha","ME-EGSS13","MEKSA-EGSS01","到期","Exp Non-0","3","11","1-3 Classes (Low)","1970-01-01 00:00:00","No Connection Recorded","No Recorded Connection","-","STANDARD - Re-engagement & Habit Building","0"
"619","64287215","EGSS-marwaahmed","ME-EGSS13","MEKSA-EGSS01","围场外","outside pool","3","6","1-3 Classes (Low)","1970-01-01 00:00:00","No Connection Recorded","No Recorded Connection","-","STANDARD - Re-engagement & Habit Building","0"
"621","63446516","EGSS-mohamedha","ME-EGSS13","MEKSA-EGSS01","围场外","outside pool","3","2","1-3 Classes (Low)","1970-01-01 00:00:00","No Connection Recorded","No Recorded Connection","-","STANDARD - Re-engagement & Habit Building","0"
"625","63560171","EGSS-marwaahmed","ME-EGSS13","MEKSA-EGSS01","围场外","outside pool","3","6","1-3 Classes (Low)","1970-01-01 00:00:00","No Connection Recorded","No Recorded Connection","-","STANDARD - Re-engagement & Habit Building","0"
"626","64329863","EGSS-marwaahmed","ME-EGSS13","MEKSA-EGSS01","围场外","outside pool","3","6","1-3 Classes (Low)","1970-01-01 00:00:00","No Connection Recorded","No Recorded Connection","-","STANDARD - Re-engagement & Habit Building","0"
"634","63571650","EGSS-mohamedha","ME-EGSS13","MEKSA-EGSS01","围场外","outside pool","3","9","1-3 Classes (Low)","1970-01-01 00:00:00","No Connection Recorded","No Recorded Connection","-","STANDARD - Re-engagement & Habit Building","0"
"636","61559733","EGSS-marwaahmed","ME-EGSS13","MEKSA-EGSS01","围场外","outside pool","3","6","1-3 Classes (Low)","1970-01-01 00:00:00","No Connection Recorded","No Recorded Connection","-","STANDARD - Re-engagement & Habit Building","0"
"647","64439801","EGSS-mohamedha","ME-EGSS13","MEKSA-EGSS01","围场外","outside pool","3","0","1-3 Classes (Low)","1970-01-01 00:00:00","No Connection Recorded","No Recorded Connection","-","STANDARD - Re-engagement & Habit Building","0"
"653","64350417","EGSS-mohamedha","ME-EGSS13","MEKSA-EGSS01","围场外","outside pool","3","2","1-3 Classes (Low)","1970-01-01 00:00:00","No Connection Recorded","No Recorded Connection","-","STANDARD - Re-engagement & Habit Building","0"
"654","60792472","EGSS-marwaahmed","ME-EGSS13","MEKSA-EGSS01","到期","Exp Non-0","3","13","1-3 Classes (Low)","1970-01-01 00:00:00","No Connection Recorded","No Recorded Connection","-","STANDARD - Re-engagement & Habit Building","0"
"669","62887214","EGSS-marwaahmed","ME-EGSS13","MEKSA-EGSS01","到期","Exp Non-0","3","6","1-3 Classes (Low)","1970-01-01 00:00:00","No Connection Recorded","No Recorded Connection","-","STANDARD - Re-engagement & Habit Building","0"
"676","62134377","EGSS-marwaahmed","ME-EGSS13","MEKSA-EGSS01","围场外","outside pool","3","6","1-3 Classes (Low)","1970-01-01 00:00:00","No Connection Recorded","No Recorded Connection","-","STANDARD - Re-engagement & Habit Building","0"
"689","61682071","EGSS-amrsafwat","ME-EGSS13","MEKSA-EGSS01","首单到期","FOE Non-0","3","6","1-3 Classes (Low)","1970-01-01 00:00:00","No Connection Recorded","No Recorded Connection","-","STANDARD - Re-engagement & Habit Building","0"
"698","60872919","EGSS-amrsafwat","ME-EGSS13","MEKSA-EGSS01","到期","Exp Non-0","3","9","1-3 Classes (Low)","1970-01-01 00:00:00","No Connection Recorded","No Recorded Connection","-","STANDARD - Re-engagement & Habit Building","0"
"706","63224674","EGSS-amrsafwat","ME-EGSS13","MEKSA-EGSS01","围场外","outside pool","3","9","1-3 Classes (Low)","1970-01-01 00:00:00","No Connection Recorded","No Recorded Connection","-","STANDARD - Re-engagement & Habit Building","0"
"707","63146736","EGSS-amrsafwat","ME-EGSS13","MEKSA-EGSS01","期间","period","3","0","1-3 Classes (Low)","1970-01-01 00:00:00","No Connection Recorded","No Recorded Connection","-","STANDARD - Re-engagement & Habit Building","0"
"708","63015006","EGSS-amrsafwat","ME-EGSS13","MEKSA-EGSS01","围场外","outside pool","3","6","1-3 Classes (Low)","1970-01-01 00:00:00","No Connection Recorded","No Recorded Connection","-","STANDARD - Re-engagement & Habit Building","0"
"712","63241328","EGSS-amrsafwat","ME-EGSS13","MEKSA-EGSS01","到期","Exp Non-0","3","6","1-3 Classes (Low)","1970-01-01 00:00:00","No Connection Recorded","No Recorded Connection","-","STANDARD - Re-engagement & Habit Building","0"
"713","58620350","EGSS-amrsafwat","ME-EGSS13","MEKSA-EGSS01","围场外","outside pool","3","6","1-3 Classes (Low)","1970-01-01 00:00:00","No Connection Recorded","No Recorded Connection","-","STANDARD - Re-engagement & Habit Building","0"
"717","62803205","EGSS-amrsafwat","ME-EGSS13","MEKSA-EGSS01","围场外","outside pool","3","11","1-3 Classes (Low)","1970-01-01 00:00:00","No Connection Recorded","No Recorded Connection","-","STANDARD - Re-engagement & Habit Building","0"
"722","62938197","EGSS-amrsafwat","ME-EGSS13","MEKSA-EGSS01","围场外","outside pool","3","0","1-3 Classes (Low)","1970-01-01 00:00:00","No Connection Recorded","No Recorded Connection","-","STANDARD - Re-engagement & Habit Building","0"
"723","62996402","EGSS-amrsafwat","ME-EGSS13","MEKSA-EGSS01","围场外","outside pool","3","6","1-3 Classes (Low)","1970-01-01 00:00:00","No Connection Recorded","No Recorded Connection","-","STANDARD - Re-engagement & Habit Building","0"
"732","59463562","EGSS-amrsafwat","ME-EGSS13","MEKSA-EGSS01","围场外","outside pool","3","0","1-3 Classes (Low)","1970-01-01 00:00:00","No Connection Recorded","No Recorded Connection","-","STANDARD - Re-engagement & Habit Building","0"
"735","59704886","EGSS-amrsafwat","ME-EGSS13","MEKSA-EGSS01","围场外","outside pool","3","9","1-3 Classes (Low)","1970-01-01 00:00:00","No Connection Recorded","No Recorded Connection","-","STANDARD - Re-engagement & Habit Building","0"
"745","59372421","EGSS-amrsafwat","ME-EGSS13","MEKSA-EGSS01","围场外","outside pool","3","9","1-3 Classes (Low)","1970-01-01 00:00:00","No Connection Recorded","No Recorded Connection","-","STANDARD - Re-engagement & Habit Building","0"
"748","58450093","EGSS-amrsafwat","ME-EGSS13","MEKSA-EGSS01","围场外","outside pool","3","6","1-3 Classes (Low)","1970-01-01 00:00:00","No Connection Recorded","No Recorded Connection","-","STANDARD - Re-engagement & Habit Building","0"
"766","61926182","EGSS-mohamedha","ME-EGSS13","MEKSA-EGSS01","围场外","outside pool","3","10","1-3 Classes (Low)","1970-01-01 00:00:00","No Connection Recorded","No Recorded Connection","-","STANDARD - Re-engagement & Habit Building","0"
"771","60149749","EGSS-amrsafwat","ME-EGSS13","MEKSA-EGSS01","围场外","outside pool","3","18","1-3 Classes (Low)","1970-01-01 00:00:00","No Connection Recorded","No Recorded Connection","-","STANDARD - Re-engagement & Habit Building","0"
"775","62813502","EGSS-mohamedha","ME-EGSS13","MEKSA-EGSS01","到期","Exp Non-0","3","11","1-3 Classes (Low)","1970-01-01 00:00:00","No Connection Recorded","No Recorded Connection","-","STANDARD - Re-engagement & Habit Building","0"
"788","59438569","EGSS-hayamhassan","ME-EGSS13","MEKSA-EGSS01","围场外","outside pool","3","6","1-3 Classes (Low)","1970-01-01 00:00:00","No Connection Recorded","No Recorded Connection","-","STANDARD - Re-engagement & Habit Building","0"
"790","60720247","EGSS-hayamhassan","ME-EGSS13","MEKSA-EGSS01","围场外","outside pool","3","6","1-3 Classes (Low)","1970-01-01 00:00:00","No Connection Recorded","CRM System Outreach","-","STANDARD - Re-engagement & Habit Building","0"
"794","60713073","EGSS-hayamhassan","ME-EGSS13","MEKSA-EGSS01","围场外","outside pool","3","9","1-3 Classes (Low)","1970-01-01 00:00:00","No Connection Recorded","No Recorded Connection","-","STANDARD - Re-engagement & Habit Building","0"
"808","63456265","EGSS-hayamhassan","ME-EGSS13","MEKSA-EGSS01","围场外","outside pool","3","9","1-3 Classes (Low)","1970-01-01 00:00:00","No Connection Recorded","No Recorded Connection","-","STANDARD - Re-engagement & Habit Building","0"
"829","63580242","EGSS-amrsafwat","ME-EGSS13","MEKSA-EGSS01","围场外","outside pool","3","7","1-3 Classes (Low)","1970-01-01 00:00:00","No Connection Recorded","No Recorded Connection","-","STANDARD - Re-engagement & Habit Building","0"
"830","63496014","EGSS-amrsafwat","ME-EGSS13","MEKSA-EGSS01","围场外","outside pool","3","10","1-3 Classes (Low)","1970-01-01 00:00:00","No Connection Recorded","No Recorded Connection","-","STANDARD - Re-engagement & Habit Building","0"
"832","63329916","EGSS-amrsafwat","ME-EGSS13","MEKSA-EGSS01","到期","Exp Non-0","3","9","1-3 Classes (Low)","1970-01-01 00:00:00","No Connection Recorded","No Recorded Connection","-","STANDARD - Re-engagement & Habit Building","0"
"842","63790262","EGSS-amrsafwat","ME-EGSS13","MEKSA-EGSS01","围场外","outside pool","3","7","1-3 Classes (Low)","1970-01-01 00:00:00","No Connection Recorded","No Recorded Connection","-","STANDARD - Re-engagement & Habit Building","0"
"844","64395391","EGSS-amrsafwat","ME-EGSS13","MEKSA-EGSS01","围场外","outside pool","3","7","1-3 Classes (Low)","1970-01-01 00:00:00","No Connection Recorded","No Recorded Connection","-","STANDARD - Re-engagement & Habit Building","0"
"846","63788057","EGSS-amrsafwat","ME-EGSS13","MEKSA-EGSS01","围场外","outside pool","3","7","1-3 Classes (Low)","1970-01-01 00:00:00","No Connection Recorded","No Recorded Connection","-","STANDARD - Re-engagement & Habit Building","0"
"853","63596136","EGSS-amrsafwat","ME-EGSS13","MEKSA-EGSS01","围场外","outside pool","3","6","1-3 Classes (Low)","1970-01-01 00:00:00","No Connection Recorded","No Recorded Connection","-","STANDARD - Re-engagement & Habit Building","0"
"857","63721907","EGSS-amrsafwat","ME-EGSS13","MEKSA-EGSS01","围场外","outside pool","3","9","1-3 Classes (Low)","1970-01-01 00:00:00","No Connection Recorded","No Recorded Connection","-","STANDARD - Re-engagement & Habit Building","0"
"860","63713610","EGSS-amrsafwat","ME-EGSS13","MEKSA-EGSS01","围场外","outside pool","3","9","1-3 Classes (Low)","1970-01-01 00:00:00","No Connection Recorded","No Recorded Connection","-","STANDARD - Re-engagement & Habit Building","0"
"874","60145311","EGSS-marwaahmed","ME-EGSS13","MEKSA-EGSS01","到期","Exp Non-0","3","9","1-3 Classes (Low)","2025-08-24 00:00:00","2025-08-24 00:00:00","Last 1v1 Payment","20250824","STANDARD - Re-engagement & Habit Building","0"
"878","58923183","EGSS-marwaahmed","ME-EGSS13","MEKSA-EGSS01","到期","Exp Non-0","3","1","1-3 Classes (Low)","2025-09-14 00:00:00","2025-09-14 00:00:00","Last 1v1 Payment","20250914","STANDARD - Re-engagement & Habit Building","0"
"880","59614611","EGSS-amrsafwat","ME-EGSS13","MEKSA-EGSS01","到期","Exp Non-0","3","12","1-3 Classes (Low)","2025-09-23 00:00:00","2025-09-23 00:00:00","Last 1v1 Payment","20250923","STANDARD - Re-engagement & Habit Building","0"
"883","60646092","EGSS-amrsafwat","ME-EGSS13","MEKSA-EGSS01","围场外","outside pool","3","12","1-3 Classes (Low)","2025-09-28 00:00:00","2025-09-28 00:00:00","Last 1v1 Payment","20250928","STANDARD - Re-engagement & Habit Building","0"
"900","61071539","EGSS-amrsafwat","ME-EGSS13","MEKSA-EGSS01","围场外","outside pool","3","8","1-3 Classes (Low)","2025-11-16 00:00:00","2025-11-16 00:00:00","Last 1v1 Payment","20251116","STANDARD - Re-engagement & Habit Building","0"
"911","60509916","EGSS-mohamedha","ME-EGSS13","MEKSA-EGSS01","围场外","outside pool","3","6","1-3 Classes (Low)","2025-11-29 00:00:00","2025-11-29 00:00:00","Last 1v1 Payment","20251129","STANDARD - Re-engagement & Habit Building","0"
"917","58787949","EGSS-mohamedha","ME-EGSS13","MEKSA-EGSS01","围场外","outside pool","3","6","1-3 Classes (Low)","2025-12-09 00:00:00","2025-12-09 00:00:00","Last 1v1 Payment","20251209","STANDARD - Re-engagement & Habit Building","0"
"923","60203503","EGSS-marwaahmed","ME-EGSS13","MEKSA-EGSS01","围场外","outside pool","3","6","1-3 Classes (Low)","2025-12-16 00:00:00","2025-12-16 00:00:00","Last 1v1 Payment","20251216","STANDARD - Re-engagement & Habit Building","0"
"925","60734970","EGSS-mohamedha","ME-EGSS13","MEKSA-EGSS01","围场外","outside pool","3","3","1-3 Classes (Low)","2025-12-20 00:00:00","2025-12-20 00:00:00","Last 1v1 Payment","20251220","STANDARD - Re-engagement & Habit Building","0"
"927","60569598","EGSS-mohamedha","ME-EGSS13","MEKSA-EGSS01","围场外","outside pool","3","8","1-3 Classes (Low)","2025-12-21 00:00:00","2025-12-21 00:00:00","Last 1v1 Payment","20251221","STANDARD - Re-engagement & Habit Building","0"
"949","60445594","EGSS-amrsafwat","ME-EGSS13","MEKSA-EGSS01","期间","period","3","7","1-3 Classes (Low)","2026-01-19 00:00:00","2026-01-19 00:00:00","Last 1v1 Payment","20260119","STANDARD - Re-engagement & Habit Building","0"
"955","58214580","EGSS-marwaahmed","ME-EGSS13","MEKSA-EGSS01","到期","Exp Non-0","3","6","1-3 Classes (Low)","2026-01-28 00:00:00","2026-01-28 00:00:00","Last 1v1 Payment","20260128","STANDARD - Re-engagement & Habit Building","0"
"961","59450291","EGSS-marwaahmed","ME-EGSS13","MEKSA-EGSS01","到期","Exp Non-0","3","11","1-3 Classes (Low)","2026-01-31 00:00:00","2026-01-31 00:00:00","Last 1v1 Payment","20260131","STANDARD - Re-engagement & Habit Building","0"
"965","59138085","EGSS-marwaahmed","ME-EGSS13","MEKSA-EGSS01","围场外","outside pool","3","9","1-3 Classes (Low)","2026-02-10 00:00:00","2026-02-10 00:00:00","Last 1v1 Payment","20260210","STANDARD - Re-engagement & Habit Building","0"
"966","61237743","EGSS-marwaahmed","ME-EGSS13","MEKSA-EGSS01","到期","Exp Non-0","3","9","1-3 Classes (Low)","2026-02-10 00:00:00","2026-02-10 00:00:00","Last 1v1 Payment","20260210","STANDARD - Re-engagement & Habit Building","0"
"968","61256475","EGSS-marwaahmed","ME-EGSS13","MEKSA-EGSS01","到期","Exp Non-0","3","9","1-3 Classes (Low)","2026-02-10 00:00:00","2026-02-10 00:00:00","Last 1v1 Payment","20260210","STANDARD - Re-engagement & Habit Building","0"
"981","60513664","EGSS-amrsafwat","ME-EGSS13","MEKSA-EGSS01","围场外","outside pool","3","10","1-3 Classes (Low)","2026-03-02 00:00:00","2026-03-02 00:00:00","Last 1v1 Payment","20260302","STANDARD - Re-engagement & Habit Building","0"
"990","61384121","EGSS-amrsafwat","ME-EGSS13","MEKSA-EGSS01","到期","Exp Non-0","3","9","1-3 Classes (Low)","2026-03-06 00:00:00","2026-03-06 00:00:00","Last 1v1 Payment","20260306","STANDARD - Re-engagement & Habit Building","0"
"997","59169255","EGSS-amrsafwat","ME-EGSS13","MEKSA-EGSS01","到期","Exp Non-0","3","8","1-3 Classes (Low)","2026-03-18 00:00:00","2026-03-18 00:00:00","Last 1v1 Payment","20260318","STANDARD - Re-engagement & Habit Building","0"
"1002","61028534","EGSS-mohamedha","ME-EGSS13","MEKSA-EGSS01","到期","Exp Non-0","3","9","1-3 Classes (Low)","2026-03-25 00:00:00","2026-03-25 00:00:00","Last 1v1 Payment","20260325","STANDARD - Re-engagement & Habit Building","0"
"1006","59279292","EGSS-mohamedha","ME-EGSS13","MEKSA-EGSS01","到期","Exp Non-0","3","9","1-3 Classes (Low)","2026-03-27 00:00:00","2026-03-27 00:00:00","Last 1v1 Payment","20260327","STANDARD - Re-engagement & Habit Building","0"
"1007","59218891","EGSS-amrsafwat","ME-EGSS13","MEKSA-EGSS01","围场外","outside pool","3","0","1-3 Classes (Low)","2026-03-27 00:00:00","2026-03-27 00:00:00","Last 1v1 Payment","20260327","STANDARD - Re-engagement & Habit Building","0"
"1011","61501802","EGSS-marwaahmed","ME-EGSS13","MEKSA-EGSS01","到期","Exp Non-0","3","9","1-3 Classes (Low)","2026-03-28 00:00:00","2026-03-28 00:00:00","Last 1v1 Payment","20260328","STANDARD - Re-engagement & Habit Building","0"
"1012","61501545","EGSS-marwaahmed","ME-EGSS13","MEKSA-EGSS01","到期","Exp Non-0","3","9","1-3 Classes (Low)","2026-03-28 00:00:00","2026-03-28 00:00:00","Last 1v1 Payment","20260328","STANDARD - Re-engagement & Habit Building","0"
"1025","61540682","EGSS-mohamedha","ME-EGSS13","MEKSA-EGSS01","围场外","outside pool","3","0","1-3 Classes (Low)","2026-04-08 00:00:00","2026-04-08 00:00:00","Last 1v1 Payment","20260408","STANDARD - Re-engagement & Habit Building","0"
"1039","58232453","EGSS-mohamedha","ME-EGSS13","MEKSA-EGSS01","围场外","outside pool","3","11","1-3 Classes (Low)","2026-04-27 00:00:00","2026-04-27 00:00:00","Last 1v1 Payment","20260427","STANDARD - Re-engagement & Habit Building","0"
"1044","59567114","EGSS-marwaahmed","ME-EGSS13","MEKSA-EGSS01","围场外","outside pool","3","7","1-3 Classes (Low)","2026-04-29 00:00:00","2026-04-29 00:00:00","Last 1v1 Payment","20260429","STANDARD - Re-engagement & Habit Building","0"
"1045","59560437","EGSS-marwaahmed","ME-EGSS13","MEKSA-EGSS01","围场外","outside pool","3","0","1-3 Classes (Low)","2026-04-29 00:00:00","2026-04-29 00:00:00","Last 1v1 Payment","20260429","STANDARD - Re-engagement & Habit Building","0"
"1062","62811052","EGSS-amrsafwat","ME-EGSS13","MEKSA-EGSS01","围场外","outside pool","3","10","1-3 Classes (Low)","2026-05-10 00:00:00","2026-05-10 00:00:00","Last 1v1 Payment","20260510","STANDARD - Re-engagement & Habit Building","0"
"1066","58679546","EGSS-amrsafwat","ME-EGSS13","MEKSA-EGSS01","围场外","outside pool","3","12","1-3 Classes (Low)","2026-05-11 00:00:00","2026-05-11 00:00:00","Last 1v1 Payment","20260511","STANDARD - Re-engagement & Habit Building","0"
"1072","58730859","EGSS-mohamedha","ME-EGSS13","MEKSA-EGSS01","围场外","outside pool","3","10","1-3 Classes (Low)","2026-05-13 00:00:00","2026-05-13 00:00:00","Last 1v1 Payment","20260513","STANDARD - Re-engagement & Habit Building","0"
"1078","60307712","EGSS-mohamedha","ME-EGSS13","MEKSA-EGSS01","围场外","outside pool","3","7","1-3 Classes (Low)","2026-05-18 00:00:00","2026-05-18 00:00:00","Last 1v1 Payment","20260518","STANDARD - Re-engagement & Habit Building","0"
"1081","61724557","EGSS-hayamhassan","ME-EGSS13","MEKSA-EGSS01","围场外","outside pool","3","11","1-3 Classes (Low)","2026-05-19 00:00:00","2026-05-19 00:00:00","Last 1v1 Payment","20260519","STANDARD - Re-engagement & Habit Building","0"
"1097","62579943","EGSS-amrsafwat","ME-EGSS13","MEKSA-EGSS01","围场外","outside pool","3","12","1-3 Classes (Low)","2026-05-24 00:00:00","2026-05-24 00:00:00","Last 1v1 Payment","20260524","STANDARD - Re-engagement & Habit Building","0"
"1104","59786493","EGSS-amrsafwat","ME-EGSS13","MEKSA-EGSS01","围场外","outside pool","3","8","1-3 Classes (Low)","2026-05-25 00:00:00","2026-05-25 00:00:00","Last 1v1 Payment","20260525","STANDARD - Re-engagement & Habit Building","0"
"1106","61674974","EGSS-amrsafwat","ME-EGSS13","MEKSA-EGSS01","围场外","outside pool","3","6","1-3 Classes (Low)","2026-05-26 00:00:00","2026-05-26 00:00:00","Last 1v1 Payment","20260526","STANDARD - Re-engagement & Habit Building","0"
"1116","61851289","EGSS-mohamedha","ME-EGSS13","MEKSA-EGSS01","围场外","outside pool","3","6","1-3 Classes (Low)","2026-06-04 00:00:00","2026-06-04 00:00:00","Last 1v1 Payment","20260604","STANDARD - Re-engagement & Habit Building","0"
"1119","59081546","EGSS-marwaahmed","ME-EGSS13","MEKSA-EGSS01","围场外","outside pool","3","9","1-3 Classes (Low)","2026-06-08 00:00:00","2026-06-08 00:00:00","Last 1v1 Payment","20260608","STANDARD - Re-engagement & Habit Building","0"
"1135","58608642","EGSS-amrsafwat","ME-EGSS13","MEKSA-EGSS01","围场外","outside pool","3","8","1-3 Classes (Low)","2026-06-15 00:00:00","2026-06-15 00:00:00","Last 1v1 Payment","20260615","STANDARD - Re-engagement & Habit Building","0"
"1136","62976713","EGSS-amrsafwat","ME-EGSS13","MEKSA-EGSS01","围场外","outside pool","3","14","1-3 Classes (Low)","2026-06-15 00:00:00","2026-06-15 00:00:00","Last 1v1 Payment","20260615","STANDARD - Re-engagement & Habit Building","0"
"1137","62067481","EGSS-amrsafwat","ME-EGSS13","MEKSA-EGSS01","围场外","outside pool","3","8","1-3 Classes (Low)","2026-06-16 00:00:00","2026-06-16 00:00:00","Last 1v1 Payment","20260616","STANDARD - Re-engagement & Habit Building","0"
"1145","58437717","EGSS-amrsafwat","ME-EGSS13","MEKSA-EGSS01","围场外","outside pool","3","4","1-3 Classes (Low)","2026-06-22 00:00:00","2026-06-22 00:00:00","Last 1v1 Payment","20260622","STANDARD - Re-engagement & Habit Building","0"
"1156","59550120","EGSS-amrsafwat","ME-EGSS13","MEKSA-EGSS01","围场外","outside pool","3","9","1-3 Classes (Low)","2026-06-28 00:00:00","2026-06-28 00:00:00","Last 1v1 Payment","20260628","STANDARD - Re-engagement & Habit Building","0"
"1168","62823754","EGSS-marwaahmed","ME-EGSS13","MEKSA-EGSS01","围场外","outside pool","3","11","1-3 Classes (Low)","2026-06-30 00:00:00","2026-06-30 00:00:00","Last 1v1 Payment","20260630","STANDARD - Re-engagement & Habit Building","0"
"1169","60091629","EGSS-amrsafwat","ME-EGSS13","MEKSA-EGSS01","围场外","outside pool","3","8","1-3 Classes (Low)","2026-06-30 00:00:00","2026-06-30 00:00:00","Last 1v1 Payment","20260630","STANDARD - Re-engagement & Habit Building","0"
"1171","60218569","EGSS-mohamedha","ME-EGSS13","MEKSA-EGSS01","围场外","outside pool","3","9","1-3 Classes (Low)","2026-07-01 00:00:00","2026-07-01 00:00:00","Last 1v1 Payment","20260701","STANDARD - Re-engagement & Habit Building","0"
"1173","60804026","EGSS-amrsafwat","ME-EGSS13","MEKSA-EGSS01","围场外","outside pool","3","6","1-3 Classes (Low)","2026-07-05 00:00:00","2026-07-05 00:00:00","Last 1v1 Payment","20260705","STANDARD - Re-engagement & Habit Building","0"
"1184","60797757","EGSS-marwaahmed","ME-EGSS13","MEKSA-EGSS01","围场外","outside pool","3","9","1-3 Classes (Low)","2026-07-12 00:00:00","2026-07-12 00:00:00","Last 1v1 Payment","20260712","STANDARD - Re-engagement & Habit Building","0"
"1185","63640429","EGSS-hayamhassan","ME-EGSS13","MEKSA-EGSS01","围场外","outside pool","3","6","1-3 Classes (Low)","2026-07-12 00:00:00","2026-07-12 00:00:00","CRM System Outreach","20260923","STANDARD - Re-engagement & Habit Building","0"
"1190","62123750","EGSS-mohamedha","ME-EGSS13","MEKSA-EGSS01","围场外","outside pool","3","12","1-3 Classes (Low)","2026-07-14 00:00:00","2026-07-14 00:00:00","Last 1v1 Payment","20260714","STANDARD - Re-engagement & Habit Building","0"
"1192","60199838","EGSS-amrsafwat","ME-EGSS13","MEKSA-EGSS01","围场外","outside pool","3","8","1-3 Classes (Low)","2026-07-15 00:00:00","2026-07-15 00:00:00","Last 1v1 Payment","20260715","STANDARD - Re-engagement & Habit Building","0"
"1193","63441858","EGSS-hayamhassan","ME-EGSS13","MEKSA-EGSS01","围场外","outside pool","3","10","1-3 Classes (Low)","2026-07-15 00:00:00","2026-07-15 00:00:00","CRM System Outreach","20260912","STANDARD - Re-engagement & Habit Building","0"
"1194","62630024","EGSS-mohamedha","ME-EGSS13","MEKSA-EGSS01","到期","Exp Non-0","3","11","1-3 Classes (Low)","2026-07-16 00:00:00","2026-07-16 00:00:00","CRM System Outreach","-","STANDARD - Re-engagement & Habit Building","0"
"1196","61439574","EGSS-mohamedha","ME-EGSS13","MEKSA-EGSS01","围场外","outside pool","3","10","1-3 Classes (Low)","2026-07-18 00:00:00","2026-07-18 00:00:00","CRM System Outreach","-","STANDARD - Re-engagement & Habit Building","0"
"1206","63205732","EGSS-mohamedha","ME-EGSS13","MEKSA-EGSS01","围场外","outside pool","3","8","1-3 Classes (Low)","2026-07-21 00:00:00","2026-07-21 00:00:00","Last 1v1 Payment","20260721","STANDARD - Re-engagement & Habit Building","0"
"1208","58358436","EGSS-marwaahmed","ME-EGSS13","MEKSA-EGSS01","围场外","outside pool","3","9","1-3 Classes (Low)","2026-07-21 00:00:00","2026-07-21 00:00:00","Last 1v1 Payment","20260721","STANDARD - Re-engagement & Habit Building","0"
"1225","63734285","EGSS-hayamhassan","ME-EGSS13","MEKSA-EGSS01","到期","Exp Non-0","3","10","1-3 Classes (Low)","2026-07-28 00:00:00","2026-07-28 00:00:00","CRM System Outreach","-","STANDARD - Re-engagement & Habit Building","0"
"1226","61591686","EGSS-amrsafwat","ME-EGSS13","MEKSA-EGSS01","围场外","outside pool","3","9","1-3 Classes (Low)","2026-07-28 00:00:00","2026-07-28 00:00:00","Last 1v1 Payment","20260728","STANDARD - Re-engagement & Habit Building","0"
"1228","62163665","EGSS-amrsafwat","ME-EGSS13","MEKSA-EGSS01","围场外","outside pool","3","9","1-3 Classes (Low)","2026-07-28 00:00:00","2026-07-28 00:00:00","Last 1v1 Payment","20260728","STANDARD - Re-engagement & Habit Building","0"
"1232","63785454","EGSS-hayamhassan","ME-EGSS13","MEKSA-EGSS01","围场外","outside pool","3","9","1-3 Classes (Low)","2026-07-29 00:00:00","2026-07-29 00:00:00","CRM System Outreach","-","STANDARD - Re-engagement & Habit Building","0"
"1236","62431115","EGSS-marwaahmed","ME-EGSS13","MEKSA-EGSS01","围场外","outside pool","3","6","1-3 Classes (Low)","2026-07-30 00:00:00","2026-07-30 00:00:00","Last 1v1 Payment","20260730","STANDARD - Re-engagement & Habit Building","0"
"1243","58945042","EGSS-marwaahmed","ME-EGSS13","MEKSA-EGSS01","围场外","outside pool","3","9","1-3 Classes (Low)","2026-08-01 00:00:00","2026-08-01 00:00:00","Last 1v1 Payment","20260801","STANDARD - Re-engagement & Habit Building","0"
"1246","59491388","EGSS-marwaahmed","ME-EGSS13","MEKSA-EGSS01","围场外","outside pool","3","9","1-3 Classes (Low)","2026-08-01 00:00:00","2026-08-01 00:00:00","Last 1v1 Payment","20260801","STANDARD - Re-engagement & Habit Building","0"
"1250","63572711","EGSS-mohamedha","ME-EGSS13","MEKSA-EGSS01","围场外","outside pool","3","9","1-3 Classes (Low)","2026-08-02 00:00:00","2026-08-02 00:00:00","Last 1v1 Payment","20260802","STANDARD - Re-engagement & Habit Building","0"
"1253","63507436","EGSS-marwaahmed","ME-EGSS13","MEKSA-EGSS01","围场外","outside pool","3","6","1-3 Classes (Low)","2026-08-04 00:00:00","2026-08-04 00:00:00","Last 1v1 Payment","20260804","STANDARD - Re-engagement & Habit Building","0"
"1262","59630907","EGSS-amrsafwat","ME-EGSS13","MEKSA-EGSS01","围场外","outside pool","3","1","1-3 Classes (Low)","2026-08-05 00:00:00","2026-08-05 00:00:00","Last 1v1 Payment","20260805","STANDARD - Re-engagement & Habit Building","0"
"1267","63713046","EGSS-marwaahmed","ME-EGSS13","MEKSA-EGSS01","围场外","outside pool","3","9","1-3 Classes (Low)","2026-08-06 00:00:00","2026-08-06 00:00:00","CRM System Outreach","20260912","STANDARD - Re-engagement & Habit Building","0"
"1269","63735152","EGSS-mohamedha","ME-EGSS13","MEKSA-EGSS01","到期","Exp Non-0","3","9","1-3 Classes (Low)","2026-08-06 00:00:00","2026-08-06 00:00:00","CRM System Outreach","-","STANDARD - Re-engagement & Habit Building","0"
"1270","63801429","EGSS-hayamhassan","ME-EGSS13","MEKSA-EGSS01","围场外","outside pool","3","5","1-3 Classes (Low)","2026-08-07 00:00:00","2026-08-07 00:00:00","CRM System Outreach","-","STANDARD - Re-engagement & Habit Building","0"
"1273","60110633","EGSS-hayamhassan","ME-EGSS13","MEKSA-EGSS01","到期","Exp Non-0","3","9","1-3 Classes (Low)","2026-08-08 00:00:00","2026-08-08 00:00:00","CRM System Outreach","-","STANDARD - Re-engagement & Habit Building","0"
"1292","63583823","EGSS-marwaahmed","ME-EGSS13","MEKSA-EGSS01","到期","Exp Non-0","3","6","1-3 Classes (Low)","2026-08-13 00:00:00","2026-08-13 00:00:00","CRM System Outreach","-","STANDARD - Re-engagement & Habit Building","0"
"1304","58557544","EGSS-amrsafwat","ME-EGSS13","MEKSA-EGSS01","围场外","outside pool","3","11","1-3 Classes (Low)","2026-08-17 00:00:00","2026-08-17 00:00:00","Last 1v1 Payment","20260817","STANDARD - Re-engagement & Habit Building","0"
"1310","63730358","EGSS-hayamhassan","ME-EGSS13","MEKSA-EGSS01","围场外","outside pool","3","6","1-3 Classes (Low)","2026-08-18 00:00:00","2026-08-18 00:00:00","CRM System Outreach","-","STANDARD - Re-engagement & Habit Building","0"
"1311","61414952","EGSS-hayamhassan","ME-EGSS13","MEKSA-EGSS01","围场外","outside pool","3","9","1-3 Classes (Low)","2026-08-20 00:00:00","2026-08-20 00:00:00","CRM System Outreach","-","STANDARD - Re-engagement & Habit Building","0"
"1314","59790908","EGSS-hayamhassan","ME-EGSS13","MEKSA-EGSS01","围场外","outside pool","3","6","1-3 Classes (Low)","2026-08-20 00:00:00","2026-08-20 00:00:00","CRM System Outreach","-","STANDARD - Re-engagement & Habit Building","0"
"1327","63028427","EGSS-hayamhassan","ME-EGSS13","MEKSA-EGSS01","围场外","outside pool","3","9","1-3 Classes (Low)","2026-08-24 00:00:00","2026-08-24 00:00:00","CRM System Outreach","20260914","STANDARD - Re-engagement & Habit Building","0"
"1337","62453265","EGSS-mohamedha","ME-EGSS13","MEKSA-EGSS01","围场外","outside pool","3","8","1-3 Classes (Low)","2026-08-27 00:00:00","2026-08-27 00:00:00","Last 1v1 Payment","20260827","STANDARD - Re-engagement & Habit Building","0"
"1338","60687596","EGSS-mohamedha","ME-EGSS13","MEKSA-EGSS01","围场外","outside pool","3","8","1-3 Classes (Low)","2026-08-27 00:00:00","2026-08-27 00:00:00","Last 1v1 Payment","20260827","STANDARD - Re-engagement & Habit Building","0"
"1339","57980631","EGSS-marwaahmed","ME-EGSS13","MEKSA-EGSS01","围场外","outside pool","3","6","1-3 Classes (Low)","2026-08-27 00:00:00","2026-08-27 00:00:00","Last 1v1 Payment","20260827","STANDARD - Re-engagement & Habit Building","0"
"1354","58553322","EGSS-amrsafwat","ME-EGSS13","MEKSA-EGSS01","围场外","outside pool","3","0","1-3 Classes (Low)","2026-08-29 00:00:00","2026-08-29 00:00:00","Last 1v1 Payment","20260829","STANDARD - Re-engagement & Habit Building","0"
"1356","60472437","EGSS-amrsafwat","ME-EGSS13","MEKSA-EGSS01","围场外","outside pool","3","9","1-3 Classes (Low)","2026-08-30 00:00:00","2026-08-30 00:00:00","Last 1v1 Payment","20260830","STANDARD - Re-engagement & Habit Building","0"
"1358","62887633","EGSS-amrsafwat","ME-EGSS13","MEKSA-EGSS01","围场外","outside pool","3","9","1-3 Classes (Low)","2026-08-30 00:00:00","2026-08-30 00:00:00","Last 1v1 Payment","20260830","STANDARD - Re-engagement & Habit Building","0"
"1360","58856458","EGSS-marwaahmed","ME-EGSS13","MEKSA-EGSS01","围场外","outside pool","3","9","1-3 Classes (Low)","2026-08-30 00:00:00","2026-08-30 00:00:00","Last 1v1 Payment","20260830","STANDARD - Re-engagement & Habit Building","0"
"1361","62920309","EGSS-amrsafwat","ME-EGSS13","MEKSA-EGSS01","围场外","outside pool","3","9","1-3 Classes (Low)","2026-08-30 00:00:00","2026-08-30 00:00:00","Last 1v1 Payment","20260830","STANDARD - Re-engagement & Habit Building","0"
"1364","62354886","EGSS-amrsafwat","ME-EGSS13","MEKSA-EGSS01","围场外","outside pool","3","6","1-3 Classes (Low)","2026-08-30 00:00:00","2026-08-30 00:00:00","Last 1v1 Payment","20260830","STANDARD - Re-engagement & Habit Building","0"
"1372","60719419","EGSS-mohamedha","ME-EGSS13","MEKSA-EGSS01","围场外","outside pool","3","12","1-3 Classes (Low)","2026-09-05 00:00:00","2026-09-05 00:00:00","Last 1v1 Payment","20260905","STANDARD - Re-engagement & Habit Building","0"
"1374","60757918","EGSS-mohamedha","ME-EGSS13","MEKSA-EGSS01","围场外","outside pool","3","11","1-3 Classes (Low)","2026-09-05 00:00:00","2026-09-05 00:00:00","Last 1v1 Payment","20260905","STANDARD - Re-engagement & Habit Building","0"
"1390","63079269","EGSS-amrsafwat","ME-EGSS13","MEKSA-EGSS01","围场外","outside pool","3","6","1-3 Classes (Low)","2026-09-15 00:00:00","2026-09-15 00:00:00","Last 1v1 Payment","20260915","STANDARD - Re-engagement & Habit Building","0"
"1396","60201390","EGSS-amrsafwat","ME-EGSS13","MEKSA-EGSS01","围场外","outside pool","3","12","1-3 Classes (Low)","2026-09-17 00:00:00","2026-09-17 00:00:00","Last 1v1 Payment","20260917","STANDARD - Re-engagement & Habit Building","0"
"1403","63630609","EGSS-amrsafwat","ME-EGSS13","MEKSA-EGSS01","围场外","outside pool","3","9","1-3 Classes (Low)","2026-09-20 00:00:00","2026-09-20 00:00:00","Last 1v1 Payment","20260920","STANDARD - Re-engagement & Habit Building","0"
"1415","58963189","EGSS-amrsafwat","ME-EGSS13","MEKSA-EGSS01","围场外","outside pool","3","9","1-3 Classes (Low)","2026-09-27 00:00:00","2026-09-27 00:00:00","Last 1v1 Payment","20260927","STANDARD - Re-engagement & Habit Building","0"
"1426","63509924","EGSS-marwaahmed","ME-EGSS13","MEKSA-EGSS01","围场外","outside pool","3","9","1-3 Classes (Low)","2026-09-29 13:31:55","2026-09-29 13:31:55","SOP Completed Touch","-","STANDARD - Re-engagement & Habit Building","0"
"1430","64170878","EGSS-marwaahmed","ME-EGSS13","MEKSA-EGSS01","围场外","outside pool","3","12","1-3 Classes (Low)","2026-09-29 18:27:57","2026-09-29 18:27:57","SOP Completed Touch","-","STANDARD - Re-engagement & Habit Building","0"
"1431","64474504","EGSS-amrsafwat","ME-EGSS13","MEKSA-EGSS01","围场外","outside pool","3","9","1-3 Classes (Low)","2026-09-29 18:28:35","2026-09-29 18:28:35","SOP Completed Touch","-","STANDARD - Re-engagement & Habit Building","0"
"1450","63090948","EGSS-marwaahmed","ME-EGSS13","MEKSA-EGSS01","围场外","outside pool","3","9","1-3 Classes (Low)","2026-09-30 18:55:12","2026-09-30 18:55:12","SOP Completed Touch","-","STANDARD - Re-engagement & Habit Building","0"
"1451","63164969","EGSS-marwaahmed","ME-EGSS13","MEKSA-EGSS01","围场外","outside pool","3","9","1-3 Classes (Low)","2026-09-30 18:58:45","2026-09-30 18:58:45","SOP Completed Touch","-","STANDARD - Re-engagement & Habit Building","0"
"1452","64260064","EGSS-marwaahmed","ME-EGSS13","MEKSA-EGSS01","围场外","outside pool","3","9","1-3 Classes (Low)","2026-09-30 20:14:23","2026-09-30 20:14:23","SOP Completed Touch","-","STANDARD - Re-engagement & Habit Building","0"
"1454","64362618","EGSS-marwaahmed","ME-EGSS13","MEKSA-EGSS01","围场外","outside pool","3","8","1-3 Classes (Low)","2026-10-01 14:05:36","2026-10-01 14:05:36","SOP Completed Touch","-","STANDARD - Re-engagement & Habit Building","0"
"1473","58830331","EGSS-mohamedha","ME-EGSS13","MEKSA-EGSS01","升舱","Upgrade M2","3","9","1-3 Classes (Low)","2026-10-03 11:06:51","2026-10-03 11:06:51","SOP Task Assigned","-","STANDARD - Re-engagement & Habit Building","0"
"1475","61632957","EGSS-marwaahmed","ME-EGSS13","MEKSA-EGSS01","升舱","Upgrade M2","3","9","1-3 Classes (Low)","2026-10-03 11:13:54","2026-10-03 11:13:54","SOP Task Assigned","-","STANDARD - Re-engagement & Habit Building","0"
"1498","64044297","EGSS-amrsafwat","ME-EGSS13","MEKSA-EGSS01","升舱","Upgrade M2","3","9","1-3 Classes (Low)","2026-10-03 11:24:59","2026-10-03 11:24:59","SOP Task Assigned","-","STANDARD - Re-engagement & Habit Building","0"
"1505","64080013","EGSS-marwaahmed","ME-EGSS13","MEKSA-EGSS01","升舱","Upgrade M2","3","10","1-3 Classes (Low)","2026-10-03 11:26:55","2026-10-03 11:26:55","SOP Task Assigned","-","STANDARD - Re-engagement & Habit Building","0"
"1508","64152514","EGSS-mohamedha","ME-EGSS13","MEKSA-EGSS01","升舱","Upgrade M2","3","4","1-3 Classes (Low)","2026-10-03 11:31:21","2026-10-03 11:31:21","SOP Task Assigned","-","STANDARD - Re-engagement & Habit Building","0"
"1510","64177611","EGSS-amrsafwat","ME-EGSS13","MEKSA-EGSS01","升舱","Upgrade M2","3","9","1-3 Classes (Low)","2026-10-03 11:32:58","2026-10-03 11:32:58","SOP Task Assigned","-","STANDARD - Re-engagement & Habit Building","0"
"1514","58570119","EGSS-marwaahmed","ME-EGSS13","MEKSA-EGSS01","围场外","outside pool","3","6","1-3 Classes (Low)","2026-10-03 12:14:40","2026-10-03 12:14:40","SOP Completed Touch","20260804","STANDARD - Re-engagement & Habit Building","0"
"1533","64366274","EGSS-mohamedha","ME-EGSS13","MEKSA-EGSS01","围场外","outside pool","3","1","1-3 Classes (Low)","2026-10-03 14:18:40","2026-10-03 14:18:40","SOP Completed Touch","-","STANDARD - Re-engagement & Habit Building","0"
"1535","63413252","EGSS-mohamedha","ME-EGSS13","MEKSA-EGSS01","升舱","Upgrade M2","3","8","1-3 Classes (Low)","2026-10-03 14:18:50","2026-10-03 14:18:50","SOP Completed Touch","-","STANDARD - Re-engagement & Habit Building","0"
"1539","58115208","EGSS-hayamhassan","ME-EGSS13","MEKSA-EGSS01","围场外","outside pool","3","12","1-3 Classes (Low)","2026-10-03 14:51:59","2026-10-03 14:51:59","SOP Completed Touch","20260921","STANDARD - Re-engagement & Habit Building","0"
"1540","63661989","EGSS-hayamhassan","ME-EGSS13","MEKSA-EGSS01","围场外","outside pool","3","7","1-3 Classes (Low)","2026-10-03 14:53:49","2026-10-03 14:53:49","SOP Completed Touch","-","STANDARD - Re-engagement & Habit Building","0"
"1541","64503001","EGSS-mohamedha","ME-EGSS13","MEKSA-EGSS01","围场外","outside pool","3","0","1-3 Classes (Low)","2026-10-03 15:20:09","2026-10-03 15:20:09","SOP Completed Touch","-","STANDARD - Re-engagement & Habit Building","0"
"1554","63847466","EGSS-mohamedha","ME-EGSS13","MEKSA-EGSS01","围场外","outside pool","3","0","1-3 Classes (Low)","2026-10-03 18:58:36","2026-10-03 18:58:36","SOP Completed Touch","-","STANDARD - Re-engagement & Habit Building","0"
"1566","63441841","EGSS-hayamhassan","ME-EGSS13","MEKSA-EGSS01","围场外","outside pool","3","10","1-3 Classes (Low)","2026-10-04 14:26:02","2026-10-04 14:26:02","SOP Completed Touch","20260912","STANDARD - Re-engagement & Habit Building","0"
"1567","63886277","EGSS-hayamhassan","ME-EGSS13","MEKSA-EGSS01","围场外","outside pool","3","12","1-3 Classes (Low)","2026-10-04 14:26:55","2026-10-04 14:26:55","SOP Completed Touch","-","STANDARD - Re-engagement & Habit Building","0"
"1569","64113613","EGSS-hayamhassan","ME-EGSS13","MEKSA-EGSS01","升舱","Upgrade M2","3","9","1-3 Classes (Low)","2026-10-04 15:50:40","2026-10-04 15:50:40","SOP Completed Touch","-","STANDARD - Re-engagement & Habit Building","0"
"1570","64113273","EGSS-hayamhassan","ME-EGSS13","MEKSA-EGSS01","升舱","Upgrade M2","3","9","1-3 Classes (Low)","2026-10-04 15:51:19","2026-10-04 15:51:19","SOP Completed Touch","-","STANDARD - Re-engagement & Habit Building","0"
"1580","58525629","EGSS-mohamedha","ME-EGSS13","MEKSA-EGSS01","围场外","outside pool","3","0","1-3 Classes (Low)","2026-10-05 11:09:37","2026-10-05 11:09:37","SOP Task Assigned","-","STANDARD - Re-engagement & Habit Building","0"
"1586","63743259","EGSS-hayamhassan","ME-EGSS13","MEKSA-EGSS01","围场外","outside pool","3","6","1-3 Classes (Low)","2026-10-05 13:19:43","2026-10-05 13:19:43","SOP Completed Touch","-","STANDARD - Re-engagement & Habit Building","0"
"1590","63583180","EGSS-marwaahmed","ME-EGSS13","MEKSA-EGSS01","围场外","outside pool","3","6","1-3 Classes (Low)","2026-10-05 14:24:11","2026-10-05 14:24:11","SOP Completed Touch","-","STANDARD - Re-engagement & Habit Building","0"
"1591","63583093","EGSS-marwaahmed","ME-EGSS13","MEKSA-EGSS01","到期","Exp Non-0","3","6","1-3 Classes (Low)","2026-10-05 14:24:23","2026-10-05 14:24:23","SOP Completed Touch","-","STANDARD - Re-engagement & Habit Building","0"
"1601","58481383","EGSS-mohamedha","ME-EGSS13","MEKSA-EGSS01","围场外","outside pool","3","0","1-3 Classes (Low)","2026-10-05 19:01:00","2026-10-05 19:01:00","SOP Completed Touch","-","STANDARD - Re-engagement & Habit Building","0"
"1604","61505209","EGSS-amrsafwat","ME-EGSS13","MEKSA-EGSS01","升舱","Upgrade M2","3","6","1-3 Classes (Low)","2026-10-06 07:11:52","2026-10-06 07:11:52","SOP Task Assigned","-","STANDARD - Re-engagement & Habit Building","0"
"1607","63235819","EGSS-mohamedha","ME-EGSS13","MEKSA-EGSS01","期间","period","3","9","1-3 Classes (Low)","2026-10-06 11:07:43","2026-10-06 11:07:43","SOP Task Assigned","-","STANDARD - Re-engagement & Habit Building","0"
"1608","63466151","EGSS-amrsafwat","ME-EGSS13","MEKSA-EGSS01","围场外","outside pool","3","9","1-3 Classes (Low)","2026-10-06 11:08:37","2026-10-06 11:08:37","SOP Task Assigned","-","STANDARD - Re-engagement & Habit Building","0"
"1634","58738059","EGSS-amrsafwat","ME-EGSS13","MEKSA-EGSS01","围场外","outside pool","3","5","1-3 Classes (Low)","2026-10-06 14:09:20","2026-10-06 14:09:20","SOP Completed Touch","20260922","STANDARD - Re-engagement & Habit Building","0"
"1635","58740513","EGSS-amrsafwat","ME-EGSS13","MEKSA-EGSS01","围场外","outside pool","3","9","1-3 Classes (Low)","2026-10-06 14:09:39","2026-10-06 14:09:39","SOP Completed Touch","-","STANDARD - Re-engagement & Habit Building","0"
"1644","58617055","EGSS-mohamedha","ME-EGSS13","MEKSA-EGSS01","围场外","outside pool","3","1","1-3 Classes (Low)","2026-10-06 18:58:23","2026-10-06 18:58:23","SOP Completed Touch","-","STANDARD - Re-engagement & Habit Building","0"
"1645","63371415","EGSS-mohamedha","ME-EGSS13","MEKSA-EGSS01","围场外","outside pool","3","8","1-3 Classes (Low)","2026-10-06 18:58:25","2026-10-06 18:58:25","SOP Completed Touch","-","STANDARD - Re-engagement & Habit Building","0"
"1646","63605673","EGSS-mohamedha","ME-EGSS13","MEKSA-EGSS01","围场外","outside pool","3","0","1-3 Classes (Low)","2026-10-06 18:58:26","2026-10-06 18:58:26","SOP Completed Touch","-","STANDARD - Re-engagement & Habit Building","0"
"1647","63572496","EGSS-mohamedha","ME-EGSS13","MEKSA-EGSS01","围场外","outside pool","3","9","1-3 Classes (Low)","2026-10-06 18:58:26","2026-10-06 18:58:26","SOP Completed Touch","20260802","STANDARD - Re-engagement & Habit Building","0"
"1649","64406086","EGSS-mohamedha","ME-EGSS13","MEKSA-EGSS01","围场外","outside pool","3","1","1-3 Classes (Low)","2026-10-06 18:58:29","2026-10-06 18:58:29","SOP Completed Touch","-","STANDARD - Re-engagement & Habit Building","0"
"1652","63876397","EGSS-mohamedha","ME-EGSS13","MEKSA-EGSS01","围场外","outside pool","3","4","1-3 Classes (Low)","2026-10-06 18:59:09","2026-10-06 18:59:09","SOP Completed Touch","-","STANDARD - Re-engagement & Habit Building","0"
"1670","60626117","EGSS-mohamedha","ME-EGSS13","MEKSA-EGSS01","围场外","outside pool","3","9","1-3 Classes (Low)","2026-10-07 11:09:42","2026-10-07 11:09:42","SOP Task Assigned","-","STANDARD - Re-engagement & Habit Building","0"
"1673","63313849","EGSS-mohamedha","ME-EGSS13","MEKSA-EGSS01","围场外","outside pool","3","9","1-3 Classes (Low)","2026-10-07 11:12:27","2026-10-07 11:12:27","SOP Task Assigned","-","STANDARD - Re-engagement & Habit Building","0"
"1687","64202381","EGSS-marwaahmed","ME-EGSS13","MEKSA-EGSS01","围场外","outside pool","3","10","1-3 Classes (Low)","2026-10-07 13:19:38","2026-10-07 13:19:38","SOP Completed Touch","-","STANDARD - Re-engagement & Habit Building","0"
"1692","63731390","EGSS-amrsafwat","ME-EGSS13","MEKSA-EGSS01","围场外","outside pool","3","9","1-3 Classes (Low)","2026-10-07 14:00:13","2026-10-07 14:00:13","SOP Completed Touch","-","STANDARD - Re-engagement & Habit Building","0"
"1694","60311622","EGSS-amrsafwat","ME-EGSS13","MEKSA-EGSS01","升舱","Upgrade M2","3","9","1-3 Classes (Low)","2026-10-07 14:10:56","2026-10-07 14:10:56","SOP Completed Touch","-","STANDARD - Re-engagement & Habit Building","0"
"1696","63793694","EGSS-hayamhassan","ME-EGSS13","MEKSA-EGSS01","到期","Exp Non-0","3","9","1-3 Classes (Low)","2026-10-07 14:31:55","2026-10-07 14:31:55","SOP Completed Touch","-","STANDARD - Re-engagement & Habit Building","0"
"1701","58610923","EGSS-mohamedha","ME-EGSS13","MEKSA-EGSS01","期间","period","3","15","1-3 Classes (Low)","2026-10-07 15:18:24","2026-10-07 15:18:24","SOP Completed Touch","20240728","STANDARD - Re-engagement & Habit Building","0"
"1702","58787496","EGSS-mohamedha","ME-EGSS13","MEKSA-EGSS01","围场外","outside pool","3","5","1-3 Classes (Low)","2026-10-07 15:24:02","2026-10-07 15:24:02","SOP Completed Touch","20251209","STANDARD - Re-engagement & Habit Building","0"
"1706","63891622","EGSS-hayamhassan","ME-EGSS13","MEKSA-EGSS01","围场外","outside pool","3","10","1-3 Classes (Low)","2026-10-07 15:45:42","2026-10-07 15:45:42","SOP Completed Touch","-","STANDARD - Re-engagement & Habit Building","0"
"1714","64373840","EGSS-hayamhassan","ME-EGSS13","MEKSA-EGSS01","围场外","outside pool","3","9","1-3 Classes (Low)","2026-10-07 17:04:15","2026-10-07 17:04:15","SOP Task Assigned","-","STANDARD - Re-engagement & Habit Building","0"
"1723","64259252","EGSS-amrsafwat","ME-EGSS13","MEKSA-EGSS01","围场外","outside pool","2","7","1-3 Classes (Low)","1970-01-01 00:00:00","No Connection Recorded","No Recorded Connection","-","STANDARD - Re-engagement & Habit Building","0"
"1726","63522959","EGSS-marwaahmed","ME-EGSS13","MEKSA-EGSS01","围场外","outside pool","2","8","1-3 Classes (Low)","1970-01-01 00:00:00","No Connection Recorded","No Recorded Connection","-","STANDARD - Re-engagement & Habit Building","0"
"1731","64253105","EGSS-amrsafwat","ME-EGSS13","MEKSA-EGSS01","围场外","outside pool","2","10","1-3 Classes (Low)","1970-01-01 00:00:00","No Connection Recorded","No Recorded Connection","-","STANDARD - Re-engagement & Habit Building","0"
"1747","63530434","EGSS-marwaahmed","ME-EGSS13","MEKSA-EGSS01","围场外","outside pool","2","6","1-3 Classes (Low)","1970-01-01 00:00:00","No Connection Recorded","No Recorded Connection","-","STANDARD - Re-engagement & Habit Building","0"
"1748","58441892","EGSS-marwaahmed","ME-EGSS13","MEKSA-EGSS01","到期","Exp Non-0","2","12","1-3 Classes (Low)","1970-01-01 00:00:00","No Connection Recorded","No Recorded Connection","-","STANDARD - Re-engagement & Habit Building","0"
"1749","58251232","EGSS-hayamhassan","ME-EGSS13","MEKSA-EGSS01","围场外","outside pool","2","7","1-3 Classes (Low)","1970-01-01 00:00:00","No Connection Recorded","No Recorded Connection","-","STANDARD - Re-engagement & Habit Building","0"
"1757","64259411","EGSS-amrsafwat","ME-EGSS13","MEKSA-EGSS01","围场外","outside pool","2","7","1-3 Classes (Low)","1970-01-01 00:00:00","No Connection Recorded","No Recorded Connection","-","STANDARD - Re-engagement & Habit Building","0"
"1758","64259353","EGSS-amrsafwat","ME-EGSS13","MEKSA-EGSS01","围场外","outside pool","2","6","1-3 Classes (Low)","1970-01-01 00:00:00","No Connection Recorded","No Recorded Connection","-","STANDARD - Re-engagement & Habit Building","0"
"1759","64259356","EGSS-amrsafwat","ME-EGSS13","MEKSA-EGSS01","围场外","outside pool","2","6","1-3 Classes (Low)","1970-01-01 00:00:00","No Connection Recorded","No Recorded Connection","-","STANDARD - Re-engagement & Habit Building","0"
"1761","59441316","EGSS-marwaahmed","ME-EGSS13","MEKSA-EGSS01","到期","Exp Non-0","2","7","1-3 Classes (Low)","1970-01-01 00:00:00","No Connection Recorded","No Recorded Connection","-","STANDARD - Re-engagement & Habit Building","0"
"1773","62556612","EGSS-mohamedha","ME-EGSS13","MEKSA-EGSS01","首单到期","FOE Non-0","2","7","1-3 Classes (Low)","1970-01-01 00:00:00","No Connection Recorded","No Recorded Connection","-","STANDARD - Re-engagement & Habit Building","0"
"1774","63548275","EGSS-amrsafwat","ME-EGSS13","MEKSA-EGSS01","围场外","outside pool","2","7","1-3 Classes (Low)","1970-01-01 00:00:00","No Connection Recorded","No Recorded Connection","-","STANDARD - Re-engagement & Habit Building","0"
"1780","59674148","EGSS-marwaahmed","ME-EGSS13","MEKSA-EGSS01","围场外","outside pool","2","9","1-3 Classes (Low)","1970-01-01 00:00:00","No Connection Recorded","No Recorded Connection","-","STANDARD - Re-engagement & Habit Building","0"
"1785","64111223","EGSS-amrsafwat","ME-EGSS13","MEKSA-EGSS01","围场外","outside pool","2","7","1-3 Classes (Low)","1970-01-01 00:00:00","No Connection Recorded","No Recorded Connection","-","STANDARD - Re-engagement & Habit Building","0"
"1789","64179841","EGSS-amrsafwat","ME-EGSS13","MEKSA-EGSS01","围场外","outside pool","2","6","1-3 Classes (Low)","1970-01-01 00:00:00","No Connection Recorded","No Recorded Connection","-","STANDARD - Re-engagement & Habit Building","0"
"1791","64158044","EGSS-amrsafwat","ME-EGSS13","MEKSA-EGSS01","围场外","outside pool","2","6","1-3 Classes (Low)","1970-01-01 00:00:00","No Connection Recorded","No Recorded Connection","-","STANDARD - Re-engagement & Habit Building","0"
"1795","63856096","EGSS-amrsafwat","ME-EGSS13","MEKSA-EGSS01","围场外","outside pool","2","7","1-3 Classes (Low)","1970-01-01 00:00:00","No Connection Recorded","No Recorded Connection","-","STANDARD - Re-engagement & Habit Building","0"
"1799","59399619","EGSS-marwaahmed","ME-EGSS13","MEKSA-EGSS01","到期","Exp Non-0","2","6","1-3 Classes (Low)","1970-01-01 00:00:00","No Connection Recorded","No Recorded Connection","-","STANDARD - Re-engagement & Habit Building","0"
"1802","63936026","EGSS-amrsafwat","ME-EGSS13","MEKSA-EGSS01","围场外","outside pool","2","0","1-3 Classes (Low)","1970-01-01 00:00:00","No Connection Recorded","No Recorded Connection","-","STANDARD - Re-engagement & Habit Building","0"
"1820","63462759","EGSS-hayamhassan","ME-EGSS13","MEKSA-EGSS01","围场外","outside pool","2","8","1-3 Classes (Low)","1970-01-01 00:00:00","No Connection Recorded","No Recorded Connection","-","STANDARD - Re-engagement & Habit Building","0"
"1823","64301780","EGSS-hayamhassan","ME-EGSS13","MEKSA-EGSS01","围场外","outside pool","2","7","1-3 Classes (Low)","1970-01-01 00:00:00","No Connection Recorded","No Recorded Connection","-","STANDARD - Re-engagement & Habit Building","0"
"1824","63571486","EGSS-marwaahmed","ME-EGSS13","MEKSA-EGSS01","围场外","outside pool","2","7","1-3 Classes (Low)","1970-01-01 00:00:00","No Connection Recorded","No Recorded Connection","-","STANDARD - Re-engagement & Habit Building","0"
"1827","63747393","EGSS-hayamhassan","ME-EGSS13","MEKSA-EGSS01","围场外","outside pool","2","1","1-3 Classes (Low)","1970-01-01 00:00:00","No Connection Recorded","CRM System Outreach","-","STANDARD - Re-engagement & Habit Building","0"
"1830","63562654","EGSS-mohamedha","ME-EGSS13","MEKSA-EGSS01","围场外","outside pool","2","9","1-3 Classes (Low)","1970-01-01 00:00:00","No Connection Recorded","No Recorded Connection","-","STANDARD - Re-engagement & Habit Building","0"
"1831","63693274","EGSS-hayamhassan","ME-EGSS13","MEKSA-EGSS01","围场外","outside pool","2","7","1-3 Classes (Low)","1970-01-01 00:00:00","No Connection Recorded","CRM System Outreach","-","STANDARD - Re-engagement & Habit Building","0"
"1846","63821948","EGSS-hayamhassan","ME-EGSS13","MEKSA-EGSS01","围场外","outside pool","2","9","1-3 Classes (Low)","1970-01-01 00:00:00","No Connection Recorded","CRM System Outreach","-","STANDARD - Re-engagement & Habit Building","0"
"1850","60676118","EGSS-hayamhassan","ME-EGSS13","MEKSA-EGSS01","围场外","outside pool","2","12","1-3 Classes (Low)","1970-01-01 00:00:00","No Connection Recorded","No Recorded Connection","-","STANDARD - Re-engagement & Habit Building","0"
"1855","64388847","EGSS-hayamhassan","ME-EGSS13","MEKSA-EGSS01","围场外","outside pool","2","7","1-3 Classes (Low)","1970-01-01 00:00:00","No Connection Recorded","No Recorded Connection","-","STANDARD - Re-engagement & Habit Building","0"
"1859","63531951","EGSS-marwaahmed","ME-EGSS13","MEKSA-EGSS01","到期","Exp Non-0","2","3","1-3 Classes (Low)","1970-01-01 00:00:00","No Connection Recorded","No Recorded Connection","-","STANDARD - Re-engagement & Habit Building","0"
"1868","63559957","EGSS-mohamedha","ME-EGSS13","MEKSA-EGSS01","围场外","outside pool","2","0","1-3 Classes (Low)","1970-01-01 00:00:00","No Connection Recorded","CRM System Outreach","-","STANDARD - Re-engagement & Habit Building","0"
"1892","63015342","EGSS-marwaahmed","ME-EGSS13","MEKSA-EGSS01","到期","Exp Non-0","2","9","1-3 Classes (Low)","1970-01-01 00:00:00","No Connection Recorded","No Recorded Connection","-","STANDARD - Re-engagement & Habit Building","0"
"1894","60908938","EGSS-marwaahmed","ME-EGSS13","MEKSA-EGSS01","首单到期","FOE Non-0","2","5","1-3 Classes (Low)","1970-01-01 00:00:00","No Connection Recorded","No Recorded Connection","-","STANDARD - Re-engagement & Habit Building","0"
"1895","58742600","EGSS-amrsafwat","ME-EGSS13","MEKSA-EGSS01","到期","Exp Non-0","2","7","1-3 Classes (Low)","1970-01-01 00:00:00","No Connection Recorded","No Recorded Connection","-","STANDARD - Re-engagement & Habit Building","0"
"1899","58781356","EGSS-amrsafwat","ME-EGSS13","MEKSA-EGSS01","到期","Exp Non-0","2","2","1-3 Classes (Low)","1970-01-01 00:00:00","No Connection Recorded","No Recorded Connection","-","STANDARD - Re-engagement & Habit Building","0"
"1901","62872154","EGSS-marwaahmed","ME-EGSS13","MEKSA-EGSS01","围场外","outside pool","2","9","1-3 Classes (Low)","1970-01-01 00:00:00","No Connection Recorded","No Recorded Connection","-","STANDARD - Re-engagement & Habit Building","0"
"1911","62072966","EGSS-amrsafwat","ME-EGSS13","MEKSA-EGSS01","到期","Exp Non-0","2","8","1-3 Classes (Low)","1970-01-01 00:00:00","No Connection Recorded","No Recorded Connection","-","STANDARD - Re-engagement & Habit Building","0"
"1915","59417648","EGSS-mohamedha","ME-EGSS13","MEKSA-EGSS01","围场外","outside pool","2","9","1-3 Classes (Low)","1970-01-01 00:00:00","No Connection Recorded","No Recorded Connection","-","STANDARD - Re-engagement & Habit Building","0"
"1920","58370337","EGSS-amrsafwat","ME-EGSS13","MEKSA-EGSS01","围场外","outside pool","2","6","1-3 Classes (Low)","1970-01-01 00:00:00","No Connection Recorded","No Recorded Connection","-","STANDARD - Re-engagement & Habit Building","0"
"1924","62596524","EGSS-amrsafwat","ME-EGSS13","MEKSA-EGSS01","到期","Exp Non-0","2","8","1-3 Classes (Low)","1970-01-01 00:00:00","No Connection Recorded","No Recorded Connection","-","STANDARD - Re-engagement & Habit Building","0"
"1926","62335863","EGSS-amrsafwat","ME-EGSS13","MEKSA-EGSS01","首单到期","FOE Non-0","2","9","1-3 Classes (Low)","1970-01-01 00:00:00","No Connection Recorded","No Recorded Connection","-","STANDARD - Re-engagement & Habit Building","0"
"1928","58527364","EGSS-amrsafwat","ME-EGSS13","MEKSA-EGSS01","到期","Exp Non-0","2","6","1-3 Classes (Low)","1970-01-01 00:00:00","No Connection Recorded","No Recorded Connection","-","STANDARD - Re-engagement & Habit Building","0"
"1935","60515799","EGSS-amrsafwat","ME-EGSS13","MEKSA-EGSS01","到期","Exp Non-0","2","10","1-3 Classes (Low)","1970-01-01 00:00:00","No Connection Recorded","No Recorded Connection","-","STANDARD - Re-engagement & Habit Building","0"
"1941","60129545","EGSS-amrsafwat","ME-EGSS13","MEKSA-EGSS01","首单到期","FOE Non-0","2","0","1-3 Classes (Low)","1970-01-01 00:00:00","No Connection Recorded","No Recorded Connection","-","STANDARD - Re-engagement & Habit Building","0"
"1946","61809983","EGSS-marwaahmed","ME-EGSS13","MEKSA-EGSS01","到期","Exp Non-0","2","6","1-3 Classes (Low)","1970-01-01 00:00:00","No Connection Recorded","No Recorded Connection","-","STANDARD - Re-engagement & Habit Building","0"
"1947","62051629","EGSS-marwaahmed","ME-EGSS13","MEKSA-EGSS01","首单到期","FOE Non-0","2","8","1-3 Classes (Low)","1970-01-01 00:00:00","No Connection Recorded","No Recorded Connection","-","STANDARD - Re-engagement & Habit Building","0"
"1953","63927869","EGSS-mohamedha","ME-EGSS13","MEKSA-EGSS01","围场外","outside pool","2","0","1-3 Classes (Low)","1970-01-01 00:00:00","No Connection Recorded","No Recorded Connection","-","STANDARD - Re-engagement & Habit Building","0"
"1969","61795039","EGSS-marwaahmed","ME-EGSS13","MEKSA-EGSS01","首单到期","FOE Non-0","2","9","1-3 Classes (Low)","1970-01-01 00:00:00","No Connection Recorded","No Recorded Connection","-","STANDARD - Re-engagement & Habit Building","0"
"1975","60820761","EGSS-mohamedha","ME-EGSS13","MEKSA-EGSS01","围场外","outside pool","2","8","1-3 Classes (Low)","1970-01-01 00:00:00","No Connection Recorded","No Recorded Connection","-","STANDARD - Re-engagement & Habit Building","0"
"1982","62334042","EGSS-mohamedha","ME-EGSS13","MEKSA-EGSS01","到期","Exp Non-0","2","8","1-3 Classes (Low)","1970-01-01 00:00:00","No Connection Recorded","No Recorded Connection","-","STANDARD - Re-engagement & Habit Building","0"
"1988","64464858","EGSS-mohamedha","ME-EGSS13","MEKSA-EGSS01","围场外","outside pool","2","0","1-3 Classes (Low)","1970-01-01 00:00:00","No Connection Recorded","No Recorded Connection","-","STANDARD - Re-engagement & Habit Building","0"
"1990","63162117","EGSS-amrsafwat","ME-EGSS13","MEKSA-EGSS01","期间","period","2","0","1-3 Classes (Low)","1970-01-01 00:00:00","No Connection Recorded","No Recorded Connection","-","STANDARD - Re-engagement & Habit Building","0"
"1992","62556379","EGSS-mohamedha","ME-EGSS13","MEKSA-EGSS01","首单到期","FOE Non-0","2","7","1-3 Classes (Low)","1970-01-01 00:00:00","No Connection Recorded","No Recorded Connection","-","STANDARD - Re-engagement & Habit Building","0"
"1995","63213391","EGSS-amrsafwat","ME-EGSS13","MEKSA-EGSS01","期间","period","2","6","1-3 Classes (Low)","1970-01-01 00:00:00","No Connection Recorded","No Recorded Connection","-","STANDARD - Re-engagement & Habit Building","0"
"1997","63448148","EGSS-amrsafwat","ME-EGSS13","MEKSA-EGSS01","围场外","outside pool","2","3","1-3 Classes (Low)","1970-01-01 00:00:00","No Connection Recorded","No Recorded Connection","-","STANDARD - Re-engagement & Habit Building","0"
"2003","62556018","EGSS-mohamedha","ME-EGSS13","MEKSA-EGSS01","首单到期","FOE Non-0","2","7","1-3 Classes (Low)","1970-01-01 00:00:00","No Connection Recorded","No Recorded Connection","-","STANDARD - Re-engagement & Habit Building","0"
"2007","62425364","EGSS-mohamedha","ME-EGSS13","MEKSA-EGSS01","到期","Exp Non-0","2","1","1-3 Classes (Low)","1970-01-01 00:00:00","No Connection Recorded","No Recorded Connection","-","STANDARD - Re-engagement & Habit Building","0"
"2009","63481950","EGSS-amrsafwat","ME-EGSS13","MEKSA-EGSS01","围场外","outside pool","2","9","1-3 Classes (Low)","1970-01-01 00:00:00","No Connection Recorded","No Recorded Connection","-","STANDARD - Re-engagement & Habit Building","0"
"2013","62550347","EGSS-mohamedha","ME-EGSS13","MEKSA-EGSS01","围场外","outside pool","2","12","1-3 Classes (Low)","1970-01-01 00:00:00","No Connection Recorded","No Recorded Connection","-","STANDARD - Re-engagement & Habit Building","0"
"2015","60201716","EGSS-marwaahmed","ME-EGSS13","MEKSA-EGSS01","到期","Exp Non-0","2","8","1-3 Classes (Low)","1970-01-01 00:00:00","No Connection Recorded","No Recorded Connection","-","STANDARD - Re-engagement & Habit Building","0"
"2021","63323618","EGSS-marwaahmed","ME-EGSS13","MEKSA-EGSS01","围场外","outside pool","2","7","1-3 Classes (Low)","1970-01-01 00:00:00","No Connection Recorded","No Recorded Connection","-","STANDARD - Re-engagement & Habit Building","0"
"2028","62896505","EGSS-amrsafwat","ME-EGSS13","MEKSA-EGSS01","围场外","outside pool","2","8","1-3 Classes (Low)","1970-01-01 00:00:00","No Connection Recorded","No Recorded Connection","-","STANDARD - Re-engagement & Habit Building","0"
"2031","63064796","EGSS-marwaahmed","ME-EGSS13","MEKSA-EGSS01","围场外","outside pool","2","8","1-3 Classes (Low)","1970-01-01 00:00:00","No Connection Recorded","No Recorded Connection","-","STANDARD - Re-engagement & Habit Building","0"
"2032","57709419","EGSS-amrsafwat","ME-EGSS13","MEKSA-EGSS01","围场外","outside pool","2","8","1-3 Classes (Low)","1970-01-01 00:00:00","No Connection Recorded","No Recorded Connection","-","STANDARD - Re-engagement & Habit Building","0"
"2035","63094900","EGSS-amrsafwat","ME-EGSS13","MEKSA-EGSS01","围场外","outside pool","2","7","1-3 Classes (Low)","1970-01-01 00:00:00","No Connection Recorded","No Recorded Connection","-","STANDARD - Re-engagement & Habit Building","0"
"2037","63130715","EGSS-amrsafwat","ME-EGSS13","MEKSA-EGSS01","围场外","outside pool","2","6","1-3 Classes (Low)","1970-01-01 00:00:00","No Connection Recorded","No Recorded Connection","-","STANDARD - Re-engagement & Habit Building","0"
"2040","63144964","EGSS-amrsafwat","ME-EGSS13","MEKSA-EGSS01","期间","period","2","6","1-3 Classes (Low)","1970-01-01 00:00:00","No Connection Recorded","No Recorded Connection","-","STANDARD - Re-engagement & Habit Building","0"
"2049","60194773","EGSS-marwaahmed","ME-EGSS13","MEKSA-EGSS01","围场外","outside pool","2","1","1-3 Classes (Low)","2025-06-29 00:00:00","2025-06-29 00:00:00","Last 1v1 Payment","20250629","STANDARD - Re-engagement & Habit Building","0"
"2051","59739842","EGSS-marwaahmed","ME-EGSS13","MEKSA-EGSS01","围场外","outside pool","2","0","1-3 Classes (Low)","2025-06-30 00:00:00","2025-06-30 00:00:00","Last 1v1 Payment","20250630","STANDARD - Re-engagement & Habit Building","0"
"2054","60427187","EGSS-marwaahmed","ME-EGSS13","MEKSA-EGSS01","到期","Exp Non-0","2","7","1-3 Classes (Low)","2025-08-06 00:00:00","2025-08-06 00:00:00","Last 1v1 Payment","20250806","STANDARD - Re-engagement & Habit Building","0"
"2055","58556871","EGSS-amrsafwat","ME-EGSS13","MEKSA-EGSS01","到期","Exp Non-0","2","6","1-3 Classes (Low)","2025-08-07 00:00:00","2025-08-07 00:00:00","Last 1v1 Payment","20250807","STANDARD - Re-engagement & Habit Building","0"
"2056","60588255","EGSS-marwaahmed","ME-EGSS13","MEKSA-EGSS01","围场外","outside pool","2","11","1-3 Classes (Low)","2025-08-09 00:00:00","2025-08-09 00:00:00","Last 1v1 Payment","20250809","STANDARD - Re-engagement & Habit Building","0"
"2062","59035740","EGSS-amrsafwat","ME-EGSS13","MEKSA-EGSS01","到期","Exp Non-0","2","4","1-3 Classes (Low)","2025-09-20 00:00:00","2025-09-20 00:00:00","Last 1v1 Payment","20250920","STANDARD - Re-engagement & Habit Building","0"
"2067","59488544","EGSS-mohamedha","ME-EGSS13","MEKSA-EGSS01","到期","Exp Non-0","2","7","1-3 Classes (Low)","2025-10-05 00:00:00","2025-10-05 00:00:00","Last 1v1 Payment","20251005","STANDARD - Re-engagement & Habit Building","0"
"2073","58621460","EGSS-mohamedha","ME-EGSS13","MEKSA-EGSS01","期间","period","2","0","1-3 Classes (Low)","2025-10-18 00:00:00","2025-10-18 00:00:00","Last 1v1 Payment","20251018","STANDARD - Re-engagement & Habit Building","0"
"2077","60206865","EGSS-hayamhassan","ME-EGSS13","MEKSA-EGSS01","到期","Exp Non-0","2","7","1-3 Classes (Low)","2025-10-30 00:00:00","2025-10-30 00:00:00","Last 1v1 Payment","20251030","STANDARD - Re-engagement & Habit Building","0"
"2081","61059859","EGSS-mohamedha","ME-EGSS13","MEKSA-EGSS01","期间","period","2","7","1-3 Classes (Low)","2025-11-09 00:00:00","2025-11-09 00:00:00","Last 1v1 Payment","20251109","STANDARD - Re-engagement & Habit Building","0"
"2085","61078348","EGSS-amrsafwat","ME-EGSS13","MEKSA-EGSS01","围场外","outside pool","2","8","1-3 Classes (Low)","2025-11-16 00:00:00","2025-11-16 00:00:00","Last 1v1 Payment","20251116","STANDARD - Re-engagement & Habit Building","0"
"2108","60954110","EGSS-mohamedha","ME-EGSS13","MEKSA-EGSS01","到期","Exp Non-0","2","8","1-3 Classes (Low)","2025-12-31 00:00:00","2025-12-31 00:00:00","Last 1v1 Payment","20251231","STANDARD - Re-engagement & Habit Building","0"
"2109","60138650","EGSS-amrsafwat","ME-EGSS13","MEKSA-EGSS01","围场外","outside pool","2","0","1-3 Classes (Low)","2026-01-03 00:00:00","2026-01-03 00:00:00","Last 1v1 Payment","20260103","STANDARD - Re-engagement & Habit Building","0"
"2110","60325109","EGSS-marwaahmed","ME-EGSS13","MEKSA-EGSS01","期间","period","2","9","1-3 Classes (Low)","2026-01-08 00:00:00","2026-01-08 00:00:00","Last 1v1 Payment","20260108","STANDARD - Re-engagement & Habit Building","0"
"2120","61561451","EGSS-amrsafwat","ME-EGSS13","MEKSA-EGSS01","到期","Exp Non-0","2","18","1-3 Classes (Low)","2026-01-25 00:00:00","2026-01-25 00:00:00","Last 1v1 Payment","20260125","STANDARD - Re-engagement & Habit Building","0"
"2122","61892980","EGSS-amrsafwat","ME-EGSS13","MEKSA-EGSS01","围场外","outside pool","2","11","1-3 Classes (Low)","2026-01-27 00:00:00","2026-01-27 00:00:00","Last 1v1 Payment","20260127","STANDARD - Re-engagement & Habit Building","0"
"2124","60669513","EGSS-marwaahmed","ME-EGSS13","MEKSA-EGSS01","到期","Exp Non-0","2","7","1-3 Classes (Low)","2026-01-28 00:00:00","2026-01-28 00:00:00","Last 1v1 Payment","20260128","STANDARD - Re-engagement & Habit Building","0"
"2125","58705307","EGSS-marwaahmed","ME-EGSS13","MEKSA-EGSS01","围场外","outside pool","2","7","1-3 Classes (Low)","2026-01-28 00:00:00","2026-01-28 00:00:00","Last 1v1 Payment","20260128","STANDARD - Re-engagement & Habit Building","0"
"2132","60959988","EGSS-amrsafwat","ME-EGSS13","MEKSA-EGSS01","围场外","outside pool","2","9","1-3 Classes (Low)","2026-02-08 00:00:00","2026-02-08 00:00:00","Last 1v1 Payment","20260208","STANDARD - Re-engagement & Habit Building","0"
"2147","60650005","EGSS-amrsafwat","ME-EGSS13","MEKSA-EGSS01","围场外","outside pool","2","9","1-3 Classes (Low)","2026-03-03 00:00:00","2026-03-03 00:00:00","Last 1v1 Payment","20260303","STANDARD - Re-engagement & Habit Building","0"
"2192","62505283","EGSS-amrsafwat","ME-EGSS13","MEKSA-EGSS01","围场外","outside pool","2","12","1-3 Classes (Low)","2026-04-13 00:00:00","2026-04-13 00:00:00","Last 1v1 Payment","20260413","STANDARD - Re-engagement & Habit Building","0"
"2204","60726994","EGSS-marwaahmed","ME-EGSS13","MEKSA-EGSS01","围场外","outside pool","2","10","1-3 Classes (Low)","2026-04-27 00:00:00","2026-04-27 00:00:00","Last 1v1 Payment","20260427","STANDARD - Re-engagement & Habit Building","0"
"2205","60679404","EGSS-mohamedha","ME-EGSS13","MEKSA-EGSS01","围场外","outside pool","2","12","1-3 Classes (Low)","2026-04-27 00:00:00","2026-04-27 00:00:00","Last 1v1 Payment","20260427","STANDARD - Re-engagement & Habit Building","0"
"2214","59578653","EGSS-amrsafwat","ME-EGSS13","MEKSA-EGSS01","围场外","outside pool","2","11","1-3 Classes (Low)","2026-05-04 00:00:00","2026-05-04 00:00:00","Last 1v1 Payment","20260504","STANDARD - Re-engagement & Habit Building","0"
"2217","62794618","EGSS-amrsafwat","ME-EGSS13","MEKSA-EGSS01","围场外","outside pool","2","9","1-3 Classes (Low)","2026-05-10 00:00:00","2026-05-10 00:00:00","Last 1v1 Payment","20260510","STANDARD - Re-engagement & Habit Building","0"
"2232","59824378","EGSS-amrsafwat","ME-EGSS13","MEKSA-EGSS01","围场外","outside pool","2","11","1-3 Classes (Low)","2026-05-19 00:00:00","2026-05-19 00:00:00","Last 1v1 Payment","20260519","STANDARD - Re-engagement & Habit Building","0"
"2236","58459845","EGSS-marwaahmed","ME-EGSS13","MEKSA-EGSS01","围场外","outside pool","2","9","1-3 Classes (Low)","2026-05-20 00:00:00","2026-05-20 00:00:00","Last 1v1 Payment","20260520","STANDARD - Re-engagement & Habit Building","0"
"2253","60429841","EGSS-amrsafwat","ME-EGSS13","MEKSA-EGSS01","围场外","outside pool","2","7","1-3 Classes (Low)","2026-05-25 00:00:00","2026-05-25 00:00:00","Last 1v1 Payment","20260525","STANDARD - Re-engagement & Habit Building","0"
"2258","60183451","EGSS-amrsafwat","ME-EGSS13","MEKSA-EGSS01","围场外","outside pool","2","8","1-3 Classes (Low)","2026-06-01 00:00:00","2026-06-01 00:00:00","Last 1v1 Payment","20260601","STANDARD - Re-engagement & Habit Building","0"
"2267","61857730","EGSS-amrsafwat","ME-EGSS13","MEKSA-EGSS01","围场外","outside pool","2","9","1-3 Classes (Low)","2026-06-08 00:00:00","2026-06-08 00:00:00","Last 1v1 Payment","20260608","STANDARD - Re-engagement & Habit Building","0"
"2277","62881028","EGSS-marwaahmed","ME-EGSS13","MEKSA-EGSS01","围场外","outside pool","2","11","1-3 Classes (Low)","2026-06-13 00:00:00","2026-06-13 00:00:00","Last 1v1 Payment","20260613","STANDARD - Re-engagement & Habit Building","0"
"2278","59606187","EGSS-marwaahmed","ME-EGSS13","MEKSA-EGSS01","围场外","outside pool","2","7","1-3 Classes (Low)","2026-06-14 00:00:00","2026-06-14 00:00:00","Last 1v1 Payment","20260614","STANDARD - Re-engagement & Habit Building","0"
"2279","60531517","EGSS-marwaahmed","ME-EGSS13","MEKSA-EGSS01","围场外","outside pool","2","6","1-3 Classes (Low)","2026-06-15 00:00:00","2026-06-15 00:00:00","Last 1v1 Payment","20260615","STANDARD - Re-engagement & Habit Building","0"
"2293","58043768","EGSS-amrsafwat","ME-EGSS13","MEKSA-EGSS01","围场外","outside pool","2","7","1-3 Classes (Low)","2026-06-25 00:00:00","2026-06-25 00:00:00","Last 1v1 Payment","20260625","STANDARD - Re-engagement & Habit Building","0"
"2294","58864461","EGSS-amrsafwat","ME-EGSS13","MEKSA-EGSS01","围场外","outside pool","2","7","1-3 Classes (Low)","2026-06-25 00:00:00","2026-06-25 00:00:00","Last 1v1 Payment","20260625","STANDARD - Re-engagement & Habit Building","0"
"2298","59986492","EGSS-marwaahmed","ME-EGSS13","MEKSA-EGSS01","到期","Exp Non-0","2","8","1-3 Classes (Low)","2026-06-28 00:00:00","2026-06-28 00:00:00","Last 1v1 Payment","20260628","STANDARD - Re-engagement & Habit Building","0"
"2304","61952450","EGSS-mohamedha","ME-EGSS13","MEKSA-EGSS01","到期","Exp Non-0","2","8","1-3 Classes (Low)","2026-06-29 00:00:00","2026-06-29 00:00:00","Last 1v1 Payment","20260629","STANDARD - Re-engagement & Habit Building","0"
"2317","63582241","EGSS-mohamedha","ME-EGSS13","MEKSA-EGSS01","围场外","outside pool","2","7","1-3 Classes (Low)","2026-07-05 00:00:00","2026-07-05 00:00:00","CRM System Outreach","-","STANDARD - Re-engagement & Habit Building","0"
"2319","63628875","EGSS-hayamhassan","ME-EGSS13","MEKSA-EGSS01","围场外","outside pool","2","11","1-3 Classes (Low)","2026-07-06 00:00:00","2026-07-06 00:00:00","CRM System Outreach","-","STANDARD - Re-engagement & Habit Building","0"
"2324","59673420","EGSS-amrsafwat","ME-EGSS13","MEKSA-EGSS01","围场外","outside pool","2","4","1-3 Classes (Low)","2026-07-12 00:00:00","2026-07-12 00:00:00","Last 1v1 Payment","20260712","STANDARD - Re-engagement & Habit Building","0"
"2325","63693000","EGSS-hayamhassan","ME-EGSS13","MEKSA-EGSS01","围场外","outside pool","2","7","1-3 Classes (Low)","2026-07-13 00:00:00","2026-07-13 00:00:00","CRM System Outreach","-","STANDARD - Re-engagement & Habit Building","0"
"2326","58613337","EGSS-mohamedha","ME-EGSS13","MEKSA-EGSS01","围场外","outside pool","2","11","1-3 Classes (Low)","2026-07-14 00:00:00","2026-07-14 00:00:00","Last 1v1 Payment","20260714","STANDARD - Re-engagement & Habit Building","0"
"2333","63144559","EGSS-hayamhassan","ME-EGSS13","MEKSA-EGSS01","围场外","outside pool","2","8","1-3 Classes (Low)","2026-07-19 00:00:00","2026-07-19 00:00:00","CRM System Outreach","-","STANDARD - Re-engagement & Habit Building","0"
"2338","63567223","EGSS-hayamhassan","ME-EGSS13","MEKSA-EGSS01","到期","Exp Non-0","2","7","1-3 Classes (Low)","2026-07-22 00:00:00","2026-07-22 00:00:00","CRM System Outreach","-","STANDARD - Re-engagement & Habit Building","0"
"2349","59424471","EGSS-marwaahmed","ME-EGSS13","MEKSA-EGSS01","围场外","outside pool","2","7","1-3 Classes (Low)","2026-07-28 00:00:00","2026-07-28 00:00:00","Last 1v1 Payment","20260728","STANDARD - Re-engagement & Habit Building","0"
"2352","63068206","EGSS-amrsafwat","ME-EGSS13","MEKSA-EGSS01","围场外","outside pool","2","5","1-3 Classes (Low)","2026-07-28 00:00:00","2026-07-28 00:00:00","Last 1v1 Payment","20260728","STANDARD - Re-engagement & Habit Building","0"
"2353","58640246","EGSS-hayamhassan","ME-EGSS13","MEKSA-EGSS01","围场外","outside pool","2","7","1-3 Classes (Low)","2026-07-29 00:00:00","2026-07-29 00:00:00","CRM System Outreach","-","STANDARD - Re-engagement & Habit Building","0"
"2355","59015287","EGSS-marwaahmed","ME-EGSS13","MEKSA-EGSS01","围场外","outside pool","2","9","1-3 Classes (Low)","2026-07-30 00:00:00","2026-07-30 00:00:00","Last 1v1 Payment","20260730","STANDARD - Re-engagement & Habit Building","0"
"2357","63647534","EGSS-mohamedha","ME-EGSS13","MEKSA-EGSS01","围场外","outside pool","2","4","1-3 Classes (Low)","2026-07-30 00:00:00","2026-07-30 00:00:00","CRM System Outreach","20260910","STANDARD - Re-engagement & Habit Building","0"
"2358","63713805","EGSS-mohamedha","ME-EGSS13","MEKSA-EGSS01","围场外","outside pool","2","14","1-3 Classes (Low)","2026-07-30 00:00:00","2026-07-30 00:00:00","CRM System Outreach","20260907","STANDARD - Re-engagement & Habit Building","0"
"2360","63003008","EGSS-amrsafwat","ME-EGSS13","MEKSA-EGSS01","围场外","outside pool","2","12","1-3 Classes (Low)","2026-07-30 00:00:00","2026-07-30 00:00:00","Last 1v1 Payment","20260730","STANDARD - Re-engagement & Habit Building","0"
"2361","59294936","EGSS-hayamhassan","ME-EGSS13","MEKSA-EGSS01","围场外","outside pool","2","7","1-3 Classes (Low)","2026-07-30 00:00:00","2026-07-30 00:00:00","CRM System Outreach","-","STANDARD - Re-engagement & Habit Building","0"
"2375","58413857","EGSS-amrsafwat","ME-EGSS13","MEKSA-EGSS01","围场外","outside pool","2","7","1-3 Classes (Low)","2026-08-05 00:00:00","2026-08-05 00:00:00","Last 1v1 Payment","20260805","STANDARD - Re-engagement & Habit Building","0"
"2376","57968623","EGSS-amrsafwat","ME-EGSS13","MEKSA-EGSS01","围场外","outside pool","2","7","1-3 Classes (Low)","2026-08-05 00:00:00","2026-08-05 00:00:00","Last 1v1 Payment","20260805","STANDARD - Re-engagement & Habit Building","0"
"2377","57968906","EGSS-amrsafwat","ME-EGSS13","MEKSA-EGSS01","围场外","outside pool","2","7","1-3 Classes (Low)","2026-08-05 00:00:00","2026-08-05 00:00:00","Last 1v1 Payment","20260805","STANDARD - Re-engagement & Habit Building","0"
"2384","63035223","EGSS-hayamhassan","ME-EGSS13","MEKSA-EGSS01","围场外","outside pool","2","6","1-3 Classes (Low)","2026-08-08 00:00:00","2026-08-08 00:00:00","CRM System Outreach","-","STANDARD - Re-engagement & Habit Building","0"
"2393","63562543","EGSS-mohamedha","ME-EGSS13","MEKSA-EGSS01","围场外","outside pool","2","7","1-3 Classes (Low)","2026-08-10 00:00:00","2026-08-10 00:00:00","CRM System Outreach","20260810","STANDARD - Re-engagement & Habit Building","0"
"2405","58929523","EGSS-hayamhassan","ME-EGSS13","MEKSA-EGSS01","围场外","outside pool","2","7","1-3 Classes (Low)","2026-08-14 00:00:00","2026-08-14 00:00:00","CRM System Outreach","20260928","STANDARD - Re-engagement & Habit Building","0"
"2407","63514430","EGSS-marwaahmed","ME-EGSS13","MEKSA-EGSS01","围场外","outside pool","2","6","1-3 Classes (Low)","2026-08-15 00:00:00","2026-08-15 00:00:00","Last 1v1 Payment","20260815","STANDARD - Re-engagement & Habit Building","0"
"2408","63560264","EGSS-marwaahmed","ME-EGSS13","MEKSA-EGSS01","围场外","outside pool","2","6","1-3 Classes (Low)","2026-08-15 00:00:00","2026-08-15 00:00:00","Last 1v1 Payment","20260815","STANDARD - Re-engagement & Habit Building","0"
"2416","60688850","EGSS-marwaahmed","ME-EGSS13","MEKSA-EGSS01","围场外","outside pool","2","9","1-3 Classes (Low)","2026-08-16 00:00:00","2026-08-16 00:00:00","Last 1v1 Payment","20260816","STANDARD - Re-engagement & Habit Building","0"
"2426","63735765","EGSS-hayamhassan","ME-EGSS13","MEKSA-EGSS01","围场外","outside pool","2","1","1-3 Classes (Low)","2026-08-19 00:00:00","2026-08-19 00:00:00","CRM System Outreach","-","STANDARD - Re-engagement & Habit Building","0"
"2432","63509584","EGSS-marwaahmed","ME-EGSS13","MEKSA-EGSS01","围场外","outside pool","2","7","1-3 Classes (Low)","2026-08-21 00:00:00","2026-08-21 00:00:00","CRM System Outreach","-","STANDARD - Re-engagement & Habit Building","0"
"2435","63641114","EGSS-hayamhassan","ME-EGSS13","MEKSA-EGSS01","围场外","outside pool","2","6","1-3 Classes (Low)","2026-08-22 00:00:00","2026-08-22 00:00:00","CRM System Outreach","-","STANDARD - Re-engagement & Habit Building","0"
"2436","57606647","EGSS-mohamedha","ME-EGSS13","MEKSA-EGSS01","围场外","outside pool","2","11","1-3 Classes (Low)","2026-08-23 00:00:00","2026-08-23 00:00:00","Last 1v1 Payment","20260823","STANDARD - Re-engagement & Habit Building","0"
"2450","60692406","EGSS-mohamedha","ME-EGSS13","MEKSA-EGSS01","围场外","outside pool","2","6","1-3 Classes (Low)","2026-08-27 00:00:00","2026-08-27 00:00:00","Last 1v1 Payment","20260827","STANDARD - Re-engagement & Habit Building","0"
"2464","58838709","EGSS-amrsafwat","ME-EGSS13","MEKSA-EGSS01","围场外","outside pool","2","8","1-3 Classes (Low)","2026-09-06 00:00:00","2026-09-06 00:00:00","Last 1v1 Payment","20260906","STANDARD - Re-engagement & Habit Building","0"
"2466","60109275","EGSS-mohamedha","ME-EGSS13","MEKSA-EGSS01","围场外","outside pool","2","6","1-3 Classes (Low)","2026-09-07 00:00:00","2026-09-07 00:00:00","Last 1v1 Payment","20260907","STANDARD - Re-engagement & Habit Building","0"
"2467","59182559","EGSS-mohamedha","ME-EGSS13","MEKSA-EGSS01","围场外","outside pool","2","6","1-3 Classes (Low)","2026-09-07 00:00:00","2026-09-07 00:00:00","Last 1v1 Payment","20260907","STANDARD - Re-engagement & Habit Building","0"
"2469","60166887","EGSS-amrsafwat","ME-EGSS13","MEKSA-EGSS01","围场外","outside pool","2","6","1-3 Classes (Low)","2026-09-08 00:00:00","2026-09-08 00:00:00","Last 1v1 Payment","20260908","STANDARD - Re-engagement & Habit Building","0"
"2472","63647555","EGSS-hayamhassan","ME-EGSS13","MEKSA-EGSS01","围场外","outside pool","2","6","1-3 Classes (Low)","2026-09-15 15:58:47","2026-09-15 15:58:47","SOP Completed Touch","-","STANDARD - Re-engagement & Habit Building","0"
"2481","58219735","EGSS-marwaahmed","ME-EGSS13","MEKSA-EGSS01","围场外","outside pool","2","9","1-3 Classes (Low)","2026-09-24 00:00:00","2026-09-24 00:00:00","Last 1v1 Payment","20260924","STANDARD - Re-engagement & Habit Building","0"
"2484","62849638","EGSS-marwaahmed","ME-EGSS13","MEKSA-EGSS01","围场外","outside pool","2","6","1-3 Classes (Low)","2026-09-27 00:00:00","2026-09-27 00:00:00","Last 1v1 Payment","20260927","STANDARD - Re-engagement & Habit Building","0"
"2487","64466473","EGSS-hayamhassan","ME-EGSS13","MEKSA-EGSS01","围场外","outside pool","2","0","1-3 Classes (Low)","2026-09-28 21:23:45","2026-09-28 21:23:45","SOP Completed Touch","-","STANDARD - Re-engagement & Habit Building","0"
"2489","63050198","EGSS-marwaahmed","ME-EGSS13","MEKSA-EGSS01","围场外","outside pool","2","0","1-3 Classes (Low)","2026-09-29 00:00:00","2026-09-29 00:00:00","Last 1v1 Payment","20260929","STANDARD - Re-engagement & Habit Building","0"
"2515","63910753","EGSS-marwaahmed","ME-EGSS13","MEKSA-EGSS01","升舱","Upgrade M2","2","11","1-3 Classes (Low)","2026-09-30 18:58:16","2026-09-30 18:58:16","SOP Completed Touch","-","STANDARD - Re-engagement & Habit Building","0"
"2518","64244920","EGSS-marwaahmed","ME-EGSS13","MEKSA-EGSS01","围场外","outside pool","2","7","1-3 Classes (Low)","2026-09-30 20:14:34","2026-09-30 20:14:34","SOP Completed Touch","-","STANDARD - Re-engagement & Habit Building","0"
"2522","64463591","EGSS-hayamhassan","ME-EGSS13","MEKSA-EGSS01","围场外","outside pool","2","7","1-3 Classes (Low)","2026-10-01 14:41:23","2026-10-01 14:41:23","SOP Completed Touch","-","STANDARD - Re-engagement & Habit Building","0"
"2530","63518521","EGSS-mohamedha","ME-EGSS13","MEKSA-EGSS01","围场外","outside pool","2","0","1-3 Classes (Low)","2026-10-01 18:58:28","2026-10-01 18:58:28","SOP Completed Touch","-","STANDARD - Re-engagement & Habit Building","0"
"2531","61107057","EGSS-mohamedha","ME-EGSS13","MEKSA-EGSS01","到期","Exp Non-0","2","14","1-3 Classes (Low)","2026-10-01 19:08:23","2026-10-01 19:08:23","SOP Completed Touch","20260504","STANDARD - Re-engagement & Habit Building","0"
"2537","58966365","EGSS-mohamedha","ME-EGSS13","MEKSA-EGSS01","升舱","Upgrade M2","2","7","1-3 Classes (Low)","2026-10-03 11:07:25","2026-10-03 11:07:25","SOP Task Assigned","-","STANDARD - Re-engagement & Habit Building","0"
"2549","63439591","EGSS-amrsafwat","ME-EGSS13","MEKSA-EGSS01","升舱","Upgrade M2","2","7","1-3 Classes (Low)","2026-10-03 11:16:11","2026-10-03 11:16:11","SOP Task Assigned","-","STANDARD - Re-engagement & Habit Building","0"
"2559","63997822","EGSS-amrsafwat","ME-EGSS13","MEKSA-EGSS01","升舱","Upgrade M2","2","9","1-3 Classes (Low)","2026-10-03 11:23:11","2026-10-03 11:23:11","SOP Task Assigned","-","STANDARD - Re-engagement & Habit Building","0"
"2560","64003354","EGSS-amrsafwat","ME-EGSS13","MEKSA-EGSS01","升舱","Upgrade M2","2","7","1-3 Classes (Low)","2026-10-03 11:23:21","2026-10-03 11:23:21","SOP Task Assigned","-","STANDARD - Re-engagement & Habit Building","0"
"2570","64151224","EGSS-amrsafwat","ME-EGSS13","MEKSA-EGSS01","升舱","Upgrade M2","2","6","1-3 Classes (Low)","2026-10-03 11:31:14","2026-10-03 11:31:14","SOP Task Assigned","-","STANDARD - Re-engagement & Habit Building","0"
"2574","61838572","EGSS-amrsafwat","ME-EGSS13","MEKSA-EGSS01","围场外","outside pool","2","6","1-3 Classes (Low)","2026-10-03 11:34:23","2026-10-03 11:34:23","SOP Task Assigned","-","STANDARD - Re-engagement & Habit Building","0"
"2575","63585312","EGSS-marwaahmed","ME-EGSS13","MEKSA-EGSS01","到期","Exp Non-0","2","7","1-3 Classes (Low)","2026-10-03 12:13:36","2026-10-03 12:13:36","SOP Completed Touch","-","STANDARD - Re-engagement & Habit Building","0"
"2576","63585221","EGSS-marwaahmed","ME-EGSS13","MEKSA-EGSS01","到期","Exp Non-0","2","7","1-3 Classes (Low)","2026-10-03 12:13:51","2026-10-03 12:13:51","SOP Completed Touch","-","STANDARD - Re-engagement & Habit Building","0"
"2577","63509500","EGSS-marwaahmed","ME-EGSS13","MEKSA-EGSS01","围场外","outside pool","2","7","1-3 Classes (Low)","2026-10-03 12:15:21","2026-10-03 12:15:21","SOP Completed Touch","-","STANDARD - Re-engagement & Habit Building","0"
"2594","58890502","EGSS-hayamhassan","ME-EGSS13","MEKSA-EGSS01","围场外","outside pool","2","8","1-3 Classes (Low)","2026-10-03 16:05:45","2026-10-03 16:05:45","SOP Completed Touch","-","STANDARD - Re-engagement & Habit Building","0"
"2595","63928664","EGSS-hayamhassan","ME-EGSS13","MEKSA-EGSS01","升舱","Upgrade M2","2","5","1-3 Classes (Low)","2026-10-03 16:51:41","2026-10-03 16:51:41","SOP Completed Touch","-","STANDARD - Re-engagement & Habit Building","0"
"2601","61774161","EGSS-mohamedha","ME-EGSS13","MEKSA-EGSS01","到期","Exp Non-0","2","14","1-3 Classes (Low)","2026-10-03 18:58:35","2026-10-03 18:58:35","SOP Completed Touch","20260629","STANDARD - Re-engagement & Habit Building","0"
"2602","62804474","EGSS-amrsafwat","ME-EGSS13","MEKSA-EGSS01","围场外","outside pool","2","6","1-3 Classes (Low)","2026-10-04 11:08:19","2026-10-04 11:08:19","SOP Task Assigned","-","STANDARD - Re-engagement & Habit Building","0"
"2607","60146292","EGSS-hayamhassan","ME-EGSS13","MEKSA-EGSS01","到期","Exp Non-0","2","5","1-3 Classes (Low)","2026-10-04 14:29:01","2026-10-04 14:29:01","SOP Completed Touch","20260202","STANDARD - Re-engagement & Habit Building","0"
"2609","64229448","EGSS-mohamedha","ME-EGSS13","MEKSA-EGSS01","围场外","outside pool","2","0","1-3 Classes (Low)","2026-10-04 18:58:12","2026-10-04 18:58:12","SOP Completed Touch","-","STANDARD - Re-engagement & Habit Building","0"
"2618","63924737","EGSS-hayamhassan","ME-EGSS13","MEKSA-EGSS01","升舱","Upgrade M2","2","6","1-3 Classes (Low)","2026-10-05 13:21:34","2026-10-05 13:21:34","SOP Completed Touch","-","STANDARD - Re-engagement & Habit Building","0"
"2625","63866571","EGSS-mohamedha","ME-EGSS13","MEKSA-EGSS01","围场外","outside pool","2","0","1-3 Classes (Low)","2026-10-05 18:58:21","2026-10-05 18:58:21","SOP Completed Touch","-","STANDARD - Re-engagement & Habit Building","0"
"2637","63911402","EGSS-mohamedha","ME-EGSS13","MEKSA-EGSS01","围场外","outside pool","2","3","1-3 Classes (Low)","2026-10-06 11:11:09","2026-10-06 11:11:09","SOP Task Assigned","-","STANDARD - Re-engagement & Habit Building","0"
"2640","64164227","EGSS-hayamhassan","ME-EGSS13","MEKSA-EGSS01","围场外","outside pool","2","7","1-3 Classes (Low)","2026-10-06 11:15:24","2026-10-06 11:15:24","SOP Task Assigned","-","STANDARD - Re-engagement & Habit Building","0"
"2649","58695668","EGSS-amrsafwat","ME-EGSS13","MEKSA-EGSS01","期间","period","2","12","1-3 Classes (Low)","2026-10-06 13:01:54","2026-10-06 13:01:54","SOP Completed Touch","-","STANDARD - Re-engagement & Habit Building","0"
"2652","63236629","EGSS-amrsafwat","ME-EGSS13","MEKSA-EGSS01","期间","period","2","2","1-3 Classes (Low)","2026-10-06 14:11:32","2026-10-06 14:11:32","SOP Completed Touch","20260728","STANDARD - Re-engagement & Habit Building","0"
"2653","63482115","EGSS-amrsafwat","ME-EGSS13","MEKSA-EGSS01","围场外","outside pool","2","6","1-3 Classes (Low)","2026-10-06 14:12:06","2026-10-06 14:12:06","SOP Completed Touch","-","STANDARD - Re-engagement & Habit Building","0"
"2654","63482607","EGSS-amrsafwat","ME-EGSS13","MEKSA-EGSS01","围场外","outside pool","2","9","1-3 Classes (Low)","2026-10-06 14:13:08","2026-10-06 14:13:08","SOP Completed Touch","-","STANDARD - Re-engagement & Habit Building","0"
"2655","58170683","EGSS-amrsafwat","ME-EGSS13","MEKSA-EGSS01","围场外","outside pool","2","6","1-3 Classes (Low)","2026-10-06 14:18:33","2026-10-06 14:18:33","SOP Completed Touch","20251225","STANDARD - Re-engagement & Habit Building","0"
"2657","60540612","EGSS-marwaahmed","ME-EGSS13","MEKSA-EGSS01","围场外","outside pool","2","8","1-3 Classes (Low)","2026-10-06 14:35:57","2026-10-06 14:35:57","SOP Completed Touch","-","STANDARD - Re-engagement & Habit Building","0"
"2665","64236164","EGSS-mohamedha","ME-EGSS13","MEKSA-EGSS01","围场外","outside pool","2","0","1-3 Classes (Low)","2026-10-06 18:58:29","2026-10-06 18:58:29","SOP Completed Touch","-","STANDARD - Re-engagement & Habit Building","0"
"2667","61186750","EGSS-mohamedha","ME-EGSS13","MEKSA-EGSS01","围场外","outside pool","2","12","1-3 Classes (Low)","2026-10-06 18:59:07","2026-10-06 18:59:07","SOP Completed Touch","-","STANDARD - Re-engagement & Habit Building","0"
"2668","63349728","EGSS-mohamedha","ME-EGSS13","MEKSA-EGSS01","到期","Exp Non-0","2","16","1-3 Classes (Low)","2026-10-06 18:59:08","2026-10-06 18:59:08","SOP Completed Touch","-","STANDARD - Re-engagement & Habit Building","0"
"2683","63934709","EGSS-amrsafwat","ME-EGSS13","MEKSA-EGSS01","围场外","outside pool","2","0","1-3 Classes (Low)","2026-10-07 11:24:26","2026-10-07 11:24:26","SOP Task Assigned","-","STANDARD - Re-engagement & Habit Building","0"
"2691","59980539","EGSS-amrsafwat","ME-EGSS13","MEKSA-EGSS01","到期","Exp Non-0","2","12","1-3 Classes (Low)","2026-10-07 14:02:23","2026-10-07 14:02:23","SOP Completed Touch","-","STANDARD - Re-engagement & Habit Building","0"
"2692","58393067","EGSS-amrsafwat","ME-EGSS13","MEKSA-EGSS01","围场外","outside pool","2","11","1-3 Classes (Low)","2026-10-07 14:08:30","2026-10-07 14:08:30","SOP Completed Touch","20260727","STANDARD - Re-engagement & Habit Building","0"
"2694","63780391","EGSS-hayamhassan","ME-EGSS13","MEKSA-EGSS01","围场外","outside pool","2","3","1-3 Classes (Low)","2026-10-07 14:32:06","2026-10-07 14:32:06","SOP Completed Touch","-","STANDARD - Re-engagement & Habit Building","0"
"2698","63818833","EGSS-mohamedha","ME-EGSS13","MEKSA-EGSS01","围场外","outside pool","2","16","1-3 Classes (Low)","2026-10-07 15:32:14","2026-10-07 15:32:14","SOP Completed Touch","20260916","STANDARD - Re-engagement & Habit Building","0"
"2699","64191318","EGSS-mohamedha","ME-EGSS13","MEKSA-EGSS01","围场外","outside pool","2","8","1-3 Classes (Low)","2026-10-07 15:35:54","2026-10-07 15:35:54","SOP Completed Touch","-","STANDARD - Re-engagement & Habit Building","0"
"2703","63757096","EGSS-mohamedha","ME-EGSS13","MEKSA-EGSS01","围场外","outside pool","2","6","1-3 Classes (Low)","2026-10-07 15:55:46","2026-10-07 15:55:46","SOP Completed Touch","-","STANDARD - Re-engagement & Habit Building","0"
"2704","63888032","EGSS-hayamhassan","ME-EGSS13","MEKSA-EGSS01","到期","Exp Non-0","2","8","1-3 Classes (Low)","2026-10-07 16:10:31","2026-10-07 16:10:31","SOP Completed Touch","-","STANDARD - Re-engagement & Habit Building","0"
"2706","63626979","EGSS-hayamhassan","ME-EGSS13","MEKSA-EGSS01","围场外","outside pool","2","4","1-3 Classes (Low)","2026-10-07 16:52:49","2026-10-07 16:52:49","SOP Completed Touch","-","STANDARD - Re-engagement & Habit Building","0"
"2758","63670024","EGSS-mohamedha","ME-EGSS13","MEKSA-EGSS01","围场外","outside pool","1","0","1-3 Classes (Low)","1970-01-01 00:00:00","No Connection Recorded","CRM System Outreach","-","STANDARD - Re-engagement & Habit Building","0"
"2814","64188982","EGSS-marwaahmed","ME-EGSS13","MEKSA-EGSS01","围场外","outside pool","1","6","1-3 Classes (Low)","1970-01-01 00:00:00","No Connection Recorded","No Recorded Connection","-","STANDARD - Re-engagement & Habit Building","0"
"2817","63522546","EGSS-marwaahmed","ME-EGSS13","MEKSA-EGSS01","围场外","outside pool","1","6","1-3 Classes (Low)","1970-01-01 00:00:00","No Connection Recorded","No Recorded Connection","-","STANDARD - Re-engagement & Habit Building","0"
"2818","63580280","EGSS-marwaahmed","ME-EGSS13","MEKSA-EGSS01","到期","Exp Non-0","1","0","1-3 Classes (Low)","1970-01-01 00:00:00","No Connection Recorded","No Recorded Connection","-","STANDARD - Re-engagement & Habit Building","0"
"2825","63485982","EGSS-marwaahmed","ME-EGSS13","MEKSA-EGSS01","到期","Exp Non-0","1","9","1-3 Classes (Low)","1970-01-01 00:00:00","No Connection Recorded","No Recorded Connection","-","STANDARD - Re-engagement & Habit Building","0"
"2828","63015841","EGSS-marwaahmed","ME-EGSS13","MEKSA-EGSS01","到期","Exp Non-0","1","6","1-3 Classes (Low)","1970-01-01 00:00:00","No Connection Recorded","No Recorded Connection","-","STANDARD - Re-engagement & Habit Building","0"
"2829","61986978","EGSS-marwaahmed","ME-EGSS13","MEKSA-EGSS01","首单到期","FOE Non-0","1","9","1-3 Classes (Low)","1970-01-01 00:00:00","No Connection Recorded","No Recorded Connection","-","STANDARD - Re-engagement & Habit Building","0"
"2830","62015957","EGSS-marwaahmed","ME-EGSS13","MEKSA-EGSS01","到期","Exp Non-0","1","2","1-3 Classes (Low)","1970-01-01 00:00:00","No Connection Recorded","No Recorded Connection","-","STANDARD - Re-engagement & Habit Building","0"
"2831","62024047","EGSS-marwaahmed","ME-EGSS13","MEKSA-EGSS01","到期","Exp Non-0","1","6","1-3 Classes (Low)","1970-01-01 00:00:00","No Connection Recorded","No Recorded Connection","-","STANDARD - Re-engagement & Habit Building","0"
"2832","63094888","EGSS-marwaahmed","ME-EGSS13","MEKSA-EGSS01","期间","period","1","14","1-3 Classes (Low)","1970-01-01 00:00:00","No Connection Recorded","No Recorded Connection","-","STANDARD - Re-engagement & Habit Building","0"
"2834","63485873","EGSS-marwaahmed","ME-EGSS13","MEKSA-EGSS01","到期","Exp Non-0","1","8","1-3 Classes (Low)","1970-01-01 00:00:00","No Connection Recorded","No Recorded Connection","-","STANDARD - Re-engagement & Habit Building","0"
"2835","63084920","EGSS-marwaahmed","ME-EGSS13","MEKSA-EGSS01","围场外","outside pool","1","0","1-3 Classes (Low)","1970-01-01 00:00:00","No Connection Recorded","No Recorded Connection","-","STANDARD - Re-engagement & Habit Building","0"
"2836","63086573","EGSS-marwaahmed","ME-EGSS13","MEKSA-EGSS01","期间","period","1","0","1-3 Classes (Low)","1970-01-01 00:00:00","No Connection Recorded","No Recorded Connection","-","STANDARD - Re-engagement & Habit Building","0"
"2837","63086574","EGSS-marwaahmed","ME-EGSS13","MEKSA-EGSS01","期间","period","1","0","1-3 Classes (Low)","1970-01-01 00:00:00","No Connection Recorded","No Recorded Connection","-","STANDARD - Re-engagement & Habit Building","0"
"2839","63178391","EGSS-mohamedha","ME-EGSS13","MEKSA-EGSS01","到期","Exp Non-0","1","9","1-3 Classes (Low)","1970-01-01 00:00:00","No Connection Recorded","No Recorded Connection","-","STANDARD - Re-engagement & Habit Building","0"
"2843","63080032","EGSS-mohamedha","ME-EGSS13","MEKSA-EGSS01","期间","period","1","0","1-3 Classes (Low)","1970-01-01 00:00:00","No Connection Recorded","No Recorded Connection","-","STANDARD - Re-engagement & Habit Building","0"
"2844","63144961","EGSS-mohamedha","ME-EGSS13","MEKSA-EGSS01","围场外","outside pool","1","0","1-3 Classes (Low)","1970-01-01 00:00:00","No Connection Recorded","No Recorded Connection","-","STANDARD - Re-engagement & Habit Building","0"
"2847","63647512","EGSS-mohamedha","ME-EGSS13","MEKSA-EGSS01","围场外","outside pool","1","7","1-3 Classes (Low)","1970-01-01 00:00:00","No Connection Recorded","CRM System Outreach","-","STANDARD - Re-engagement & Habit Building","0"
"2849","63474743","EGSS-mohamedha","ME-EGSS13","MEKSA-EGSS01","围场外","outside pool","1","8","1-3 Classes (Low)","1970-01-01 00:00:00","No Connection Recorded","No Recorded Connection","-","STANDARD - Re-engagement & Habit Building","0"
"2851","62940136","EGSS-mohamedha","ME-EGSS13","MEKSA-EGSS01","到期","Exp Non-0","1","7","1-3 Classes (Low)","1970-01-01 00:00:00","No Connection Recorded","No Recorded Connection","-","STANDARD - Re-engagement & Habit Building","0"
"2854","61419951","EGSS-mohamedha","ME-EGSS13","MEKSA-EGSS01","围场外","outside pool","1","17","1-3 Classes (Low)","1970-01-01 00:00:00","No Connection Recorded","No Recorded Connection","-","STANDARD - Re-engagement & Habit Building","0"
"2858","61942009","EGSS-mohamedha","ME-EGSS13","MEKSA-EGSS01","到期","Exp Non-0","1","13","1-3 Classes (Low)","1970-01-01 00:00:00","No Connection Recorded","No Recorded Connection","-","STANDARD - Re-engagement & Habit Building","0"
"2862","61820811","EGSS-mohamedha","ME-EGSS13","MEKSA-EGSS01","围场外","outside pool","1","0","1-3 Classes (Low)","1970-01-01 00:00:00","No Connection Recorded","No Recorded Connection","-","STANDARD - Re-engagement & Habit Building","0"
"2865","63035084","EGSS-amrsafwat","ME-EGSS13","MEKSA-EGSS01","围场外","outside pool","1","7","1-3 Classes (Low)","1970-01-01 00:00:00","No Connection Recorded","No Recorded Connection","-","STANDARD - Re-engagement & Habit Building","0"
"2866","63035917","EGSS-amrsafwat","ME-EGSS13","MEKSA-EGSS01","围场外","outside pool","1","6","1-3 Classes (Low)","1970-01-01 00:00:00","No Connection Recorded","No Recorded Connection","-","STANDARD - Re-engagement & Habit Building","0"
"2867","63046379","EGSS-amrsafwat","ME-EGSS13","MEKSA-EGSS01","围场外","outside pool","1","0","1-3 Classes (Low)","1970-01-01 00:00:00","No Connection Recorded","No Recorded Connection","-","STANDARD - Re-engagement & Habit Building","0"
"2868","62927507","EGSS-amrsafwat","ME-EGSS13","MEKSA-EGSS01","围场外","outside pool","1","9","1-3 Classes (Low)","1970-01-01 00:00:00","No Connection Recorded","No Recorded Connection","-","STANDARD - Re-engagement & Habit Building","0"
"2872","63701039","EGSS-amrsafwat","ME-EGSS13","MEKSA-EGSS01","围场外","outside pool","1","8","1-3 Classes (Low)","1970-01-01 00:00:00","No Connection Recorded","No Recorded Connection","-","STANDARD - Re-engagement & Habit Building","0"
"2873","63868150","EGSS-amrsafwat","ME-EGSS13","MEKSA-EGSS01","围场外","outside pool","1","6","1-3 Classes (Low)","1970-01-01 00:00:00","No Connection Recorded","No Recorded Connection","-","STANDARD - Re-engagement & Habit Building","0"
"2874","63095268","EGSS-amrsafwat","ME-EGSS13","MEKSA-EGSS01","围场外","outside pool","1","7","1-3 Classes (Low)","1970-01-01 00:00:00","No Connection Recorded","No Recorded Connection","-","STANDARD - Re-engagement & Habit Building","0"
"2875","63164705","EGSS-amrsafwat","ME-EGSS13","MEKSA-EGSS01","期间","period","1","7","1-3 Classes (Low)","1970-01-01 00:00:00","No Connection Recorded","No Recorded Connection","-","STANDARD - Re-engagement & Habit Building","0"
"2877","62850633","EGSS-amrsafwat","ME-EGSS13","MEKSA-EGSS01","到期","Exp Non-0","1","7","1-3 Classes (Low)","1970-01-01 00:00:00","No Connection Recorded","No Recorded Connection","-","STANDARD - Re-engagement & Habit Building","0"
"2884","62366953","EGSS-amrsafwat","ME-EGSS13","MEKSA-EGSS01","围场外","outside pool","1","7","1-3 Classes (Low)","1970-01-01 00:00:00","No Connection Recorded","No Recorded Connection","-","STANDARD - Re-engagement & Habit Building","0"
"2885","62396939","EGSS-amrsafwat","ME-EGSS13","MEKSA-EGSS01","围场外","outside pool","1","8","1-3 Classes (Low)","1970-01-01 00:00:00","No Connection Recorded","No Recorded Connection","-","STANDARD - Re-engagement & Habit Building","0"
"2886","62848425","EGSS-amrsafwat","ME-EGSS13","MEKSA-EGSS01","到期","Exp Non-0","1","7","1-3 Classes (Low)","1970-01-01 00:00:00","No Connection Recorded","No Recorded Connection","-","STANDARD - Re-engagement & Habit Building","0"
"2888","62021527","EGSS-amrsafwat","ME-EGSS13","MEKSA-EGSS01","到期","Exp Non-0","1","9","1-3 Classes (Low)","1970-01-01 00:00:00","No Connection Recorded","No Recorded Connection","-","STANDARD - Re-engagement & Habit Building","0"
"2889","62310826","EGSS-amrsafwat","ME-EGSS13","MEKSA-EGSS01","围场外","outside pool","1","1","1-3 Classes (Low)","1970-01-01 00:00:00","No Connection Recorded","No Recorded Connection","-","STANDARD - Re-engagement & Habit Building","0"
"2890","64249103","EGSS-amrsafwat","ME-EGSS13","MEKSA-EGSS01","围场外","outside pool","1","0","1-3 Classes (Low)","1970-01-01 00:00:00","No Connection Recorded","No Recorded Connection","-","STANDARD - Re-engagement & Habit Building","0"
"2896","64171255","EGSS-hayamhassan","ME-EGSS13","MEKSA-EGSS01","围场外","outside pool","1","7","1-3 Classes (Low)","1970-01-01 00:00:00","No Connection Recorded","No Recorded Connection","-","STANDARD - Re-engagement & Habit Building","0"
"2897","60918425","EGSS-marwaahmed","ME-EGSS13","MEKSA-EGSS01","首单到期","FOE Non-0","1","5","1-3 Classes (Low)","1970-01-01 00:00:00","No Connection Recorded","No Recorded Connection","-","STANDARD - Re-engagement & Habit Building","0"
"2898","61322209","EGSS-marwaahmed","ME-EGSS13","MEKSA-EGSS01","到期","Exp Non-0","1","4","1-3 Classes (Low)","1970-01-01 00:00:00","No Connection Recorded","No Recorded Connection","-","STANDARD - Re-engagement & Habit Building","0"
"2902","60358925","EGSS-marwaahmed","ME-EGSS13","MEKSA-EGSS01","到期","Exp Non-0","1","16","1-3 Classes (Low)","1970-01-01 00:00:00","No Connection Recorded","No Recorded Connection","-","STANDARD - Re-engagement & Habit Building","0"
"2907","64283494","EGSS-amrsafwat","ME-EGSS13","MEKSA-EGSS01","围场外","outside pool","1","1","1-3 Classes (Low)","1970-01-01 00:00:00","No Connection Recorded","No Recorded Connection","-","STANDARD - Re-engagement & Habit Building","0"
"2912","63595698","EGSS-hayamhassan","ME-EGSS13","MEKSA-EGSS01","围场外","outside pool","1","0","1-3 Classes (Low)","1970-01-01 00:00:00","No Connection Recorded","CRM System Outreach","-","STANDARD - Re-engagement & Habit Building","0"
"2913","62864918","EGSS-hayamhassan","ME-EGSS13","MEKSA-EGSS01","围场外","outside pool","1","11","1-3 Classes (Low)","1970-01-01 00:00:00","No Connection Recorded","CRM System Outreach","-","STANDARD - Re-engagement & Habit Building","0"
"2936","59205138","EGSS-mohamedha","ME-EGSS13","MEKSA-EGSS01","围场外","outside pool","1","11","1-3 Classes (Low)","2024-11-13 00:00:00","2024-11-13 00:00:00","Last 1v1 Payment","20241113","STANDARD - Re-engagement & Habit Building","0"
"2937","58914007","EGSS-marwaahmed","ME-EGSS13","MEKSA-EGSS01","围场外","outside pool","1","9","1-3 Classes (Low)","2024-12-05 00:00:00","2024-12-05 00:00:00","Last 1v1 Payment","20241205","STANDARD - Re-engagement & Habit Building","0"
"2945","60144049","EGSS-marwaahmed","ME-EGSS13","MEKSA-EGSS01","围场外","outside pool","1","7","1-3 Classes (Low)","2025-05-28 00:00:00","2025-05-28 00:00:00","Last 1v1 Payment","20250528","STANDARD - Re-engagement & Habit Building","0"
"2950","59678118","EGSS-mohamedha","ME-EGSS13","MEKSA-EGSS01","围场外","outside pool","1","1","1-3 Classes (Low)","2025-07-30 00:00:00","2025-07-30 00:00:00","Last 1v1 Payment","20250730","STANDARD - Re-engagement & Habit Building","0"
"2951","59895806","EGSS-mohamedha","ME-EGSS13","MEKSA-EGSS01","围场外","outside pool","1","0","1-3 Classes (Low)","2025-07-30 00:00:00","2025-07-30 00:00:00","Last 1v1 Payment","20250730","STANDARD - Re-engagement & Habit Building","0"
"2952","60619785","EGSS-marwaahmed","ME-EGSS13","MEKSA-EGSS01","围场外","outside pool","1","6","1-3 Classes (Low)","2025-08-09 00:00:00","2025-08-09 00:00:00","Last 1v1 Payment","20250809","STANDARD - Re-engagement & Habit Building","0"
"2960","60108825","EGSS-mohamedha","ME-EGSS13","MEKSA-EGSS01","到期","Exp Non-0","1","6","1-3 Classes (Low)","2025-10-05 00:00:00","2025-10-05 00:00:00","Last 1v1 Payment","20251005","STANDARD - Re-engagement & Habit Building","0"
"2961","61083054","EGSS-mohamedha","ME-EGSS13","MEKSA-EGSS01","到期","Exp Non-0","1","9","1-3 Classes (Low)","2025-10-15 00:00:00","2025-10-15 00:00:00","Last 1v1 Payment","20251015","STANDARD - Re-engagement & Habit Building","0"
"2965","61059857","EGSS-mohamedha","ME-EGSS13","MEKSA-EGSS01","期间","period","1","9","1-3 Classes (Low)","2025-11-09 00:00:00","2025-11-09 00:00:00","Last 1v1 Payment","20251109","STANDARD - Re-engagement & Habit Building","0"
"2966","61078248","EGSS-amrsafwat","ME-EGSS13","MEKSA-EGSS01","到期","Exp Non-0","1","7","1-3 Classes (Low)","2025-11-16 00:00:00","2025-11-16 00:00:00","Last 1v1 Payment","20251116","STANDARD - Re-engagement & Habit Building","0"
"2970","60607432","EGSS-marwaahmed","ME-EGSS13","MEKSA-EGSS01","到期","Exp Non-0","1","9","1-3 Classes (Low)","2025-11-27 00:00:00","2025-11-27 00:00:00","Last 1v1 Payment","20251127","STANDARD - Re-engagement & Habit Building","0"
"2974","58160786","EGSS-amrsafwat","ME-EGSS13","MEKSA-EGSS01","到期","Exp Non-0","1","5","1-3 Classes (Low)","2025-11-30 00:00:00","2025-11-30 00:00:00","Last 1v1 Payment","20251130","STANDARD - Re-engagement & Habit Building","0"
"2976","61292715","EGSS-mohamedha","ME-EGSS13","MEKSA-EGSS01","围场外","outside pool","1","9","1-3 Classes (Low)","2025-12-13 00:00:00","2025-12-13 00:00:00","Last 1v1 Payment","20251213","STANDARD - Re-engagement & Habit Building","0"
"2980","61201313","EGSS-mohamedha","ME-EGSS13","MEKSA-EGSS01","围场外","outside pool","1","9","1-3 Classes (Low)","2025-12-27 00:00:00","2025-12-27 00:00:00","Last 1v1 Payment","20251227","STANDARD - Re-engagement & Habit Building","0"
"2981","58524343","EGSS-marwaahmed","ME-EGSS13","MEKSA-EGSS01","围场外","outside pool","1","8","1-3 Classes (Low)","2025-12-28 00:00:00","2025-12-28 00:00:00","Last 1v1 Payment","20251228","STANDARD - Re-engagement & Habit Building","0"
"2982","60645130","EGSS-mohamedha","ME-EGSS13","MEKSA-EGSS01","到期","Exp Non-0","1","9","1-3 Classes (Low)","2025-12-28 00:00:00","2025-12-28 00:00:00","Last 1v1 Payment","20251228","STANDARD - Re-engagement & Habit Building","0"
"2986","60347747","EGSS-amrsafwat","ME-EGSS13","MEKSA-EGSS01","到期","Exp Non-0","1","9","1-3 Classes (Low)","2026-01-13 00:00:00","2026-01-13 00:00:00","Last 1v1 Payment","20260113","STANDARD - Re-engagement & Habit Building","0"
"2996","61973943","EGSS-amrsafwat","ME-EGSS13","MEKSA-EGSS01","围场外","outside pool","1","8","1-3 Classes (Low)","2026-02-02 00:00:00","2026-02-02 00:00:00","Last 1v1 Payment","20260202","STANDARD - Re-engagement & Habit Building","0"
"3001","59420389","EGSS-amrsafwat","ME-EGSS13","MEKSA-EGSS01","围场外","outside pool","1","7","1-3 Classes (Low)","2026-02-14 00:00:00","2026-02-14 00:00:00","Last 1v1 Payment","20260214","STANDARD - Re-engagement & Habit Building","0"
"3008","62291575","EGSS-amrsafwat","ME-EGSS13","MEKSA-EGSS01","围场外","outside pool","1","7","1-3 Classes (Low)","2026-03-04 00:00:00","2026-03-04 00:00:00","Last 1v1 Payment","20260304","STANDARD - Re-engagement & Habit Building","0"
"3013","59288154","EGSS-amrsafwat","ME-EGSS13","MEKSA-EGSS01","围场外","outside pool","1","10","1-3 Classes (Low)","2026-03-10 00:00:00","2026-03-10 00:00:00","Last 1v1 Payment","20260310","STANDARD - Re-engagement & Habit Building","0"
"3015","60712706","EGSS-amrsafwat","ME-EGSS13","MEKSA-EGSS01","围场外","outside pool","1","8","1-3 Classes (Low)","2026-03-19 00:00:00","2026-03-19 00:00:00","Last 1v1 Payment","20260319","STANDARD - Re-engagement & Habit Building","0"
"3035","60360506","EGSS-mohamedha","ME-EGSS13","MEKSA-EGSS01","期间","period","1","7","1-3 Classes (Low)","2026-04-06 00:00:00","2026-04-06 00:00:00","Last 1v1 Payment","20260406","STANDARD - Re-engagement & Habit Building","0"
"3037","60370915","EGSS-mohamedha","ME-EGSS13","MEKSA-EGSS01","围场外","outside pool","1","6","1-3 Classes (Low)","2026-04-06 00:00:00","2026-04-06 00:00:00","Last 1v1 Payment","20260406","STANDARD - Re-engagement & Habit Building","0"
"3053","59885276","EGSS-amrsafwat","ME-EGSS13","MEKSA-EGSS01","围场外","outside pool","1","8","1-3 Classes (Low)","2026-04-27 00:00:00","2026-04-27 00:00:00","Last 1v1 Payment","20260427","STANDARD - Re-engagement & Habit Building","0"
"3054","60512996","EGSS-mohamedha","ME-EGSS13","MEKSA-EGSS01","期间","period","1","0","1-3 Classes (Low)","2026-04-28 00:00:00","2026-04-28 00:00:00","Last 1v1 Payment","20260428","STANDARD - Re-engagement & Habit Building","0"
"3055","61018792","EGSS-mohamedha","ME-EGSS13","MEKSA-EGSS01","期间","period","1","3","1-3 Classes (Low)","2026-04-28 00:00:00","2026-04-28 00:00:00","Last 1v1 Payment","20260428","STANDARD - Re-engagement & Habit Building","0"
"3057","60812272","EGSS-marwaahmed","ME-EGSS13","MEKSA-EGSS01","围场外","outside pool","1","6","1-3 Classes (Low)","2026-04-30 00:00:00","2026-04-30 00:00:00","Last 1v1 Payment","20260430","STANDARD - Re-engagement & Habit Building","0"
"3062","59051305","EGSS-amrsafwat","ME-EGSS13","MEKSA-EGSS01","围场外","outside pool","1","8","1-3 Classes (Low)","2026-05-09 00:00:00","2026-05-09 00:00:00","Last 1v1 Payment","20260509","STANDARD - Re-engagement & Habit Building","0"
"3075","61074099","EGSS-mohamedha","ME-EGSS13","MEKSA-EGSS01","到期","Exp Non-0","1","6","1-3 Classes (Low)","2026-05-24 00:00:00","2026-05-24 00:00:00","Last 1v1 Payment","20260524","STANDARD - Re-engagement & Habit Building","0"
"3084","59198658","EGSS-marwaahmed","ME-EGSS13","MEKSA-EGSS01","围场外","outside pool","1","8","1-3 Classes (Low)","2026-06-02 00:00:00","2026-06-02 00:00:00","Last 1v1 Payment","20260602","STANDARD - Re-engagement & Habit Building","0"
"3090","62897769","EGSS-marwaahmed","ME-EGSS13","MEKSA-EGSS01","围场外","outside pool","1","10","1-3 Classes (Low)","2026-06-13 00:00:00","2026-06-13 00:00:00","Last 1v1 Payment","20260613","STANDARD - Re-engagement & Habit Building","0"
"3097","62827693","EGSS-marwaahmed","ME-EGSS13","MEKSA-EGSS01","围场外","outside pool","1","4","1-3 Classes (Low)","2026-06-28 00:00:00","2026-06-28 00:00:00","Last 1v1 Payment","20260628","STANDARD - Re-engagement & Habit Building","0"
"3105","60619387","EGSS-mohamedha","ME-EGSS13","MEKSA-EGSS01","围场外","outside pool","1","11","1-3 Classes (Low)","2026-07-06 00:00:00","2026-07-06 00:00:00","Last 1v1 Payment","20260706","STANDARD - Re-engagement & Habit Building","0"
"3107","63652971","EGSS-hayamhassan","ME-EGSS13","MEKSA-EGSS01","围场外","outside pool","1","6","1-3 Classes (Low)","2026-07-12 00:00:00","2026-07-12 00:00:00","CRM System Outreach","-","STANDARD - Re-engagement & Habit Building","0"
"3116","63627401","EGSS-hayamhassan","ME-EGSS13","MEKSA-EGSS01","到期","Exp Non-0","1","7","1-3 Classes (Low)","2026-07-20 00:00:00","2026-07-20 00:00:00","CRM System Outreach","-","STANDARD - Re-engagement & Habit Building","0"
"3119","63773871","EGSS-mohamedha","ME-EGSS13","MEKSA-EGSS01","围场外","outside pool","1","15","1-3 Classes (Low)","2026-07-21 00:00:00","2026-07-21 00:00:00","CRM System Outreach","-","STANDARD - Re-engagement & Habit Building","0"
"3120","60932541","EGSS-marwaahmed","ME-EGSS13","MEKSA-EGSS01","围场外","outside pool","1","0","1-3 Classes (Low)","2026-07-22 00:00:00","2026-07-22 00:00:00","Last 1v1 Payment","20260722","STANDARD - Re-engagement & Habit Building","0"
"3128","63789772","EGSS-hayamhassan","ME-EGSS13","MEKSA-EGSS01","围场外","outside pool","1","3","1-3 Classes (Low)","2026-07-28 00:00:00","2026-07-28 00:00:00","CRM System Outreach","-","STANDARD - Re-engagement & Habit Building","0"
"3129","59420690","EGSS-marwaahmed","ME-EGSS13","MEKSA-EGSS01","围场外","outside pool","1","6","1-3 Classes (Low)","2026-07-28 00:00:00","2026-07-28 00:00:00","Last 1v1 Payment","20260728","STANDARD - Re-engagement & Habit Building","0"
"3136","63605547","EGSS-mohamedha","ME-EGSS13","MEKSA-EGSS01","围场外","outside pool","1","8","1-3 Classes (Low)","2026-08-02 00:00:00","2026-08-02 00:00:00","CRM System Outreach","-","STANDARD - Re-engagement & Habit Building","0"
"3138","58573063","EGSS-mohamedha","ME-EGSS13","MEKSA-EGSS01","围场外","outside pool","1","8","1-3 Classes (Low)","2026-08-04 00:00:00","2026-08-04 00:00:00","Last 1v1 Payment","20260804","STANDARD - Re-engagement & Habit Building","0"
"3139","63946328","EGSS-mohamedha","ME-EGSS13","MEKSA-EGSS01","围场外","outside pool","1","9","1-3 Classes (Low)","2026-08-05 00:00:00","2026-08-05 00:00:00","Last 1v1 Payment","20260805","STANDARD - Re-engagement & Habit Building","0"
"3140","62897496","EGSS-mohamedha","ME-EGSS13","MEKSA-EGSS01","围场外","outside pool","1","4","1-3 Classes (Low)","2026-08-05 00:00:00","2026-08-05 00:00:00","Last 1v1 Payment","20260805","STANDARD - Re-engagement & Habit Building","0"
"3145","63583512","EGSS-marwaahmed","ME-EGSS13","MEKSA-EGSS01","围场外","outside pool","1","6","1-3 Classes (Low)","2026-08-08 00:00:00","2026-08-08 00:00:00","CRM System Outreach","-","STANDARD - Re-engagement & Habit Building","0"
"3156","63528382","EGSS-marwaahmed","ME-EGSS13","MEKSA-EGSS01","围场外","outside pool","1","10","1-3 Classes (Low)","2026-08-17 00:00:00","2026-08-17 00:00:00","CRM System Outreach","-","STANDARD - Re-engagement & Habit Building","0"
"3161","58346352","EGSS-hayamhassan","ME-EGSS13","MEKSA-EGSS01","围场外","outside pool","1","6","1-3 Classes (Low)","2026-08-18 00:00:00","2026-08-18 00:00:00","CRM System Outreach","-","STANDARD - Re-engagement & Habit Building","0"
"3168","60862386","EGSS-marwaahmed","ME-EGSS13","MEKSA-EGSS01","围场外","outside pool","1","4","1-3 Classes (Low)","2026-08-23 00:00:00","2026-08-23 00:00:00","Last 1v1 Payment","20260823","STANDARD - Re-engagement & Habit Building","0"
"3176","60926256","EGSS-amrsafwat","ME-EGSS13","MEKSA-EGSS01","期间","period","1","0","1-3 Classes (Low)","2026-08-29 00:00:00","2026-08-29 00:00:00","Last 1v1 Payment","20260829","STANDARD - Re-engagement & Habit Building","0"
"3179","62077196","EGSS-marwaahmed","ME-EGSS13","MEKSA-EGSS01","围场外","outside pool","1","9","1-3 Classes (Low)","2026-09-02 00:00:00","2026-09-02 00:00:00","Last 1v1 Payment","20260902","STANDARD - Re-engagement & Habit Building","0"
"3192","60439301","EGSS-amrsafwat","ME-EGSS13","MEKSA-EGSS01","围场外","outside pool","1","7","1-3 Classes (Low)","2026-09-29 00:00:00","2026-09-29 00:00:00","Last 1v1 Payment","20260929","STANDARD - Re-engagement & Habit Building","0"
"3193","60444784","EGSS-amrsafwat","ME-EGSS13","MEKSA-EGSS01","围场外","outside pool","1","7","1-3 Classes (Low)","2026-09-29 00:00:00","2026-09-29 00:00:00","Last 1v1 Payment","20260929","STANDARD - Re-engagement & Habit Building","0"
"3196","63232790","EGSS-hayamhassan","ME-EGSS13","MEKSA-EGSS01","围场外","outside pool","1","9","1-3 Classes (Low)","2026-09-29 12:53:23","2026-09-29 12:53:23","SOP Completed Touch","-","STANDARD - Re-engagement & Habit Building","0"
"3199","62805492","EGSS-amrsafwat","ME-EGSS13","MEKSA-EGSS01","围场外","outside pool","1","7","1-3 Classes (Low)","2026-09-29 13:52:52","2026-09-29 13:52:52","SOP Completed Touch","-","STANDARD - Re-engagement & Habit Building","0"
"3205","62309968","EGSS-amrsafwat","ME-EGSS13","MEKSA-EGSS01","围场外","outside pool","1","6","1-3 Classes (Low)","2026-09-30 13:17:18","2026-09-30 13:17:18","SOP Completed Touch","20260304","STANDARD - Re-engagement & Habit Building","0"
"3206","62368678","EGSS-amrsafwat","ME-EGSS13","MEKSA-EGSS01","围场外","outside pool","1","7","1-3 Classes (Low)","2026-09-30 13:18:04","2026-09-30 13:18:04","SOP Completed Touch","-","STANDARD - Re-engagement & Habit Building","0"
"3207","63867986","EGSS-amrsafwat","ME-EGSS13","MEKSA-EGSS01","到期","Exp Non-0","1","6","1-3 Classes (Low)","2026-09-30 13:21:46","2026-09-30 13:21:46","SOP Completed Touch","-","STANDARD - Re-engagement & Habit Building","0"
"3219","60899941","EGSS-mohamedha","ME-EGSS13","MEKSA-EGSS01","升舱","Upgrade M2","1","0","1-3 Classes (Low)","2026-10-03 11:11:44","2026-10-03 11:11:44","SOP Task Assigned","-","STANDARD - Re-engagement & Habit Building","0"
"3226","64122258","EGSS-amrsafwat","ME-EGSS13","MEKSA-EGSS01","升舱","Upgrade M2","1","1","1-3 Classes (Low)","2026-10-03 11:29:08","2026-10-03 11:29:08","SOP Task Assigned","-","STANDARD - Re-engagement & Habit Building","0"
"3228","64167392","EGSS-amrsafwat","ME-EGSS13","MEKSA-EGSS01","升舱","Upgrade M2","1","6","1-3 Classes (Low)","2026-10-03 11:32:12","2026-10-03 11:32:12","SOP Task Assigned","-","STANDARD - Re-engagement & Habit Building","0"
"3230","64146072","EGSS-marwaahmed","ME-EGSS13","MEKSA-EGSS01","升舱","Upgrade M2","1","11","1-3 Classes (Low)","2026-10-03 12:14:57","2026-10-03 12:14:57","SOP Completed Touch","-","STANDARD - Re-engagement & Habit Building","0"
"3234","61617671","EGSS-hayamhassan","ME-EGSS13","MEKSA-EGSS01","围场外","outside pool","1","7","1-3 Classes (Low)","2026-10-03 14:52:56","2026-10-03 14:52:56","SOP Completed Touch","-","STANDARD - Re-engagement & Habit Building","0"
"3240","58522544","EGSS-mohamedha","ME-EGSS13","MEKSA-EGSS01","围场外","outside pool","1","4","1-3 Classes (Low)","2026-10-04 11:07:47","2026-10-04 11:07:47","SOP Task Assigned","-","STANDARD - Re-engagement & Habit Building","0"
"3255","62811033","EGSS-amrsafwat","ME-EGSS13","MEKSA-EGSS01","围场外","outside pool","1","6","1-3 Classes (Low)","2026-10-06 11:14:26","2026-10-06 11:14:26","SOP Task Assigned","-","STANDARD - Re-engagement & Habit Building","0"
"3259","58457327","EGSS-amrsafwat","ME-EGSS13","MEKSA-EGSS01","围场外","outside pool","1","6","1-3 Classes (Low)","2026-10-06 12:57:39","2026-10-06 12:57:39","SOP Completed Touch","20260305","STANDARD - Re-engagement & Habit Building","0"
"3261","58622914","EGSS-amrsafwat","ME-EGSS13","MEKSA-EGSS01","期间","period","1","9","1-3 Classes (Low)","2026-10-06 14:08:29","2026-10-06 14:08:29","SOP Completed Touch","-","STANDARD - Re-engagement & Habit Building","0"
"3262","63453453","EGSS-amrsafwat","ME-EGSS13","MEKSA-EGSS01","围场外","outside pool","1","5","1-3 Classes (Low)","2026-10-06 14:10:15","2026-10-06 14:10:15","SOP Completed Touch","-","STANDARD - Re-engagement & Habit Building","0"
"3264","64482494","EGSS-hayamhassan","ME-EGSS13","MEKSA-EGSS01","围场外","outside pool","1","9","1-3 Classes (Low)","2026-10-06 18:22:21","2026-10-06 18:22:21","SOP Completed Touch","-","STANDARD - Re-engagement & Habit Building","0"
"3265","63590561","EGSS-mohamedha","ME-EGSS13","MEKSA-EGSS01","到期","Exp Non-0","1","7","1-3 Classes (Low)","2026-10-06 18:58:26","2026-10-06 18:58:26","SOP Completed Touch","-","STANDARD - Re-engagement & Habit Building","0"
"3266","63575382","EGSS-mohamedha","ME-EGSS13","MEKSA-EGSS01","到期","Exp Non-0","1","7","1-3 Classes (Low)","2026-10-06 18:58:26","2026-10-06 18:58:26","SOP Completed Touch","-","STANDARD - Re-engagement & Habit Building","0"
"3287","64504311","EGSS-mohamedha","ME-EGSS13","MEKSA-EGSS01","围场外","outside pool","1","0","1-3 Classes (Low)","2026-10-07 15:14:54","2026-10-07 15:14:54","SOP Completed Touch","-","STANDARD - Re-engagement & Habit Building","0"
"3288","64266160","EGSS-mohamedha","ME-EGSS13","MEKSA-EGSS01","围场外","outside pool","1","7","1-3 Classes (Low)","2026-10-07 15:39:54","2026-10-07 15:39:54","SOP Completed Touch","-","STANDARD - Re-engagement & Habit Building","0"
"3290","63629087","EGSS-hayamhassan","ME-EGSS13","MEKSA-EGSS01","围场外","outside pool","1","11","1-3 Classes (Low)","2026-10-07 16:19:11","2026-10-07 16:19:11","SOP Completed Touch","20260912","STANDARD - Re-engagement & Habit Building","0"
"3295","63518867","EGSS-marwaahmed","ME-EGSS13","MEKSA-EGSS01","到期","Exp Non-0","0","0","0 Classes (Dormant)","1970-01-01 00:00:00","No Connection Recorded","No Recorded Connection","-","REACTIVATION - Dormant Student Win-Back","0"
"3296","62433116","EGSS-amrsafwat","ME-EGSS13","MEKSA-EGSS01","首单到期","FOE Non-0","0","0","0 Classes (Dormant)","1970-01-01 00:00:00","No Connection Recorded","No Recorded Connection","-","REACTIVATION - Dormant Student Win-Back","0"
"3298","62448856","EGSS-amrsafwat","ME-EGSS13","MEKSA-EGSS01","首单到期","FOE 0-cr","0","0","0 Classes (Dormant)","1970-01-01 00:00:00","No Connection Recorded","No Recorded Connection","-","REACTIVATION - Dormant Student Win-Back","0"
"3299","62448743","EGSS-amrsafwat","ME-EGSS13","MEKSA-EGSS01","首单到期","FOE 0-cr","0","0","0 Classes (Dormant)","1970-01-01 00:00:00","No Connection Recorded","No Recorded Connection","-","REACTIVATION - Dormant Student Win-Back","0"
"3300","62431139","EGSS-amrsafwat","ME-EGSS13","MEKSA-EGSS01","首单到期","FOE 0-cr","0","0","0 Classes (Dormant)","1970-01-01 00:00:00","No Connection Recorded","No Recorded Connection","-","REACTIVATION - Dormant Student Win-Back","0"
"3302","62404011","EGSS-amrsafwat","ME-EGSS13","MEKSA-EGSS01","到期","Exp 0-cr","0","0","0 Classes (Dormant)","1970-01-01 00:00:00","No Connection Recorded","No Recorded Connection","-","REACTIVATION - Dormant Student Win-Back","0"
"3307","62254617","EGSS-mohamedha","ME-EGSS13","MEKSA-EGSS01","到期","Exp Non-0","0","0","0 Classes (Dormant)","1970-01-01 00:00:00","No Connection Recorded","No Recorded Connection","-","REACTIVATION - Dormant Student Win-Back","0"
"3308","62520955","EGSS-amrsafwat","ME-EGSS13","MEKSA-EGSS01","首单到期","FOE Non-0","0","6","0 Classes (Dormant)","1970-01-01 00:00:00","No Connection Recorded","No Recorded Connection","-","REACTIVATION - Dormant Student Win-Back","0"
"3309","62555694","EGSS-amrsafwat","ME-EGSS13","MEKSA-EGSS01","首单到期","FOE 0-cr","0","0","0 Classes (Dormant)","1970-01-01 00:00:00","No Connection Recorded","No Recorded Connection","-","REACTIVATION - Dormant Student Win-Back","0"
"3310","62527362","EGSS-amrsafwat","ME-EGSS13","MEKSA-EGSS01","首单到期","FOE Non-0","0","7","0 Classes (Dormant)","1970-01-01 00:00:00","No Connection Recorded","No Recorded Connection","-","REACTIVATION - Dormant Student Win-Back","0"
"3311","62512594","EGSS-amrsafwat","ME-EGSS13","MEKSA-EGSS01","首单到期","FOE Non-0","0","0","0 Classes (Dormant)","1970-01-01 00:00:00","No Connection Recorded","No Recorded Connection","-","REACTIVATION - Dormant Student Win-Back","0"
"3318","62226282","EGSS-mohamedha","ME-EGSS13","MEKSA-EGSS01","首单到期","FOE 0-cr","0","0","0 Classes (Dormant)","1970-01-01 00:00:00","No Connection Recorded","No Recorded Connection","-","REACTIVATION - Dormant Student Win-Back","0"
"3322","62244666","EGSS-amrsafwat","ME-EGSS13","MEKSA-EGSS01","首单到期","FOE 0-cr","0","0","0 Classes (Dormant)","1970-01-01 00:00:00","No Connection Recorded","No Recorded Connection","-","REACTIVATION - Dormant Student Win-Back","0"
"3324","62202773","EGSS-amrsafwat","ME-EGSS13","MEKSA-EGSS01","首单到期","FOE Non-0","0","0","0 Classes (Dormant)","1970-01-01 00:00:00","No Connection Recorded","No Recorded Connection","-","REACTIVATION - Dormant Student Win-Back","0"
"3328","62321855","EGSS-amrsafwat","ME-EGSS13","MEKSA-EGSS01","首单到期","FOE Non-0","0","0","0 Classes (Dormant)","1970-01-01 00:00:00","No Connection Recorded","No Recorded Connection","-","REACTIVATION - Dormant Student Win-Back","0"
"3335","62344325","EGSS-amrsafwat","ME-EGSS13","MEKSA-EGSS01","首单到期","FOE Non-0","0","0","0 Classes (Dormant)","1970-01-01 00:00:00","No Connection Recorded","No Recorded Connection","-","REACTIVATION - Dormant Student Win-Back","0"
"3341","63077884","EGSS-amrsafwat","ME-EGSS13","MEKSA-EGSS01","到期","Exp 0-cr","0","0","0 Classes (Dormant)","1970-01-01 00:00:00","No Connection Recorded","No Recorded Connection","-","REACTIVATION - Dormant Student Win-Back","0"
"3346","62894807","EGSS-amrsafwat","ME-EGSS13","MEKSA-EGSS01","到期","Exp Non-0","0","0","0 Classes (Dormant)","1970-01-01 00:00:00","No Connection Recorded","No Recorded Connection","-","REACTIVATION - Dormant Student Win-Back","0"
"3349","62869744","EGSS-amrsafwat","ME-EGSS13","MEKSA-EGSS01","到期","Exp Non-0","0","0","0 Classes (Dormant)","1970-01-01 00:00:00","No Connection Recorded","No Recorded Connection","-","REACTIVATION - Dormant Student Win-Back","0"
"3350","63078108","EGSS-amrsafwat","ME-EGSS13","MEKSA-EGSS01","到期","Exp 0-cr","0","0","0 Classes (Dormant)","1970-01-01 00:00:00","No Connection Recorded","No Recorded Connection","-","REACTIVATION - Dormant Student Win-Back","0"
"3358","63058110","EGSS-amrsafwat","ME-EGSS13","MEKSA-EGSS01","到期","Exp Non-0","0","9","0 Classes (Dormant)","1970-01-01 00:00:00","No Connection Recorded","No Recorded Connection","-","REACTIVATION - Dormant Student Win-Back","0"
"3361","62979338","EGSS-amrsafwat","ME-EGSS13","MEKSA-EGSS01","到期","Exp 0-cr","0","0","0 Classes (Dormant)","1970-01-01 00:00:00","No Connection Recorded","No Recorded Connection","-","REACTIVATION - Dormant Student Win-Back","0"
"3365","62627870","EGSS-amrsafwat","ME-EGSS13","MEKSA-EGSS01","到期","Exp 0-cr","0","0","0 Classes (Dormant)","1970-01-01 00:00:00","No Connection Recorded","No Recorded Connection","-","REACTIVATION - Dormant Student Win-Back","0"
"3370","62606298","EGSS-amrsafwat","ME-EGSS13","MEKSA-EGSS01","首单到期","FOE Non-0","0","0","0 Classes (Dormant)","1970-01-01 00:00:00","No Connection Recorded","No Recorded Connection","-","REACTIVATION - Dormant Student Win-Back","0"
"3371","62582171","EGSS-amrsafwat","ME-EGSS13","MEKSA-EGSS01","首单到期","FOE Non-0","0","0","0 Classes (Dormant)","1970-01-01 00:00:00","No Connection Recorded","No Recorded Connection","-","REACTIVATION - Dormant Student Win-Back","0"
"3372","62609089","EGSS-amrsafwat","ME-EGSS13","MEKSA-EGSS01","首单到期","FOE 0-cr","0","0","0 Classes (Dormant)","1970-01-01 00:00:00","No Connection Recorded","No Recorded Connection","-","REACTIVATION - Dormant Student Win-Back","0"
"3373","62620704","EGSS-amrsafwat","ME-EGSS13","MEKSA-EGSS01","首单到期","FOE 0-cr","0","0","0 Classes (Dormant)","1970-01-01 00:00:00","No Connection Recorded","No Recorded Connection","-","REACTIVATION - Dormant Student Win-Back","0"
"3374","62620467","EGSS-amrsafwat","ME-EGSS13","MEKSA-EGSS01","首单到期","FOE Non-0","0","0","0 Classes (Dormant)","1970-01-01 00:00:00","No Connection Recorded","No Recorded Connection","-","REACTIVATION - Dormant Student Win-Back","0"
"3379","63091926","EGSS-amrsafwat","ME-EGSS13","MEKSA-EGSS01","到期","Exp Non-0","0","0","0 Classes (Dormant)","1970-01-01 00:00:00","No Connection Recorded","No Recorded Connection","-","REACTIVATION - Dormant Student Win-Back","0"
"3380","63359229","EGSS-marwaahmed","ME-EGSS13","MEKSA-EGSS01","到期","Exp Non-0","0","0","0 Classes (Dormant)","1970-01-01 00:00:00","No Connection Recorded","No Recorded Connection","-","REACTIVATION - Dormant Student Win-Back","0"
"3381","63388231","EGSS-marwaahmed","ME-EGSS13","MEKSA-EGSS01","到期","Exp Non-0","0","6","0 Classes (Dormant)","1970-01-01 00:00:00","No Connection Recorded","No Recorded Connection","-","REACTIVATION - Dormant Student Win-Back","0"
"3384","62255621","EGSS-mohamedha","ME-EGSS13","MEKSA-EGSS01","到期","Exp Non-0","0","0","0 Classes (Dormant)","1970-01-01 00:00:00","No Connection Recorded","No Recorded Connection","-","REACTIVATION - Dormant Student Win-Back","0"
"3392","60581443","EGSS-amrsafwat","ME-EGSS13","MEKSA-EGSS01","到期","Exp Non-0","0","0","0 Classes (Dormant)","1970-01-01 00:00:00","No Connection Recorded","No Recorded Connection","-","REACTIVATION - Dormant Student Win-Back","0"
"3393","60552114","EGSS-amrsafwat","ME-EGSS13","MEKSA-EGSS01","到期","Exp Non-0","0","0","0 Classes (Dormant)","1970-01-01 00:00:00","No Connection Recorded","No Recorded Connection","-","REACTIVATION - Dormant Student Win-Back","0"
"3399","59995097","EGSS-mohamedha","ME-EGSS13","MEKSA-EGSS01","到期","Exp Non-0","0","6","0 Classes (Dormant)","1970-01-01 00:00:00","No Connection Recorded","No Recorded Connection","-","REACTIVATION - Dormant Student Win-Back","0"
"3400","60445901","EGSS-amrsafwat","ME-EGSS13","MEKSA-EGSS01","首单到期","FOE 0-cr","0","0","0 Classes (Dormant)","1970-01-01 00:00:00","No Connection Recorded","No Recorded Connection","-","REACTIVATION - Dormant Student Win-Back","0"
"3402","59148585","EGSS-mohamedha","ME-EGSS13","MEKSA-EGSS01","到期","Exp 0-cr","0","0","0 Classes (Dormant)","1970-01-01 00:00:00","No Connection Recorded","No Recorded Connection","-","REACTIVATION - Dormant Student Win-Back","0"
"3409","59282415","EGSS-mohamedha","ME-EGSS13","MEKSA-EGSS01","到期","Exp Non-0","0","0","0 Classes (Dormant)","1970-01-01 00:00:00","No Connection Recorded","No Recorded Connection","-","REACTIVATION - Dormant Student Win-Back","0"
"3411","60835331","EGSS-amrsafwat","ME-EGSS13","MEKSA-EGSS01","到期","Exp 0-cr","0","0","0 Classes (Dormant)","1970-01-01 00:00:00","No Connection Recorded","No Recorded Connection","-","REACTIVATION - Dormant Student Win-Back","0"
"3414","60433387","EGSS-amrsafwat","ME-EGSS13","MEKSA-EGSS01","首单到期","FOE 0-cr","0","0","0 Classes (Dormant)","1970-01-01 00:00:00","No Connection Recorded","No Recorded Connection","-","REACTIVATION - Dormant Student Win-Back","0"
"3416","60874222","EGSS-mohamedha","ME-EGSS13","MEKSA-EGSS01","首单到期","FOE 0-cr","0","0","0 Classes (Dormant)","1970-01-01 00:00:00","No Connection Recorded","No Recorded Connection","-","REACTIVATION - Dormant Student Win-Back","0"
"3417","60945206","EGSS-mohamedha","ME-EGSS13","MEKSA-EGSS01","围场外","outside pool","0","0","0 Classes (Dormant)","1970-01-01 00:00:00","No Connection Recorded","No Recorded Connection","-","REACTIVATION - Dormant Student Win-Back","0"
"3418","60165310","EGSS-amrsafwat","ME-EGSS13","MEKSA-EGSS01","首单到期","FOE 0-cr","0","0","0 Classes (Dormant)","1970-01-01 00:00:00","No Connection Recorded","No Recorded Connection","-","REACTIVATION - Dormant Student Win-Back","0"
"3419","60768298","EGSS-mohamedha","ME-EGSS13","MEKSA-EGSS01","首单到期","FOE Non-0","0","0","0 Classes (Dormant)","1970-01-01 00:00:00","No Connection Recorded","No Recorded Connection","-","REACTIVATION - Dormant Student Win-Back","0"
"3424","60936146","EGSS-mohamedha","ME-EGSS13","MEKSA-EGSS01","围场外","outside pool","0","0","0 Classes (Dormant)","1970-01-01 00:00:00","No Connection Recorded","No Recorded Connection","-","REACTIVATION - Dormant Student Win-Back","0"
"3425","60922209","EGSS-mohamedha","ME-EGSS13","MEKSA-EGSS01","围场外","outside pool","0","0","0 Classes (Dormant)","1970-01-01 00:00:00","No Connection Recorded","No Recorded Connection","-","REACTIVATION - Dormant Student Win-Back","0"
"3428","60431333","EGSS-mohamedha","ME-EGSS13","MEKSA-EGSS01","首单到期","FOE Non-0","0","0","0 Classes (Dormant)","1970-01-01 00:00:00","No Connection Recorded","No Recorded Connection","-","REACTIVATION - Dormant Student Win-Back","0"
"3433","61039818","EGSS-mohamedha","ME-EGSS13","MEKSA-EGSS01","围场外","outside pool","0","0","0 Classes (Dormant)","1970-01-01 00:00:00","No Connection Recorded","No Recorded Connection","-","REACTIVATION - Dormant Student Win-Back","0"
"3442","58348231","EGSS-mohamedha","ME-EGSS13","MEKSA-EGSS01","围场外","outside pool","0","7","0 Classes (Dormant)","1970-01-01 00:00:00","No Connection Recorded","No Recorded Connection","-","REACTIVATION - Dormant Student Win-Back","0"
"3444","61968900","EGSS-amrsafwat","ME-EGSS13","MEKSA-EGSS01","到期","Exp Non-0","0","0","0 Classes (Dormant)","1970-01-01 00:00:00","No Connection Recorded","No Recorded Connection","-","REACTIVATION - Dormant Student Win-Back","0"
"3445","62017242","EGSS-amrsafwat","ME-EGSS13","MEKSA-EGSS01","到期","Exp Non-0","0","0","0 Classes (Dormant)","1970-01-01 00:00:00","No Connection Recorded","No Recorded Connection","-","REACTIVATION - Dormant Student Win-Back","0"
"3446","58306285","EGSS-mohamedha","ME-EGSS13","MEKSA-EGSS01","到期","Exp Non-0","0","0","0 Classes (Dormant)","1970-01-01 00:00:00","No Connection Recorded","No Recorded Connection","-","REACTIVATION - Dormant Student Win-Back","0"
"3447","62324380","EGSS-mohamedha","ME-EGSS13","MEKSA-EGSS01","到期","Exp Non-0","0","0","0 Classes (Dormant)","1970-01-01 00:00:00","No Connection Recorded","No Recorded Connection","-","REACTIVATION - Dormant Student Win-Back","0"
"3448","61952397","EGSS-amrsafwat","ME-EGSS13","MEKSA-EGSS01","首单到期","FOE 0-cr","0","0","0 Classes (Dormant)","1970-01-01 00:00:00","No Connection Recorded","No Recorded Connection","-","REACTIVATION - Dormant Student Win-Back","0"
"3449","61919143","EGSS-amrsafwat","ME-EGSS13","MEKSA-EGSS01","首单到期","FOE 0-cr","0","0","0 Classes (Dormant)","1970-01-01 00:00:00","No Connection Recorded","No Recorded Connection","-","REACTIVATION - Dormant Student Win-Back","0"
"3450","61909682","EGSS-amrsafwat","ME-EGSS13","MEKSA-EGSS01","首单到期","FOE 0-cr","0","0","0 Classes (Dormant)","1970-01-01 00:00:00","No Connection Recorded","No Recorded Connection","-","REACTIVATION - Dormant Student Win-Back","0"
"3451","61909279","EGSS-amrsafwat","ME-EGSS13","MEKSA-EGSS01","首单到期","FOE 0-cr","0","0","0 Classes (Dormant)","1970-01-01 00:00:00","No Connection Recorded","No Recorded Connection","-","REACTIVATION - Dormant Student Win-Back","0"
"3452","61949079","EGSS-amrsafwat","ME-EGSS13","MEKSA-EGSS01","围场外","outside pool","0","0","0 Classes (Dormant)","1970-01-01 00:00:00","No Connection Recorded","No Recorded Connection","-","REACTIVATION - Dormant Student Win-Back","0"
"3453","61919318","EGSS-amrsafwat","ME-EGSS13","MEKSA-EGSS01","首单到期","FOE 0-cr","0","0","0 Classes (Dormant)","1970-01-01 00:00:00","No Connection Recorded","No Recorded Connection","-","REACTIVATION - Dormant Student Win-Back","0"
"3454","61919223","EGSS-amrsafwat","ME-EGSS13","MEKSA-EGSS01","首单到期","FOE 0-cr","0","0","0 Classes (Dormant)","1970-01-01 00:00:00","No Connection Recorded","No Recorded Connection","-","REACTIVATION - Dormant Student Win-Back","0"
"3459","62200053","EGSS-amrsafwat","ME-EGSS13","MEKSA-EGSS01","到期","Exp 0-cr","0","0","0 Classes (Dormant)","1970-01-01 00:00:00","No Connection Recorded","No Recorded Connection","-","REACTIVATION - Dormant Student Win-Back","0"
"3460","62073169","EGSS-amrsafwat","ME-EGSS13","MEKSA-EGSS01","到期","Exp 0-cr","0","0","0 Classes (Dormant)","1970-01-01 00:00:00","No Connection Recorded","No Recorded Connection","-","REACTIVATION - Dormant Student Win-Back","0"
"3461","62064770","EGSS-amrsafwat","ME-EGSS13","MEKSA-EGSS01","首单到期","FOE 0-cr","0","0","0 Classes (Dormant)","1970-01-01 00:00:00","No Connection Recorded","No Recorded Connection","-","REACTIVATION - Dormant Student Win-Back","0"
"3462","62045627","EGSS-amrsafwat","ME-EGSS13","MEKSA-EGSS01","首单到期","FOE Non-0","0","0","0 Classes (Dormant)","1970-01-01 00:00:00","No Connection Recorded","No Recorded Connection","-","REACTIVATION - Dormant Student Win-Back","0"
"3465","60043794","EGSS-amrsafwat","ME-EGSS13","MEKSA-EGSS01","首单到期","FOE 0-cr","0","0","0 Classes (Dormant)","1970-01-01 00:00:00","No Connection Recorded","No Recorded Connection","-","REACTIVATION - Dormant Student Win-Back","0"
"3472","61666257","EGSS-amrsafwat","ME-EGSS13","MEKSA-EGSS01","围场外","outside pool","0","0","0 Classes (Dormant)","1970-01-01 00:00:00","No Connection Recorded","No Recorded Connection","-","REACTIVATION - Dormant Student Win-Back","0"
"3473","61650702","EGSS-amrsafwat","ME-EGSS13","MEKSA-EGSS01","到期","Exp Non-0","0","0","0 Classes (Dormant)","1970-01-01 00:00:00","No Connection Recorded","No Recorded Connection","-","REACTIVATION - Dormant Student Win-Back","0"
"3475","58762450","EGSS-mohamedha","ME-EGSS13","MEKSA-EGSS01","围场外","outside pool","0","0","0 Classes (Dormant)","1970-01-01 00:00:00","No Connection Recorded","No Recorded Connection","-","REACTIVATION - Dormant Student Win-Back","0"
"3480","61329257","EGSS-amrsafwat","ME-EGSS13","MEKSA-EGSS01","首单到期","FOE 0-cr","0","0","0 Classes (Dormant)","1970-01-01 00:00:00","No Connection Recorded","No Recorded Connection","-","REACTIVATION - Dormant Student Win-Back","0"
"3486","61883811","EGSS-amrsafwat","ME-EGSS13","MEKSA-EGSS01","首单到期","FOE 0-cr","0","0","0 Classes (Dormant)","1970-01-01 00:00:00","No Connection Recorded","No Recorded Connection","-","REACTIVATION - Dormant Student Win-Back","0"
"3487","61866459","EGSS-amrsafwat","ME-EGSS13","MEKSA-EGSS01","首单到期","FOE Non-0","0","0","0 Classes (Dormant)","1970-01-01 00:00:00","No Connection Recorded","No Recorded Connection","-","REACTIVATION - Dormant Student Win-Back","0"
"3489","61723841","EGSS-amrsafwat","ME-EGSS13","MEKSA-EGSS01","到期","Exp 0-cr","0","0","0 Classes (Dormant)","1970-01-01 00:00:00","No Connection Recorded","No Recorded Connection","-","REACTIVATION - Dormant Student Win-Back","0"
"3490","61676608","EGSS-amrsafwat","ME-EGSS13","MEKSA-EGSS01","首单到期","FOE Non-0","0","0","0 Classes (Dormant)","1970-01-01 00:00:00","No Connection Recorded","No Recorded Connection","-","REACTIVATION - Dormant Student Win-Back","0"
"3493","61755444","EGSS-amrsafwat","ME-EGSS13","MEKSA-EGSS01","首单到期","FOE 0-cr","0","0","0 Classes (Dormant)","1970-01-01 00:00:00","No Connection Recorded","No Recorded Connection","-","REACTIVATION - Dormant Student Win-Back","0"
"3494","61753414","EGSS-amrsafwat","ME-EGSS13","MEKSA-EGSS01","首单到期","FOE 0-cr","0","0","0 Classes (Dormant)","1970-01-01 00:00:00","No Connection Recorded","No Recorded Connection","-","REACTIVATION - Dormant Student Win-Back","0"
"3495","60145762","EGSS-marwaahmed","ME-EGSS13","MEKSA-EGSS01","首单到期","FOE Non-0","0","0","0 Classes (Dormant)","1970-01-01 00:00:00","No Connection Recorded","No Recorded Connection","-","REACTIVATION - Dormant Student Win-Back","0"
"3497","61842035","EGSS-mohamedha","ME-EGSS13","MEKSA-EGSS01","到期","Exp 0-cr","0","0","0 Classes (Dormant)","1970-01-01 00:00:00","No Connection Recorded","No Recorded Connection","-","REACTIVATION - Dormant Student Win-Back","0"
"3515","63764411","EGSS-hayamhassan","ME-EGSS13","MEKSA-EGSS01","围场外","outside pool","0","0","0 Classes (Dormant)","1970-01-01 00:00:00","No Connection Recorded","CRM System Outreach","-","REACTIVATION - Dormant Student Win-Back","0"
"3517","59792914","EGSS-marwaahmed","ME-EGSS13","MEKSA-EGSS01","围场外","outside pool","0","0","0 Classes (Dormant)","1970-01-01 00:00:00","No Connection Recorded","No Recorded Connection","-","REACTIVATION - Dormant Student Win-Back","0"
"3520","59773382","EGSS-marwaahmed","ME-EGSS13","MEKSA-EGSS01","围场外","outside pool","0","0","0 Classes (Dormant)","1970-01-01 00:00:00","No Connection Recorded","No Recorded Connection","-","REACTIVATION - Dormant Student Win-Back","0"
"3529","60639083","EGSS-marwaahmed","ME-EGSS13","MEKSA-EGSS01","围场外","outside pool","0","0","0 Classes (Dormant)","1970-01-01 00:00:00","No Connection Recorded","No Recorded Connection","-","REACTIVATION - Dormant Student Win-Back","0"
"3540","61446853","EGSS-mohamedha","ME-EGSS13","MEKSA-EGSS01","首单到期","FOE Non-0","0","0","0 Classes (Dormant)","1970-01-01 00:00:00","No Connection Recorded","No Recorded Connection","-","REACTIVATION - Dormant Student Win-Back","0"
"3541","60423071","EGSS-marwaahmed","ME-EGSS13","MEKSA-EGSS01","首单到期","FOE Non-0","0","0","0 Classes (Dormant)","1970-01-01 00:00:00","No Connection Recorded","No Recorded Connection","-","REACTIVATION - Dormant Student Win-Back","0"
"3543","60502578","EGSS-marwaahmed","ME-EGSS13","MEKSA-EGSS01","到期","Exp Non-0","0","0","0 Classes (Dormant)","1970-01-01 00:00:00","No Connection Recorded","No Recorded Connection","-","REACTIVATION - Dormant Student Win-Back","0"
"3554","61735525","EGSS-mohamedha","ME-EGSS13","MEKSA-EGSS01","围场外","outside pool","0","0","0 Classes (Dormant)","1970-01-01 00:00:00","No Connection Recorded","No Recorded Connection","-","REACTIVATION - Dormant Student Win-Back","0"
"3558","59015041","EGSS-marwaahmed","ME-EGSS13","MEKSA-EGSS01","围场外","outside pool","0","0","0 Classes (Dormant)","1970-01-01 00:00:00","No Connection Recorded","No Recorded Connection","-","REACTIVATION - Dormant Student Win-Back","0"
"3560","61595960","EGSS-mohamedha","ME-EGSS13","MEKSA-EGSS01","到期","Exp Non-0","0","0","0 Classes (Dormant)","1970-01-01 00:00:00","No Connection Recorded","No Recorded Connection","-","REACTIVATION - Dormant Student Win-Back","0"
"3570","58356773","EGSS-marwaahmed","ME-EGSS13","MEKSA-EGSS01","到期","Exp Non-0","0","0","0 Classes (Dormant)","1970-01-01 00:00:00","No Connection Recorded","No Recorded Connection","-","REACTIVATION - Dormant Student Win-Back","0"
"3589","61519066","EGSS-mohamedha","ME-EGSS13","MEKSA-EGSS01","首单到期","FOE 0-cr","0","0","0 Classes (Dormant)","1970-01-01 00:00:00","No Connection Recorded","No Recorded Connection","-","REACTIVATION - Dormant Student Win-Back","0"
"3594","61524554","EGSS-mohamedha","ME-EGSS13","MEKSA-EGSS01","到期","Exp Non-0","0","0","0 Classes (Dormant)","1970-01-01 00:00:00","No Connection Recorded","No Recorded Connection","-","REACTIVATION - Dormant Student Win-Back","0"
"3603","62340463","EGSS-marwaahmed","ME-EGSS13","MEKSA-EGSS01","首单到期","FOE 0-cr","0","0","0 Classes (Dormant)","1970-01-01 00:00:00","No Connection Recorded","No Recorded Connection","-","REACTIVATION - Dormant Student Win-Back","0"
"3605","61958120","EGSS-mohamedha","ME-EGSS13","MEKSA-EGSS01","首单到期","FOE 0-cr","0","0","0 Classes (Dormant)","1970-01-01 00:00:00","No Connection Recorded","No Recorded Connection","-","REACTIVATION - Dormant Student Win-Back","0"
"3609","62368626","EGSS-marwaahmed","ME-EGSS13","MEKSA-EGSS01","围场外","outside pool","0","0","0 Classes (Dormant)","1970-01-01 00:00:00","No Connection Recorded","No Recorded Connection","-","REACTIVATION - Dormant Student Win-Back","0"
"3611","62465376","EGSS-marwaahmed","ME-EGSS13","MEKSA-EGSS01","首单到期","FOE Non-0","0","0","0 Classes (Dormant)","1970-01-01 00:00:00","No Connection Recorded","No Recorded Connection","-","REACTIVATION - Dormant Student Win-Back","0"
"3612","63625710","EGSS-amrsafwat","ME-EGSS13","MEKSA-EGSS01","到期","Exp Non-0","0","0","0 Classes (Dormant)","1970-01-01 00:00:00","No Connection Recorded","No Recorded Connection","-","REACTIVATION - Dormant Student Win-Back","0"
"3614","62403669","EGSS-marwaahmed","ME-EGSS13","MEKSA-EGSS01","首单到期","FOE Non-0","0","0","0 Classes (Dormant)","1970-01-01 00:00:00","No Connection Recorded","No Recorded Connection","-","REACTIVATION - Dormant Student Win-Back","0"
"3618","61967961","EGSS-marwaahmed","ME-EGSS13","MEKSA-EGSS01","到期","Exp Non-0","0","4","0 Classes (Dormant)","1970-01-01 00:00:00","No Connection Recorded","No Recorded Connection","-","REACTIVATION - Dormant Student Win-Back","0"
"3619","61960132","EGSS-marwaahmed","ME-EGSS13","MEKSA-EGSS01","围场外","outside pool","0","0","0 Classes (Dormant)","1970-01-01 00:00:00","No Connection Recorded","No Recorded Connection","-","REACTIVATION - Dormant Student Win-Back","0"
"3622","62007498","EGSS-marwaahmed","ME-EGSS13","MEKSA-EGSS01","到期","Exp Non-0","0","0","0 Classes (Dormant)","1970-01-01 00:00:00","No Connection Recorded","No Recorded Connection","-","REACTIVATION - Dormant Student Win-Back","0"
"3628","62033402","EGSS-marwaahmed","ME-EGSS13","MEKSA-EGSS01","到期","Exp Non-0","0","0","0 Classes (Dormant)","1970-01-01 00:00:00","No Connection Recorded","No Recorded Connection","-","REACTIVATION - Dormant Student Win-Back","0"
"3636","63387936","EGSS-amrsafwat","ME-EGSS13","MEKSA-EGSS01","到期","Exp Non-0","0","0","0 Classes (Dormant)","1970-01-01 00:00:00","No Connection Recorded","No Recorded Connection","-","REACTIVATION - Dormant Student Win-Back","0"
"3638","63047557","EGSS-marwaahmed","ME-EGSS13","MEKSA-EGSS01","到期","Exp 0-cr","0","0","0 Classes (Dormant)","1970-01-01 00:00:00","No Connection Recorded","No Recorded Connection","-","REACTIVATION - Dormant Student Win-Back","0"
"3640","62222441","EGSS-mohamedha","ME-EGSS13","MEKSA-EGSS01","首单到期","FOE 0-cr","0","0","0 Classes (Dormant)","1970-01-01 00:00:00","No Connection Recorded","No Recorded Connection","-","REACTIVATION - Dormant Student Win-Back","0"
"3642","61417944","EGSS-mohamedha","ME-EGSS13","MEKSA-EGSS01","首单到期","FOE 0-cr","0","0","0 Classes (Dormant)","1970-01-01 00:00:00","No Connection Recorded","No Recorded Connection","-","REACTIVATION - Dormant Student Win-Back","0"
"3645","62803685","EGSS-marwaahmed","ME-EGSS13","MEKSA-EGSS01","首单到期","FOE 0-cr","0","0","0 Classes (Dormant)","1970-01-01 00:00:00","No Connection Recorded","No Recorded Connection","-","REACTIVATION - Dormant Student Win-Back","0"
"3646","62499911","EGSS-marwaahmed","ME-EGSS13","MEKSA-EGSS01","首单到期","FOE Non-0","0","0","0 Classes (Dormant)","1970-01-01 00:00:00","No Connection Recorded","No Recorded Connection","-","REACTIVATION - Dormant Student Win-Back","0"
"3647","62535454","EGSS-marwaahmed","ME-EGSS13","MEKSA-EGSS01","首单到期","FOE Non-0","0","0","0 Classes (Dormant)","1970-01-01 00:00:00","No Connection Recorded","No Recorded Connection","-","REACTIVATION - Dormant Student Win-Back","0"
"3649","62112685","EGSS-mohamedha","ME-EGSS13","MEKSA-EGSS01","首单到期","FOE Non-0","0","0","0 Classes (Dormant)","1970-01-01 00:00:00","No Connection Recorded","No Recorded Connection","-","REACTIVATION - Dormant Student Win-Back","0"
"3656","61956917","EGSS-marwaahmed","ME-EGSS13","MEKSA-EGSS01","首单到期","FOE 0-cr","0","0","0 Classes (Dormant)","1970-01-01 00:00:00","No Connection Recorded","No Recorded Connection","-","REACTIVATION - Dormant Student Win-Back","0"
"3667","61284447","EGSS-marwaahmed","ME-EGSS13","MEKSA-EGSS01","到期","Exp Non-0","0","0","0 Classes (Dormant)","1970-01-01 00:00:00","No Connection Recorded","No Recorded Connection","-","REACTIVATION - Dormant Student Win-Back","0"
"3671","61941368","EGSS-mohamedha","ME-EGSS13","MEKSA-EGSS01","到期","Exp 0-cr","0","0","0 Classes (Dormant)","1970-01-01 00:00:00","No Connection Recorded","No Recorded Connection","-","REACTIVATION - Dormant Student Win-Back","0"
"3672","60866619","EGSS-marwaahmed","ME-EGSS13","MEKSA-EGSS01","首单到期","FOE 0-cr","0","0","0 Classes (Dormant)","1970-01-01 00:00:00","No Connection Recorded","No Recorded Connection","-","REACTIVATION - Dormant Student Win-Back","0"
"3675","60779929","EGSS-marwaahmed","ME-EGSS13","MEKSA-EGSS01","围场外","outside pool","0","7","0 Classes (Dormant)","1970-01-01 00:00:00","No Connection Recorded","No Recorded Connection","-","REACTIVATION - Dormant Student Win-Back","0"
"3678","62553959","EGSS-hayamhassan","ME-EGSS13","MEKSA-EGSS01","首单到期","FOE 0-cr","0","0","0 Classes (Dormant)","1970-01-01 00:00:00","No Connection Recorded","No Recorded Connection","-","REACTIVATION - Dormant Student Win-Back","0"
"3683","61436600","EGSS-marwaahmed","ME-EGSS13","MEKSA-EGSS01","首单到期","FOE Non-0","0","0","0 Classes (Dormant)","1970-01-01 00:00:00","No Connection Recorded","No Recorded Connection","-","REACTIVATION - Dormant Student Win-Back","0"
"3685","61795231","EGSS-marwaahmed","ME-EGSS13","MEKSA-EGSS01","首单到期","FOE Non-0","0","0","0 Classes (Dormant)","1970-01-01 00:00:00","No Connection Recorded","No Recorded Connection","-","REACTIVATION - Dormant Student Win-Back","0"
"3690","61885311","EGSS-marwaahmed","ME-EGSS13","MEKSA-EGSS01","首单到期","FOE 0-cr","0","0","0 Classes (Dormant)","1970-01-01 00:00:00","No Connection Recorded","No Recorded Connection","-","REACTIVATION - Dormant Student Win-Back","0"
"3691","64353804","EGSS-amrsafwat","ME-EGSS13","MEKSA-EGSS01","围场外","outside pool","0","0","0 Classes (Dormant)","1970-01-01 00:00:00","No Connection Recorded","No Recorded Connection","-","REACTIVATION - Dormant Student Win-Back","0"
"3692","61943928","EGSS-marwaahmed","ME-EGSS13","MEKSA-EGSS01","围场外","outside pool","0","0","0 Classes (Dormant)","1970-01-01 00:00:00","No Connection Recorded","No Recorded Connection","-","REACTIVATION - Dormant Student Win-Back","0"
"3694","61909921","EGSS-marwaahmed","ME-EGSS13","MEKSA-EGSS01","到期","Exp Non-0","0","0","0 Classes (Dormant)","1970-01-01 00:00:00","No Connection Recorded","No Recorded Connection","-","REACTIVATION - Dormant Student Win-Back","0"
"3696","64353806","EGSS-amrsafwat","ME-EGSS13","MEKSA-EGSS01","围场外","outside pool","0","0","0 Classes (Dormant)","1970-01-01 00:00:00","No Connection Recorded","No Recorded Connection","-","REACTIVATION - Dormant Student Win-Back","0"
"3699","61694435","EGSS-marwaahmed","ME-EGSS13","MEKSA-EGSS01","首单到期","FOE 0-cr","0","0","0 Classes (Dormant)","1970-01-01 00:00:00","No Connection Recorded","No Recorded Connection","-","REACTIVATION - Dormant Student Win-Back","0"
"3702","61512509","EGSS-marwaahmed","ME-EGSS13","MEKSA-EGSS01","首单到期","FOE Non-0","0","8","0 Classes (Dormant)","1970-01-01 00:00:00","No Connection Recorded","No Recorded Connection","-","REACTIVATION - Dormant Student Win-Back","0"
"3704","61733518","EGSS-marwaahmed","ME-EGSS13","MEKSA-EGSS01","围场外","outside pool","0","0","0 Classes (Dormant)","1970-01-01 00:00:00","No Connection Recorded","No Recorded Connection","-","REACTIVATION - Dormant Student Win-Back","0"
"3705","61746989","EGSS-marwaahmed","ME-EGSS13","MEKSA-EGSS01","首单到期","FOE Non-0","0","0","0 Classes (Dormant)","1970-01-01 00:00:00","No Connection Recorded","No Recorded Connection","-","REACTIVATION - Dormant Student Win-Back","0"
"3707","58493535","EGSS-hayamhassan","ME-EGSS13","MEKSA-EGSS01","围场外","outside pool","0","0","0 Classes (Dormant)","1970-01-01 00:00:00","No Connection Recorded","No Recorded Connection","-","REACTIVATION - Dormant Student Win-Back","0"
"3708","61733259","EGSS-marwaahmed","ME-EGSS13","MEKSA-EGSS01","围场外","outside pool","0","0","0 Classes (Dormant)","1970-01-01 00:00:00","No Connection Recorded","No Recorded Connection","-","REACTIVATION - Dormant Student Win-Back","0"
"3836","63464726","EGSS-mohamedha","ME-EGSS13","MEKSA-EGSS01","围场外","outside pool","0","0","0 Classes (Dormant)","1970-01-01 00:00:00","No Connection Recorded","No Recorded Connection","-","REACTIVATION - Dormant Student Win-Back","0"
"3993","57779301","EGSS-amrsafwat","ME-EGSS13","MEKSA-EGSS01","围场外","outside pool","0","4","0 Classes (Dormant)","1970-01-01 00:00:00","No Connection Recorded","No Recorded Connection","-","REACTIVATION - Dormant Student Win-Back","0"
"4035","58393410","EGSS-amrsafwat","ME-EGSS13","MEKSA-EGSS01","到期","Exp Non-0","0","0","0 Classes (Dormant)","1970-01-01 00:00:00","No Connection Recorded","No Recorded Connection","-","REACTIVATION - Dormant Student Win-Back","0"
"4049","58226875","EGSS-amrsafwat","ME-EGSS13","MEKSA-EGSS01","到期","Exp 0-cr","0","0","0 Classes (Dormant)","1970-01-01 00:00:00","No Connection Recorded","No Recorded Connection","-","REACTIVATION - Dormant Student Win-Back","0"
"4072","62852331","EGSS-mohamedha","ME-EGSS13","MEKSA-EGSS01","到期","Exp Non-0","0","0","0 Classes (Dormant)","1970-01-01 00:00:00","No Connection Recorded","No Recorded Connection","-","REACTIVATION - Dormant Student Win-Back","0"
"4075","62912078","EGSS-mohamedha","ME-EGSS13","MEKSA-EGSS01","到期","Exp Non-0","0","0","0 Classes (Dormant)","1970-01-01 00:00:00","No Connection Recorded","No Recorded Connection","-","REACTIVATION - Dormant Student Win-Back","0"
"4113","62596316","EGSS-mohamedha","ME-EGSS13","MEKSA-EGSS01","首单到期","FOE 0-cr","0","0","0 Classes (Dormant)","1970-01-01 00:00:00","No Connection Recorded","No Recorded Connection","-","REACTIVATION - Dormant Student Win-Back","0"
"4114","58698547","EGSS-amrsafwat","ME-EGSS13","MEKSA-EGSS01","围场外","outside pool","0","0","0 Classes (Dormant)","1970-01-01 00:00:00","No Connection Recorded","No Recorded Connection","-","REACTIVATION - Dormant Student Win-Back","0"
"4120","62549791","EGSS-mohamedha","ME-EGSS13","MEKSA-EGSS01","围场外","outside pool","0","0","0 Classes (Dormant)","1970-01-01 00:00:00","No Connection Recorded","No Recorded Connection","-","REACTIVATION - Dormant Student Win-Back","0"
"4125","58637491","EGSS-amrsafwat","ME-EGSS13","MEKSA-EGSS01","首单到期","FOE 0-cr","0","0","0 Classes (Dormant)","1970-01-01 00:00:00","No Connection Recorded","No Recorded Connection","-","REACTIVATION - Dormant Student Win-Back","0"
"4138","59244604","EGSS-amrsafwat","ME-EGSS13","MEKSA-EGSS01","围场外","outside pool","0","7","0 Classes (Dormant)","1970-01-01 00:00:00","No Connection Recorded","No Recorded Connection","-","REACTIVATION - Dormant Student Win-Back","0"
"4140","59066297","EGSS-amrsafwat","ME-EGSS13","MEKSA-EGSS01","到期","Exp Non-0","0","9","0 Classes (Dormant)","1970-01-01 00:00:00","No Connection Recorded","No Recorded Connection","-","REACTIVATION - Dormant Student Win-Back","0"
"4146","59197885","EGSS-amrsafwat","ME-EGSS13","MEKSA-EGSS01","首单到期","FOE 0-cr","0","0","0 Classes (Dormant)","1970-01-01 00:00:00","No Connection Recorded","No Recorded Connection","-","REACTIVATION - Dormant Student Win-Back","0"
"4148","62601414","EGSS-mohamedha","ME-EGSS13","MEKSA-EGSS01","首单到期","FOE 0-cr","0","0","0 Classes (Dormant)","1970-01-01 00:00:00","No Connection Recorded","No Recorded Connection","-","REACTIVATION - Dormant Student Win-Back","0"
"4157","59362697","EGSS-amrsafwat","ME-EGSS13","MEKSA-EGSS01","首单到期","FOE 0-cr","0","0","0 Classes (Dormant)","1970-01-01 00:00:00","No Connection Recorded","No Recorded Connection","-","REACTIVATION - Dormant Student Win-Back","0"
"4160","58822771","EGSS-amrsafwat","ME-EGSS13","MEKSA-EGSS01","到期","Exp Non-0","0","7","0 Classes (Dormant)","1970-01-01 00:00:00","No Connection Recorded","No Recorded Connection","-","REACTIVATION - Dormant Student Win-Back","0"
"4161","58510788","EGSS-amrsafwat","ME-EGSS13","MEKSA-EGSS01","到期","Exp Non-0","0","0","0 Classes (Dormant)","1970-01-01 00:00:00","No Connection Recorded","No Recorded Connection","-","REACTIVATION - Dormant Student Win-Back","0"
"4166","62549935","EGSS-mohamedha","ME-EGSS13","MEKSA-EGSS01","首单到期","FOE 0-cr","0","0","0 Classes (Dormant)","1970-01-01 00:00:00","No Connection Recorded","No Recorded Connection","-","REACTIVATION - Dormant Student Win-Back","0"
"4167","59750272","EGSS-amrsafwat","ME-EGSS13","MEKSA-EGSS01","到期","Exp Non-0","0","0","0 Classes (Dormant)","1970-01-01 00:00:00","No Connection Recorded","No Recorded Connection","-","REACTIVATION - Dormant Student Win-Back","0"
"4172","58525586","EGSS-amrsafwat","ME-EGSS13","MEKSA-EGSS01","首单到期","FOE 0-cr","0","0","0 Classes (Dormant)","1970-01-01 00:00:00","No Connection Recorded","No Recorded Connection","-","REACTIVATION - Dormant Student Win-Back","0"
"4180","62789061","EGSS-mohamedha","ME-EGSS13","MEKSA-EGSS01","首单到期","FOE 0-cr","0","0","0 Classes (Dormant)","1970-01-01 00:00:00","No Connection Recorded","No Recorded Connection","-","REACTIVATION - Dormant Student Win-Back","0"
"4186","62499604","EGSS-mohamedha","ME-EGSS13","MEKSA-EGSS01","首单到期","FOE 0-cr","0","0","0 Classes (Dormant)","1970-01-01 00:00:00","No Connection Recorded","No Recorded Connection","-","REACTIVATION - Dormant Student Win-Back","0"
"4189","58458011","EGSS-amrsafwat","ME-EGSS13","MEKSA-EGSS01","首单到期","FOE Non-0","0","0","0 Classes (Dormant)","1970-01-01 00:00:00","No Connection Recorded","No Recorded Connection","-","REACTIVATION - Dormant Student Win-Back","0"
"4196","58522905","EGSS-amrsafwat","ME-EGSS13","MEKSA-EGSS01","围场外","outside pool","0","3","0 Classes (Dormant)","2024-06-29 00:00:00","2024-06-29 00:00:00","Last 1v1 Payment","20240629","REACTIVATION - Dormant Student Win-Back","0"
"4199","59056369","EGSS-marwaahmed","ME-EGSS13","MEKSA-EGSS01","到期","Exp Non-0","0","0","0 Classes (Dormant)","2024-10-06 00:00:00","2024-10-06 00:00:00","Last 1v1 Payment","20241006","REACTIVATION - Dormant Student Win-Back","0"
"4206","58501996","EGSS-marwaahmed","ME-EGSS13","MEKSA-EGSS01","围场外","outside pool","0","0","0 Classes (Dormant)","2024-11-25 00:00:00","2024-11-25 00:00:00","Last 1v1 Payment","20241125","REACTIVATION - Dormant Student Win-Back","0"
"4209","59031980","EGSS-amrsafwat","ME-EGSS13","MEKSA-EGSS01","到期","Exp Non-0","0","0","0 Classes (Dormant)","2024-12-01 00:00:00","2024-12-01 00:00:00","Last 1v1 Payment","20241201","REACTIVATION - Dormant Student Win-Back","0"
"4210","58913488","EGSS-marwaahmed","ME-EGSS13","MEKSA-EGSS01","围场外","outside pool","0","0","0 Classes (Dormant)","2024-12-05 00:00:00","2024-12-05 00:00:00","Last 1v1 Payment","20241205","REACTIVATION - Dormant Student Win-Back","0"
"4211","58707869","EGSS-marwaahmed","ME-EGSS13","MEKSA-EGSS01","围场外","outside pool","0","9","0 Classes (Dormant)","2024-12-15 00:00:00","2024-12-15 00:00:00","Last 1v1 Payment","20241215","REACTIVATION - Dormant Student Win-Back","0"
"4213","59427426","EGSS-amrsafwat","ME-EGSS13","MEKSA-EGSS01","到期","Exp 0-cr","0","0","0 Classes (Dormant)","2024-12-26 00:00:00","2024-12-26 00:00:00","Last 1v1 Payment","20241226","REACTIVATION - Dormant Student Win-Back","0"
"4214","59281176","EGSS-marwaahmed","ME-EGSS13","MEKSA-EGSS01","围场外","outside pool","0","0","0 Classes (Dormant)","2024-12-30 00:00:00","2024-12-30 00:00:00","Last 1v1 Payment","20241230","REACTIVATION - Dormant Student Win-Back","0"
"4220","59573155","EGSS-amrsafwat","ME-EGSS13","MEKSA-EGSS01","到期","Exp 0-cr","0","0","0 Classes (Dormant)","2025-02-22 00:00:00","2025-02-22 00:00:00","Last 1v1 Payment","20250222","REACTIVATION - Dormant Student Win-Back","0"
"4221","58981273","EGSS-amrsafwat","ME-EGSS13","MEKSA-EGSS01","到期","Exp 0-cr","0","0","0 Classes (Dormant)","2025-02-22 00:00:00","2025-02-22 00:00:00","Last 1v1 Payment","20250222","REACTIVATION - Dormant Student Win-Back","0"
"4227","58594440","EGSS-marwaahmed","ME-EGSS13","MEKSA-EGSS01","围场外","outside pool","0","0","0 Classes (Dormant)","2025-03-26 00:00:00","2025-03-26 00:00:00","Last 1v1 Payment","20250326","REACTIVATION - Dormant Student Win-Back","0"
"4242","59767985","EGSS-mohamedha","ME-EGSS13","MEKSA-EGSS01","到期","Exp 0-cr","0","0","0 Classes (Dormant)","2025-04-29 00:00:00","2025-04-29 00:00:00","Last 1v1 Payment","20250429","REACTIVATION - Dormant Student Win-Back","0"
"4261","59991930","EGSS-amrsafwat","ME-EGSS13","MEKSA-EGSS01","围场外","outside pool","0","0","0 Classes (Dormant)","2025-06-29 00:00:00","2025-06-29 00:00:00","Last 1v1 Payment","20250629","REACTIVATION - Dormant Student Win-Back","0"
"4262","59991866","EGSS-amrsafwat","ME-EGSS13","MEKSA-EGSS01","到期","Exp 0-cr","0","0","0 Classes (Dormant)","2025-06-29 00:00:00","2025-06-29 00:00:00","Last 1v1 Payment","20250629","REACTIVATION - Dormant Student Win-Back","0"
"4264","58618088","EGSS-marwaahmed","ME-EGSS13","MEKSA-EGSS01","围场外","outside pool","0","8","0 Classes (Dormant)","2025-06-29 00:00:00","2025-06-29 00:00:00","Last 1v1 Payment","20250629","REACTIVATION - Dormant Student Win-Back","0"
"4266","59446029","EGSS-marwaahmed","ME-EGSS13","MEKSA-EGSS01","到期","Exp 0-cr","0","0","0 Classes (Dormant)","2025-07-07 00:00:00","2025-07-07 00:00:00","Last 1v1 Payment","20250707","REACTIVATION - Dormant Student Win-Back","0"
"4268","60283236","EGSS-mohamedha","ME-EGSS13","MEKSA-EGSS01","围场外","outside pool","0","0","0 Classes (Dormant)","2025-07-22 00:00:00","2025-07-22 00:00:00","Last 1v1 Payment","20250722","REACTIVATION - Dormant Student Win-Back","0"
"4269","60324593","EGSS-mohamedha","ME-EGSS13","MEKSA-EGSS01","围场外","outside pool","0","0","0 Classes (Dormant)","2025-07-22 00:00:00","2025-07-22 00:00:00","Last 1v1 Payment","20250722","REACTIVATION - Dormant Student Win-Back","0"
"4283","60473340","EGSS-marwaahmed","ME-EGSS13","MEKSA-EGSS01","围场外","outside pool","0","0","0 Classes (Dormant)","2025-08-05 00:00:00","2025-08-05 00:00:00","Last 1v1 Payment","20250805","REACTIVATION - Dormant Student Win-Back","0"
"4285","59193612","EGSS-mohamedha","ME-EGSS13","MEKSA-EGSS01","到期","Exp 0-cr","0","0","0 Classes (Dormant)","2025-08-09 00:00:00","2025-08-09 00:00:00","Last 1v1 Payment","20250809","REACTIVATION - Dormant Student Win-Back","0"
"4286","60471772","EGSS-mohamedha","ME-EGSS13","MEKSA-EGSS01","到期","Exp 0-cr","0","0","0 Classes (Dormant)","2025-08-09 00:00:00","2025-08-09 00:00:00","Last 1v1 Payment","20250809","REACTIVATION - Dormant Student Win-Back","0"
"4288","58705482","EGSS-amrsafwat","ME-EGSS13","MEKSA-EGSS01","到期","Exp 0-cr","0","0","0 Classes (Dormant)","2025-08-11 00:00:00","2025-08-11 00:00:00","Last 1v1 Payment","20250811","REACTIVATION - Dormant Student Win-Back","0"
"4292","60431236","EGSS-marwaahmed","ME-EGSS13","MEKSA-EGSS01","围场外","outside pool","0","16","0 Classes (Dormant)","2025-08-18 00:00:00","2025-08-18 00:00:00","Last 1v1 Payment","20250818","REACTIVATION - Dormant Student Win-Back","0"
"4296","60531198","EGSS-marwaahmed","ME-EGSS13","MEKSA-EGSS01","到期","Exp 0-cr","0","0","0 Classes (Dormant)","2025-08-25 00:00:00","2025-08-25 00:00:00","Last 1v1 Payment","20250825","REACTIVATION - Dormant Student Win-Back","0"
"4299","60433056","EGSS-marwaahmed","ME-EGSS13","MEKSA-EGSS01","到期","Exp Non-0","0","0","0 Classes (Dormant)","2025-08-30 00:00:00","2025-08-30 00:00:00","Last 1v1 Payment","20250830","REACTIVATION - Dormant Student Win-Back","0"
"4305","60847805","EGSS-mohamedha","ME-EGSS13","MEKSA-EGSS01","到期","Exp 0-cr","0","0","0 Classes (Dormant)","2025-09-08 00:00:00","2025-09-08 00:00:00","Last 1v1 Payment","20250908","REACTIVATION - Dormant Student Win-Back","0"
"4307","59615056","EGSS-marwaahmed","ME-EGSS13","MEKSA-EGSS01","到期","Exp Non-0","0","0","0 Classes (Dormant)","2025-09-08 00:00:00","2025-09-08 00:00:00","Last 1v1 Payment","20250908","REACTIVATION - Dormant Student Win-Back","0"
"4314","59806149","EGSS-amrsafwat","ME-EGSS13","MEKSA-EGSS01","到期","Exp Non-0","0","0","0 Classes (Dormant)","2025-09-16 00:00:00","2025-09-16 00:00:00","Last 1v1 Payment","20250916","REACTIVATION - Dormant Student Win-Back","0"
"4315","60634731","EGSS-amrsafwat","ME-EGSS13","MEKSA-EGSS01","围场外","outside pool","0","7","0 Classes (Dormant)","2025-09-17 00:00:00","2025-09-17 00:00:00","Last 1v1 Payment","20250917","REACTIVATION - Dormant Student Win-Back","0"
"4317","60579036","EGSS-amrsafwat","ME-EGSS13","MEKSA-EGSS01","到期","Exp Non-0","0","0","0 Classes (Dormant)","2025-09-24 00:00:00","2025-09-24 00:00:00","Last 1v1 Payment","20250924","REACTIVATION - Dormant Student Win-Back","0"
"4318","59578635","EGSS-amrsafwat","ME-EGSS13","MEKSA-EGSS01","到期","Exp 0-cr","0","0","0 Classes (Dormant)","2025-09-24 00:00:00","2025-09-24 00:00:00","Last 1v1 Payment","20250924","REACTIVATION - Dormant Student Win-Back","0"
"4319","59177944","EGSS-amrsafwat","ME-EGSS13","MEKSA-EGSS01","到期","Exp 0-cr","0","0","0 Classes (Dormant)","2025-09-26 00:00:00","2025-09-26 00:00:00","Last 1v1 Payment","20250926","REACTIVATION - Dormant Student Win-Back","0"
"4324","60728217","EGSS-mohamedha","ME-EGSS13","MEKSA-EGSS01","围场外","outside pool","0","0","0 Classes (Dormant)","2025-09-29 00:00:00","2025-09-29 00:00:00","Last 1v1 Payment","20250929","REACTIVATION - Dormant Student Win-Back","0"
"4325","60726980","EGSS-mohamedha","ME-EGSS13","MEKSA-EGSS01","到期","Exp 0-cr","0","0","0 Classes (Dormant)","2025-09-29 00:00:00","2025-09-29 00:00:00","Last 1v1 Payment","20250929","REACTIVATION - Dormant Student Win-Back","0"
"4326","59609935","EGSS-mohamedha","ME-EGSS13","MEKSA-EGSS01","围场外","outside pool","0","0","0 Classes (Dormant)","2025-09-29 00:00:00","2025-09-29 00:00:00","Last 1v1 Payment","20250929","REACTIVATION - Dormant Student Win-Back","0"
"4332","60150090","EGSS-mohamedha","ME-EGSS13","MEKSA-EGSS01","围场外","outside pool","0","7","0 Classes (Dormant)","2025-09-30 00:00:00","2025-09-30 00:00:00","Last 1v1 Payment","20250930","REACTIVATION - Dormant Student Win-Back","0"
"4337","58377905","EGSS-mohamedha","ME-EGSS13","MEKSA-EGSS01","围场外","outside pool","0","7","0 Classes (Dormant)","2025-10-01 00:00:00","2025-10-01 00:00:00","Last 1v1 Payment","20251001","REACTIVATION - Dormant Student Win-Back","0"
"4341","60431383","EGSS-marwaahmed","ME-EGSS13","MEKSA-EGSS01","到期","Exp 0-cr","0","0","0 Classes (Dormant)","2025-10-07 00:00:00","2025-10-07 00:00:00","Last 1v1 Payment","20251007","REACTIVATION - Dormant Student Win-Back","0"
"4346","60444063","EGSS-amrsafwat","ME-EGSS13","MEKSA-EGSS01","到期","Exp 0-cr","0","0","0 Classes (Dormant)","2025-10-11 00:00:00","2025-10-11 00:00:00","Last 1v1 Payment","20251011","REACTIVATION - Dormant Student Win-Back","0"
"4348","60341886","EGSS-mohamedha","ME-EGSS13","MEKSA-EGSS01","围场外","outside pool","0","0","0 Classes (Dormant)","2025-10-11 00:00:00","2025-10-11 00:00:00","Last 1v1 Payment","20251011","REACTIVATION - Dormant Student Win-Back","0"
"4358","58944437","EGSS-amrsafwat","ME-EGSS13","MEKSA-EGSS01","到期","Exp Non-0","0","0","0 Classes (Dormant)","2025-10-20 00:00:00","2025-10-20 00:00:00","Last 1v1 Payment","20251020","REACTIVATION - Dormant Student Win-Back","0"
"4360","60960504","EGSS-marwaahmed","ME-EGSS13","MEKSA-EGSS01","到期","Exp Non-0","0","0","0 Classes (Dormant)","2025-10-23 00:00:00","2025-10-23 00:00:00","Last 1v1 Payment","20251023","REACTIVATION - Dormant Student Win-Back","0"
"4374","60433142","EGSS-marwaahmed","ME-EGSS13","MEKSA-EGSS01","围场外","outside pool","0","0","0 Classes (Dormant)","2025-10-29 00:00:00","2025-10-29 00:00:00","Last 1v1 Payment","20251029","REACTIVATION - Dormant Student Win-Back","0"
"4381","61339969","EGSS-marwaahmed","ME-EGSS13","MEKSA-EGSS01","到期","Exp 0-cr","0","0","0 Classes (Dormant)","2025-11-03 00:00:00","2025-11-03 00:00:00","Last 1v1 Payment","20251103","REACTIVATION - Dormant Student Win-Back","0"
"4385","60427058","EGSS-amrsafwat","ME-EGSS13","MEKSA-EGSS01","到期","Exp Non-0","0","0","0 Classes (Dormant)","2025-11-04 00:00:00","2025-11-04 00:00:00","Last 1v1 Payment","20251104","REACTIVATION - Dormant Student Win-Back","0"
"4389","59899728","EGSS-amrsafwat","ME-EGSS13","MEKSA-EGSS01","围场外","outside pool","0","0","0 Classes (Dormant)","2025-11-12 00:00:00","2025-11-12 00:00:00","Last 1v1 Payment","20251112","REACTIVATION - Dormant Student Win-Back","0"
"4390","60998589","EGSS-marwaahmed","ME-EGSS13","MEKSA-EGSS01","围场外","outside pool","0","0","0 Classes (Dormant)","2025-11-13 00:00:00","2025-11-13 00:00:00","Last 1v1 Payment","20251113","REACTIVATION - Dormant Student Win-Back","0"
"4395","60230572","EGSS-amrsafwat","ME-EGSS13","MEKSA-EGSS01","到期","Exp 0-cr","0","0","0 Classes (Dormant)","2025-11-25 00:00:00","2025-11-25 00:00:00","Last 1v1 Payment","20251125","REACTIVATION - Dormant Student Win-Back","0"
"4401","60620852","EGSS-marwaahmed","ME-EGSS13","MEKSA-EGSS01","到期","Exp Non-0","0","0","0 Classes (Dormant)","2025-11-27 00:00:00","2025-11-27 00:00:00","Last 1v1 Payment","20251127","REACTIVATION - Dormant Student Win-Back","0"
"4403","60898214","EGSS-mohamedha","ME-EGSS13","MEKSA-EGSS01","到期","Exp 0-cr","0","0","0 Classes (Dormant)","2025-11-27 00:00:00","2025-11-27 00:00:00","Last 1v1 Payment","20251127","REACTIVATION - Dormant Student Win-Back","0"
"4405","59404094","EGSS-amrsafwat","ME-EGSS13","MEKSA-EGSS01","到期","Exp 0-cr","0","0","0 Classes (Dormant)","2025-11-27 00:00:00","2025-11-27 00:00:00","Last 1v1 Payment","20251127","REACTIVATION - Dormant Student Win-Back","0"
"4406","58457346","EGSS-mohamedha","ME-EGSS13","MEKSA-EGSS01","围场外","outside pool","0","0","0 Classes (Dormant)","2025-11-27 00:00:00","2025-11-27 00:00:00","Last 1v1 Payment","20251127","REACTIVATION - Dormant Student Win-Back","0"
"4407","60422971","EGSS-amrsafwat","ME-EGSS13","MEKSA-EGSS01","到期","Exp Non-0","0","0","0 Classes (Dormant)","2025-11-27 00:00:00","2025-11-27 00:00:00","Last 1v1 Payment","20251127","REACTIVATION - Dormant Student Win-Back","0"
"4421","61042085","EGSS-amrsafwat","ME-EGSS13","MEKSA-EGSS01","到期","Exp 0-cr","0","0","0 Classes (Dormant)","2025-12-02 00:00:00","2025-12-02 00:00:00","Last 1v1 Payment","20251202","REACTIVATION - Dormant Student Win-Back","0"
"4424","59743557","EGSS-amrsafwat","ME-EGSS13","MEKSA-EGSS01","到期","Exp Non-0","0","0","0 Classes (Dormant)","2025-12-07 00:00:00","2025-12-07 00:00:00","Last 1v1 Payment","20251207","REACTIVATION - Dormant Student Win-Back","0"
"4425","59743184","EGSS-amrsafwat","ME-EGSS13","MEKSA-EGSS01","围场外","outside pool","0","0","0 Classes (Dormant)","2025-12-07 00:00:00","2025-12-07 00:00:00","Last 1v1 Payment","20251207","REACTIVATION - Dormant Student Win-Back","0"
"4426","60431356","EGSS-amrsafwat","ME-EGSS13","MEKSA-EGSS01","围场外","outside pool","0","0","0 Classes (Dormant)","2025-12-07 00:00:00","2025-12-07 00:00:00","Last 1v1 Payment","20251207","REACTIVATION - Dormant Student Win-Back","0"
"4436","60228415","EGSS-marwaahmed","ME-EGSS13","MEKSA-EGSS01","到期","Exp Non-0","0","0","0 Classes (Dormant)","2025-12-15 00:00:00","2025-12-15 00:00:00","Last 1v1 Payment","20251215","REACTIVATION - Dormant Student Win-Back","0"
"4440","59756544","EGSS-amrsafwat","ME-EGSS13","MEKSA-EGSS01","到期","Exp Non-0","0","8","0 Classes (Dormant)","2025-12-17 00:00:00","2025-12-17 00:00:00","Last 1v1 Payment","20251217","REACTIVATION - Dormant Student Win-Back","0"
"4443","60743320","EGSS-mohamedha","ME-EGSS13","MEKSA-EGSS01","到期","Exp Non-0","0","0","0 Classes (Dormant)","2025-12-20 00:00:00","2025-12-20 00:00:00","Last 1v1 Payment","20251220","REACTIVATION - Dormant Student Win-Back","0"
"4447","59112689","EGSS-amrsafwat","ME-EGSS13","MEKSA-EGSS01","围场外","outside pool","0","0","0 Classes (Dormant)","2025-12-21 00:00:00","2025-12-21 00:00:00","Last 1v1 Payment","20251221","REACTIVATION - Dormant Student Win-Back","0"
"4450","61036110","EGSS-mohamedha","ME-EGSS13","MEKSA-EGSS01","到期","Exp 0-cr","0","0","0 Classes (Dormant)","2025-12-23 00:00:00","2025-12-23 00:00:00","Last 1v1 Payment","20251223","REACTIVATION - Dormant Student Win-Back","0"
"4452","59288632","EGSS-mohamedha","ME-EGSS13","MEKSA-EGSS01","到期","Exp Non-0","0","11","0 Classes (Dormant)","2025-12-24 00:00:00","2025-12-24 00:00:00","Last 1v1 Payment","20251224","REACTIVATION - Dormant Student Win-Back","0"
"4454","59703905","EGSS-amrsafwat","ME-EGSS13","MEKSA-EGSS01","围场外","outside pool","0","0","0 Classes (Dormant)","2025-12-27 00:00:00","2025-12-27 00:00:00","Last 1v1 Payment","20251227","REACTIVATION - Dormant Student Win-Back","0"
"4455","59703805","EGSS-amrsafwat","ME-EGSS13","MEKSA-EGSS01","到期","Exp 0-cr","0","0","0 Classes (Dormant)","2025-12-27 00:00:00","2025-12-27 00:00:00","Last 1v1 Payment","20251227","REACTIVATION - Dormant Student Win-Back","0"
"4456","59245049","EGSS-marwaahmed","ME-EGSS13","MEKSA-EGSS01","到期","Exp 0-cr","0","0","0 Classes (Dormant)","2025-12-27 00:00:00","2025-12-27 00:00:00","Last 1v1 Payment","20251227","REACTIVATION - Dormant Student Win-Back","0"
"4459","60631009","EGSS-mohamedha","ME-EGSS13","MEKSA-EGSS01","围场外","outside pool","0","9","0 Classes (Dormant)","2025-12-28 00:00:00","2025-12-28 00:00:00","Last 1v1 Payment","20251228","REACTIVATION - Dormant Student Win-Back","0"
"4470","60408714","EGSS-mohamedha","ME-EGSS13","MEKSA-EGSS01","围场外","outside pool","0","10","0 Classes (Dormant)","2025-12-31 00:00:00","2025-12-31 00:00:00","Last 1v1 Payment","20251231","REACTIVATION - Dormant Student Win-Back","0"
"4493","58664726","EGSS-amrsafwat","ME-EGSS13","MEKSA-EGSS01","围场外","outside pool","0","13","0 Classes (Dormant)","2026-01-19 00:00:00","2026-01-19 00:00:00","Last 1v1 Payment","20260119","REACTIVATION - Dormant Student Win-Back","0"
"4494","59514548","EGSS-amrsafwat","ME-EGSS13","MEKSA-EGSS01","围场外","outside pool","0","0","0 Classes (Dormant)","2026-01-20 00:00:00","2026-01-20 00:00:00","Last 1v1 Payment","20260120","REACTIVATION - Dormant Student Win-Back","0"
"4500","58412788","EGSS-hayamhassan","ME-EGSS13","MEKSA-EGSS01","到期","Exp 0-cr","0","0","0 Classes (Dormant)","2026-01-22 00:00:00","2026-01-22 00:00:00","Last 1v1 Payment","20260122","REACTIVATION - Dormant Student Win-Back","0"
"4506","58852196","EGSS-mohamedha","ME-EGSS13","MEKSA-EGSS01","到期","Exp 0-cr","0","0","0 Classes (Dormant)","2026-01-27 00:00:00","2026-01-27 00:00:00","Last 1v1 Payment","20260127","REACTIVATION - Dormant Student Win-Back","0"
"4509","58253142","EGSS-amrsafwat","ME-EGSS13","MEKSA-EGSS01","到期","Exp Non-0","0","0","0 Classes (Dormant)","2026-01-28 00:00:00","2026-01-28 00:00:00","Last 1v1 Payment","20260128","REACTIVATION - Dormant Student Win-Back","0"
"4510","59786078","EGSS-marwaahmed","ME-EGSS13","MEKSA-EGSS01","围场外","outside pool","0","0","0 Classes (Dormant)","2026-01-28 00:00:00","2026-01-28 00:00:00","Last 1v1 Payment","20260128","REACTIVATION - Dormant Student Win-Back","0"
"4511","58356471","EGSS-amrsafwat","ME-EGSS13","MEKSA-EGSS01","到期","Exp Non-0","0","0","0 Classes (Dormant)","2026-01-28 00:00:00","2026-01-28 00:00:00","Last 1v1 Payment","20260128","REACTIVATION - Dormant Student Win-Back","0"
"4512","58441649","EGSS-marwaahmed","ME-EGSS13","MEKSA-EGSS01","到期","Exp Non-0","0","0","0 Classes (Dormant)","2026-01-28 00:00:00","2026-01-28 00:00:00","Last 1v1 Payment","20260128","REACTIVATION - Dormant Student Win-Back","0"
"4521","60270913","EGSS-mohamedha","ME-EGSS13","MEKSA-EGSS01","期间","period","0","7","0 Classes (Dormant)","2026-01-31 00:00:00","2026-01-31 00:00:00","Last 1v1 Payment","20260131","REACTIVATION - Dormant Student Win-Back","0"
"4523","61993227","EGSS-amrsafwat","ME-EGSS13","MEKSA-EGSS01","到期","Exp Non-0","0","0","0 Classes (Dormant)","2026-02-02 00:00:00","2026-02-02 00:00:00","Last 1v1 Payment","20260202","REACTIVATION - Dormant Student Win-Back","0"
"4525","61356442","EGSS-mohamedha","ME-EGSS13","MEKSA-EGSS01","到期","Exp 0-cr","0","0","0 Classes (Dormant)","2026-02-03 00:00:00","2026-02-03 00:00:00","Last 1v1 Payment","20260203","REACTIVATION - Dormant Student Win-Back","0"
"4526","61356020","EGSS-mohamedha","ME-EGSS13","MEKSA-EGSS01","到期","Exp 0-cr","0","0","0 Classes (Dormant)","2026-02-03 00:00:00","2026-02-03 00:00:00","Last 1v1 Payment","20260203","REACTIVATION - Dormant Student Win-Back","0"
"4531","61762646","EGSS-amrsafwat","ME-EGSS13","MEKSA-EGSS01","到期","Exp Non-0","0","0","0 Classes (Dormant)","2026-02-05 00:00:00","2026-02-05 00:00:00","Last 1v1 Payment","20260205","REACTIVATION - Dormant Student Win-Back","0"
"4535","59639798","EGSS-mohamedha","ME-EGSS13","MEKSA-EGSS01","围场外","outside pool","0","0","0 Classes (Dormant)","2026-02-12 00:00:00","2026-02-12 00:00:00","Last 1v1 Payment","20260212","REACTIVATION - Dormant Student Win-Back","0"
"4539","60923057","EGSS-mohamedha","ME-EGSS13","MEKSA-EGSS01","到期","Exp 0-cr","0","0","0 Classes (Dormant)","2026-02-17 00:00:00","2026-02-17 00:00:00","Last 1v1 Payment","20260217","REACTIVATION - Dormant Student Win-Back","0"
"4540","60954780","EGSS-mohamedha","ME-EGSS13","MEKSA-EGSS01","围场外","outside pool","0","0","0 Classes (Dormant)","2026-02-20 00:00:00","2026-02-20 00:00:00","Last 1v1 Payment","20260220","REACTIVATION - Dormant Student Win-Back","0"
"4543","58674762","EGSS-mohamedha","ME-EGSS13","MEKSA-EGSS01","围场外","outside pool","0","0","0 Classes (Dormant)","2026-02-24 00:00:00","2026-02-24 00:00:00","Last 1v1 Payment","20260224","REACTIVATION - Dormant Student Win-Back","0"
"4548","59620042","EGSS-marwaahmed","ME-EGSS13","MEKSA-EGSS01","围场外","outside pool","0","0","0 Classes (Dormant)","2026-03-01 00:00:00","2026-03-01 00:00:00","Last 1v1 Payment","20260301","REACTIVATION - Dormant Student Win-Back","0"
"4551","58972324","EGSS-marwaahmed","ME-EGSS13","MEKSA-EGSS01","到期","Exp Non-0","0","9","0 Classes (Dormant)","2026-03-04 00:00:00","2026-03-04 00:00:00","Last 1v1 Payment","20260304","REACTIVATION - Dormant Student Win-Back","0"
"4554","61716413","EGSS-marwaahmed","ME-EGSS13","MEKSA-EGSS01","围场外","outside pool","0","6","0 Classes (Dormant)","2026-03-05 00:00:00","2026-03-05 00:00:00","Last 1v1 Payment","20260305","REACTIVATION - Dormant Student Win-Back","0"
"4587","61037248","EGSS-amrsafwat","ME-EGSS13","MEKSA-EGSS01","围场外","outside pool","0","0","0 Classes (Dormant)","2026-04-01 00:00:00","2026-04-01 00:00:00","Last 1v1 Payment","20260401","REACTIVATION - Dormant Student Win-Back","0"
"4590","60370920","EGSS-mohamedha","ME-EGSS13","MEKSA-EGSS01","围场外","outside pool","0","7","0 Classes (Dormant)","2026-04-06 00:00:00","2026-04-06 00:00:00","Last 1v1 Payment","20260406","REACTIVATION - Dormant Student Win-Back","0"
"4604","59281114","EGSS-amrsafwat","ME-EGSS13","MEKSA-EGSS01","到期","Exp Non-0","0","0","0 Classes (Dormant)","2026-04-27 00:00:00","2026-04-27 00:00:00","Last 1v1 Payment","20260427","REACTIVATION - Dormant Student Win-Back","0"
"4605","58454729","EGSS-marwaahmed","ME-EGSS13","MEKSA-EGSS01","围场外","outside pool","0","6","0 Classes (Dormant)","2026-04-27 00:00:00","2026-04-27 00:00:00","Last 1v1 Payment","20260427","REACTIVATION - Dormant Student Win-Back","0"
"4608","59566893","EGSS-marwaahmed","ME-EGSS13","MEKSA-EGSS01","围场外","outside pool","0","2","0 Classes (Dormant)","2026-04-29 00:00:00","2026-04-29 00:00:00","Last 1v1 Payment","20260429","REACTIVATION - Dormant Student Win-Back","0"
"4616","60244649","EGSS-amrsafwat","ME-EGSS13","MEKSA-EGSS01","围场外","outside pool","0","3","0 Classes (Dormant)","2026-05-09 00:00:00","2026-05-09 00:00:00","Last 1v1 Payment","20260509","REACTIVATION - Dormant Student Win-Back","0"
"4620","62122383","EGSS-mohamedha","ME-EGSS13","MEKSA-EGSS01","围场外","outside pool","0","9","0 Classes (Dormant)","2026-05-14 00:00:00","2026-05-14 00:00:00","Last 1v1 Payment","20260514","REACTIVATION - Dormant Student Win-Back","0"
"4635","60208471","EGSS-hayamhassan","ME-EGSS13","MEKSA-EGSS01","到期","Exp Non-0","0","0","0 Classes (Dormant)","2026-06-09 00:00:00","2026-06-09 00:00:00","Last 1v1 Payment","20260609","REACTIVATION - Dormant Student Win-Back","0"
"4642","61681962","EGSS-mohamedha","ME-EGSS13","MEKSA-EGSS01","围场外","outside pool","0","12","0 Classes (Dormant)","2026-06-25 00:00:00","2026-06-25 00:00:00","Last 1v1 Payment","20260625","REACTIVATION - Dormant Student Win-Back","0"
"4643","61972795","EGSS-mohamedha","ME-EGSS13","MEKSA-EGSS01","围场外","outside pool","0","0","0 Classes (Dormant)","2026-06-25 00:00:00","2026-06-25 00:00:00","Last 1v1 Payment","20260625","REACTIVATION - Dormant Student Win-Back","0"
"4652","58374386","EGSS-amrsafwat","ME-EGSS13","MEKSA-EGSS01","围场外","outside pool","0","0","0 Classes (Dormant)","2026-06-30 00:00:00","2026-06-30 00:00:00","Last 1v1 Payment","20260630","REACTIVATION - Dormant Student Win-Back","0"
"4653","61261410","EGSS-amrsafwat","ME-EGSS13","MEKSA-EGSS01","围场外","outside pool","0","0","0 Classes (Dormant)","2026-06-30 00:00:00","2026-06-30 00:00:00","Last 1v1 Payment","20260630","REACTIVATION - Dormant Student Win-Back","0"
"4657","63605143","EGSS-hayamhassan","ME-EGSS13","MEKSA-EGSS01","围场外","outside pool","0","11","0 Classes (Dormant)","2026-07-06 00:00:00","2026-07-06 00:00:00","CRM System Outreach","-","REACTIVATION - Dormant Student Win-Back","0"
"4662","63602621","EGSS-hayamhassan","ME-EGSS13","MEKSA-EGSS01","到期","Exp 0-cr","0","0","0 Classes (Dormant)","2026-07-12 00:00:00","2026-07-12 00:00:00","CRM System Outreach","-","REACTIVATION - Dormant Student Win-Back","0"
"4671","61347653","EGSS-mohamedha","ME-EGSS13","MEKSA-EGSS01","围场外","outside pool","0","9","0 Classes (Dormant)","2026-07-16 00:00:00","2026-07-16 00:00:00","CRM System Outreach","-","REACTIVATION - Dormant Student Win-Back","0"
"4672","63722873","EGSS-mohamedha","ME-EGSS13","MEKSA-EGSS01","到期","Exp Non-0","0","13","0 Classes (Dormant)","2026-07-16 00:00:00","2026-07-16 00:00:00","CRM System Outreach","-","REACTIVATION - Dormant Student Win-Back","0"
"4676","61396633","EGSS-marwaahmed","ME-EGSS13","MEKSA-EGSS01","围场外","outside pool","0","5","0 Classes (Dormant)","2026-07-18 00:00:00","2026-07-18 00:00:00","Last 1v1 Payment","20260718","REACTIVATION - Dormant Student Win-Back","0"
"4686","63730900","EGSS-hayamhassan","ME-EGSS13","MEKSA-EGSS01","围场外","outside pool","0","4","0 Classes (Dormant)","2026-07-22 00:00:00","2026-07-22 00:00:00","CRM System Outreach","-","REACTIVATION - Dormant Student Win-Back","0"
"4687","58174187","EGSS-amrsafwat","ME-EGSS13","MEKSA-EGSS01","到期","Exp 0-cr","0","0","0 Classes (Dormant)","2026-07-22 00:00:00","2026-07-22 00:00:00","Last 1v1 Payment","20260722","REACTIVATION - Dormant Student Win-Back","0"
"4692","63762996","EGSS-hayamhassan","ME-EGSS13","MEKSA-EGSS01","围场外","outside pool","0","0","0 Classes (Dormant)","2026-07-27 00:00:00","2026-07-27 00:00:00","CRM System Outreach","-","REACTIVATION - Dormant Student Win-Back","0"
"4696","63847885","EGSS-hayamhassan","ME-EGSS13","MEKSA-EGSS01","围场外","outside pool","0","7","0 Classes (Dormant)","2026-07-27 00:00:00","2026-07-27 00:00:00","CRM System Outreach","-","REACTIVATION - Dormant Student Win-Back","0"
"4700","63604457","EGSS-hayamhassan","ME-EGSS13","MEKSA-EGSS01","围场外","outside pool","0","9","0 Classes (Dormant)","2026-07-29 00:00:00","2026-07-29 00:00:00","CRM System Outreach","-","REACTIVATION - Dormant Student Win-Back","0"
"4704","63573261","EGSS-mohamedha","ME-EGSS13","MEKSA-EGSS01","到期","Exp Non-0","0","0","0 Classes (Dormant)","2026-08-03 00:00:00","2026-08-03 00:00:00","CRM System Outreach","-","REACTIVATION - Dormant Student Win-Back","0"
"4720","63651949","EGSS-hayamhassan","ME-EGSS13","MEKSA-EGSS01","围场外","outside pool","0","12","0 Classes (Dormant)","2026-08-11 00:00:00","2026-08-11 00:00:00","CRM System Outreach","-","REACTIVATION - Dormant Student Win-Back","0"
"4729","63561259","EGSS-marwaahmed","ME-EGSS13","MEKSA-EGSS01","围场外","outside pool","0","0","0 Classes (Dormant)","2026-08-15 00:00:00","2026-08-15 00:00:00","Last 1v1 Payment","20260815","REACTIVATION - Dormant Student Win-Back","0"
"4730","63711216","EGSS-hayamhassan","ME-EGSS13","MEKSA-EGSS01","到期","Exp Non-0","0","0","0 Classes (Dormant)","2026-08-15 00:00:00","2026-08-15 00:00:00","CRM System Outreach","-","REACTIVATION - Dormant Student Win-Back","0"
"4731","63798500","EGSS-mohamedha","ME-EGSS13","MEKSA-EGSS01","到期","Exp 0-cr","0","0","0 Classes (Dormant)","2026-08-15 00:00:00","2026-08-15 00:00:00","CRM System Outreach","-","REACTIVATION - Dormant Student Win-Back","0"
"4732","63824247","EGSS-mohamedha","ME-EGSS13","MEKSA-EGSS01","围场外","outside pool","0","5","0 Classes (Dormant)","2026-08-16 00:00:00","2026-08-16 00:00:00","CRM System Outreach","-","REACTIVATION - Dormant Student Win-Back","0"
"4737","63566644","EGSS-hayamhassan","ME-EGSS13","MEKSA-EGSS01","到期","Exp Non-0","0","6","0 Classes (Dormant)","2026-08-19 00:00:00","2026-08-19 00:00:00","CRM System Outreach","-","REACTIVATION - Dormant Student Win-Back","0"
"4744","63602520","EGSS-marwaahmed","ME-EGSS13","MEKSA-EGSS01","围场外","outside pool","0","0","0 Classes (Dormant)","2026-08-23 00:00:00","2026-08-23 00:00:00","CRM System Outreach","-","REACTIVATION - Dormant Student Win-Back","0"
"4761","59064752","EGSS-mohamedha","ME-EGSS13","MEKSA-EGSS01","围场外","outside pool","0","6","0 Classes (Dormant)","2026-09-07 00:00:00","2026-09-07 00:00:00","Last 1v1 Payment","20260907","REACTIVATION - Dormant Student Win-Back","0"
"4762","60146320","EGSS-hayamhassan","ME-EGSS13","MEKSA-EGSS01","围场外","outside pool","0","5","0 Classes (Dormant)","2026-09-08 00:00:00","2026-09-08 00:00:00","Last 1v1 Payment","20260908","REACTIVATION - Dormant Student Win-Back","0"
"4772","62159995","EGSS-marwaahmed","ME-EGSS13","MEKSA-EGSS01","围场外","outside pool","0","0","0 Classes (Dormant)","2026-09-23 00:00:00","2026-09-23 00:00:00","Last 1v1 Payment","20260923","REACTIVATION - Dormant Student Win-Back","0"
"4773","60620322","EGSS-marwaahmed","ME-EGSS13","MEKSA-EGSS01","围场外","outside pool","0","10","0 Classes (Dormant)","2026-09-23 00:00:00","2026-09-23 00:00:00","Last 1v1 Payment","20260923","REACTIVATION - Dormant Student Win-Back","0"
"4774","63213408","EGSS-hayamhassan","ME-EGSS13","MEKSA-EGSS01","围场外","outside pool","0","4","0 Classes (Dormant)","2026-09-23 00:00:00","2026-09-23 00:00:00","Last 1v1 Payment","20260923","REACTIVATION - Dormant Student Win-Back","0"
"4776","61097897","EGSS-amrsafwat","ME-EGSS13","MEKSA-EGSS01","围场外","outside pool","0","0","0 Classes (Dormant)","2026-09-27 00:00:00","2026-09-27 00:00:00","Last 1v1 Payment","20260927","REACTIVATION - Dormant Student Win-Back","0"
"4779","58764223","EGSS-marwaahmed","ME-EGSS13","MEKSA-EGSS01","围场外","outside pool","0","3","0 Classes (Dormant)","2026-09-29 13:04:02","2026-09-29 13:04:02","SOP Completed Touch","-","REACTIVATION - Dormant Student Win-Back","0"
"4783","59280176","EGSS-amrsafwat","ME-EGSS13","MEKSA-EGSS01","期间","period","0","7","0 Classes (Dormant)","2026-09-30 12:29:59","2026-09-30 12:29:59","SOP Completed Touch","-","REACTIVATION - Dormant Student Win-Back","0"
"4785","60711852","EGSS-amrsafwat","ME-EGSS13","MEKSA-EGSS01","围场外","outside pool","0","0","0 Classes (Dormant)","2026-09-30 13:06:05","2026-09-30 13:06:05","SOP Completed Touch","-","REACTIVATION - Dormant Student Win-Back","0"
"4791","63045669","EGSS-mohamedha","ME-EGSS13","MEKSA-EGSS01","围场外","outside pool","0","8","0 Classes (Dormant)","2026-10-01 19:08:26","2026-10-01 19:08:26","SOP Completed Touch","-","REACTIVATION - Dormant Student Win-Back","0"
"4797","62071842","EGSS-marwaahmed","ME-EGSS13","MEKSA-EGSS01","到期","Exp Non-0","0","6","0 Classes (Dormant)","2026-10-03 12:16:42","2026-10-03 12:16:42","SOP Completed Touch","-","REACTIVATION - Dormant Student Win-Back","0"
"4824","63925269","EGSS-hayamhassan","ME-EGSS13","MEKSA-EGSS01","围场外","outside pool","0","0","0 Classes (Dormant)","2026-10-04 16:49:26","2026-10-04 16:49:26","SOP Completed Touch","-","REACTIVATION - Dormant Student Win-Back","0"
"4830","58334316","EGSS-marwaahmed","ME-EGSS13","MEKSA-EGSS01","围场外","outside pool","0","8","0 Classes (Dormant)","2026-10-05 13:24:00","2026-10-05 13:24:00","SOP Completed Touch","-","REACTIVATION - Dormant Student Win-Back","0"
"4831","58749284","EGSS-marwaahmed","ME-EGSS13","MEKSA-EGSS01","到期","Exp Non-0","0","0","0 Classes (Dormant)","2026-10-05 13:26:51","2026-10-05 13:26:51","SOP Completed Touch","20250529","REACTIVATION - Dormant Student Win-Back","0"
"4853","59687173","EGSS-amrsafwat","ME-EGSS13","MEKSA-EGSS01","围场外","outside pool","0","0","0 Classes (Dormant)","2026-10-06 12:56:40","2026-10-06 12:56:40","SOP Completed Touch","20250717","REACTIVATION - Dormant Student Win-Back","0"
"4855","64512436","EGSS-amrsafwat","ME-EGSS13","MEKSA-EGSS01","围场外","outside pool","0","0","0 Classes (Dormant)","2026-10-06 13:43:24","2026-10-06 13:43:24","SOP Completed Touch","-","REACTIVATION - Dormant Student Win-Back","0"
"4856","64512385","EGSS-amrsafwat","ME-EGSS13","MEKSA-EGSS01","围场外","outside pool","0","0","0 Classes (Dormant)","2026-10-06 13:43:35","2026-10-06 13:43:35","SOP Completed Touch","-","REACTIVATION - Dormant Student Win-Back","0"
"4857","63531989","EGSS-amrsafwat","ME-EGSS13","MEKSA-EGSS01","围场外","outside pool","0","6","0 Classes (Dormant)","2026-10-06 14:10:31","2026-10-06 14:10:31","SOP Completed Touch","-","REACTIVATION - Dormant Student Win-Back","0"
"4871","63581947","EGSS-mohamedha","ME-EGSS13","MEKSA-EGSS01","围场外","outside pool","0","10","0 Classes (Dormant)","2026-10-06 15:25:42","2026-10-06 15:25:42","SOP Completed Touch","-","REACTIVATION - Dormant Student Win-Back","0"
"4878","58803557","EGSS-marwaahmed","ME-EGSS13","MEKSA-EGSS01","首单到期","FOE Non-0","0","0","0 Classes (Dormant)","2026-10-06 15:48:15","2026-10-06 15:48:15","SOP Completed Touch","-","REACTIVATION - Dormant Student Win-Back","0"
"4886","60432266","EGSS-marwaahmed","ME-EGSS13","MEKSA-EGSS01","到期","Exp Non-0","0","11","0 Classes (Dormant)","2026-10-06 18:52:37","2026-10-06 18:52:37","SOP Completed Touch","20250802","REACTIVATION - Dormant Student Win-Back","0"
"4887","63868653","EGSS-mohamedha","ME-EGSS13","MEKSA-EGSS01","围场外","outside pool","0","6","0 Classes (Dormant)","2026-10-06 18:58:28","2026-10-06 18:58:28","SOP Completed Touch","-","REACTIVATION - Dormant Student Win-Back","0"
"4888","57842666","EGSS-mohamedha","ME-EGSS13","MEKSA-EGSS01","到期","Exp Non-0","0","0","0 Classes (Dormant)","2026-10-06 18:58:30","2026-10-06 18:58:30","SOP Completed Touch","20260512","REACTIVATION - Dormant Student Win-Back","0"
"4891","58549793","EGSS-mohamedha","ME-EGSS13","MEKSA-EGSS01","期间","period","0","12","0 Classes (Dormant)","2026-10-06 18:58:48","2026-10-06 18:58:48","SOP Completed Touch","20251006","REACTIVATION - Dormant Student Win-Back","0"
"4892","60922910","EGSS-mohamedha","ME-EGSS13","MEKSA-EGSS01","到期","Exp Non-0","0","11","0 Classes (Dormant)","2026-10-06 18:59:27","2026-10-06 18:59:27","SOP Completed Touch","20260118","REACTIVATION - Dormant Student Win-Back","0"
"4901","58662957","EGSS-mohamedha","ME-EGSS13","MEKSA-EGSS01","首单到期","FOE Non-0","0","0","0 Classes (Dormant)","2026-10-07 10:07:09","2026-10-07 10:07:09","SOP Task Assigned","-","REACTIVATION - Dormant Student Win-Back","0"
"4907","59463520","EGSS-mohamedha","ME-EGSS13","MEKSA-EGSS01","围场外","outside pool","0","11","0 Classes (Dormant)","2026-10-07 10:11:49","2026-10-07 10:11:49","SOP Task Assigned","-","REACTIVATION - Dormant Student Win-Back","0"
"4908","59449122","EGSS-mohamedha","ME-EGSS13","MEKSA-EGSS01","围场外","outside pool","0","11","0 Classes (Dormant)","2026-10-07 10:11:54","2026-10-07 10:11:54","SOP Task Assigned","-","REACTIVATION - Dormant Student Win-Back","0"
"4911","59583125","EGSS-marwaahmed","ME-EGSS13","MEKSA-EGSS01","围场外","outside pool","0","0","0 Classes (Dormant)","2026-10-07 10:12:41","2026-10-07 10:12:41","SOP Task Assigned","-","REACTIVATION - Dormant Student Win-Back","0"
"4914","60234953","EGSS-mohamedha","ME-EGSS13","MEKSA-EGSS01","围场外","outside pool","0","0","0 Classes (Dormant)","2026-10-07 10:16:14","2026-10-07 10:16:14","SOP Task Assigned","-","REACTIVATION - Dormant Student Win-Back","0"
"4915","60211462","EGSS-amrsafwat","ME-EGSS13","MEKSA-EGSS01","围场外","outside pool","0","10","0 Classes (Dormant)","2026-10-07 10:16:16","2026-10-07 10:16:16","SOP Task Assigned","-","REACTIVATION - Dormant Student Win-Back","0"
"4919","60563297","EGSS-mohamedha","ME-EGSS13","MEKSA-EGSS01","围场外","outside pool","0","7","0 Classes (Dormant)","2026-10-07 10:18:35","2026-10-07 10:18:35","SOP Task Assigned","-","REACTIVATION - Dormant Student Win-Back","0"
"4954","62391377","EGSS-mohamedha","ME-EGSS13","MEKSA-EGSS01","到期","Exp Non-0","0","26","0 Classes (Dormant)","2026-10-07 10:35:13","2026-10-07 10:35:13","SOP Task Assigned","-","REACTIVATION - Dormant Student Win-Back","0"
"4959","62476586","EGSS-mohamedha","ME-EGSS13","MEKSA-EGSS01","围场外","outside pool","0","0","0 Classes (Dormant)","2026-10-07 10:36:22","2026-10-07 10:36:22","SOP Task Assigned","-","REACTIVATION - Dormant Student Win-Back","0"
"4968","62622751","EGSS-mohamedha","ME-EGSS13","MEKSA-EGSS01","围场外","outside pool","0","7","0 Classes (Dormant)","2026-10-07 10:40:43","2026-10-07 10:40:43","SOP Task Assigned","-","REACTIVATION - Dormant Student Win-Back","0"
"4976","62764713","EGSS-marwaahmed","ME-EGSS13","MEKSA-EGSS01","围场外","outside pool","0","6","0 Classes (Dormant)","2026-10-07 10:43:24","2026-10-07 10:43:24","SOP Task Assigned","-","REACTIVATION - Dormant Student Win-Back","0"
"4986","62834798","EGSS-mohamedha","ME-EGSS13","MEKSA-EGSS01","围场外","outside pool","0","0","0 Classes (Dormant)","2026-10-07 10:45:41","2026-10-07 10:45:41","SOP Task Assigned","-","REACTIVATION - Dormant Student Win-Back","0"
"4992","62970395","EGSS-marwaahmed","ME-EGSS13","MEKSA-EGSS01","围场外","outside pool","0","9","0 Classes (Dormant)","2026-10-07 10:50:01","2026-10-07 10:50:01","SOP Task Assigned","-","REACTIVATION - Dormant Student Win-Back","0"
"5005","63331462","EGSS-mohamedha","ME-EGSS13","MEKSA-EGSS01","围场外","outside pool","0","2","0 Classes (Dormant)","2026-10-07 10:55:39","2026-10-07 10:55:39","SOP Task Assigned","-","REACTIVATION - Dormant Student Win-Back","0"
"5026","63509698","EGSS-marwaahmed","ME-EGSS13","MEKSA-EGSS01","围场外","outside pool","0","0","0 Classes (Dormant)","2026-10-07 10:58:11","2026-10-07 10:58:11","SOP Task Assigned","-","REACTIVATION - Dormant Student Win-Back","0"
"5028","63523714","EGSS-marwaahmed","ME-EGSS13","MEKSA-EGSS01","围场外","outside pool","0","9","0 Classes (Dormant)","2026-10-07 10:58:22","2026-10-07 10:58:22","SOP Task Assigned","-","REACTIVATION - Dormant Student Win-Back","0"
"5032","63533195","EGSS-marwaahmed","ME-EGSS13","MEKSA-EGSS01","围场外","outside pool","0","6","0 Classes (Dormant)","2026-10-07 10:58:33","2026-10-07 10:58:33","SOP Task Assigned","-","REACTIVATION - Dormant Student Win-Back","0"
"5042","63917493","EGSS-hayamhassan","ME-EGSS13","MEKSA-EGSS01","围场外","outside pool","0","7","0 Classes (Dormant)","2026-10-07 11:04:29","2026-10-07 11:04:29","SOP Task Assigned","-","REACTIVATION - Dormant Student Win-Back","0"
"5043","63985681","EGSS-mohamedha","ME-EGSS13","MEKSA-EGSS01","围场外","outside pool","0","1","0 Classes (Dormant)","2026-10-07 11:04:59","2026-10-07 11:04:59","SOP Task Assigned","-","REACTIVATION - Dormant Student Win-Back","0"
"5046","64062744","EGSS-mohamedha","ME-EGSS13","MEKSA-EGSS01","围场外","outside pool","0","9","0 Classes (Dormant)","2026-10-07 11:05:46","2026-10-07 11:05:46","SOP Task Assigned","-","REACTIVATION - Dormant Student Win-Back","0"
"5060","63529716","EGSS-marwaahmed","ME-EGSS13","MEKSA-EGSS01","围场外","outside pool","0","9","0 Classes (Dormant)","2026-10-07 11:22:12","2026-10-07 11:22:12","SOP Task Assigned","-","REACTIVATION - Dormant Student Win-Back","0"
"5061","63561190","EGSS-marwaahmed","ME-EGSS13","MEKSA-EGSS01","围场外","outside pool","0","9","0 Classes (Dormant)","2026-10-07 11:22:17","2026-10-07 11:22:17","SOP Task Assigned","-","REACTIVATION - Dormant Student Win-Back","0"
"5062","63584078","EGSS-amrsafwat","ME-EGSS13","MEKSA-EGSS01","围场外","outside pool","0","8","0 Classes (Dormant)","2026-10-07 11:22:24","2026-10-07 11:22:24","SOP Task Assigned","-","REACTIVATION - Dormant Student Win-Back","0"
"5110","60752511","EGSS-hayamhassan","ME-EGSS13","MEKSA-EGSS01","围场外","outside pool","0","0","0 Classes (Dormant)","2026-10-07 14:12:02","2026-10-07 14:12:02","SOP Completed Touch","-","REACTIVATION - Dormant Student Win-Back","0"
"5111","64446825","EGSS-hayamhassan","ME-EGSS13","MEKSA-EGSS01","围场外","outside pool","0","0","0 Classes (Dormant)","2026-10-07 14:12:07","2026-10-07 14:12:07","SOP Completed Touch","-","REACTIVATION - Dormant Student Win-Back","0"
"5149","57937832","EGSS-hayamhassan","ME-EGSS13","MEKSA-EGSS01","到期","Exp Non-0","0","9","0 Classes (Dormant)","2026-10-07 15:49:19","2026-10-07 15:49:19","SOP Completed Touch","-","REACTIVATION - Dormant Student Win-Back","0"
"5154","57940129","EGSS-hayamhassan","ME-EGSS13","MEKSA-EGSS01","到期","Exp Non-0","0","7","0 Classes (Dormant)","2026-10-07 16:03:52","2026-10-07 16:03:52","SOP Completed Touch","-","REACTIVATION - Dormant Student Win-Back","0"
"5157","63772973","EGSS-amrsafwat","ME-EGSS13","MEKSA-EGSS01","围场外","outside pool","0","7","0 Classes (Dormant)","2026-10-07 16:12:23","2026-10-07 16:12:23","SOP Completed Touch","-","REACTIVATION - Dormant Student Win-Back","0"
"5159","63239722","EGSS-amrsafwat","ME-EGSS13","MEKSA-EGSS01","到期","Exp Non-0","0","6","0 Classes (Dormant)","2026-10-07 16:15:59","2026-10-07 16:15:59","SOP Completed Touch","-","REACTIVATION - Dormant Student Win-Back","0"
"5163","63112301","EGSS-amrsafwat","ME-EGSS13","MEKSA-EGSS01","围场外","outside pool","0","0","0 Classes (Dormant)","2026-10-07 16:34:53","2026-10-07 16:34:53","SOP Completed Touch","-","REACTIVATION - Dormant Student Win-Back","0"
"5164","63109854","EGSS-amrsafwat","ME-EGSS13","MEKSA-EGSS01","围场外","outside pool","0","0","0 Classes (Dormant)","2026-10-07 16:35:02","2026-10-07 16:35:02","SOP Completed Touch","20260714","REACTIVATION - Dormant Student Win-Back","0"
"5165","62491432","EGSS-amrsafwat","ME-EGSS13","MEKSA-EGSS01","首单到期","FOE Non-0","0","7","0 Classes (Dormant)","2026-10-07 16:37:36","2026-10-07 16:37:36","SOP Completed Touch","-","REACTIVATION - Dormant Student Win-Back","0"
"5166","62485482","EGSS-amrsafwat","ME-EGSS13","MEKSA-EGSS01","首单到期","FOE Non-0","0","6","0 Classes (Dormant)","2026-10-07 16:37:47","2026-10-07 16:37:47","SOP Completed Touch","-","REACTIVATION - Dormant Student Win-Back","0"
"5167","62456486","EGSS-amrsafwat","ME-EGSS13","MEKSA-EGSS01","首单到期","FOE Non-0","0","6","0 Classes (Dormant)","2026-10-07 16:37:56","2026-10-07 16:37:56","SOP Completed Touch","-","REACTIVATION - Dormant Student Win-Back","0"
"5168","61977327","EGSS-amrsafwat","ME-EGSS13","MEKSA-EGSS01","围场外","outside pool","0","6","0 Classes (Dormant)","2026-10-07 16:38:36","2026-10-07 16:38:36","SOP Completed Touch","20260202","REACTIVATION - Dormant Student Win-Back","0"
"5170","63876385","EGSS-mohamedha","ME-EGSS13","MEKSA-EGSS01","围场外","outside pool","0","6","0 Classes (Dormant)","2026-10-07 16:41:54","2026-10-07 16:41:54","SOP Completed Touch","-","REACTIVATION - Dormant Student Win-Back","0"
"5172","61857814","EGSS-amrsafwat","ME-EGSS13","MEKSA-EGSS01","围场外","outside pool","0","2","0 Classes (Dormant)","2026-10-07 16:46:18","2026-10-07 16:46:18","SOP Completed Touch","20260608","REACTIVATION - Dormant Student Win-Back","0"
"5173","63725083","EGSS-mohamedha","ME-EGSS13","MEKSA-EGSS01","围场外","outside pool","0","7","0 Classes (Dormant)","2026-10-07 16:47:00","2026-10-07 16:47:00","SOP Completed Touch","-","REACTIVATION - Dormant Student Win-Back","0"
"5176","63435590","EGSS-mohamedha","ME-EGSS13","MEKSA-EGSS01","围场外","outside pool","0","0","0 Classes (Dormant)","2026-10-07 16:50:38","2026-10-07 16:50:38","SOP Completed Touch","-","REACTIVATION - Dormant Student Win-Back","0"
